# RoadToF1 authored geometry. Centimetres, Z up.
v -13551.192 5609.647 2.500
v -13440.033 4716.537 2.500
v -13434.943 5623.026 2.500
v -13340.305 4728.015 2.500
v -13320.956 5634.306 2.500
v -13237.941 4738.143 2.500
v -13206.393 5644.061 2.500
v -13135.880 4746.828 2.500
v -13093.597 5652.380 2.500
v -13031.857 4754.500 2.500
v -12980.652 5659.544 2.500
v -12927.831 4761.095 2.500
v -12868.806 5665.726 2.500
v -12822.600 4766.913 2.500
v -12757.062 5671.047 2.500
v -12717.183 4771.931 2.500
v -12645.988 5675.690 2.500
v -12611.038 4776.369 2.500
v -12535.168 5679.703 2.500
v -12504.592 4780.222 2.500
v -12424.736 5683.256 2.500
v -12397.729 4783.661 2.500
v -12314.651 5686.367 2.500
v -12290.492 4786.691 2.500
v -12204.780 5689.183 2.500
v -12183.028 4789.446 2.500
v -12095.252 5691.713 2.500
v -12075.204 4791.936 2.500
v -11985.825 5694.066 2.500
v -11967.274 4794.258 2.500
v -11876.589 5696.244 2.500
v -11859.145 4796.413 2.500
v -11767.351 5698.296 2.500
v -11751.013 4798.444 2.500
v -11658.250 5700.223 2.500
v -11642.739 4800.356 2.500
v -11549.122 5702.049 2.500
v -11534.489 4802.168 2.500
v -11440.095 5703.780 2.500
v -11426.136 4803.888 2.500
v -11331.047 5705.426 2.500
v -11317.800 4805.524 2.500
v -11222.066 5706.995 2.500
v -11209.395 4807.085 2.500
v -11113.078 5708.493 2.500
v -11100.996 4808.574 2.500
v -11004.133 5709.926 2.500
v -10992.551 4810.001 2.500
v -10895.187 5711.297 2.500
v -10884.106 4811.365 2.500
v -10786.269 5712.612 2.500
v -10775.632 4812.675 2.500
v -10677.356 5713.872 2.500
v -10667.151 4813.930 2.500
v -10568.459 5715.083 2.500
v -10558.653 4815.137 2.500
v -10459.572 5716.246 2.500
v -10450.145 4816.296 2.500
v -10350.693 5717.365 2.500
v -10341.628 4817.411 2.500
v -10241.824 5718.441 2.500
v -10233.098 4818.483 2.500
v -10132.961 5719.477 2.500
v -10124.563 4819.516 2.500
v -10024.110 5720.474 2.500
v -10016.016 4820.510 2.500
v -9915.258 5721.435 2.500
v -9907.467 4821.468 2.500
v -9806.420 5722.360 2.500
v -9798.904 4822.392 2.500
v -9697.580 5723.252 2.500
v -9690.343 4823.281 2.500
v -9588.753 5724.111 2.500
v -9581.770 4824.138 2.500
v -9479.922 5724.940 2.500
v -9473.198 4824.965 2.500
v -9371.103 5725.739 2.500
v -9364.615 4825.762 2.500
v -9262.282 5726.508 2.500
v -9256.033 4826.530 2.500
v -9153.470 5727.251 2.500
v -9147.442 4827.271 2.500
v -9044.658 5727.966 2.500
v -9038.850 4827.985 2.500
v -8935.852 5728.656 2.500
v -8930.252 4828.673 2.500
v -8827.047 5729.320 2.500
v -8821.653 4829.336 2.500
v -8718.246 5729.960 2.500
v -8713.049 4829.975 2.500
v -8609.448 5730.577 2.500
v -8604.443 4830.591 2.500
v -8500.652 5731.171 2.500
v -8495.834 4831.184 2.500
v -8391.859 5731.742 2.500
v -8387.221 4831.754 2.500
v -8283.069 5732.292 2.500
v -8278.606 4832.303 2.500
v -8174.281 5732.821 2.500
v -8169.988 4832.832 2.500
v -8065.494 5733.330 2.500
v -8061.370 4833.339 2.500
v -7956.711 5733.819 2.500
v -7952.747 4833.828 2.500
v -7847.927 5734.288 2.500
v -7844.125 4834.296 2.500
v -7739.148 5734.739 2.500
v -7735.497 4834.746 2.500
v -7630.367 5735.170 2.500
v -7626.871 4835.177 2.500
v -7521.592 5735.584 2.500
v -7518.240 4835.590 2.500
v -7412.815 5735.980 2.500
v -7409.610 4835.986 2.500
v -7304.041 5736.359 2.500
v -7300.977 4836.364 2.500
v -7195.268 5736.721 2.500
v -7192.343 4836.726 2.500
v -7086.497 5737.066 2.500
v -7083.707 4837.071 2.500
v -6977.727 5737.395 2.500
v -6975.070 4837.399 2.500
v -6868.958 5737.709 2.500
v -6866.431 4837.712 2.500
v -6760.191 5738.006 2.500
v -6757.792 4838.010 2.500
v -6651.424 5738.289 2.500
v -6649.150 4838.292 2.500
v -6542.658 5738.556 2.500
v -6540.508 4838.559 2.500
v -6433.894 5738.808 2.500
v -6431.865 4838.811 2.500
v -6325.131 5739.046 2.500
v -6323.220 4839.048 2.500
v -6216.368 5739.270 2.500
v -6214.576 4839.272 2.500
v -6107.607 5739.480 2.500
v -6105.929 4839.481 2.500
v -5998.846 5739.676 2.500
v -5997.282 4839.677 2.500
v -5890.087 5739.858 2.500
v -5888.633 4839.859 2.500
v -5781.327 5740.027 2.500
v -5779.985 4840.028 2.500
v -5672.570 5740.182 2.500
v -5671.334 4840.184 2.500
v -5563.811 5740.326 2.500
v -5562.684 4840.326 2.500
v -5455.055 5740.455 2.500
v -5454.033 4840.456 2.500
v -5346.299 5740.572 2.500
v -5345.381 4840.573 2.500
v -5237.544 5740.677 2.500
v -5236.728 4840.678 2.500
v -5128.789 5740.770 2.500
v -5128.075 4840.770 2.500
v -5020.035 5740.850 2.500
v -5019.420 4840.850 2.500
v -4911.281 5740.918 2.500
v -4910.766 4840.918 2.500
v -4802.528 5740.975 2.500
v -4802.110 4840.975 2.500
v -4693.776 5741.019 2.500
v -4693.455 4841.019 2.500
v -4585.024 5741.052 2.500
v -4584.798 4841.052 2.500
v -4476.272 5741.074 2.500
v -4476.141 4841.074 2.500
v -4367.521 5741.084 2.500
v -4367.484 4841.084 2.500
v -4258.771 5741.083 2.500
v -4258.826 4841.083 2.500
v -4150.021 5741.071 2.500
v -4150.168 4841.071 2.500
v -4041.272 5741.047 2.500
v -4041.510 4841.047 2.500
v -3932.522 5741.013 2.500
v -3932.851 4841.013 2.500
v -3823.774 5740.968 2.500
v -3824.191 4840.968 2.500
v -3715.025 5740.912 2.500
v -3715.532 4840.912 2.500
v -3606.277 5740.845 2.500
v -3606.871 4840.846 2.500
v -3497.529 5740.768 2.500
v -3498.211 4840.769 2.500
v -3388.782 5740.681 2.500
v -3389.550 4840.681 2.500
v -3280.034 5740.583 2.500
v -3280.889 4840.583 2.500
v -3171.288 5740.474 2.500
v -3172.228 4840.475 2.500
v -3062.541 5740.355 2.500
v -3063.566 4840.356 2.500
v -2953.795 5740.226 2.500
v -2954.904 4840.227 2.500
v -2845.049 5740.087 2.500
v -2846.243 4840.088 2.500
v -2736.303 5739.938 2.500
v -2737.580 4839.939 2.500
v -2627.557 5739.779 2.500
v -2628.918 4839.780 2.500
v -2518.812 5739.609 2.500
v -2520.255 4839.610 2.500
v -2410.067 5739.430 2.500
v -2411.592 4839.431 2.500
v -2301.322 5739.240 2.500
v -2302.929 4839.242 2.500
v -2192.577 5739.041 2.500
v -2194.267 4839.043 2.500
v -2083.832 5738.832 2.500
v -2085.603 4838.834 2.500
v -1975.088 5738.613 2.500
v -1976.940 4838.615 2.500
v -1866.343 5738.384 2.500
v -1868.277 4838.387 2.500
v -1757.599 5738.146 2.500
v -1759.613 4838.148 2.500
v -1648.855 5737.897 2.500
v -1650.950 4837.900 2.500
v -1540.110 5737.640 2.500
v -1542.286 4837.642 2.500
v -1431.366 5737.372 2.500
v -1433.623 4837.374 2.500
v -1322.623 5737.094 2.500
v -1324.959 4837.098 2.500
v -1213.879 5736.807 2.500
v -1216.296 4836.810 2.500
v -1105.135 5736.510 2.500
v -1107.632 4836.514 2.500
v -996.391 5736.204 2.500
v -998.968 4836.208 2.500
v -887.647 5735.888 2.500
v -890.305 4835.891 2.500
v -778.903 5735.561 2.500
v -781.641 4835.566 2.500
v -670.160 5735.226 2.500
v -672.978 4835.230 2.500
v -561.416 5734.880 2.500
v -564.315 4834.885 2.500
v -452.672 5734.525 2.500
v -455.651 4834.530 2.500
v -343.928 5734.160 2.500
v -346.988 4834.166 2.500
v -235.184 5733.786 2.500
v -238.325 4833.791 2.500
v -126.440 5733.401 2.500
v -129.663 4833.407 2.500
v -17.696 5733.007 2.500
v -21.000 4833.013 2.500
v 91.049 5732.603 2.500
v 87.663 4832.609 2.500
v 199.793 5732.189 2.500
v 196.325 4832.195 2.500
v 308.538 5731.765 2.500
v 304.987 4831.772 2.500
v 417.282 5731.331 2.500
v 413.649 4831.338 2.500
v 526.027 5730.887 2.500
v 522.310 4830.894 2.500
v 634.772 5730.433 2.500
v 630.972 4830.441 2.500
v 743.517 5729.968 2.500
v 739.633 4829.977 2.500
v 852.263 5729.494 2.500
v 848.294 4829.503 2.500
v 961.008 5729.009 2.500
v 956.954 4829.018 2.500
v 1069.754 5728.514 2.500
v 1065.614 4828.524 2.500
v 1178.501 5728.009 2.500
v 1174.274 4828.019 2.500
v 1287.247 5727.493 2.500
v 1282.933 4827.503 2.500
v 1395.994 5726.966 2.500
v 1391.592 4826.977 2.500
v 1504.741 5726.429 2.500
v 1500.250 4826.440 2.500
v 1613.489 5725.881 2.500
v 1608.908 4825.892 2.500
v 1722.237 5725.322 2.500
v 1717.565 4825.334 2.500
v 1830.985 5724.752 2.500
v 1826.222 4824.764 2.500
v 1939.734 5724.171 2.500
v 1934.878 4824.184 2.500
v 2048.483 5723.578 2.500
v 2043.534 4823.592 2.500
v 2157.233 5722.974 2.500
v 2152.189 4822.989 2.500
v 2265.983 5722.359 2.500
v 2260.844 4822.374 2.500
v 2374.735 5721.732 2.500
v 2369.497 4821.748 2.500
v 2483.486 5721.093 2.500
v 2478.151 4821.109 2.500
v 2592.239 5720.443 2.500
v 2586.802 4820.459 2.500
v 2700.991 5719.780 2.500
v 2695.454 4819.797 2.500
v 2809.745 5719.104 2.500
v 2804.104 4819.122 2.500
v 2918.499 5718.417 2.500
v 2912.754 4818.435 2.500
v 3027.254 5717.716 2.500
v 3021.402 4817.735 2.500
v 3136.010 5717.002 2.500
v 3130.050 4817.022 2.500
v 3244.767 5716.275 2.500
v 3238.696 4816.296 2.500
v 3353.525 5715.535 2.500
v 3347.342 4815.556 2.500
v 3462.284 5714.780 2.500
v 3455.986 4814.803 2.500
v 3571.045 5714.012 2.500
v 3564.628 4814.035 2.500
v 3679.806 5713.229 2.500
v 3673.270 4813.253 2.500
v 3788.569 5712.432 2.500
v 3781.909 4812.457 2.500
v 3897.332 5711.620 2.500
v 3890.548 4811.645 2.500
v 4006.099 5710.792 2.500
v 3999.183 4810.818 2.500
v 4114.864 5709.948 2.500
v 4107.819 4809.976 2.500
v 4223.634 5709.089 2.500
v 4216.451 4809.118 2.500
v 4332.403 5708.212 2.500
v 4325.083 4808.242 2.500
v 4441.177 5707.319 2.500
v 4433.710 4807.350 2.500
v 4549.950 5706.408 2.500
v 4542.338 4806.440 2.500
v 4658.728 5705.478 2.500
v 4650.961 4805.512 2.500
v 4767.505 5704.530 2.500
v 4759.583 4804.565 2.500
v 4876.287 5703.563 2.500
v 4868.200 4803.599 2.500
v 4985.071 5702.575 2.500
v 4976.816 4802.613 2.500
v 5093.859 5701.567 2.500
v 5085.427 4801.606 2.500
v 5202.649 5700.536 2.500
v 5194.035 4800.578 2.500
v 5311.443 5699.483 2.500
v 5302.639 4799.527 2.500
v 5420.242 5698.407 2.500
v 5411.238 4798.452 2.500
v 5529.043 5697.306 2.500
v 5519.834 4797.353 2.500
v 5637.853 5696.180 2.500
v 5628.421 4796.229 2.500
v 5746.663 5695.026 2.500
v 5737.007 4795.077 2.500
v 5855.486 5693.843 2.500
v 5845.580 4793.898 2.500
v 5964.307 5692.630 2.500
v 5954.153 4792.688 2.500
v 6073.146 5691.386 2.500
v 6062.708 4791.446 2.500
v 6181.981 5690.107 2.500
v 6171.266 4790.170 2.500
v 6290.842 5688.791 2.500
v 6279.797 4788.859 2.500
v 6399.696 5687.436 2.500
v 6388.335 4787.508 2.500
v 6508.584 5686.039 2.500
v 6496.838 4786.115 2.500
v 6617.466 5684.596 2.500
v 6605.344 4784.678 2.500
v 6726.389 5683.101 2.500
v 6713.810 4783.189 2.500
v 6835.316 5681.552 2.500
v 6822.268 4781.646 2.500
v 6944.289 5679.935 2.500
v 6930.679 4780.038 2.500
v 7053.297 5678.252 2.500
v 7039.055 4778.365 2.500
v 7162.367 5676.476 2.500
v 7147.363 4776.601 2.500
v 7271.512 5674.606 2.500
v 7255.595 4774.747 2.500
v 7380.730 5672.605 2.500
v 7363.748 4772.765 2.500
v 7490.044 5670.470 2.500
v 7471.801 4770.655 2.500
v 7599.403 5668.167 2.500
v 7579.802 4768.381 2.500
v 7708.894 5665.688 2.500
v 7687.664 4765.939 2.500
v 7818.398 5663.000 2.500
v 7795.503 4763.292 2.500
v 7928.072 5660.092 2.500
v 7903.160 4760.437 2.500
v 8037.724 5656.935 2.500
v 8010.827 4757.337 2.500
v 8147.588 5653.507 2.500
v 8118.265 4753.985 2.500
v 8257.394 5649.789 2.500
v 8225.743 4750.345 2.500
v 8367.439 5645.747 2.500
v 8332.961 4746.408 2.500
v 8477.416 5641.370 2.500
v 8440.219 4742.139 2.500
v 8587.626 5636.614 2.500
v 8547.215 4737.522 2.500
v 8697.796 5631.475 2.500
v 8654.217 4732.531 2.500
v 8808.168 5625.899 2.500
v 8760.976 4727.137 2.500
v 8918.539 5619.886 2.500
v 8867.691 4721.323 2.500
v 9029.070 5613.377 2.500
v 8974.191 4715.052 2.500
v 9139.643 5606.372 2.500
v 9080.592 4708.311 2.500
v 9250.327 5598.811 2.500
v 9186.812 4701.055 2.500
v 9361.095 5590.690 2.500
v 9292.870 4693.280 2.500
v 9471.924 5581.952 2.500
v 9398.775 4684.930 2.500
v 9582.873 5572.585 2.500
v 9504.463 4676.007 2.500
v 9693.826 5562.541 2.500
v 9610.033 4666.450 2.500
v 9804.912 5551.799 2.500
v 9715.346 4656.267 2.500
v 9915.933 5540.331 2.500
v 9820.581 4645.396 2.500
v 10027.109 5528.100 2.500
v 9925.510 4633.853 2.500
v 10138.152 5515.099 2.500
v 10030.400 4621.572 2.500
v 10249.400 5501.263 2.500
v 10134.898 4608.576 2.500
v 10360.467 5486.606 2.500
v 10239.369 4594.790 2.500
v 10471.758 5471.034 2.500
v 10343.388 4580.236 2.500
v 10582.867 5454.576 2.500
v 10447.341 4564.839 2.500
v 10694.170 5437.118 2.500
v 10550.820 4548.608 2.500
v 10805.330 5418.692 2.500
v 10654.140 4531.482 2.500
v 10916.627 5399.171 2.500
v 10756.982 4513.443 2.500
v 11027.834 5378.579 2.500
v 10859.548 4494.453 2.500
v 11139.098 5356.790 2.500
v 10961.639 4474.459 2.500
v 11250.349 5333.799 2.500
v 11063.297 4453.452 2.500
v 11361.549 5309.496 2.500
v 11164.491 4431.334 2.500
v 11472.838 5283.825 2.500
v 11265.046 4408.141 2.500
v 11583.929 5256.713 2.500
v 11365.163 4383.706 2.500
v 11695.248 5228.017 2.500
v 11464.368 4358.135 2.500
v 11805.885 5197.863 2.500
v 11563.487 4331.120 2.500
v 11918.202 5165.408 2.500
v 11660.033 4303.231 2.500
v 12029.489 5131.059 2.500
v 11756.483 4273.465 2.500
v 12143.343 5093.322 2.500
v 11848.996 4242.816 2.500
v 12255.769 5052.931 2.500
v 11941.173 4209.705 2.500
v 12368.774 5008.986 2.500
v 12030.788 4174.860 2.500
v 12480.338 4962.018 2.500
v 12119.595 4137.479 2.500
v 12591.410 4911.444 2.500
v 12206.379 4097.964 2.500
v 12700.972 4857.599 2.500
v 12291.930 4055.923 2.500
v 12809.305 4800.189 2.500
v 12375.689 4011.533 2.500
v 12915.913 4739.405 2.500
v 12457.942 3964.639 2.500
v 13020.764 4675.154 2.500
v 12538.454 3915.302 2.500
v 13123.607 4607.555 2.500
v 12617.281 3863.490 2.500
v 13224.304 4536.634 2.500
v 12694.323 3809.228 2.500
v 13322.682 4462.509 2.500
v 12769.576 3752.527 2.500
v 13418.634 4385.238 2.500
v 12842.944 3693.443 2.500
v 13511.981 4304.996 2.500
v 12914.456 3631.971 2.500
v 13602.698 4221.819 2.500
v 12983.978 3568.224 2.500
v 13690.605 4135.937 2.500
v 13051.576 3502.184 2.500
v 13775.696 4047.395 2.500
v 13117.125 3433.974 2.500
v 13857.872 3956.394 2.500
v 13180.650 3363.628 2.500
v 13937.106 3863.016 2.500
v 13242.073 3291.239 2.500
v 14013.365 3767.413 2.500
v 13301.381 3216.888 2.500
v 14086.670 3669.602 2.500
v 13358.455 3140.733 2.500
v 14157.030 3569.574 2.500
v 13413.171 3062.945 2.500
v 14224.074 3467.984 2.500
v 13465.872 2983.082 2.500
v 14287.852 3365.295 2.500
v 13516.803 2901.095 2.500
v 14350.291 3257.473 2.500
v 13563.329 2820.793 2.500
v 14408.513 3148.678 2.500
v 13607.712 2737.927 2.500
v 14465.775 3029.862 2.500
v 13644.865 2660.934 2.500
v 14516.628 2908.877 2.500
v 13678.271 2581.525 2.500
v 14561.903 2782.382 2.500
v 13706.248 2503.354 2.500
v 14600.133 2652.364 2.500
v 13729.370 2424.825 2.500
v 14630.606 2518.180 2.500
v 13747.028 2347.038 2.500
v 14652.513 2379.920 2.500
v 13759.175 2270.612 2.500
v 14664.635 2239.412 2.500
v 13765.752 2194.567 2.500
v 14666.220 2095.761 2.500
v 13766.571 2120.883 2.500
v 14656.435 1951.296 2.500
v 13761.697 2048.488 2.500
v 14634.599 1806.781 2.500
v 13751.056 1978.099 2.500
v 14600.439 1663.591 2.500
v 13734.795 1909.879 2.500
v 14554.190 1523.963 2.500
v 13712.704 1843.183 2.500
v 14496.098 1388.669 2.500
v 13685.037 1778.770 2.500
v 14427.232 1259.608 2.500
v 13651.585 1716.084 2.500
v 14348.396 1137.430 2.500
v 13612.558 1655.640 2.500
v 14260.818 1022.953 2.500
v 13568.068 1597.493 2.500
v 14165.672 916.707 2.500
v 13518.195 1541.825 2.500
v 14063.739 818.592 2.500
v 13463.521 1489.216 2.500
v 13955.701 728.575 2.500
v 13404.575 1440.094 2.500
v 13842.610 647.141 2.500
v 13341.225 1394.545 2.500
v 13726.845 574.468 2.500
v 13272.917 1351.610 2.500
v 13609.824 510.607 2.500
v 13199.071 1311.408 2.500
v 13495.094 454.649 2.500
v 13118.425 1272.036 2.500
v 13378.523 403.898 2.500
v 13035.661 1236.032 2.500
v 13261.263 358.127 2.500
v 12950.415 1202.742 2.500
v 13143.309 317.156 2.500
v 12863.002 1172.391 2.500
v 13024.060 280.412 2.500
v 12774.494 1145.118 2.500
v 12904.771 248.138 2.500
v 12683.926 1120.622 2.500
v 12784.272 219.803 2.500
v 12592.799 1099.199 2.500
v 12664.008 195.568 2.500
v 12499.948 1080.489 2.500
v 12543.063 175.111 2.500
v 12406.536 1064.695 2.500
v 12422.386 158.372 2.500
v 12311.875 1051.561 2.500
v 12301.599 145.199 2.500
v 12216.541 1041.171 2.500
v 12181.062 135.385 2.500
v 12120.396 1033.338 2.500
v 12060.954 128.854 2.500
v 12023.420 1028.071 2.500
v 11941.034 125.332 2.500
v 11926.032 1025.207 2.500
v 11822.101 124.738 2.500
v 11827.563 1024.721 2.500
v 11703.214 126.801 2.500
v 11729.079 1026.430 2.500
v 11585.963 131.341 2.500
v 11629.088 1030.308 2.500
v 11468.490 138.176 2.500
v 11529.524 1036.104 2.500
v 11353.419 146.895 2.500
v 11427.810 1043.815 2.500
v 11237.928 157.486 2.500
v 11326.804 1053.087 2.500
v 11125.848 169.129 2.500
v 11222.640 1063.909 2.500
v 11013.451 181.916 2.500
v 11119.023 1075.703 2.500
v 10903.757 195.094 2.500
v 11012.862 1088.456 2.500
v 10793.763 208.819 2.500
v 10907.121 1101.651 2.500
v 10684.625 222.830 2.500
v 10800.620 1115.323 2.500
v 10575.516 237.190 2.500
v 10694.180 1129.332 2.500
v 10466.765 251.771 2.500
v 10587.451 1143.643 2.500
v 10358.121 266.598 2.500
v 10480.684 1158.214 2.500
v 10249.651 281.600 2.500
v 10373.795 1172.997 2.500
v 10141.310 296.780 2.500
v 10266.830 1187.984 2.500
v 10033.055 312.100 2.500
v 10159.823 1203.128 2.500
v 9924.935 327.550 2.500
v 10052.721 1218.432 2.500
v 9816.850 343.113 2.500
v 9945.618 1233.853 2.500
v 9708.904 358.767 2.500
v 9838.406 1249.401 2.500
v 9600.958 374.510 2.500
v 9731.219 1265.034 2.500
v 9493.157 390.312 2.500
v 9623.910 1280.764 2.500
v 9385.336 406.181 2.500
v 9516.640 1296.551 2.500
v 9277.658 422.079 2.500
v 9409.241 1312.408 2.500
v 9169.958 438.020 2.500
v 9301.875 1328.300 2.500
v 9062.391 453.963 2.500
v 9194.384 1344.232 2.500
v 8954.820 469.921 2.500
v 9086.900 1360.177 2.500
v 8847.367 485.851 2.500
v 8979.295 1376.129 2.500
v 8739.942 501.762 2.500
v 8871.658 1392.072 2.500
v 8632.619 517.608 2.500
v 8763.905 1407.981 2.500
v 8525.394 533.387 2.500
v 8656.039 1423.854 2.500
v 8418.257 549.045 2.500
v 8548.052 1439.636 2.500
v 8311.355 564.555 2.500
v 8439.799 1455.342 2.500
v 8204.660 579.820 2.500
v 8331.277 1470.869 2.500
v 8097.956 594.872 2.500
v 8222.704 1486.185 2.500
v 7991.268 609.682 2.500
v 8114.049 1501.268 2.500
v 7884.570 624.254 2.500
v 8005.339 1516.115 2.500
v 7777.840 638.584 2.500
v 7896.594 1530.715 2.500
v 7671.117 652.664 2.500
v 7787.775 1545.071 2.500
v 7564.357 666.493 2.500
v 7678.930 1559.171 2.500
v 7457.603 680.064 2.500
v 7570.011 1573.017 2.500
v 7350.808 693.378 2.500
v 7461.068 1586.598 2.500
v 7244.013 706.427 2.500
v 7352.059 1599.918 2.500
v 7137.182 719.212 2.500
v 7243.023 1612.967 2.500
v 7030.341 731.728 2.500
v 7133.932 1625.747 2.500
v 6923.467 743.976 2.500
v 7024.812 1638.252 2.500
v 6816.575 755.952 2.500
v 6915.647 1650.483 2.500
v 6709.650 767.658 2.500
v 6806.455 1662.436 2.500
v 6602.700 779.091 2.500
v 6697.229 1674.113 2.500
v 6495.711 790.254 2.500
v 6587.984 1685.511 2.500
v 6388.694 801.149 2.500
v 6478.710 1696.636 2.500
v 6281.621 811.778 2.500
v 6369.439 1707.483 2.500
v 6174.522 822.146 2.500
v 6260.141 1718.065 2.500
v 6067.326 832.264 2.500
v 6150.891 1728.376 2.500
v 5960.123 842.136 2.500
v 6041.602 1738.440 2.500
v 5852.715 851.791 2.500
v 5932.475 1748.250 2.500
v 5745.344 861.232 2.500
v 5823.273 1757.851 2.500
v 5637.556 870.528 2.500
v 5714.456 1767.237 2.500
v 5529.783 879.706 2.500
v 5605.606 1776.507 2.500
v 5421.955 888.762 2.500
v 5496.788 1785.645 2.500
v 5314.122 897.700 2.500
v 5387.955 1794.666 2.500
v 5206.332 906.505 2.500
v 5279.059 1803.562 2.500
v 5098.528 915.180 2.500
v 5170.155 1812.326 2.500
v 4990.768 923.710 2.500
v 5061.185 1820.951 2.500
v 4883.008 932.095 2.500
v 4952.192 1829.432 2.500
v 4775.290 940.317 2.500
v 4843.133 1837.756 2.500
v 4667.592 948.376 2.500
v 4734.028 1845.921 2.500
v 4559.932 956.251 2.500
v 4624.859 1853.906 2.500
v 4452.328 963.939 2.500
v 4515.608 1861.712 2.500
v 4344.748 971.414 2.500
v 4406.303 1869.307 2.500
v 4237.283 978.668 2.500
v 4296.852 1876.694 2.500
v 4129.819 985.671 2.500
v 4187.369 1883.829 2.500
v 4022.578 992.401 2.500
v 4077.629 1890.716 2.500
v 3915.282 998.829 2.500
v 3967.905 1897.290 2.500
v 3808.438 1004.899 2.500
v 3857.691 1903.550 2.500
v 3701.404 1010.594 2.500
v 3747.625 1909.406 2.500
v 3595.390 1015.764 2.500
v 3636.488 1914.825 2.500
v 3489.056 1020.384 2.500
v 3525.620 1919.641 2.500
v 3384.246 1024.219 2.500
v 3413.167 1923.754 2.500
v 3279.139 1027.203 2.500
v 3300.954 1926.938 2.500
v 3174.806 1029.229 2.500
v 3187.921 1929.133 2.500
v 3070.377 1030.267 2.500
v 3074.953 1930.256 2.500
v 2966.337 1030.253 2.500
v 2961.585 1930.240 2.500
v 2862.317 1029.171 2.500
v 2848.210 1929.061 2.500
v 2758.525 1026.975 2.500
v 2734.643 1926.658 2.500
v 2654.815 1023.658 2.500
v 2621.057 1923.025 2.500
v 2551.261 1019.184 2.500
v 2507.406 1918.115 2.500
v 2447.830 1013.553 2.500
v 2393.752 1911.927 2.500
v 2344.524 1006.735 2.500
v 2280.123 1904.428 2.500
v 2241.365 998.734 2.500
v 2166.526 1895.617 2.500
v 2138.326 989.529 2.500
v 2053.021 1885.477 2.500
v 2035.443 979.124 2.500
v 1939.599 1874.006 2.500
v 1932.694 967.506 2.500
v 1826.318 1861.197 2.500
v 1830.091 954.680 2.500
v 1713.193 1847.056 2.500
v 1727.651 940.645 2.500
v 1600.238 1831.580 2.500
v 1625.329 925.402 2.500
v 1487.526 1814.789 2.500
v 1523.195 908.962 2.500
v 1375.016 1796.679 2.500
v 1421.141 891.330 2.500
v 1262.837 1777.299 2.500
v 1319.249 872.520 2.500
v 1150.934 1756.641 2.500
v 1217.407 852.566 2.500
v 1039.426 1734.792 2.500
v 1115.539 831.443 2.500
v 928.414 1711.775 2.500
v 1013.510 809.269 2.500
v 817.996 1687.776 2.500
v 911.195 786.015 2.500
v 708.309 1662.849 2.500
v 808.405 761.876 2.500
v 599.449 1637.283 2.500
v 705.690 736.980 2.500
v 490.874 1610.968 2.500
v 602.904 711.388 2.500
v 382.694 1584.032 2.500
v 500.320 685.157 2.500
v 274.646 1556.404 2.500
v 397.806 658.274 2.500
v 166.863 1528.139 2.500
v 295.772 630.823 2.500
v 58.954 1499.107 2.500
v 193.752 602.657 2.500
v -48.593 1469.415 2.500
v 92.937 574.020 2.500
v -156.912 1438.644 2.500
v -8.351 544.440 2.500
v -264.313 1407.274 2.500
v -105.250 514.872 2.500
v -375.351 1373.386 2.500
v -202.580 483.641 2.500
v -485.029 1338.171 2.500
v -293.010 452.326 2.500
v -600.026 1298.341 2.500
v -383.201 418.287 2.500
v -713.228 1255.593 2.500
v -469.526 382.531 2.500
v -827.755 1208.165 2.500
v -554.319 344.050 2.500
v -940.919 1156.786 2.500
v -636.218 303.122 2.500
v -1053.491 1100.545 2.500
v -715.648 259.562 2.500
v -1164.664 1039.553 2.500
v -792.483 213.127 2.500
v -1273.888 973.553 2.500
v -865.991 164.280 2.500
v -1381.429 902.063 2.500
v -937.040 112.203 2.500
v -1485.707 825.621 2.500
v -1004.154 57.900 2.500
v -1587.583 743.182 2.500
v -1068.355 0.471 2.500
v -1685.389 655.657 2.500
v -1128.476 -59.287 2.500
v -1779.456 562.183 2.500
v -1184.607 -121.359 2.500
v -1869.101 462.993 2.500
v -1236.810 -186.176 2.500
v -1953.261 358.522 2.500
v -1283.146 -251.196 2.500
v -2033.024 246.481 2.500
v -1325.762 -319.627 2.500
v -2105.213 130.325 2.500
v -1359.067 -383.218 2.500
v -2172.749 1.388 2.500
v -1386.575 -447.984 2.500
v -2230.025 -133.990 2.500
v -1406.180 -509.872 2.500
v -2276.129 -279.245 2.500
v -1419.279 -571.358 2.500
v -2308.162 -430.338 2.500
v -1425.718 -632.805 2.500
v -2324.448 -585.012 2.500
v -1425.832 -694.184 2.500
v -2324.617 -740.937 2.500
v -1419.213 -758.229 2.500
v -2309.052 -893.084 2.500
v -1406.423 -821.461 2.500
v -2278.765 -1042.862 2.500
v -1387.243 -884.433 2.500
v -2234.583 -1187.773 2.500
v -1361.841 -945.998 2.500
v -2177.152 -1327.139 2.500
v -1330.650 -1005.340 2.500
v -2107.257 -1460.183 2.500
v -1293.204 -1063.288 2.500
v -2026.730 -1584.767 2.500
v -1249.711 -1119.176 2.500
v -1936.809 -1700.464 2.500
v -1200.775 -1172.479 2.500
v -1838.768 -1807.274 2.500
v -1145.492 -1224.054 2.500
v -1735.137 -1903.994 2.500
v -1085.537 -1272.320 2.500
v -1625.826 -1992.104 2.500
v -1020.339 -1318.083 2.500
v -1513.097 -2071.203 2.500
v -950.151 -1361.011 2.500
v -1397.871 -2141.746 2.500
v -876.654 -1400.453 2.500
v -1279.827 -2205.096 2.500
v -797.758 -1437.562 2.500
v -1162.022 -2260.551 2.500
v -717.786 -1470.431 2.500
v -1040.963 -2310.404 2.500
v -627.985 -1503.400 2.500
v -926.694 -2352.384 2.500
v -538.370 -1533.158 2.500
v -809.998 -2391.189 2.500
v -441.450 -1562.935 2.500
v -699.101 -2425.267 2.500
v -345.362 -1590.623 2.500
v -586.282 -2457.777 2.500
v -248.421 -1616.595 2.500
v -473.225 -2488.066 2.500
v -151.025 -1640.751 2.500
v -359.609 -2516.246 2.500
v -53.115 -1663.136 2.500
v -245.582 -2542.315 2.500
v 45.335 -1683.751 2.500
v -131.242 -2566.259 2.500
v 144.246 -1702.635 2.500
v -16.604 -2588.145 2.500
v 243.672 -1719.797 2.500
v 98.207 -2607.964 2.500
v 343.432 -1735.260 2.500
v 213.287 -2625.801 2.500
v 443.713 -1749.056 2.500
v 328.383 -2641.636 2.500
v 544.199 -1761.192 2.500
v 443.735 -2655.567 2.500
v 645.233 -1771.722 2.500
v 558.935 -2667.575 2.500
v 746.346 -1780.642 2.500
v 674.387 -2677.760 2.500
v 848.017 -1788.022 2.500
v 789.551 -2686.121 2.500
v 949.705 -1793.854 2.500
v 904.913 -2692.739 2.500
v 1051.910 -1798.219 2.500
v 1019.916 -2697.650 2.500
v 1154.159 -1801.113 2.500
v 1134.986 -2700.909 2.500
v 1256.845 -1802.623 2.500
v 1249.683 -2702.595 2.500
v 1359.648 -1802.752 2.500
v 1364.287 -2702.740 2.500
v 1462.800 -1801.598 2.500
v 1478.529 -2701.460 2.500
v 1566.191 -1799.164 2.500
v 1592.485 -2698.780 2.500
v 1669.833 -1795.577 2.500
v 1706.120 -2694.845 2.500
v 1773.931 -1790.831 2.500
v 1819.204 -2689.691 2.500
v 1878.151 -1785.099 2.500
v 1932.063 -2683.483 2.500
v 1983.228 -1778.360 2.500
v 2043.948 -2676.309 2.500
v 2088.289 -1770.874 2.500
v 2155.745 -2668.343 2.500
v 2194.773 -1762.600 2.500
v 2266.017 -2659.776 2.500
v 2301.302 -1753.934 2.500
v 2376.180 -2650.814 2.500
v 2408.587 -1744.830 2.500
v 2485.525 -2641.536 2.500
v 2515.746 -1735.496 2.500
v 2594.953 -2632.004 2.500
v 2623.333 -1725.900 2.500
v 2703.914 -2622.285 2.500
v 2730.816 -1716.137 2.500
v 2812.949 -2612.382 2.500
v 2838.567 -1706.202 2.500
v 2921.688 -2602.355 2.500
v 2946.268 -1696.142 2.500
v 3030.452 -2592.197 2.500
v 3054.135 -1685.966 2.500
v 3139.033 -2581.953 2.500
v 3161.991 -1675.699 2.500
v 3247.607 -2571.618 2.500
v 3269.950 -1665.354 2.500
v 3356.064 -2561.225 2.500
v 3377.926 -1654.945 2.500
v 3464.493 -2550.772 2.500
v 3485.967 -1644.487 2.500
v 3572.849 -2540.284 2.500
v 3594.044 -1633.988 2.500
v 3681.162 -2529.762 2.500
v 3702.160 -1623.466 2.500
v 3789.431 -2519.225 2.500
v 3810.330 -1612.922 2.500
v 3897.644 -2508.677 2.500
v 3918.521 -1602.378 2.500
v 4005.836 -2498.132 2.500
v 4026.784 -1591.831 2.500
v 4113.958 -2487.599 2.500
v 4135.051 -1581.304 2.500
v 4222.078 -2477.087 2.500
v 4243.412 -1570.794 2.500
v 4330.110 -2466.609 2.500
v 4351.762 -1560.326 2.500
v 4438.161 -2456.169 2.500
v 4460.229 -1549.894 2.500
v 4546.103 -2445.788 2.500
v 4568.674 -1539.526 2.500
v 4654.079 -2435.464 2.500
v 4677.258 -1529.219 2.500
v 4761.931 -2425.227 2.500
v 4785.824 -1518.997 2.500
v 4869.816 -2415.069 2.500
v 4894.538 -1508.866 2.500
v 4977.572 -2405.028 2.500
v 5003.264 -1498.846 2.500
v 5085.337 -2395.096 2.500
v 5112.143 -1488.955 2.500
v 5192.975 -2385.318 2.500
v 5221.083 -1479.206 2.500
v 5300.577 -2375.689 2.500
v 5330.178 -1469.638 2.500
v 5408.059 -2366.262 2.500
v 5439.434 -1460.255 2.500
v 5515.414 -2357.042 2.500
v 5548.825 -1451.129 2.500
v 5622.680 -2348.094 2.500
v 5658.622 -1442.249 2.500
v 5729.583 -2339.447 2.500
v 5768.568 -1433.763 2.500
v 5836.399 -2331.203 2.500
v 5879.295 -1425.653 2.500
v 5942.500 -2323.430 2.500
v 5990.322 -1418.170 2.500
v 6048.389 -2316.295 2.500
v 6101.831 -1411.319 2.500
v 6153.879 -2309.813 2.500
v 6213.425 -1405.239 2.500
v 6259.370 -2304.066 2.500
v 6325.415 -1399.930 2.500
v 6364.545 -2299.079 2.500
v 6437.391 -1395.473 2.500
v 6469.804 -2294.889 2.500
v 6549.687 -1391.877 2.500
v 6574.804 -2291.526 2.500
v 6661.953 -1389.187 2.500
v 6679.884 -2289.008 2.500
v 6774.444 -1387.419 2.500
v 6784.773 -2287.360 2.500
v 6886.918 -1386.596 2.500
v 6889.701 -2286.592 2.500
v 6999.526 -1386.737 2.500
v 6994.501 -2286.723 2.500
v 7112.123 -1387.851 2.500
v 7099.301 -2287.760 2.500
v 7224.779 -1389.955 2.500
v 7204.015 -2289.715 2.500
v 7337.412 -1393.050 2.500
v 7308.707 -2292.592 2.500
v 7450.050 -1397.147 2.500
v 7413.333 -2296.398 2.500
v 7562.634 -1402.245 2.500
v 7517.934 -2301.134 2.500
v 7675.182 -1408.344 2.500
v 7622.475 -2306.799 2.500
v 7787.624 -1415.438 2.500
v 7727.009 -2313.395 2.500
v 7900.008 -1423.522 2.500
v 7831.472 -2320.909 2.500
v 8012.197 -1432.577 2.500
v 7935.986 -2329.344 2.500
v 8124.334 -1442.594 2.500
v 8040.395 -2338.671 2.500
v 8236.105 -1453.522 2.500
v 8144.999 -2348.899 2.500
v 8347.890 -1465.370 2.500
v 8249.410 -2359.965 2.500
v 8458.958 -1477.992 2.500
v 8354.361 -2371.893 2.500
v 8570.116 -1491.429 2.500
v 8459.039 -2384.548 2.500
v 8680.138 -1505.397 2.500
v 8564.693 -2397.962 2.500
v 8790.262 -1519.950 2.500
v 8670.103 -2411.893 2.500
v 8899.776 -1534.930 2.500
v 8775.992 -2426.377 2.500
v 9009.282 -1550.378 2.500
v 8881.762 -2441.298 2.500
v 9118.473 -1566.206 2.500
v 8987.731 -2456.659 2.500
v 9227.606 -1582.436 2.500
v 9093.641 -2472.410 2.500
v 9336.560 -1599.020 2.500
v 9199.619 -2488.541 2.500
v 9445.448 -1615.971 2.500
v 9305.553 -2505.032 2.500
v 9554.224 -1633.264 2.500
v 9411.488 -2521.873 2.500
v 9662.947 -1650.907 2.500
v 9517.366 -2539.055 2.500
v 9771.591 -1668.892 2.500
v 9623.211 -2556.576 2.500
v 9880.219 -1687.229 2.500
v 9728.958 -2574.427 2.500
v 9988.771 -1705.916 2.500
v 9834.663 -2592.624 2.500
v 10097.376 -1724.982 2.500
v 9940.192 -2611.150 2.500
v 10205.878 -1744.416 2.500
v 10045.692 -2630.046 2.500
v 10314.567 -1764.292 2.500
v 10150.865 -2649.279 2.500
v 10423.079 -1784.566 2.500
v 10256.063 -2668.933 2.500
v 10532.015 -1805.412 2.500
v 10360.660 -2688.949 2.500
v 10640.697 -1826.712 2.500
v 10465.329 -2709.461 2.500
v 10750.455 -1848.945 2.500
v 10568.649 -2730.391 2.500
v 10860.113 -1871.915 2.500
v 10671.783 -2751.990 2.500
v 10971.896 -1896.604 2.500
v 10772.289 -2774.190 2.500
v 11083.302 -1922.639 2.500
v 10872.588 -2797.624 2.500
v 11195.615 -1950.643 2.500
v 10971.221 -2822.221 2.500
v 11307.644 -1980.413 2.500
v 11069.308 -2848.282 2.500
v 11419.788 -2012.293 2.500
v 11166.283 -2875.852 2.500
v 11531.690 -2046.232 2.500
v 11262.428 -2905.009 2.500
v 11643.247 -2082.397 2.500
v 11357.680 -2935.891 2.500
v 11754.529 -2120.856 2.500
v 11451.879 -2968.443 2.500
v 11865.117 -2161.627 2.500
v 11545.274 -3002.876 2.500
v 11975.372 -2204.897 2.500
v 11637.398 -3039.028 2.500
v 12084.621 -2250.537 2.500
v 11728.751 -3077.190 2.500
v 12193.445 -2298.864 2.500
v 11818.620 -3117.097 2.500
v 12301.019 -2349.615 2.500
v 11907.668 -3159.106 2.500
v 12407.969 -2403.198 2.500
v 11995.090 -3202.905 2.500
v 12513.577 -2459.328 2.500
v 12081.457 -3248.804 2.500
v 12618.259 -2518.393 2.500
v 12166.116 -3296.574 2.500
v 12721.603 -2580.220 2.500
v 12249.338 -3346.357 2.500
v 12823.621 -2645.066 2.500
v 12330.790 -3398.138 2.500
v 12924.557 -2713.176 2.500
v 12410.072 -3451.624 2.500
v 13023.293 -2784.167 2.500
v 12487.840 -3507.555 2.500
v 13122.893 -2860.644 2.500
v 12560.696 -3563.449 2.500
v 13219.014 -2940.496 2.500
v 12631.786 -3622.524 2.500
v 13319.563 -3032.066 2.500
v 12692.063 -3677.235 2.500
v 13415.405 -3131.699 2.500
v 12746.883 -3734.258 2.500
v 13506.146 -3239.898 2.500
v 12795.842 -3792.590 2.500
v 13589.989 -3356.527 2.500
v 12838.919 -3852.405 2.500
v 13666.167 -3483.758 2.500
v 12874.393 -3911.654 2.500
v 13732.759 -3623.119 2.500
v 12901.591 -3968.316 2.500
v 13785.483 -3772.342 2.500
v 12921.368 -4023.949 2.500
v 13821.594 -3933.215 2.500
v 12932.843 -4075.069 2.500
v 13836.984 -4102.338 2.500
v 12937.204 -4122.280 2.500
v 13828.922 -4273.361 2.500
v 12935.080 -4168.260 2.500
v 13797.073 -4441.489 2.500
v 12926.416 -4213.552 2.500
v 13743.619 -4601.242 2.500
v 12910.901 -4259.803 2.500
v 13673.070 -4747.637 2.500
v 12887.115 -4309.146 2.500
v 13589.667 -4879.719 2.500
v 12854.375 -4360.735 2.500
v 13496.011 -4999.484 2.500
v 12814.107 -4412.112 2.500
v 13396.733 -5105.666 2.500
v 12764.941 -4464.699 2.500
v 13292.577 -5200.953 2.500
v 12708.672 -4516.076 2.500
v 13184.592 -5287.080 2.500
v 12646.715 -4565.492 2.500
v 13075.612 -5363.653 2.500
v 12577.808 -4613.858 2.500
v 12961.652 -5434.451 2.500
v 12507.068 -4657.693 2.500
v 12857.443 -5493.484 2.500
v 12422.100 -4705.781 2.500
v 12749.810 -5550.824 2.500
v 12337.849 -4750.644 2.500
v 12644.122 -5603.788 2.500
v 12249.169 -4795.077 2.500
v 12536.515 -5654.827 2.500
v 12160.349 -4837.209 2.500
v 12427.110 -5703.544 2.500
v 12071.152 -4876.928 2.500
v 12316.682 -5749.517 2.500
v 11980.875 -4914.511 2.500
v 12205.119 -5792.815 2.500
v 11889.764 -4949.873 2.500
v 12092.607 -5833.357 2.500
v 11797.745 -4983.030 2.500
v 11979.169 -5871.169 2.500
v 11704.936 -5013.966 2.500
v 11864.973 -5906.199 2.500
v 11611.288 -5042.693 2.500
v 11749.979 -5938.500 2.500
v 11516.980 -5069.183 2.500
v 11634.459 -5968.011 2.500
v 11421.861 -5093.482 2.500
v 11518.246 -5994.821 2.500
v 11326.234 -5115.542 2.500
v 11401.754 -6018.867 2.500
v 11229.811 -5135.444 2.500
v 11284.674 -6040.257 2.500
v 11133.027 -5153.125 2.500
v 11167.519 -6058.953 2.500
v 11035.495 -5168.690 2.500
v 11049.965 -6075.048 2.500
v 10937.653 -5182.084 2.500
v 10932.465 -6088.565 2.500
v 10839.175 -5193.413 2.500
v 10814.814 -6099.562 2.500
v 10740.364 -5202.647 2.500
v 10697.294 -6108.130 2.500
v 10641.056 -5209.889 2.500
v 10579.913 -6114.304 2.500
v 10541.332 -5215.131 2.500
v 10462.691 -6118.230 2.500
v 10441.270 -5218.485 2.500
v 10345.987 -6119.944 2.500
v 10340.592 -5219.961 2.500
v 10229.388 -6119.637 2.500
v 10239.787 -5219.698 2.500
v 10113.917 -6117.395 2.500
v 10137.892 -5217.715 2.500
v 9998.309 -6113.424 2.500
v 10036.222 -5214.223 2.500
v 9885.155 -6108.011 2.500
v 9932.217 -5209.242 2.500
v 9771.771 -6101.448 2.500
v 9828.557 -5203.241 2.500
v 9660.880 -6094.081 2.500
v 9722.519 -5196.194 2.500
v 9549.686 -6086.092 2.500
v 9616.864 -5188.603 2.500
v 9439.426 -6077.595 2.500
v 9510.359 -5180.394 2.500
v 9329.037 -6068.604 2.500
v 9404.057 -5171.736 2.500
v 9219.095 -6059.205 2.500
v 9297.381 -5162.616 2.500
v 9109.138 -6049.391 2.500
v 9190.791 -5153.102 2.500
v 8999.406 -6039.211 2.500
v 9084.045 -5143.200 2.500
v 8889.696 -6028.659 2.500
v 8977.345 -5132.937 2.500
v 8780.104 -6017.760 2.500
v 8870.596 -5122.321 2.500
v 8670.535 -6006.510 2.500
v 8763.893 -5111.365 2.500
v 8561.033 -5994.915 2.500
v 8657.196 -5100.068 2.500
v 8451.527 -5982.970 2.500
v 8550.575 -5088.437 2.500
v 8342.069 -5970.671 2.500
v 8443.985 -5076.461 2.500
v 8232.545 -5958.001 2.500
v 8337.541 -5064.147 2.500
v 8123.082 -5944.952 2.500
v 8231.125 -5051.461 2.500
v 8013.421 -5931.479 2.500
v 8125.001 -5038.422 2.500
v 7903.889 -5917.585 2.500
v 8018.852 -5024.957 2.500
v 7793.839 -5903.141 2.500
v 7913.343 -5011.110 2.500
v 7684.171 -5888.230 2.500
v 7807.585 -4996.732 2.500
v 7572.864 -5872.375 2.500
v 7703.657 -4981.929 2.500
v 7462.194 -5855.793 2.500
v 7599.318 -4966.300 2.500
v 7348.341 -5837.408 2.500
v 7498.545 -4950.031 2.500
v 7235.233 -5817.521 2.500
v 7397.530 -4932.275 2.500
v 7120.595 -5795.436 2.500
v 7298.688 -4913.232 2.500
v 7006.448 -5771.374 2.500
v 7200.102 -4892.456 2.500
v 6891.849 -5744.916 2.500
v 7102.871 -4870.005 2.500
v 6777.668 -5716.182 2.500
v 7006.219 -4845.686 2.500
v 6663.639 -5684.935 2.500
v 6910.574 -4819.474 2.500
v 6550.104 -5651.224 2.500
v 6815.698 -4791.306 2.500
v 6437.119 -5614.944 2.500
v 6721.689 -4761.117 2.500
v 6324.789 -5576.102 2.500
v 6628.551 -4728.913 2.500
v 6213.294 -5534.684 2.500
v 6536.250 -4694.625 2.500
v 6102.676 -5490.696 2.500
v 6444.850 -4658.280 2.500
v 5993.084 -5444.164 2.500
v 6354.331 -4619.845 2.500
v 5884.631 -5395.147 2.500
v 6264.675 -4579.324 2.500
v 5777.330 -5343.649 2.500
v 6175.977 -4536.754 2.500
v 5671.399 -5289.828 2.500
v 6088.086 -4492.099 2.500
v 5566.780 -5233.673 2.500
v 6001.152 -4445.435 2.500
v 5463.657 -5175.394 2.500
v 5915.004 -4396.750 2.500
v 5362.067 -5115.047 2.500
v 5829.683 -4346.064 2.500
v 5261.969 -5052.797 2.500
v 5745.163 -4293.505 2.500
v 5163.739 -4988.942 2.500
v 5661.118 -4238.866 2.500
v 5066.737 -4923.344 2.500
v 5578.027 -4182.681 2.500
v 4972.516 -4857.225 2.500
v 5494.291 -4123.910 2.500
v 4879.009 -4789.677 2.500
v 5411.563 -4064.153 2.500
v 4789.786 -4723.682 2.500
v 5325.999 -4000.858 2.500
v 4700.464 -4656.984 2.500
v 5241.121 -3937.477 2.500
v 4615.648 -4593.488 2.500
v 5151.891 -3870.686 2.500
v 4529.369 -4529.538 2.500
v 5063.508 -3805.180 2.500
v 4448.568 -4471.035 2.500
v 4968.202 -3736.202 2.500
v 4365.623 -4413.332 2.500
v 4872.672 -3669.759 2.500
v 4284.454 -4359.445 2.500
v 4772.719 -3603.404 2.500
v 4201.770 -4307.400 2.500
v 4671.405 -3539.649 2.500
v 4119.262 -4258.555 2.500
v 4566.841 -3477.740 2.500
v 4035.667 -4212.194 2.500
v 4460.308 -3418.671 2.500
v 3951.557 -4168.893 2.500
v 4351.134 -3362.458 2.500
v 3866.644 -4128.493 2.500
v 4239.730 -3309.465 2.500
v 3780.833 -4091.148 2.500
v 4126.205 -3260.054 2.500
v 3694.437 -4056.984 2.500
v 4010.432 -3214.282 2.500
v 3606.943 -4025.922 2.500
v 3893.057 -3172.611 2.500
v 3518.951 -3998.184 2.500
v 3773.711 -3134.994 2.500
v 3429.928 -3973.653 2.500
v 3653.147 -3101.773 2.500
v 3340.355 -3952.478 2.500
v 3531.157 -3072.936 2.500
v 3249.947 -3934.599 2.500
v 3408.297 -3048.639 2.500
v 3158.976 -3920.063 2.500
v 3284.597 -3028.873 2.500
v 3067.242 -3908.828 2.500
v 3160.545 -3013.678 2.500
v 2975.091 -3900.897 2.500
v 3036.102 -3002.968 2.500
v 2882.085 -3896.210 2.500
v 2911.984 -2996.706 2.500
v 2788.978 -3894.740 2.500
v 2787.723 -2994.740 2.500
v 2694.674 -3896.397 2.500
v 2664.658 -2996.897 2.500
v 2600.703 -3901.120 2.500
v 2541.505 -3003.069 2.500
v 2504.466 -3908.763 2.500
v 2421.025 -3012.640 2.500
v 2408.455 -3919.123 2.500
v 2300.882 -3025.575 2.500
v 2308.230 -3932.084 2.500
v 2185.497 -3040.492 2.500
v 2209.560 -3946.641 2.500
v 2069.088 -3057.671 2.500
v 2111.660 -3963.205 2.500
v 1952.630 -3077.366 2.500
v 2015.208 -3981.612 2.500
v 1835.534 -3099.730 2.500
v 1921.094 -4002.175 2.500
v 1717.256 -3125.562 2.500
v 1827.583 -4025.254 2.500
v 1599.700 -3154.582 2.500
v 1735.246 -4050.853 2.500
v 1482.537 -3187.060 2.500
v 1643.854 -4079.025 2.500
v 1366.174 -3222.933 2.500
v 1553.493 -4109.814 2.500
v 1250.753 -3262.260 2.500
v 1464.179 -4143.213 2.500
v 1136.437 -3305.010 2.500
v 1375.975 -4179.230 2.500
v 1023.376 -3351.175 2.500
v 1288.838 -4217.873 2.500
v 911.778 -3400.666 2.500
v 1202.924 -4259.085 2.500
v 801.676 -3453.480 2.500
v 1118.108 -4302.892 2.500
v 693.335 -3509.438 2.500
v 1034.535 -4349.228 2.500
v 586.774 -3568.517 2.500
v 952.135 -4398.059 2.500
v 482.149 -3630.523 2.500
v 870.896 -4449.402 2.500
v 379.609 -3695.322 2.500
v 790.946 -4503.061 2.500
v 279.048 -3762.817 2.500
v 711.951 -4559.255 2.500
v 180.887 -3832.639 2.500
v 634.395 -4617.498 2.500
v 84.603 -3904.947 2.500
v 557.430 -4678.377 2.500
v -8.945 -3978.934 2.500
v 482.090 -4740.923 2.500
v -100.882 -4055.252 2.500
v 406.840 -4806.244 2.500
v -189.810 -4132.442 2.500
v 333.200 -4872.921 2.500
v -277.337 -4211.676 2.500
v 259.135 -4942.351 2.500
v -361.881 -4290.937 2.500
v 185.895 -5013.426 2.500
v -444.673 -4371.255 2.500
v 110.210 -5087.981 2.500
v -523.866 -4449.274 2.500
v 33.678 -5164.377 2.500
v -601.205 -4526.471 2.500
v -48.069 -5244.527 2.500
v -674.705 -4598.518 2.500
v -131.155 -5324.165 2.500
v -748.562 -4669.330 2.500
v -217.931 -5404.189 2.500
v -821.614 -4736.681 2.500
v -306.708 -5482.804 2.500
v -895.590 -4802.203 2.500
v -397.973 -5559.841 2.500
v -970.461 -4865.393 2.500
v -491.797 -5635.219 2.500
v -1046.113 -4926.182 2.500
v -587.758 -5708.211 2.500
v -1123.187 -4984.806 2.500
v -686.427 -5779.123 2.500
v -1201.054 -5040.773 2.500
v -787.013 -5847.150 2.500
v -1280.549 -5094.540 2.500
v -890.175 -5912.620 2.500
v -1360.942 -5145.561 2.500
v -995.205 -5974.955 2.500
v -1442.864 -5194.186 2.500
v -1102.463 -6034.272 2.500
v -1525.851 -5240.079 2.500
v -1211.490 -6090.263 2.500
v -1610.213 -5283.405 2.500
v -1322.361 -6142.912 2.500
v -1695.724 -5324.010 2.500
v -1434.752 -6192.063 2.500
v -1782.519 -5361.968 2.500
v -1548.641 -6237.706 2.500
v -1870.426 -5397.198 2.500
v -1663.659 -6279.731 2.500
v -1959.606 -5429.780 2.500
v -1779.903 -6318.219 2.500
v -2049.742 -5459.623 2.500
v -1896.755 -6353.055 2.500
v -2141.233 -5486.896 2.500
v -2014.620 -6384.433 2.500
v -2233.451 -5511.443 2.500
v -2132.541 -6412.268 2.500
v -2327.116 -5533.553 2.500
v -2251.070 -6436.769 2.500
v -2421.491 -5553.052 2.500
v -2369.149 -6458.060 2.500
v -2517.361 -5570.348 2.500
v -2486.698 -6476.208 2.500
v -2614.675 -5585.354 2.500
v -2601.638 -6491.824 2.500
v -2715.162 -5599.012 2.500
v -2716.602 -6505.466 2.500
v -2816.090 -5610.982 2.500
v -2829.970 -6517.416 2.500
v -2918.931 -5621.824 2.500
v -2944.575 -6528.001 2.500
v -3020.811 -5631.235 2.500
v -3058.689 -6536.928 2.500
v -3123.442 -5639.260 2.500
v -3176.491 -6544.315 2.500
v -3222.620 -5645.498 2.500
v -3295.318 -6549.003 2.500
v -3321.027 -5649.370 2.500
v -3416.878 -6550.829 2.500
v -3416.844 -5650.830 2.500
v -3538.791 -6549.014 2.500
v -3512.309 -5649.403 2.500
v -3661.972 -6543.423 2.500
v -3606.303 -5645.147 2.500
v -3784.819 -6533.834 2.500
v -3700.196 -5637.822 2.500
v -3908.297 -6520.026 2.500
v -3792.767 -5627.472 2.500
v -4031.246 -6501.961 2.500
v -3884.909 -5613.938 2.500
v -4154.074 -6479.443 2.500
v -3975.912 -5597.254 2.500
v -4276.106 -6452.503 2.500
v -4066.168 -5577.331 2.500
v -4397.356 -6421.043 2.500
v -4155.344 -5554.192 2.500
v -4517.390 -6385.137 2.500
v -4243.590 -5527.796 2.500
v -4636.110 -6344.778 2.500
v -4330.696 -5498.184 2.500
v -4753.092 -6300.130 2.500
v -4416.820 -5465.312 2.500
v -4868.383 -6251.199 2.500
v -4501.646 -5429.308 2.500
v -4981.450 -6198.297 2.500
v -4585.488 -5390.080 2.500
v -5092.452 -6141.420 2.500
v -4667.961 -5347.816 2.500
v -5200.955 -6080.970 2.500
v -4749.372 -5302.463 2.500
v -5306.953 -6017.056 2.500
v -4829.543 -5254.114 2.500
v -5410.431 -5949.965 2.500
v -4908.481 -5202.940 2.500
v -5510.929 -5880.152 2.500
v -4986.526 -5148.714 2.500
v -5609.174 -5807.486 2.500
v -5063.068 -5092.106 2.500
v -5703.643 -5733.382 2.500
v -5139.648 -5032.019 2.500
v -5796.708 -5656.443 2.500
v -5214.135 -4970.433 2.500
v -5883.596 -5581.446 2.500
v -5291.817 -4903.362 2.500
v -5970.156 -5504.632 2.500
v -5367.863 -4835.870 2.500
v -6051.919 -5430.593 2.500
v -5447.252 -4763.977 2.500
v -6134.045 -5355.649 2.500
v -5525.718 -4692.371 2.500
v -6214.795 -5281.412 2.500
v -5605.017 -4619.467 2.500
v -6295.520 -5206.816 2.500
v -5683.964 -4546.513 2.500
v -6375.527 -5132.658 2.500
v -5763.406 -4472.879 2.500
v -6455.468 -5058.400 2.500
v -5842.754 -4399.172 2.500
v -6535.027 -4984.486 2.500
v -5922.472 -4325.111 2.500
v -6614.532 -4910.638 2.500
v -6002.261 -4251.000 2.500
v -6693.879 -4837.088 2.500
v -6082.359 -4176.753 2.500
v -6773.190 -4763.734 2.500
v -6162.656 -4102.486 2.500
v -6852.499 -4690.660 2.500
v -6243.234 -4028.244 2.500
v -6931.791 -4617.892 2.500
v -6324.121 -3954.012 2.500
v -7011.207 -4545.401 2.500
v -6405.276 -3879.932 2.500
v -7090.617 -4473.315 2.500
v -6486.842 -3805.891 2.500
v -7170.257 -4401.513 2.500
v -6568.672 -3732.113 2.500
v -7249.898 -4330.215 2.500
v -6651.014 -3658.399 2.500
v -7329.863 -4259.211 2.500
v -6733.617 -3585.051 2.500
v -7409.834 -4188.811 2.500
v -6816.833 -3511.797 2.500
v -7490.208 -4118.728 2.500
v -6900.321 -3438.997 2.500
v -7570.612 -4049.334 2.500
v -6984.503 -3366.344 2.500
v -7651.452 -3980.323 2.500
v -7069.015 -3294.198 2.500
v -7732.384 -3912.058 2.500
v -7154.268 -3222.289 2.500
v -7813.755 -3844.276 2.500
v -7239.942 -3150.923 2.500
v -7895.384 -3777.197 2.500
v -7326.283 -3079.972 2.500
v -7977.332 -3710.772 2.500
v -7413.227 -3009.497 2.500
v -8059.978 -3644.815 2.500
v -7500.506 -2939.839 2.500
v -8141.531 -3580.690 2.500
v -7589.864 -2869.591 2.500
v -8223.098 -3518.445 2.500
v -7681.118 -2799.934 2.500
v -8302.288 -3459.875 2.500
v -7776.742 -2729.258 2.500
v -8380.621 -3405.407 2.500
v -7876.884 -2659.587 2.500
v -8459.016 -3354.231 2.500
v -7980.553 -2591.950 2.500
v -8538.362 -3306.422 2.500
v -8087.405 -2527.553 2.500
v -8618.010 -3262.308 2.500
v -8197.944 -2466.353 2.500
v -8699.259 -3221.438 2.500
v -8310.903 -2409.540 2.500
v -8780.810 -3184.527 2.500
v -8427.405 -2356.816 2.500
v -8863.762 -3151.166 2.500
v -8546.150 -2309.072 2.500
v -8947.263 -3121.796 2.500
v -8667.722 -2266.310 2.500
v -9031.835 -3096.248 2.500
v -8791.254 -2228.999 2.500
v -9117.121 -3074.696 2.500
v -8916.730 -2197.289 2.500
v -9203.353 -3057.075 2.500
v -9043.488 -2171.387 2.500
v -9290.228 -3043.464 2.500
v -9171.381 -2151.345 2.500
v -9378.047 -3033.778 2.500
v -9299.639 -2137.200 2.500
v -9466.393 -3028.068 2.500
v -9428.232 -2128.877 2.500
v -9555.527 -3026.207 2.500
v -9556.441 -2126.208 2.500
v -9645.366 -3028.214 2.500
v -9683.942 -2129.041 2.500
v -9735.566 -3033.907 2.500
v -9810.701 -2137.049 2.500
v -9826.875 -3043.333 2.500
v -9935.643 -2149.929 2.500
v -9917.916 -3056.147 2.500
v -10059.873 -2167.413 2.500
v -10010.815 -3072.564 2.500
v -10181.063 -2188.813 2.500
v -10102.647 -3091.914 2.500
v -10301.962 -2214.262 2.500
v -10197.796 -3114.737 2.500
v -10418.217 -2242.146 2.500
v -10291.972 -3139.990 2.500
v -10534.042 -2273.156 2.500
v -10393.039 -3168.640 2.500
v -10642.142 -2303.800 2.500
v -10493.320 -3198.171 2.500
v -10750.417 -2335.674 2.500
v -10597.172 -3229.072 2.500
v -10854.943 -2366.776 2.500
v -10702.204 -3260.517 2.500
v -10958.186 -2397.689 2.500
v -10811.019 -3292.069 2.500
v -11058.180 -2426.672 2.500
v -10922.005 -3323.056 2.500
v -11156.590 -2454.165 2.500
v -11036.681 -3352.593 2.500
v -11252.448 -2478.840 2.500
v -11152.754 -3379.894 2.500
v -11348.003 -2501.328 2.500
v -11270.403 -3404.428 2.500
v -11443.179 -2521.168 2.500
v -11389.897 -3426.101 2.500
v -11537.592 -2538.303 2.500
v -11510.183 -3444.330 2.500
v -11632.256 -2552.647 2.500
v -11632.327 -3459.108 2.500
v -11725.935 -2563.990 2.500
v -11754.768 -3469.982 2.500
v -11820.042 -2572.352 2.500
v -11878.679 -3476.868 2.500
v -11913.192 -2577.530 2.500
v -12002.790 -3479.524 2.500
v -12006.431 -2579.531 2.500
v -12127.672 -3477.771 2.500
v -12098.923 -2578.230 2.500
v -12252.621 -3471.515 2.500
v -12191.099 -2573.620 2.500
v -12377.612 -3460.595 2.500
v -12282.677 -2565.616 2.500
v -12502.410 -3444.973 2.500
v -12373.593 -2554.239 2.500
v -12626.567 -3424.593 2.500
v -12463.959 -2539.405 2.500
v -12750.211 -3399.398 2.500
v -12553.335 -2521.196 2.500
v -12872.612 -3369.484 2.500
v -12642.112 -2499.501 2.500
v -12994.093 -3334.724 2.500
v -12729.639 -2474.454 2.500
v -13114.124 -3295.262 2.500
v -12816.129 -2446.027 2.500
v -13232.668 -3250.937 2.500
v -12901.205 -2414.198 2.500
v -13350.806 -3201.271 2.500
v -12983.484 -2379.642 2.500
v -13469.113 -3144.756 2.500
v -13061.322 -2342.442 2.500
v -13583.310 -3083.309 2.500
v -13138.564 -2300.876 2.500
v -13695.076 -3016.177 2.500
v -13213.152 -2256.079 2.500
v -13801.208 -2945.650 2.500
v -13288.069 -2206.267 2.500
v -13904.231 -2870.993 2.500
v -13361.081 -2153.366 2.500
v -14003.656 -2792.553 2.500
v -13432.326 -2097.152 2.500
v -14100.061 -2710.018 2.500
v -13501.062 -2038.305 2.500
v -14192.958 -2623.771 2.500
v -13567.480 -1976.640 2.500
v -14282.402 -2533.752 2.500
v -13631.267 -1912.445 2.500
v -14368.181 -2440.115 2.500
v -13692.332 -1845.784 2.500
v -14450.166 -2342.951 2.500
v -13750.543 -1776.800 2.500
v -14528.140 -2242.426 2.500
v -13805.807 -1705.549 2.500
v -14602.066 -2138.508 2.500
v -13857.903 -1632.326 2.500
v -14671.545 -2031.643 2.500
v -13906.921 -1556.933 2.500
v -14736.774 -1921.342 2.500
v -13952.350 -1480.117 2.500
v -14797.148 -1808.498 2.500
v -13994.543 -1401.283 2.500
v -14852.785 -1692.324 2.500
v -14032.782 -1321.386 2.500
v -14903.802 -1572.243 2.500
v -14066.818 -1241.403 2.500
v -14949.249 -1447.011 2.500
v -14095.477 -1162.278 2.500
v -14988.805 -1315.096 2.500
v -14118.451 -1085.997 2.500
v -15019.743 -1176.387 2.500
v -14134.779 -1012.554 2.500
v -15040.462 -1035.212 2.500
v -14145.656 -938.669 2.500
v -15050.203 -891.604 2.500
v -14150.584 -865.424 2.500
v -15049.222 -750.323 2.500
v -14150.069 -789.352 2.500
v -15037.827 -609.032 2.500
v -14143.967 -713.981 2.500
v -15016.383 -469.610 2.500
v -14132.385 -638.568 2.500
v -14984.575 -331.157 2.500
v -14115.532 -565.175 2.500
v -14942.329 -194.944 2.500
v -14093.394 -493.791 2.500
v -14889.658 -61.810 2.500
v -14066.110 -424.811 2.500
v -14827.034 66.735 2.500
v -14033.536 -357.952 2.500
v -14754.785 190.141 2.500
v -13995.964 -293.791 2.500
v -14674.036 306.974 2.500
v -13953.128 -231.814 2.500
v -14585.429 416.923 2.500
v -13905.327 -172.534 2.500
v -14490.086 519.490 2.500
v -13852.682 -115.898 2.500
v -14389.384 614.036 2.500
v -13794.896 -61.674 2.500
v -14283.377 701.417 2.500
v -13733.160 -10.807 2.500
v -14173.979 780.881 2.500
v -13666.676 37.481 2.500
v -14060.934 853.333 2.500
v -13596.698 82.305 2.500
v -13945.212 918.859 2.500
v -13523.264 123.900 2.500
v -13828.099 977.273 2.500
v -13445.828 162.492 2.500
v -13708.777 1029.865 2.500
v -13366.237 197.600 2.500
v -13591.704 1075.325 2.500
v -13280.634 230.792 2.500
v -13475.064 1116.200 2.500
v -13192.120 261.833 2.500
v -13357.603 1152.983 2.500
v -13102.113 290.009 2.500
v -13239.096 1186.037 2.500
v -13011.214 315.365 2.500
v -13120.039 1215.231 2.500
v -12919.125 337.943 2.500
v -12999.968 1240.754 2.500
v -12826.549 357.621 2.500
v -12879.539 1262.508 2.500
v -12733.040 374.511 2.500
v -12758.441 1280.581 2.500
v -12639.118 388.526 2.500
v -12637.139 1294.972 2.500
v -12544.536 399.748 2.500
v -12515.557 1305.715 2.500
v -12449.560 408.138 2.500
v -12393.928 1312.885 2.500
v -12354.166 413.764 2.500
v -12272.427 1316.506 2.500
v -12258.362 416.616 2.500
v -12151.005 1316.696 2.500
v -12162.384 416.768 2.500
v -12030.142 1313.511 2.500
v -12065.919 414.222 2.500
v -11909.423 1307.069 2.500
v -11969.547 409.080 2.500
v -11789.706 1297.511 2.500
v -11872.551 401.332 2.500
v -11670.143 1284.894 2.500
v -11775.912 391.130 2.500
v -11551.915 1269.492 2.500
v -11678.559 378.447 2.500
v -11434.031 1251.288 2.500
v -11581.586 363.466 2.500
v -11317.599 1230.684 2.500
v -11483.941 346.190 2.500
v -11201.926 1207.650 2.500
v -11386.396 326.758 2.500
v -11087.605 1182.659 2.500
v -11288.326 305.327 2.500
v -10974.962 1155.866 2.500
v -11189.465 281.802 2.500
v -10864.054 1127.992 2.500
v -11089.522 256.692 2.500
v -10755.433 1099.303 2.500
v -10987.944 229.856 2.500
v -10648.811 1070.646 2.500
v -10884.609 202.084 2.500
v -10542.931 1041.716 2.500
v -10780.769 173.711 2.500
v -10437.549 1012.799 2.500
v -10676.492 145.097 2.500
v -10332.987 984.002 2.500
v -10571.449 116.168 2.500
v -10228.419 955.311 2.500
v -10466.358 87.334 2.500
v -10124.834 927.049 2.500
v -10360.201 58.370 2.500
v -10020.932 899.018 2.500
v -10254.199 29.773 2.500
v -9918.377 871.785 2.500
v -10146.629 1.210 2.500
v -9815.236 844.950 2.500
v -10039.365 -26.696 2.500
v -9714.262 819.525 2.500
v -9929.514 -54.355 2.500
v -9612.749 794.923 2.500
v -9819.733 -80.953 2.500
v -9514.745 772.704 2.500
v -9705.712 -106.802 2.500
v -9415.984 752.102 2.500
v -9591.646 -130.589 2.500
v -9318.559 733.807 2.500
v -9475.404 -152.421 2.500
v -9220.779 717.544 2.500
v -9358.724 -171.821 2.500
v -9123.354 703.588 2.500
v -9240.942 -188.697 2.500
v -9025.866 691.879 2.500
v -9122.578 -202.910 2.500
v -8928.447 682.546 2.500
v -9003.586 -214.312 2.500
v -8831.107 675.587 2.500
v -8884.076 -222.853 2.500
v -8733.743 671.070 2.500
v -8764.271 -228.412 2.500
v -8636.549 669.004 2.500
v -8644.111 -230.964 2.500
v -8539.340 669.428 2.500
v -8523.920 -230.439 2.500
v -8442.333 672.344 2.500
v -8403.624 -226.823 2.500
v -8345.406 677.771 2.500
v -8283.488 -220.096 2.500
v -8248.678 685.699 2.500
v -8163.541 -210.265 2.500
v -8152.125 696.134 2.500
v -8043.949 -197.342 2.500
v -8055.794 709.044 2.500
v -7924.805 -181.372 2.500
v -7959.658 724.436 2.500
v -7806.271 -162.397 2.500
v -7863.823 742.237 2.500
v -7688.361 -140.493 2.500
v -7768.085 762.485 2.500
v -7571.399 -115.760 2.500
v -7672.793 785.019 2.500
v -7455.125 -88.263 2.500
v -7577.261 809.983 2.500
v -7340.313 -58.265 2.500
v -7482.468 837.005 2.500
v -7226.031 -25.689 2.500
v -7386.371 866.573 2.500
v -7114.334 8.671 2.500
v -7291.437 897.746 2.500
v -7002.712 45.315 2.500
v -7193.294 931.660 2.500
v -6895.367 82.402 2.500
v -7096.129 966.447 2.500
v -6787.847 120.892 2.500
v -6997.700 1002.822 2.500
v -6682.348 159.879 2.500
v -6899.873 1039.939 2.500
v -6576.905 199.884 2.500
v -6801.883 1078.062 2.500
v -6472.282 240.588 2.500
v -6704.326 1116.918 2.500
v -6367.862 282.177 2.500
v -6607.035 1156.602 2.500
v -6263.847 324.603 2.500
v -6510.356 1196.956 2.500
v -6159.895 367.995 2.500
v -6414.017 1238.225 2.500
v -6056.390 412.330 2.500
v -6319.500 1279.754 2.500
v -5951.868 458.264 2.500
v -6223.965 1323.175 2.500
v -5849.475 504.788 2.500
v -6138.636 1363.445 2.500
v -5738.240 557.415 2.500
v -6060.837 1404.594 2.500
v -5623.824 617.817 2.500
v -5988.750 1447.040 2.500
v -5508.649 685.789 2.500
v -5921.545 1492.321 2.500
v -5395.602 761.990 2.500
v -5862.745 1538.096 2.500
v -5282.915 849.767 2.500
v -5811.949 1584.474 2.500
v -5173.447 950.191 2.500
v -5771.421 1629.754 2.500
v -5069.128 1066.917 2.500
v -5743.691 1669.430 2.500
v -4972.549 1205.384 2.500
v -5727.397 1701.470 2.500
v -4891.637 1367.545 2.500
v -5719.376 1727.181 2.500
v -4837.043 1549.730 2.500
v -5717.121 1749.445 2.500
v -4817.141 1743.409 2.500
v -5719.490 1773.547 2.500
v -4834.185 1935.523 2.500
v -5728.371 1805.785 2.500
v -4882.355 2112.798 2.500
v -5747.188 1848.126 2.500
v -4951.673 2269.025 2.500
v -5777.764 1898.308 2.500
v -5033.716 2404.660 2.500
v -5817.110 1949.983 2.500
v -5125.716 2526.155 2.500
v -5866.277 2004.517 2.500
v -5222.089 2633.025 2.500
v -5923.443 2059.163 2.500
v -5321.980 2728.671 2.500
v -5984.959 2110.800 2.500
v -5426.880 2816.879 2.500
v -6057.437 2165.627 2.500
v -5527.745 2893.245 2.500
v -6131.133 2216.664 2.500
v -5632.725 2966.057 2.500
v -6213.980 2270.350 2.500
v -5732.317 3030.614 2.500
v -6296.438 2321.097 2.500
v -5835.011 3093.810 2.500
v -6379.847 2369.350 2.500
v -5939.780 3154.424 2.500
v -6464.278 2415.163 2.500
v -6046.438 3212.289 2.500
v -6549.192 2458.045 2.500
v -6155.581 3267.410 2.500
v -6635.484 2498.435 2.500
v -6266.190 3319.180 2.500
v -6722.789 2536.143 2.500
v -6378.464 3367.672 2.500
v -6811.270 2571.233 2.500
v -6492.073 3412.727 2.500
v -6900.699 2603.621 2.500
v -6607.050 3454.368 2.500
v -6991.244 2633.368 2.500
v -6723.045 3492.478 2.500
v -7082.561 2660.379 2.500
v -6840.199 3527.132 2.500
v -7174.956 2684.761 2.500
v -6958.007 3558.221 2.500
v -7267.962 2706.406 2.500
v -7076.743 3585.858 2.500
v -7361.937 2725.446 2.500
v -7195.840 3609.986 2.500
v -7456.490 2741.803 2.500
v -7315.506 3630.692 2.500
v -7551.820 2755.593 2.500
v -7435.339 3648.023 2.500
v -7647.761 2766.786 2.500
v -7555.334 3662.027 2.500
v -7744.245 2775.482 2.500
v -7675.375 3672.843 2.500
v -7841.446 2781.693 2.500
v -7795.134 3680.501 2.500
v -7938.921 2785.516 2.500
v -7914.894 3685.196 2.500
v -8037.332 2786.993 2.500
v -8033.863 3686.986 2.500
v -8135.693 2786.240 2.500
v -8152.898 3686.075 2.500
v -8235.410 2783.308 2.500
v -8270.493 3682.624 2.500
v -8334.687 2778.372 2.500
v -8388.353 3676.771 2.500
v -8436.002 2771.492 2.500
v -8503.944 3668.924 2.500
v -8536.738 2762.919 2.500
v -8619.833 3659.074 2.500
v -8640.948 2752.781 2.500
v -8732.009 3648.163 2.500
v -8744.692 2741.655 2.500
v -8844.434 3636.111 2.500
v -8850.718 2729.604 2.500
v -8954.425 3623.609 2.500
v -8956.423 2717.046 2.500
v -9064.610 3610.520 2.500
v -9062.850 2703.996 2.500
v -9173.975 3597.109 2.500
v -9169.280 2690.566 2.500
v -9283.242 3583.321 2.500
v -9276.006 2676.821 2.500
v -9392.143 3569.296 2.500
v -9382.826 2662.793 2.500
v -9500.881 3555.017 2.500
v -9489.772 2648.552 2.500
v -9609.441 3540.560 2.500
v -9596.854 2634.099 2.500
v -9717.814 3525.933 2.500
v -9703.977 2619.503 2.500
v -9826.109 3511.177 2.500
v -9811.266 2604.752 2.500
v -9934.203 3496.316 2.500
v -9918.545 2589.911 2.500
v -10042.281 3481.365 2.500
v -10026.021 2574.964 2.500
v -10150.140 3466.364 2.500
v -10133.452 2559.975 2.500
v -10258.031 3451.311 2.500
v -10241.111 2544.924 2.500
v -10365.687 3436.260 2.500
v -10348.713 2529.873 2.500
v -10473.396 3421.195 2.500
v -10456.562 2514.809 2.500
v -10580.865 3406.183 2.500
v -10564.380 2499.785 2.500
v -10688.375 3391.203 2.500
v -10672.452 2484.804 2.500
v -10795.653 3376.332 2.500
v -10780.558 2469.907 2.500
v -10902.919 3361.551 2.500
v -10888.924 2455.126 2.500
v -11009.966 3346.950 2.500
v -10997.456 2440.481 2.500
v -11116.891 3332.521 2.500
v -11106.227 2426.062 2.500
v -11223.642 3318.370 2.500
v -11215.550 2411.838 2.500
v -11329.910 3304.543 2.500
v -11325.038 2398.056 2.500
v -11436.128 3291.174 2.500
v -11436.284 2384.570 2.500
v -11540.710 3278.491 2.500
v -11548.457 2372.040 2.500
v -11644.601 3266.890 2.500
v -11662.135 2360.479 2.500
v -11747.214 3256.448 2.500
v -11776.349 2350.422 2.500
v -11849.569 3247.438 2.500
v -11891.814 2341.872 2.500
v -11950.916 3239.929 2.500
v -12007.375 2335.177 2.500
v -12052.398 3234.050 2.500
v -12124.116 2330.361 2.500
v -12152.878 3229.902 2.500
v -12240.735 2327.648 2.500
v -12253.605 3227.556 2.500
v -12358.337 2327.119 2.500
v -12353.404 3227.106 2.500
v -12475.806 2328.889 2.500
v -12453.316 3228.608 2.500
v -12593.940 2333.095 2.500
v -12552.448 3232.138 2.500
v -12711.997 2339.780 2.500
v -12651.449 3237.741 2.500
v -12830.382 2349.103 2.500
v -12749.796 3245.488 2.500
v -12948.703 2361.080 2.500
v -12847.774 3255.402 2.500
v -13067.029 2375.853 2.500
v -12945.175 3267.566 2.500
v -13185.291 2393.453 2.500
v -13041.951 3281.964 2.500
v -13303.230 2413.974 2.500
v -13138.194 3298.713 2.500
v -13421.130 2437.514 2.500
v -13233.490 3317.736 2.500
v -13538.344 2464.071 2.500
v -13328.305 3339.219 2.500
v -13655.685 2493.921 2.500
v -13421.657 3362.962 2.500
v -13771.840 2526.842 2.500
v -13514.667 3389.315 2.500
v -13888.564 2563.598 2.500
v -13605.298 3417.858 2.500
v -14003.886 2603.556 2.500
v -13695.415 3449.041 2.500
v -14124.504 2650.708 2.500
v -13777.267 3481.025 2.500
v -14241.838 2702.782 2.500
v -13858.644 3517.129 2.500
v -14357.779 2760.673 2.500
v -13937.190 3556.352 2.500
v -14471.211 2824.071 2.500
v -14013.528 3599.008 2.500
v -14581.653 2892.937 2.500
v -14087.543 3645.171 2.500
v -14690.895 2968.877 2.500
v -14156.819 3693.283 2.500
v -14796.317 3051.235 2.500
v -14222.702 3744.752 2.500
v -14900.629 3143.494 2.500
v -14281.239 3796.455 2.500
v -14998.856 3243.153 2.500
v -14335.655 3851.564 2.500
v -15093.031 3354.844 2.500
v -14381.569 3906.042 2.500
v -15179.797 3477.927 2.500
v -14420.128 3960.526 2.500
v -15256.120 3612.863 2.500
v -14450.824 4014.730 2.500
v -15320.009 3762.878 2.500
v -14472.090 4064.597 2.500
v -15366.225 3926.405 2.500
v -14485.167 4110.077 2.500
v -15389.342 4099.637 2.500
v -14490.874 4152.131 2.500
v -15385.336 4280.361 2.500
v -14490.034 4188.527 2.500
v -15352.226 4459.036 2.500
v -14483.624 4223.387 2.500
v -15292.845 4625.956 2.500
v -14470.125 4261.084 2.500
v -15211.456 4778.385 2.500
v -14449.014 4300.177 2.500
v -15114.423 4913.084 2.500
v -14419.037 4341.735 2.500
v -15008.936 5028.331 2.500
v -14377.759 4386.758 2.500
v -14894.608 5129.975 2.500
v -14329.596 4429.430 2.500
v -14774.483 5218.270 2.500
v -14274.602 4469.859 2.500
v -14652.293 5293.119 2.500
v -14211.426 4508.496 2.500
v -14526.067 5357.850 2.500
v -14144.197 4542.881 2.500
v -14400.536 5412.040 2.500
v -14070.164 4574.869 2.500
v -14274.886 5457.462 2.500
v -13991.359 4603.288 2.500
v -14149.776 5495.708 2.500
v -13908.589 4628.627 2.500
v -14027.423 5527.003 2.500
v -13820.313 4651.158 2.500
v -13905.101 5553.633 2.500
v -13730.219 4670.788 2.500
v -13786.610 5575.356 2.500
v -13634.863 4688.241 2.500
v -13667.340 5594.107 2.500
v -13539.374 4703.251 2.500
v -13552.097 5609.533 2.500
v -13439.130 4716.651 2.500
vt 0.00000 0.00000
vt 1.00000 0.00000
vt 0.00000 0.18117
vt 1.00000 0.18117
vt 0.00000 0.36235
vt 1.00000 0.36235
vt 0.00000 0.54352
vt 1.00000 0.54352
vt 0.00000 0.72469
vt 1.00000 0.72469
vt 0.00000 0.90587
vt 1.00000 0.90587
vt 0.00000 1.08704
vt 1.00000 1.08704
vt 0.00000 1.26821
vt 1.00000 1.26821
vt 0.00000 1.44939
vt 1.00000 1.44939
vt 0.00000 1.63056
vt 1.00000 1.63056
vt 0.00000 1.81174
vt 1.00000 1.81174
vt 0.00000 1.99291
vt 1.00000 1.99291
vt 0.00000 2.17408
vt 1.00000 2.17408
vt 0.00000 2.35526
vt 1.00000 2.35526
vt 0.00000 2.53643
vt 1.00000 2.53643
vt 0.00000 2.71760
vt 1.00000 2.71760
vt 0.00000 2.89878
vt 1.00000 2.89878
vt 0.00000 3.07995
vt 1.00000 3.07995
vt 0.00000 3.26112
vt 1.00000 3.26112
vt 0.00000 3.44230
vt 1.00000 3.44230
vt 0.00000 3.62347
vt 1.00000 3.62347
vt 0.00000 3.80464
vt 1.00000 3.80464
vt 0.00000 3.98582
vt 1.00000 3.98582
vt 0.00000 4.16699
vt 1.00000 4.16699
vt 0.00000 4.34817
vt 1.00000 4.34817
vt 0.00000 4.52934
vt 1.00000 4.52934
vt 0.00000 4.71051
vt 1.00000 4.71051
vt 0.00000 4.89169
vt 1.00000 4.89169
vt 0.00000 5.07286
vt 1.00000 5.07286
vt 0.00000 5.25403
vt 1.00000 5.25403
vt 0.00000 5.43521
vt 1.00000 5.43521
vt 0.00000 5.61638
vt 1.00000 5.61638
vt 0.00000 5.79755
vt 1.00000 5.79755
vt 0.00000 5.97873
vt 1.00000 5.97873
vt 0.00000 6.15990
vt 1.00000 6.15990
vt 0.00000 6.34107
vt 1.00000 6.34107
vt 0.00000 6.52225
vt 1.00000 6.52225
vt 0.00000 6.70342
vt 1.00000 6.70342
vt 0.00000 6.88459
vt 1.00000 6.88459
vt 0.00000 7.06577
vt 1.00000 7.06577
vt 0.00000 7.24694
vt 1.00000 7.24694
vt 0.00000 7.42812
vt 1.00000 7.42812
vt 0.00000 7.60929
vt 1.00000 7.60929
vt 0.00000 7.79046
vt 1.00000 7.79046
vt 0.00000 7.97164
vt 1.00000 7.97164
vt 0.00000 8.15281
vt 1.00000 8.15281
vt 0.00000 8.33398
vt 1.00000 8.33398
vt 0.00000 8.51516
vt 1.00000 8.51516
vt 0.00000 8.69633
vt 1.00000 8.69633
vt 0.00000 8.87750
vt 1.00000 8.87750
vt 0.00000 9.05868
vt 1.00000 9.05868
vt 0.00000 9.23985
vt 1.00000 9.23985
vt 0.00000 9.42102
vt 1.00000 9.42102
vt 0.00000 9.60220
vt 1.00000 9.60220
vt 0.00000 9.78337
vt 1.00000 9.78337
vt 0.00000 9.96454
vt 1.00000 9.96454
vt 0.00000 10.14572
vt 1.00000 10.14572
vt 0.00000 10.32689
vt 1.00000 10.32689
vt 0.00000 10.50807
vt 1.00000 10.50807
vt 0.00000 10.68924
vt 1.00000 10.68924
vt 0.00000 10.87041
vt 1.00000 10.87041
vt 0.00000 11.05159
vt 1.00000 11.05159
vt 0.00000 11.23276
vt 1.00000 11.23276
vt 0.00000 11.41393
vt 1.00000 11.41393
vt 0.00000 11.59511
vt 1.00000 11.59511
vt 0.00000 11.77628
vt 1.00000 11.77628
vt 0.00000 11.95745
vt 1.00000 11.95745
vt 0.00000 12.13863
vt 1.00000 12.13863
vt 0.00000 12.31980
vt 1.00000 12.31980
vt 0.00000 12.50097
vt 1.00000 12.50097
vt 0.00000 12.68215
vt 1.00000 12.68215
vt 0.00000 12.86332
vt 1.00000 12.86332
vt 0.00000 13.04449
vt 1.00000 13.04449
vt 0.00000 13.22567
vt 1.00000 13.22567
vt 0.00000 13.40684
vt 1.00000 13.40684
vt 0.00000 13.58802
vt 1.00000 13.58802
vt 0.00000 13.76919
vt 1.00000 13.76919
vt 0.00000 13.95036
vt 1.00000 13.95036
vt 0.00000 14.13154
vt 1.00000 14.13154
vt 0.00000 14.31271
vt 1.00000 14.31271
vt 0.00000 14.49388
vt 1.00000 14.49388
vt 0.00000 14.67506
vt 1.00000 14.67506
vt 0.00000 14.85623
vt 1.00000 14.85623
vt 0.00000 15.03740
vt 1.00000 15.03740
vt 0.00000 15.21858
vt 1.00000 15.21858
vt 0.00000 15.39975
vt 1.00000 15.39975
vt 0.00000 15.58092
vt 1.00000 15.58092
vt 0.00000 15.76210
vt 1.00000 15.76210
vt 0.00000 15.94327
vt 1.00000 15.94327
vt 0.00000 16.12444
vt 1.00000 16.12444
vt 0.00000 16.30562
vt 1.00000 16.30562
vt 0.00000 16.48679
vt 1.00000 16.48679
vt 0.00000 16.66796
vt 1.00000 16.66796
vt 0.00000 16.84914
vt 1.00000 16.84914
vt 0.00000 17.03031
vt 1.00000 17.03031
vt 0.00000 17.21149
vt 1.00000 17.21149
vt 0.00000 17.39266
vt 1.00000 17.39266
vt 0.00000 17.57383
vt 1.00000 17.57383
vt 0.00000 17.75501
vt 1.00000 17.75501
vt 0.00000 17.93618
vt 1.00000 17.93618
vt 0.00000 18.11735
vt 1.00000 18.11735
vt 0.00000 18.29853
vt 1.00000 18.29853
vt 0.00000 18.47970
vt 1.00000 18.47970
vt 0.00000 18.66088
vt 1.00000 18.66088
vt 0.00000 18.84205
vt 1.00000 18.84205
vt 0.00000 19.02322
vt 1.00000 19.02322
vt 0.00000 19.20440
vt 1.00000 19.20440
vt 0.00000 19.38557
vt 1.00000 19.38557
vt 0.00000 19.56674
vt 1.00000 19.56674
vt 0.00000 19.74792
vt 1.00000 19.74792
vt 0.00000 19.92909
vt 1.00000 19.92909
vt 0.00000 20.11026
vt 1.00000 20.11026
vt 0.00000 20.29144
vt 1.00000 20.29144
vt 0.00000 20.47261
vt 1.00000 20.47261
vt 0.00000 20.65378
vt 1.00000 20.65378
vt 0.00000 20.83496
vt 1.00000 20.83496
vt 0.00000 21.01613
vt 1.00000 21.01613
vt 0.00000 21.19730
vt 1.00000 21.19730
vt 0.00000 21.37848
vt 1.00000 21.37848
vt 0.00000 21.55965
vt 1.00000 21.55965
vt 0.00000 21.74083
vt 1.00000 21.74083
vt 0.00000 21.92200
vt 1.00000 21.92200
vt 0.00000 22.10317
vt 1.00000 22.10317
vt 0.00000 22.28435
vt 1.00000 22.28435
vt 0.00000 22.46552
vt 1.00000 22.46552
vt 0.00000 22.64669
vt 1.00000 22.64669
vt 0.00000 22.82787
vt 1.00000 22.82787
vt 0.00000 23.00904
vt 1.00000 23.00904
vt 0.00000 23.19021
vt 1.00000 23.19021
vt 0.00000 23.37139
vt 1.00000 23.37139
vt 0.00000 23.55256
vt 1.00000 23.55256
vt 0.00000 23.73373
vt 1.00000 23.73373
vt 0.00000 23.91491
vt 1.00000 23.91491
vt 0.00000 24.09608
vt 1.00000 24.09608
vt 0.00000 24.27725
vt 1.00000 24.27725
vt 0.00000 24.45843
vt 1.00000 24.45843
vt 0.00000 24.63960
vt 1.00000 24.63960
vt 0.00000 24.82078
vt 1.00000 24.82078
vt 0.00000 25.00195
vt 1.00000 25.00195
vt 0.00000 25.18312
vt 1.00000 25.18312
vt 0.00000 25.36430
vt 1.00000 25.36430
vt 0.00000 25.54547
vt 1.00000 25.54547
vt 0.00000 25.72664
vt 1.00000 25.72664
vt 0.00000 25.90782
vt 1.00000 25.90782
vt 0.00000 26.08899
vt 1.00000 26.08899
vt 0.00000 26.27016
vt 1.00000 26.27016
vt 0.00000 26.45134
vt 1.00000 26.45134
vt 0.00000 26.63251
vt 1.00000 26.63251
vt 0.00000 26.81368
vt 1.00000 26.81368
vt 0.00000 26.99486
vt 1.00000 26.99486
vt 0.00000 27.17603
vt 1.00000 27.17603
vt 0.00000 27.35720
vt 1.00000 27.35720
vt 0.00000 27.53838
vt 1.00000 27.53838
vt 0.00000 27.71955
vt 1.00000 27.71955
vt 0.00000 27.90072
vt 1.00000 27.90072
vt 0.00000 28.08190
vt 1.00000 28.08190
vt 0.00000 28.26307
vt 1.00000 28.26307
vt 0.00000 28.44425
vt 1.00000 28.44425
vt 0.00000 28.62542
vt 1.00000 28.62542
vt 0.00000 28.80659
vt 1.00000 28.80659
vt 0.00000 28.98777
vt 1.00000 28.98777
vt 0.00000 29.16894
vt 1.00000 29.16894
vt 0.00000 29.35011
vt 1.00000 29.35011
vt 0.00000 29.53129
vt 1.00000 29.53129
vt 0.00000 29.71246
vt 1.00000 29.71246
vt 0.00000 29.89363
vt 1.00000 29.89363
vt 0.00000 30.07481
vt 1.00000 30.07481
vt 0.00000 30.25598
vt 1.00000 30.25598
vt 0.00000 30.43715
vt 1.00000 30.43715
vt 0.00000 30.61833
vt 1.00000 30.61833
vt 0.00000 30.79950
vt 1.00000 30.79950
vt 0.00000 30.98067
vt 1.00000 30.98067
vt 0.00000 31.16185
vt 1.00000 31.16185
vt 0.00000 31.34302
vt 1.00000 31.34302
vt 0.00000 31.52420
vt 1.00000 31.52420
vt 0.00000 31.70537
vt 1.00000 31.70537
vt 0.00000 31.88654
vt 1.00000 31.88654
vt 0.00000 32.06772
vt 1.00000 32.06772
vt 0.00000 32.24889
vt 1.00000 32.24889
vt 0.00000 32.43007
vt 1.00000 32.43007
vt 0.00000 32.61124
vt 1.00000 32.61124
vt 0.00000 32.79241
vt 1.00000 32.79241
vt 0.00000 32.97358
vt 1.00000 32.97358
vt 0.00000 33.15476
vt 1.00000 33.15476
vt 0.00000 33.33593
vt 1.00000 33.33593
vt 0.00000 33.51711
vt 1.00000 33.51711
vt 0.00000 33.69828
vt 1.00000 33.69828
vt 0.00000 33.87945
vt 1.00000 33.87945
vt 0.00000 34.06063
vt 1.00000 34.06063
vt 0.00000 34.24180
vt 1.00000 34.24180
vt 0.00000 34.42297
vt 1.00000 34.42297
vt 0.00000 34.60415
vt 1.00000 34.60415
vt 0.00000 34.78532
vt 1.00000 34.78532
vt 0.00000 34.96649
vt 1.00000 34.96649
vt 0.00000 35.14767
vt 1.00000 35.14767
vt 0.00000 35.32884
vt 1.00000 35.32884
vt 0.00000 35.51001
vt 1.00000 35.51001
vt 0.00000 35.69119
vt 1.00000 35.69119
vt 0.00000 35.87236
vt 1.00000 35.87236
vt 0.00000 36.05354
vt 1.00000 36.05354
vt 0.00000 36.23471
vt 1.00000 36.23471
vt 0.00000 36.41588
vt 1.00000 36.41588
vt 0.00000 36.59705
vt 1.00000 36.59705
vt 0.00000 36.77823
vt 1.00000 36.77823
vt 0.00000 36.95940
vt 1.00000 36.95940
vt 0.00000 37.14058
vt 1.00000 37.14058
vt 0.00000 37.32175
vt 1.00000 37.32175
vt 0.00000 37.50292
vt 1.00000 37.50292
vt 0.00000 37.68410
vt 1.00000 37.68410
vt 0.00000 37.86527
vt 1.00000 37.86527
vt 0.00000 38.04644
vt 1.00000 38.04644
vt 0.00000 38.22762
vt 1.00000 38.22762
vt 0.00000 38.40879
vt 1.00000 38.40879
vt 0.00000 38.58997
vt 1.00000 38.58997
vt 0.00000 38.77114
vt 1.00000 38.77114
vt 0.00000 38.95231
vt 1.00000 38.95231
vt 0.00000 39.13348
vt 1.00000 39.13348
vt 0.00000 39.31466
vt 1.00000 39.31466
vt 0.00000 39.49583
vt 1.00000 39.49583
vt 0.00000 39.67701
vt 1.00000 39.67701
vt 0.00000 39.85818
vt 1.00000 39.85818
vt 0.00000 40.03935
vt 1.00000 40.03935
vt 0.00000 40.22053
vt 1.00000 40.22053
vt 0.00000 40.40170
vt 1.00000 40.40170
vt 0.00000 40.58287
vt 1.00000 40.58287
vt 0.00000 40.76405
vt 1.00000 40.76405
vt 0.00000 40.94522
vt 1.00000 40.94522
vt 0.00000 41.12639
vt 1.00000 41.12639
vt 0.00000 41.30757
vt 1.00000 41.30757
vt 0.00000 41.48874
vt 1.00000 41.48874
vt 0.00000 41.66991
vt 1.00000 41.66991
vt 0.00000 41.85109
vt 1.00000 41.85109
vt 0.00000 42.03226
vt 1.00000 42.03226
vt 0.00000 42.21344
vt 1.00000 42.21344
vt 0.00000 42.39461
vt 1.00000 42.39461
vt 0.00000 42.57578
vt 1.00000 42.57578
vt 0.00000 42.75695
vt 1.00000 42.75695
vt 0.00000 42.93813
vt 1.00000 42.93813
vt 0.00000 43.11930
vt 1.00000 43.11930
vt 0.00000 43.30048
vt 1.00000 43.30048
vt 0.00000 43.48165
vt 1.00000 43.48165
vt 0.00000 43.66282
vt 1.00000 43.66282
vt 0.00000 43.84400
vt 1.00000 43.84400
vt 0.00000 44.02517
vt 1.00000 44.02517
vt 0.00000 44.20634
vt 1.00000 44.20634
vt 0.00000 44.38752
vt 1.00000 44.38752
vt 0.00000 44.56869
vt 1.00000 44.56869
vt 0.00000 44.74986
vt 1.00000 44.74986
vt 0.00000 44.93104
vt 1.00000 44.93104
vt 0.00000 45.11221
vt 1.00000 45.11221
vt 0.00000 45.29338
vt 1.00000 45.29338
vt 0.00000 45.47456
vt 1.00000 45.47456
vt 0.00000 45.65573
vt 1.00000 45.65573
vt 0.00000 45.83691
vt 1.00000 45.83691
vt 0.00000 46.01808
vt 1.00000 46.01808
vt 0.00000 46.19925
vt 1.00000 46.19925
vt 0.00000 46.38042
vt 1.00000 46.38042
vt 0.00000 46.56160
vt 1.00000 46.56160
vt 0.00000 46.74277
vt 1.00000 46.74277
vt 0.00000 46.92395
vt 1.00000 46.92395
vt 0.00000 47.10512
vt 1.00000 47.10512
vt 0.00000 47.28629
vt 1.00000 47.28629
vt 0.00000 47.46747
vt 1.00000 47.46747
vt 0.00000 47.64864
vt 1.00000 47.64864
vt 0.00000 47.82981
vt 1.00000 47.82981
vt 0.00000 48.01099
vt 1.00000 48.01099
vt 0.00000 48.19216
vt 1.00000 48.19216
vt 0.00000 48.37334
vt 1.00000 48.37334
vt 0.00000 48.55451
vt 1.00000 48.55451
vt 0.00000 48.73568
vt 1.00000 48.73568
vt 0.00000 48.91685
vt 1.00000 48.91685
vt 0.00000 49.09803
vt 1.00000 49.09803
vt 0.00000 49.27920
vt 1.00000 49.27920
vt 0.00000 49.46038
vt 1.00000 49.46038
vt 0.00000 49.64155
vt 1.00000 49.64155
vt 0.00000 49.82272
vt 1.00000 49.82272
vt 0.00000 50.00390
vt 1.00000 50.00390
vt 0.00000 50.18507
vt 1.00000 50.18507
vt 0.00000 50.36625
vt 1.00000 50.36625
vt 0.00000 50.54742
vt 1.00000 50.54742
vt 0.00000 50.72859
vt 1.00000 50.72859
vt 0.00000 50.90976
vt 1.00000 50.90976
vt 0.00000 51.09094
vt 1.00000 51.09094
vt 0.00000 51.27211
vt 1.00000 51.27211
vt 0.00000 51.45329
vt 1.00000 51.45329
vt 0.00000 51.63446
vt 1.00000 51.63446
vt 0.00000 51.81563
vt 1.00000 51.81563
vt 0.00000 51.99681
vt 1.00000 51.99681
vt 0.00000 52.17798
vt 1.00000 52.17798
vt 0.00000 52.35915
vt 1.00000 52.35915
vt 0.00000 52.54033
vt 1.00000 52.54033
vt 0.00000 52.72150
vt 1.00000 52.72150
vt 0.00000 52.90268
vt 1.00000 52.90268
vt 0.00000 53.08385
vt 1.00000 53.08385
vt 0.00000 53.26502
vt 1.00000 53.26502
vt 0.00000 53.44619
vt 1.00000 53.44619
vt 0.00000 53.62737
vt 1.00000 53.62737
vt 0.00000 53.80854
vt 1.00000 53.80854
vt 0.00000 53.98972
vt 1.00000 53.98972
vt 0.00000 54.17089
vt 1.00000 54.17089
vt 0.00000 54.35206
vt 1.00000 54.35206
vt 0.00000 54.53324
vt 1.00000 54.53324
vt 0.00000 54.71441
vt 1.00000 54.71441
vt 0.00000 54.89558
vt 1.00000 54.89558
vt 0.00000 55.07676
vt 1.00000 55.07676
vt 0.00000 55.25793
vt 1.00000 55.25793
vt 0.00000 55.43910
vt 1.00000 55.43910
vt 0.00000 55.62028
vt 1.00000 55.62028
vt 0.00000 55.80145
vt 1.00000 55.80145
vt 0.00000 55.98262
vt 1.00000 55.98262
vt 0.00000 56.16380
vt 1.00000 56.16380
vt 0.00000 56.34497
vt 1.00000 56.34497
vt 0.00000 56.52615
vt 1.00000 56.52615
vt 0.00000 56.70732
vt 1.00000 56.70732
vt 0.00000 56.88849
vt 1.00000 56.88849
vt 0.00000 57.06966
vt 1.00000 57.06966
vt 0.00000 57.25084
vt 1.00000 57.25084
vt 0.00000 57.43201
vt 1.00000 57.43201
vt 0.00000 57.61319
vt 1.00000 57.61319
vt 0.00000 57.79436
vt 1.00000 57.79436
vt 0.00000 57.97553
vt 1.00000 57.97553
vt 0.00000 58.15671
vt 1.00000 58.15671
vt 0.00000 58.33788
vt 1.00000 58.33788
vt 0.00000 58.51905
vt 1.00000 58.51905
vt 0.00000 58.70023
vt 1.00000 58.70023
vt 0.00000 58.88140
vt 1.00000 58.88140
vt 0.00000 59.06257
vt 1.00000 59.06257
vt 0.00000 59.24375
vt 1.00000 59.24375
vt 0.00000 59.42492
vt 1.00000 59.42492
vt 0.00000 59.60609
vt 1.00000 59.60609
vt 0.00000 59.78727
vt 1.00000 59.78727
vt 0.00000 59.96844
vt 1.00000 59.96844
vt 0.00000 60.14962
vt 1.00000 60.14962
vt 0.00000 60.33079
vt 1.00000 60.33079
vt 0.00000 60.51196
vt 1.00000 60.51196
vt 0.00000 60.69313
vt 1.00000 60.69313
vt 0.00000 60.87431
vt 1.00000 60.87431
vt 0.00000 61.05548
vt 1.00000 61.05548
vt 0.00000 61.23666
vt 1.00000 61.23666
vt 0.00000 61.41783
vt 1.00000 61.41783
vt 0.00000 61.59900
vt 1.00000 61.59900
vt 0.00000 61.78018
vt 1.00000 61.78018
vt 0.00000 61.96135
vt 1.00000 61.96135
vt 0.00000 62.14252
vt 1.00000 62.14252
vt 0.00000 62.32370
vt 1.00000 62.32370
vt 0.00000 62.50487
vt 1.00000 62.50487
vt 0.00000 62.68605
vt 1.00000 62.68605
vt 0.00000 62.86722
vt 1.00000 62.86722
vt 0.00000 63.04839
vt 1.00000 63.04839
vt 0.00000 63.22956
vt 1.00000 63.22956
vt 0.00000 63.41074
vt 1.00000 63.41074
vt 0.00000 63.59191
vt 1.00000 63.59191
vt 0.00000 63.77309
vt 1.00000 63.77309
vt 0.00000 63.95426
vt 1.00000 63.95426
vt 0.00000 64.13544
vt 1.00000 64.13544
vt 0.00000 64.31660
vt 1.00000 64.31660
vt 0.00000 64.49778
vt 1.00000 64.49778
vt 0.00000 64.67896
vt 1.00000 64.67896
vt 0.00000 64.86013
vt 1.00000 64.86013
vt 0.00000 65.04130
vt 1.00000 65.04130
vt 0.00000 65.22247
vt 1.00000 65.22247
vt 0.00000 65.40365
vt 1.00000 65.40365
vt 0.00000 65.58482
vt 1.00000 65.58482
vt 0.00000 65.76600
vt 1.00000 65.76600
vt 0.00000 65.94717
vt 1.00000 65.94717
vt 0.00000 66.12834
vt 1.00000 66.12834
vt 0.00000 66.30952
vt 1.00000 66.30952
vt 0.00000 66.49069
vt 1.00000 66.49069
vt 0.00000 66.67186
vt 1.00000 66.67186
vt 0.00000 66.85303
vt 1.00000 66.85303
vt 0.00000 67.03421
vt 1.00000 67.03421
vt 0.00000 67.21539
vt 1.00000 67.21539
vt 0.00000 67.39656
vt 1.00000 67.39656
vt 0.00000 67.57773
vt 1.00000 67.57773
vt 0.00000 67.75890
vt 1.00000 67.75890
vt 0.00000 67.94008
vt 1.00000 67.94008
vt 0.00000 68.12125
vt 1.00000 68.12125
vt 0.00000 68.30242
vt 1.00000 68.30242
vt 0.00000 68.48360
vt 1.00000 68.48360
vt 0.00000 68.66477
vt 1.00000 68.66477
vt 0.00000 68.84595
vt 1.00000 68.84595
vt 0.00000 69.02712
vt 1.00000 69.02712
vt 0.00000 69.20829
vt 1.00000 69.20829
vt 0.00000 69.38947
vt 1.00000 69.38947
vt 0.00000 69.57064
vt 1.00000 69.57064
vt 0.00000 69.75182
vt 1.00000 69.75182
vt 0.00000 69.93298
vt 1.00000 69.93298
vt 0.00000 70.11416
vt 1.00000 70.11416
vt 0.00000 70.29533
vt 1.00000 70.29533
vt 0.00000 70.47651
vt 1.00000 70.47651
vt 0.00000 70.65768
vt 1.00000 70.65768
vt 0.00000 70.83885
vt 1.00000 70.83885
vt 0.00000 71.02003
vt 1.00000 71.02003
vt 0.00000 71.20120
vt 1.00000 71.20120
vt 0.00000 71.38238
vt 1.00000 71.38238
vt 0.00000 71.56355
vt 1.00000 71.56355
vt 0.00000 71.74472
vt 1.00000 71.74472
vt 0.00000 71.92590
vt 1.00000 71.92590
vt 0.00000 72.10707
vt 1.00000 72.10707
vt 0.00000 72.28825
vt 1.00000 72.28825
vt 0.00000 72.46941
vt 1.00000 72.46941
vt 0.00000 72.65059
vt 1.00000 72.65059
vt 0.00000 72.83176
vt 1.00000 72.83176
vt 0.00000 73.01294
vt 1.00000 73.01294
vt 0.00000 73.19411
vt 1.00000 73.19411
vt 0.00000 73.37528
vt 1.00000 73.37528
vt 0.00000 73.55646
vt 1.00000 73.55646
vt 0.00000 73.73763
vt 1.00000 73.73763
vt 0.00000 73.91881
vt 1.00000 73.91881
vt 0.00000 74.09998
vt 1.00000 74.09998
vt 0.00000 74.28115
vt 1.00000 74.28115
vt 0.00000 74.46233
vt 1.00000 74.46233
vt 0.00000 74.64350
vt 1.00000 74.64350
vt 0.00000 74.82467
vt 1.00000 74.82467
vt 0.00000 75.00584
vt 1.00000 75.00584
vt 0.00000 75.18702
vt 1.00000 75.18702
vt 0.00000 75.36819
vt 1.00000 75.36819
vt 0.00000 75.54937
vt 1.00000 75.54937
vt 0.00000 75.73054
vt 1.00000 75.73054
vt 0.00000 75.91171
vt 1.00000 75.91171
vt 0.00000 76.09289
vt 1.00000 76.09289
vt 0.00000 76.27406
vt 1.00000 76.27406
vt 0.00000 76.45523
vt 1.00000 76.45523
vt 0.00000 76.63641
vt 1.00000 76.63641
vt 0.00000 76.81758
vt 1.00000 76.81758
vt 0.00000 76.99876
vt 1.00000 76.99876
vt 0.00000 77.17993
vt 1.00000 77.17993
vt 0.00000 77.36110
vt 1.00000 77.36110
vt 0.00000 77.54227
vt 1.00000 77.54227
vt 0.00000 77.72345
vt 1.00000 77.72345
vt 0.00000 77.90462
vt 1.00000 77.90462
vt 0.00000 78.08579
vt 1.00000 78.08579
vt 0.00000 78.26697
vt 1.00000 78.26697
vt 0.00000 78.44814
vt 1.00000 78.44814
vt 0.00000 78.62932
vt 1.00000 78.62932
vt 0.00000 78.81049
vt 1.00000 78.81049
vt 0.00000 78.99166
vt 1.00000 78.99166
vt 0.00000 79.17284
vt 1.00000 79.17284
vt 0.00000 79.35401
vt 1.00000 79.35401
vt 0.00000 79.53519
vt 1.00000 79.53519
vt 0.00000 79.71635
vt 1.00000 79.71635
vt 0.00000 79.89753
vt 1.00000 79.89753
vt 0.00000 80.07870
vt 1.00000 80.07870
vt 0.00000 80.25988
vt 1.00000 80.25988
vt 0.00000 80.44106
vt 1.00000 80.44106
vt 0.00000 80.62222
vt 1.00000 80.62222
vt 0.00000 80.80340
vt 1.00000 80.80340
vt 0.00000 80.98457
vt 1.00000 80.98457
vt 0.00000 81.16575
vt 1.00000 81.16575
vt 0.00000 81.34692
vt 1.00000 81.34692
vt 0.00000 81.52809
vt 1.00000 81.52809
vt 0.00000 81.70927
vt 1.00000 81.70927
vt 0.00000 81.89044
vt 1.00000 81.89044
vt 0.00000 82.07162
vt 1.00000 82.07162
vt 0.00000 82.25278
vt 1.00000 82.25278
vt 0.00000 82.43396
vt 1.00000 82.43396
vt 0.00000 82.61514
vt 1.00000 82.61514
vt 0.00000 82.79631
vt 1.00000 82.79631
vt 0.00000 82.97748
vt 1.00000 82.97748
vt 0.00000 83.15865
vt 1.00000 83.15865
vt 0.00000 83.33983
vt 1.00000 83.33983
vt 0.00000 83.52100
vt 1.00000 83.52100
vt 0.00000 83.70218
vt 1.00000 83.70218
vt 0.00000 83.88335
vt 1.00000 83.88335
vt 0.00000 84.06452
vt 1.00000 84.06452
vt 0.00000 84.24570
vt 1.00000 84.24570
vt 0.00000 84.42687
vt 1.00000 84.42687
vt 0.00000 84.60804
vt 1.00000 84.60804
vt 0.00000 84.78922
vt 1.00000 84.78922
vt 0.00000 84.97039
vt 1.00000 84.97039
vt 0.00000 85.15157
vt 1.00000 85.15157
vt 0.00000 85.33274
vt 1.00000 85.33274
vt 0.00000 85.51391
vt 1.00000 85.51391
vt 0.00000 85.69508
vt 1.00000 85.69508
vt 0.00000 85.87626
vt 1.00000 85.87626
vt 0.00000 86.05743
vt 1.00000 86.05743
vt 0.00000 86.23860
vt 1.00000 86.23860
vt 0.00000 86.41978
vt 1.00000 86.41978
vt 0.00000 86.60095
vt 1.00000 86.60095
vt 0.00000 86.78213
vt 1.00000 86.78213
vt 0.00000 86.96330
vt 1.00000 86.96330
vt 0.00000 87.14447
vt 1.00000 87.14447
vt 0.00000 87.32565
vt 1.00000 87.32565
vt 0.00000 87.50682
vt 1.00000 87.50682
vt 0.00000 87.68800
vt 1.00000 87.68800
vt 0.00000 87.86916
vt 1.00000 87.86916
vt 0.00000 88.05034
vt 1.00000 88.05034
vt 0.00000 88.23151
vt 1.00000 88.23151
vt 0.00000 88.41269
vt 1.00000 88.41269
vt 0.00000 88.59386
vt 1.00000 88.59386
vt 0.00000 88.77503
vt 1.00000 88.77503
vt 0.00000 88.95621
vt 1.00000 88.95621
vt 0.00000 89.13738
vt 1.00000 89.13738
vt 0.00000 89.31856
vt 1.00000 89.31856
vt 0.00000 89.49973
vt 1.00000 89.49973
vt 0.00000 89.68090
vt 1.00000 89.68090
vt 0.00000 89.86208
vt 1.00000 89.86208
vt 0.00000 90.04325
vt 1.00000 90.04325
vt 0.00000 90.22443
vt 1.00000 90.22443
vt 0.00000 90.40559
vt 1.00000 90.40559
vt 0.00000 90.58677
vt 1.00000 90.58677
vt 0.00000 90.76794
vt 1.00000 90.76794
vt 0.00000 90.94912
vt 1.00000 90.94912
vt 0.00000 91.13029
vt 1.00000 91.13029
vt 0.00000 91.31146
vt 1.00000 91.31146
vt 0.00000 91.49264
vt 1.00000 91.49264
vt 0.00000 91.67381
vt 1.00000 91.67381
vt 0.00000 91.85499
vt 1.00000 91.85499
vt 0.00000 92.03616
vt 1.00000 92.03616
vt 0.00000 92.21733
vt 1.00000 92.21733
vt 0.00000 92.39851
vt 1.00000 92.39851
vt 0.00000 92.57968
vt 1.00000 92.57968
vt 0.00000 92.76085
vt 1.00000 92.76085
vt 0.00000 92.94202
vt 1.00000 92.94202
vt 0.00000 93.12320
vt 1.00000 93.12320
vt 0.00000 93.30437
vt 1.00000 93.30437
vt 0.00000 93.48555
vt 1.00000 93.48555
vt 0.00000 93.66672
vt 1.00000 93.66672
vt 0.00000 93.84789
vt 1.00000 93.84789
vt 0.00000 94.02907
vt 1.00000 94.02907
vt 0.00000 94.21024
vt 1.00000 94.21024
vt 0.00000 94.39141
vt 1.00000 94.39141
vt 0.00000 94.57259
vt 1.00000 94.57259
vt 0.00000 94.75376
vt 1.00000 94.75376
vt 0.00000 94.93494
vt 1.00000 94.93494
vt 0.00000 95.11611
vt 1.00000 95.11611
vt 0.00000 95.29728
vt 1.00000 95.29728
vt 0.00000 95.47845
vt 1.00000 95.47845
vt 0.00000 95.65963
vt 1.00000 95.65963
vt 0.00000 95.84081
vt 1.00000 95.84081
vt 0.00000 96.02197
vt 1.00000 96.02197
vt 0.00000 96.20315
vt 1.00000 96.20315
vt 0.00000 96.38432
vt 1.00000 96.38432
vt 0.00000 96.56550
vt 1.00000 96.56550
vt 0.00000 96.74667
vt 1.00000 96.74667
vt 0.00000 96.92784
vt 1.00000 96.92784
vt 0.00000 97.10902
vt 1.00000 97.10902
vt 0.00000 97.29019
vt 1.00000 97.29019
vt 0.00000 97.47137
vt 1.00000 97.47137
vt 0.00000 97.65253
vt 1.00000 97.65253
vt 0.00000 97.83371
vt 1.00000 97.83371
vt 0.00000 98.01488
vt 1.00000 98.01488
vt 0.00000 98.19606
vt 1.00000 98.19606
vt 0.00000 98.37724
vt 1.00000 98.37724
vt 0.00000 98.55840
vt 1.00000 98.55840
vt 0.00000 98.73958
vt 1.00000 98.73958
vt 0.00000 98.92075
vt 1.00000 98.92075
vt 0.00000 99.10193
vt 1.00000 99.10193
vt 0.00000 99.28310
vt 1.00000 99.28310
vt 0.00000 99.46427
vt 1.00000 99.46427
vt 0.00000 99.64545
vt 1.00000 99.64545
vt 0.00000 99.82662
vt 1.00000 99.82662
vt 0.00000 100.00780
vt 1.00000 100.00780
vt 0.00000 100.18896
vt 1.00000 100.18896
vt 0.00000 100.37014
vt 1.00000 100.37014
vt 0.00000 100.55132
vt 1.00000 100.55132
vt 0.00000 100.73249
vt 1.00000 100.73249
vt 0.00000 100.91367
vt 1.00000 100.91367
vt 0.00000 101.09483
vt 1.00000 101.09483
vt 0.00000 101.27601
vt 1.00000 101.27601
vt 0.00000 101.45718
vt 1.00000 101.45718
vt 0.00000 101.63836
vt 1.00000 101.63836
vt 0.00000 101.81953
vt 1.00000 101.81953
vt 0.00000 102.00070
vt 1.00000 102.00070
vt 0.00000 102.18188
vt 1.00000 102.18188
vt 0.00000 102.36305
vt 1.00000 102.36305
vt 0.00000 102.54423
vt 1.00000 102.54423
vt 0.00000 102.72540
vt 1.00000 102.72540
vt 0.00000 102.90657
vt 1.00000 102.90657
vt 0.00000 103.08775
vt 1.00000 103.08775
vt 0.00000 103.26892
vt 1.00000 103.26892
vt 0.00000 103.45009
vt 1.00000 103.45009
vt 0.00000 103.63126
vt 1.00000 103.63126
vt 0.00000 103.81244
vt 1.00000 103.81244
vt 0.00000 103.99361
vt 1.00000 103.99361
vt 0.00000 104.17479
vt 1.00000 104.17479
vt 0.00000 104.35596
vt 1.00000 104.35596
vt 0.00000 104.53713
vt 1.00000 104.53713
vt 0.00000 104.71831
vt 1.00000 104.71831
vt 0.00000 104.89948
vt 1.00000 104.89948
vt 0.00000 105.08065
vt 1.00000 105.08065
vt 0.00000 105.26183
vt 1.00000 105.26183
vt 0.00000 105.44300
vt 1.00000 105.44300
vt 0.00000 105.62418
vt 1.00000 105.62418
vt 0.00000 105.80535
vt 1.00000 105.80535
vt 0.00000 105.98652
vt 1.00000 105.98652
vt 0.00000 106.16769
vt 1.00000 106.16769
vt 0.00000 106.34887
vt 1.00000 106.34887
vt 0.00000 106.53004
vt 1.00000 106.53004
vt 0.00000 106.71121
vt 1.00000 106.71121
vt 0.00000 106.89239
vt 1.00000 106.89239
vt 0.00000 107.07356
vt 1.00000 107.07356
vt 0.00000 107.25474
vt 1.00000 107.25474
vt 0.00000 107.43591
vt 1.00000 107.43591
vt 0.00000 107.61708
vt 1.00000 107.61708
vt 0.00000 107.79826
vt 1.00000 107.79826
vt 0.00000 107.97943
vt 1.00000 107.97943
vt 0.00000 108.16061
vt 1.00000 108.16061
vt 0.00000 108.34177
vt 1.00000 108.34177
vt 0.00000 108.52295
vt 1.00000 108.52295
vt 0.00000 108.70412
vt 1.00000 108.70412
vt 0.00000 108.88530
vt 1.00000 108.88530
vt 0.00000 109.06647
vt 1.00000 109.06647
vt 0.00000 109.24764
vt 1.00000 109.24764
vt 0.00000 109.42882
vt 1.00000 109.42882
vt 0.00000 109.60999
vt 1.00000 109.60999
vt 0.00000 109.79117
vt 1.00000 109.79117
vt 0.00000 109.97234
vt 1.00000 109.97234
vt 0.00000 110.15351
vt 1.00000 110.15351
vt 0.00000 110.33469
vt 1.00000 110.33469
vt 0.00000 110.51586
vt 1.00000 110.51586
vt 0.00000 110.69704
vt 1.00000 110.69704
vt 0.00000 110.87820
vt 1.00000 110.87820
vt 0.00000 111.05938
vt 1.00000 111.05938
vt 0.00000 111.24055
vt 1.00000 111.24055
vt 0.00000 111.42173
vt 1.00000 111.42173
vt 0.00000 111.60290
vt 1.00000 111.60290
vt 0.00000 111.78407
vt 1.00000 111.78407
vt 0.00000 111.96525
vt 1.00000 111.96525
vt 0.00000 112.14642
vt 1.00000 112.14642
vt 0.00000 112.32760
vt 1.00000 112.32760
vt 0.00000 112.50877
vt 1.00000 112.50877
vt 0.00000 112.68994
vt 1.00000 112.68994
vt 0.00000 112.87112
vt 1.00000 112.87112
vt 0.00000 113.05229
vt 1.00000 113.05229
vt 0.00000 113.23346
vt 1.00000 113.23346
vt 0.00000 113.41463
vt 1.00000 113.41463
vt 0.00000 113.59581
vt 1.00000 113.59581
vt 0.00000 113.77699
vt 1.00000 113.77699
vt 0.00000 113.95816
vt 1.00000 113.95816
vt 0.00000 114.13933
vt 1.00000 114.13933
vt 0.00000 114.32050
vt 1.00000 114.32050
vt 0.00000 114.50168
vt 1.00000 114.50168
vt 0.00000 114.68285
vt 1.00000 114.68285
vt 0.00000 114.86402
vt 1.00000 114.86402
vt 0.00000 115.04520
vt 1.00000 115.04520
vt 0.00000 115.22637
vt 1.00000 115.22637
vt 0.00000 115.40755
vt 1.00000 115.40755
vt 0.00000 115.58872
vt 1.00000 115.58872
vt 0.00000 115.76989
vt 1.00000 115.76989
vt 0.00000 115.95107
vt 1.00000 115.95107
vt 0.00000 116.13224
vt 1.00000 116.13224
vt 0.00000 116.31342
vt 1.00000 116.31342
vt 0.00000 116.49458
vt 1.00000 116.49458
vt 0.00000 116.67576
vt 1.00000 116.67576
vt 0.00000 116.85693
vt 1.00000 116.85693
vt 0.00000 117.03811
vt 1.00000 117.03811
vt 0.00000 117.21928
vt 1.00000 117.21928
vt 0.00000 117.40045
vt 1.00000 117.40045
vt 0.00000 117.58163
vt 1.00000 117.58163
vt 0.00000 117.76280
vt 1.00000 117.76280
vt 0.00000 117.94398
vt 1.00000 117.94398
vt 0.00000 118.12514
vt 1.00000 118.12514
vt 0.00000 118.30632
vt 1.00000 118.30632
vt 0.00000 118.48750
vt 1.00000 118.48750
vt 0.00000 118.66867
vt 1.00000 118.66867
vt 0.00000 118.84985
vt 1.00000 118.84985
vt 0.00000 119.03101
vt 1.00000 119.03101
vt 0.00000 119.21219
vt 1.00000 119.21219
vt 0.00000 119.39336
vt 1.00000 119.39336
vt 0.00000 119.57454
vt 1.00000 119.57454
vt 0.00000 119.75571
vt 1.00000 119.75571
vt 0.00000 119.93688
vt 1.00000 119.93688
vt 0.00000 120.11806
vt 1.00000 120.11806
vt 0.00000 120.29923
vt 1.00000 120.29923
vt 0.00000 120.48041
vt 1.00000 120.48041
vt 0.00000 120.66158
vt 1.00000 120.66158
vt 0.00000 120.84275
vt 1.00000 120.84275
vt 0.00000 121.02393
vt 1.00000 121.02393
vt 0.00000 121.20510
vt 1.00000 121.20510
vt 0.00000 121.38627
vt 1.00000 121.38627
vt 0.00000 121.56744
vt 1.00000 121.56744
vt 0.00000 121.74862
vt 1.00000 121.74862
vt 0.00000 121.92979
vt 1.00000 121.92979
vt 0.00000 122.11097
vt 1.00000 122.11097
vt 0.00000 122.29214
vt 1.00000 122.29214
vt 0.00000 122.47331
vt 1.00000 122.47331
vt 0.00000 122.65449
vt 1.00000 122.65449
vt 0.00000 122.83566
vt 1.00000 122.83566
vt 0.00000 123.01683
vt 1.00000 123.01683
vt 0.00000 123.19801
vt 1.00000 123.19801
vt 0.00000 123.37918
vt 1.00000 123.37918
vt 0.00000 123.56036
vt 1.00000 123.56036
vt 0.00000 123.74153
vt 1.00000 123.74153
vt 0.00000 123.92270
vt 1.00000 123.92270
vt 0.00000 124.10387
vt 1.00000 124.10387
vt 0.00000 124.28505
vt 1.00000 124.28505
vt 0.00000 124.46622
vt 1.00000 124.46622
vt 0.00000 124.64739
vt 1.00000 124.64739
vt 0.00000 124.82857
vt 1.00000 124.82857
vt 0.00000 125.00974
vt 1.00000 125.00974
vt 0.00000 125.19092
vt 1.00000 125.19092
vt 0.00000 125.37209
vt 1.00000 125.37209
vt 0.00000 125.55326
vt 1.00000 125.55326
vt 0.00000 125.73444
vt 1.00000 125.73444
vt 0.00000 125.91561
vt 1.00000 125.91561
vt 0.00000 126.09679
vt 1.00000 126.09679
vt 0.00000 126.27795
vt 1.00000 126.27795
vt 0.00000 126.45913
vt 1.00000 126.45913
vt 0.00000 126.64030
vt 1.00000 126.64030
vt 0.00000 126.82148
vt 1.00000 126.82148
vt 0.00000 127.00266
vt 1.00000 127.00266
vt 0.00000 127.18382
vt 1.00000 127.18382
vt 0.00000 127.36500
vt 1.00000 127.36500
vt 0.00000 127.54617
vt 1.00000 127.54617
vt 0.00000 127.72735
vt 1.00000 127.72735
vt 0.00000 127.90852
vt 1.00000 127.90852
vt 0.00000 128.08969
vt 1.00000 128.08969
vt 0.00000 128.27087
vt 1.00000 128.27087
vt 0.00000 128.45204
vt 1.00000 128.45204
vt 0.00000 128.63321
vt 1.00000 128.63321
vt 0.00000 128.81439
vt 1.00000 128.81439
vt 0.00000 128.99556
vt 1.00000 128.99556
vt 0.00000 129.17673
vt 1.00000 129.17673
vt 0.00000 129.35791
vt 1.00000 129.35791
vt 0.00000 129.53908
vt 1.00000 129.53908
vt 0.00000 129.72026
vt 1.00000 129.72026
vt 0.00000 129.90143
vt 1.00000 129.90143
vt 0.00000 130.08260
vt 1.00000 130.08260
vt 0.00000 130.26378
vt 1.00000 130.26378
vt 0.00000 130.44495
vt 1.00000 130.44495
vt 0.00000 130.62613
vt 1.00000 130.62613
vt 0.00000 130.80730
vt 1.00000 130.80730
vt 0.00000 130.98846
vt 1.00000 130.98846
vt 0.00000 131.16965
vt 1.00000 131.16965
vt 0.00000 131.35081
vt 1.00000 131.35081
vt 0.00000 131.53200
vt 1.00000 131.53200
vt 0.00000 131.71317
vt 1.00000 131.71317
vt 0.00000 131.89433
vt 1.00000 131.89433
vt 0.00000 132.07552
vt 1.00000 132.07552
vt 0.00000 132.25668
vt 1.00000 132.25668
vt 0.00000 132.43785
vt 1.00000 132.43785
vt 0.00000 132.61903
vt 1.00000 132.61903
vt 0.00000 132.80020
vt 1.00000 132.80020
vt 0.00000 132.98138
vt 1.00000 132.98138
vt 0.00000 133.16255
vt 1.00000 133.16255
vt 0.00000 133.34372
vt 1.00000 133.34372
vt 0.00000 133.52490
vt 1.00000 133.52490
vt 0.00000 133.70607
vt 1.00000 133.70607
vt 0.00000 133.88725
vt 1.00000 133.88725
vt 0.00000 134.06842
vt 1.00000 134.06842
vt 0.00000 134.24959
vt 1.00000 134.24959
vt 0.00000 134.43077
vt 1.00000 134.43077
vt 0.00000 134.61194
vt 1.00000 134.61194
vt 0.00000 134.79312
vt 1.00000 134.79312
vt 0.00000 134.97429
vt 1.00000 134.97429
vt 0.00000 135.15546
vt 1.00000 135.15546
vt 0.00000 135.33664
vt 1.00000 135.33664
vt 0.00000 135.51781
vt 1.00000 135.51781
vt 0.00000 135.69897
vt 1.00000 135.69897
vt 0.00000 135.88016
vt 1.00000 135.88016
vt 0.00000 136.06133
vt 1.00000 136.06133
vt 0.00000 136.24251
vt 1.00000 136.24251
vt 0.00000 136.42368
vt 1.00000 136.42368
vt 0.00000 136.60484
vt 1.00000 136.60484
vt 0.00000 136.78603
vt 1.00000 136.78603
vt 0.00000 136.96719
vt 1.00000 136.96719
vt 0.00000 137.14838
vt 1.00000 137.14838
vt 0.00000 137.32954
vt 1.00000 137.32954
vt 0.00000 137.51071
vt 1.00000 137.51071
vt 0.00000 137.69189
vt 1.00000 137.69189
vt 0.00000 137.87306
vt 1.00000 137.87306
vt 0.00000 138.05424
vt 1.00000 138.05424
vt 0.00000 138.23541
vt 1.00000 138.23541
vt 0.00000 138.41658
vt 1.00000 138.41658
vt 0.00000 138.59776
vt 1.00000 138.59776
vt 0.00000 138.77893
vt 1.00000 138.77893
vt 0.00000 138.96010
vt 1.00000 138.96010
vt 0.00000 139.14128
vt 1.00000 139.14128
vt 0.00000 139.32245
vt 1.00000 139.32245
vt 0.00000 139.50363
vt 1.00000 139.50363
vt 0.00000 139.68480
vt 1.00000 139.68480
vt 0.00000 139.86597
vt 1.00000 139.86597
vt 0.00000 140.04715
vt 1.00000 140.04715
vt 0.00000 140.22832
vt 1.00000 140.22832
vt 0.00000 140.40950
vt 1.00000 140.40950
vt 0.00000 140.59067
vt 1.00000 140.59067
vt 0.00000 140.77184
vt 1.00000 140.77184
vt 0.00000 140.95302
vt 1.00000 140.95302
vt 0.00000 141.13419
vt 1.00000 141.13419
vt 0.00000 141.31537
vt 1.00000 141.31537
vt 0.00000 141.49654
vt 1.00000 141.49654
vt 0.00000 141.67770
vt 1.00000 141.67770
vt 0.00000 141.85889
vt 1.00000 141.85889
vt 0.00000 142.04005
vt 1.00000 142.04005
vt 0.00000 142.22122
vt 1.00000 142.22122
vt 0.00000 142.40240
vt 1.00000 142.40240
vt 0.00000 142.58357
vt 1.00000 142.58357
vt 0.00000 142.76476
vt 1.00000 142.76476
vt 0.00000 142.94592
vt 1.00000 142.94592
vt 0.00000 143.12709
vt 1.00000 143.12709
vt 0.00000 143.30827
vt 1.00000 143.30827
vt 0.00000 143.48944
vt 1.00000 143.48944
vt 0.00000 143.67062
vt 1.00000 143.67062
vt 0.00000 143.85179
vt 1.00000 143.85179
vt 0.00000 144.03296
vt 1.00000 144.03296
vt 0.00000 144.21414
vt 1.00000 144.21414
vt 0.00000 144.39531
vt 1.00000 144.39531
vt 0.00000 144.57649
vt 1.00000 144.57649
vt 0.00000 144.75766
vt 1.00000 144.75766
vt 0.00000 144.93883
vt 1.00000 144.93883
vt 0.00000 145.12001
vt 1.00000 145.12001
vt 0.00000 145.30118
vt 1.00000 145.30118
vt 0.00000 145.48235
vt 1.00000 145.48235
vt 0.00000 145.66353
vt 1.00000 145.66353
vt 0.00000 145.84470
vt 1.00000 145.84470
vt 0.00000 146.02588
vt 1.00000 146.02588
vt 0.00000 146.20705
vt 1.00000 146.20705
vt 0.00000 146.38821
vt 1.00000 146.38821
vt 0.00000 146.56940
vt 1.00000 146.56940
vt 0.00000 146.75056
vt 1.00000 146.75056
vt 0.00000 146.93175
vt 1.00000 146.93175
vt 0.00000 147.11292
vt 1.00000 147.11292
vt 0.00000 147.29408
vt 1.00000 147.29408
vt 0.00000 147.47527
vt 1.00000 147.47527
vt 0.00000 147.65643
vt 1.00000 147.65643
vt 0.00000 147.83762
vt 1.00000 147.83762
vt 0.00000 148.01878
vt 1.00000 148.01878
vt 0.00000 148.19995
vt 1.00000 148.19995
vt 0.00000 148.38113
vt 1.00000 148.38113
vt 0.00000 148.56230
vt 1.00000 148.56230
vt 0.00000 148.74347
vt 1.00000 148.74347
vt 0.00000 148.92465
vt 1.00000 148.92465
vt 0.00000 149.10582
vt 1.00000 149.10582
vt 0.00000 149.28700
vt 1.00000 149.28700
vt 0.00000 149.46817
vt 1.00000 149.46817
vt 0.00000 149.64934
vt 1.00000 149.64934
vt 0.00000 149.83052
vt 1.00000 149.83052
vt 0.00000 150.01169
vt 1.00000 150.01169
vt 0.00000 150.19287
vt 1.00000 150.19287
vt 0.00000 150.37404
vt 1.00000 150.37404
vt 0.00000 150.55521
vt 1.00000 150.55521
vt 0.00000 150.73639
vt 1.00000 150.73639
vt 0.00000 150.91756
vt 1.00000 150.91756
vt 0.00000 151.09874
vt 1.00000 151.09874
vt 0.00000 151.27991
vt 1.00000 151.27991
vt 0.00000 151.46107
vt 1.00000 151.46107
vt 0.00000 151.64226
vt 1.00000 151.64226
vt 0.00000 151.82343
vt 1.00000 151.82343
vt 0.00000 152.00459
vt 1.00000 152.00459
vt 0.00000 152.18578
vt 1.00000 152.18578
vt 0.00000 152.36694
vt 1.00000 152.36694
vt 0.00000 152.54813
vt 1.00000 152.54813
vt 0.00000 152.72929
vt 1.00000 152.72929
vt 0.00000 152.91046
vt 1.00000 152.91046
vt 0.00000 153.09164
vt 1.00000 153.09164
vt 0.00000 153.27281
vt 1.00000 153.27281
vt 0.00000 153.45399
vt 1.00000 153.45399
vt 0.00000 153.63516
vt 1.00000 153.63516
vt 0.00000 153.81633
vt 1.00000 153.81633
vt 0.00000 153.99751
vt 1.00000 153.99751
vt 0.00000 154.17868
vt 1.00000 154.17868
vt 0.00000 154.35986
vt 1.00000 154.35986
vt 0.00000 154.54103
vt 1.00000 154.54103
vt 0.00000 154.72220
vt 1.00000 154.72220
vt 0.00000 154.90338
vt 1.00000 154.90338
vt 0.00000 155.08455
vt 1.00000 155.08455
vt 0.00000 155.26572
vt 1.00000 155.26572
vt 0.00000 155.44690
vt 1.00000 155.44690
vt 0.00000 155.62807
vt 1.00000 155.62807
vt 0.00000 155.80925
vt 1.00000 155.80925
vt 0.00000 155.99042
vt 1.00000 155.99042
vt 0.00000 156.17159
vt 1.00000 156.17159
vt 0.00000 156.35277
vt 1.00000 156.35277
vt 0.00000 156.53394
vt 1.00000 156.53394
vt 0.00000 156.71512
vt 1.00000 156.71512
vt 0.00000 156.89629
vt 1.00000 156.89629
vt 0.00000 157.07745
vt 1.00000 157.07745
vt 0.00000 157.25864
vt 1.00000 157.25864
vt 0.00000 157.43980
vt 1.00000 157.43980
vt 0.00000 157.62099
vt 1.00000 157.62099
vt 0.00000 157.80215
vt 1.00000 157.80215
vt 0.00000 157.98332
vt 1.00000 157.98332
vt 0.00000 158.16451
vt 1.00000 158.16451
vt 0.00000 158.34567
vt 1.00000 158.34567
vt 0.00000 158.52686
vt 1.00000 158.52686
vt 0.00000 158.70802
vt 1.00000 158.70802
vt 0.00000 158.88919
vt 1.00000 158.88919
vt 0.00000 159.07037
vt 1.00000 159.07037
vt 0.00000 159.25154
vt 1.00000 159.25154
vt 0.00000 159.43271
vt 1.00000 159.43271
vt 0.00000 159.61389
vt 1.00000 159.61389
vt 0.00000 159.79506
vt 1.00000 159.79506
vt 0.00000 159.97624
vt 1.00000 159.97624
vt 0.00000 160.15741
vt 1.00000 160.15741
vt 0.00000 160.33858
vt 1.00000 160.33858
vt 0.00000 160.51976
vt 1.00000 160.51976
vt 0.00000 160.70093
vt 1.00000 160.70093
vt 0.00000 160.88211
vt 1.00000 160.88211
vt 0.00000 161.06328
vt 1.00000 161.06328
vt 0.00000 161.24445
vt 1.00000 161.24445
vt 0.00000 161.42563
vt 1.00000 161.42563
vt 0.00000 161.60680
vt 1.00000 161.60680
vt 0.00000 161.78798
vt 1.00000 161.78798
vt 0.00000 161.96915
vt 1.00000 161.96915
vt 0.00000 162.15031
vt 1.00000 162.15031
vt 0.00000 162.33150
vt 1.00000 162.33150
vt 0.00000 162.51266
vt 1.00000 162.51266
vt 0.00000 162.69383
vt 1.00000 162.69383
vt 0.00000 162.87502
vt 1.00000 162.87502
vt 0.00000 163.05618
vt 1.00000 163.05618
vt 0.00000 163.23737
vt 1.00000 163.23737
vt 0.00000 163.41853
vt 1.00000 163.41853
vt 0.00000 163.59970
vt 1.00000 163.59970
vt 0.00000 163.78088
vt 1.00000 163.78088
vt 0.00000 163.96205
vt 1.00000 163.96205
vt 0.00000 164.14323
vt 1.00000 164.14323
vt 0.00000 164.32440
vt 1.00000 164.32440
vt 0.00000 164.50557
vt 1.00000 164.50557
vt 0.00000 164.68675
vt 1.00000 164.68675
vt 0.00000 164.86792
vt 1.00000 164.86792
vt 0.00000 165.04910
vt 1.00000 165.04910
vt 0.00000 165.23027
vt 1.00000 165.23027
vt 0.00000 165.41144
vt 1.00000 165.41144
vt 0.00000 165.59262
vt 1.00000 165.59262
vt 0.00000 165.77379
vt 1.00000 165.77379
vt 0.00000 165.95496
vt 1.00000 165.95496
vt 0.00000 166.13614
vt 1.00000 166.13614
vt 0.00000 166.31731
vt 1.00000 166.31731
vt 0.00000 166.49849
vt 1.00000 166.49849
vt 0.00000 166.67966
vt 1.00000 166.67966
vt 0.00000 166.86082
vt 1.00000 166.86082
vt 0.00000 167.04201
vt 1.00000 167.04201
vt 0.00000 167.22318
vt 1.00000 167.22318
vt 0.00000 167.40436
vt 1.00000 167.40436
vt 0.00000 167.58553
vt 1.00000 167.58553
vt 0.00000 167.76669
vt 1.00000 167.76669
vt 0.00000 167.94788
vt 1.00000 167.94788
vt 0.00000 168.12904
vt 1.00000 168.12904
vt 0.00000 168.31023
vt 1.00000 168.31023
vt 0.00000 168.49139
vt 1.00000 168.49139
vt 0.00000 168.67256
vt 1.00000 168.67256
vt 0.00000 168.85374
vt 1.00000 168.85374
vt 0.00000 169.03491
vt 1.00000 169.03491
vt 0.00000 169.21608
vt 1.00000 169.21608
vt 0.00000 169.39726
vt 1.00000 169.39726
vt 0.00000 169.57843
vt 1.00000 169.57843
vt 0.00000 169.75961
vt 1.00000 169.75961
vt 0.00000 169.94078
vt 1.00000 169.94078
vt 0.00000 170.12195
vt 1.00000 170.12195
vt 0.00000 170.30313
vt 1.00000 170.30313
vt 0.00000 170.48430
vt 1.00000 170.48430
vt 0.00000 170.66548
vt 1.00000 170.66548
vt 0.00000 170.84665
vt 1.00000 170.84665
vt 0.00000 171.02782
vt 1.00000 171.02782
vt 0.00000 171.20900
vt 1.00000 171.20900
vt 0.00000 171.39017
vt 1.00000 171.39017
vt 0.00000 171.57135
vt 1.00000 171.57135
vt 0.00000 171.75252
vt 1.00000 171.75252
vt 0.00000 171.93369
vt 1.00000 171.93369
vt 0.00000 172.11487
vt 1.00000 172.11487
vt 0.00000 172.29604
vt 1.00000 172.29604
vt 0.00000 172.47720
vt 1.00000 172.47720
vt 0.00000 172.65839
vt 1.00000 172.65839
vt 0.00000 172.83955
vt 1.00000 172.83955
vt 0.00000 173.02074
vt 1.00000 173.02074
vt 0.00000 173.20190
vt 1.00000 173.20190
vt 0.00000 173.38307
vt 1.00000 173.38307
vt 0.00000 173.56425
vt 1.00000 173.56425
vt 0.00000 173.74542
vt 1.00000 173.74542
vt 0.00000 173.92661
vt 1.00000 173.92661
vt 0.00000 174.10777
vt 1.00000 174.10777
vt 0.00000 174.28894
vt 1.00000 174.28894
vt 0.00000 174.47012
vt 1.00000 174.47012
vt 0.00000 174.65129
vt 1.00000 174.65129
vt 0.00000 174.83247
vt 1.00000 174.83247
vt 0.00000 175.01364
vt 1.00000 175.01364
vt 0.00000 175.19481
vt 1.00000 175.19481
vt 0.00000 175.37599
vt 1.00000 175.37599
vt 0.00000 175.55716
vt 1.00000 175.55716
vt 0.00000 175.73833
vt 1.00000 175.73833
vt 0.00000 175.91951
vt 1.00000 175.91951
vt 0.00000 176.10068
vt 1.00000 176.10068
vt 0.00000 176.28186
vt 1.00000 176.28186
vt 0.00000 176.46303
vt 1.00000 176.46303
vt 0.00000 176.64420
vt 1.00000 176.64420
vt 0.00000 176.82538
vt 1.00000 176.82538
vt 0.00000 177.00655
vt 1.00000 177.00655
vt 0.00000 177.18773
vt 1.00000 177.18773
vt 0.00000 177.36890
vt 1.00000 177.36890
vt 0.00000 177.55006
vt 1.00000 177.55006
vt 0.00000 177.73125
vt 1.00000 177.73125
vt 0.00000 177.91241
vt 1.00000 177.91241
vt 0.00000 178.09360
vt 1.00000 178.09360
vt 0.00000 178.27477
vt 1.00000 178.27477
vt 0.00000 178.45593
vt 1.00000 178.45593
vt 0.00000 178.63712
vt 1.00000 178.63712
vt 0.00000 178.81828
vt 1.00000 178.81828
vt 0.00000 178.99945
vt 1.00000 178.99945
vt 0.00000 179.18063
vt 1.00000 179.18063
vt 0.00000 179.36180
vt 1.00000 179.36180
vt 0.00000 179.54298
vt 1.00000 179.54298
vt 0.00000 179.72415
vt 1.00000 179.72415
vt 0.00000 179.90532
vt 1.00000 179.90532
vt 0.00000 180.08650
vt 1.00000 180.08650
vt 0.00000 180.26767
vt 1.00000 180.26767
vt 0.00000 180.44885
vt 1.00000 180.44885
vt 0.00000 180.63002
vt 1.00000 180.63002
vt 0.00000 180.81119
vt 1.00000 180.81119
vt 0.00000 180.99237
vt 1.00000 180.99237
vt 0.00000 181.17354
vt 1.00000 181.17354
vt 0.00000 181.35472
vt 1.00000 181.35472
vt 0.00000 181.53589
vt 1.00000 181.53589
vt 0.00000 181.71706
vt 1.00000 181.71706
vt 0.00000 181.89824
vt 1.00000 181.89824
vt 0.00000 182.07941
vt 1.00000 182.07941
vt 0.00000 182.26057
vt 1.00000 182.26057
vt 0.00000 182.44176
vt 1.00000 182.44176
vt 0.00000 182.62292
vt 1.00000 182.62292
vt 0.00000 182.80411
vt 1.00000 182.80411
vt 0.00000 182.98528
vt 1.00000 182.98528
vt 0.00000 183.16644
vt 1.00000 183.16644
vt 0.00000 183.34763
vt 1.00000 183.34763
vt 0.00000 183.52879
vt 1.00000 183.52879
vt 0.00000 183.70998
vt 1.00000 183.70998
vt 0.00000 183.89114
vt 1.00000 183.89114
vt 0.00000 184.07231
vt 1.00000 184.07231
vt 0.00000 184.25349
vt 1.00000 184.25349
vt 0.00000 184.43466
vt 1.00000 184.43466
vt 0.00000 184.61584
vt 1.00000 184.61584
vt 0.00000 184.79701
vt 1.00000 184.79701
vt 0.00000 184.97818
vt 1.00000 184.97818
vt 0.00000 185.15936
vt 1.00000 185.15936
vt 0.00000 185.34053
vt 1.00000 185.34053
vt 0.00000 185.52170
vt 1.00000 185.52170
vt 0.00000 185.70288
vt 1.00000 185.70288
vt 0.00000 185.88405
vt 1.00000 185.88405
vt 0.00000 186.06523
vt 1.00000 186.06523
vt 0.00000 186.24640
vt 1.00000 186.24640
vt 0.00000 186.42757
vt 1.00000 186.42757
vt 0.00000 186.60875
vt 1.00000 186.60875
vt 0.00000 186.78992
vt 1.00000 186.78992
vt 0.00000 186.97110
vt 1.00000 186.97110
vt 0.00000 187.15227
vt 1.00000 187.15227
vt 0.00000 187.33344
vt 1.00000 187.33344
vt 0.00000 187.51462
vt 1.00000 187.51462
vt 0.00000 187.69579
vt 1.00000 187.69579
vt 0.00000 187.87697
vt 1.00000 187.87697
vt 0.00000 188.05814
vt 1.00000 188.05814
vt 0.00000 188.23930
vt 1.00000 188.23930
vt 0.00000 188.42049
vt 1.00000 188.42049
vt 0.00000 188.60165
vt 1.00000 188.60165
vt 0.00000 188.78282
vt 1.00000 188.78282
vt 0.00000 188.96400
vt 1.00000 188.96400
vt 0.00000 189.14517
vt 1.00000 189.14517
vt 0.00000 189.32635
vt 1.00000 189.32635
vt 0.00000 189.50752
vt 1.00000 189.50752
vt 0.00000 189.68869
vt 1.00000 189.68869
vt 0.00000 189.86987
vt 1.00000 189.86987
vt 0.00000 190.05104
vt 1.00000 190.05104
vt 0.00000 190.23222
vt 1.00000 190.23222
vt 0.00000 190.41339
vt 1.00000 190.41339
vt 0.00000 190.59456
vt 1.00000 190.59456
vt 0.00000 190.77574
vt 1.00000 190.77574
vt 0.00000 190.95691
vt 1.00000 190.95691
vt 0.00000 191.13809
vt 1.00000 191.13809
vt 0.00000 191.31926
vt 1.00000 191.31926
vt 0.00000 191.50043
vt 1.00000 191.50043
vt 0.00000 191.68161
vt 1.00000 191.68161
vt 0.00000 191.86278
vt 1.00000 191.86278
vt 0.00000 192.04395
vt 1.00000 192.04395
vt 0.00000 192.22513
vt 1.00000 192.22513
vt 0.00000 192.40630
vt 1.00000 192.40630
vt 0.00000 192.58748
vt 1.00000 192.58748
vt 0.00000 192.76865
vt 1.00000 192.76865
vt 0.00000 192.94981
vt 1.00000 192.94981
vt 0.00000 193.13100
vt 1.00000 193.13100
vt 0.00000 193.31216
vt 1.00000 193.31216
vt 0.00000 193.49335
vt 1.00000 193.49335
vt 0.00000 193.67451
vt 1.00000 193.67451
vt 0.00000 193.85568
vt 1.00000 193.85568
vt 0.00000 194.03687
vt 1.00000 194.03687
vt 0.00000 194.21803
vt 1.00000 194.21803
vt 0.00000 194.39922
vt 1.00000 194.39922
vt 0.00000 194.58038
vt 1.00000 194.58038
vt 0.00000 194.76155
vt 1.00000 194.76155
vt 0.00000 194.94273
vt 1.00000 194.94273
vt 0.00000 195.12390
vt 1.00000 195.12390
vt 0.00000 195.30507
vt 1.00000 195.30507
vt 0.00000 195.48625
vt 1.00000 195.48625
vt 0.00000 195.66742
vt 1.00000 195.66742
vt 0.00000 195.84860
vt 1.00000 195.84860
vt 0.00000 196.02977
vt 1.00000 196.02977
vt 0.00000 196.21094
vt 1.00000 196.21094
vt 0.00000 196.39212
vt 1.00000 196.39212
vt 0.00000 196.57329
vt 1.00000 196.57329
vt 0.00000 196.75447
vt 1.00000 196.75447
vt 0.00000 196.93564
vt 1.00000 196.93564
vt 0.00000 197.11681
vt 1.00000 197.11681
vt 0.00000 197.29799
vt 1.00000 197.29799
vt 0.00000 197.47916
vt 1.00000 197.47916
vt 0.00000 197.66034
vt 1.00000 197.66034
vt 0.00000 197.84151
vt 1.00000 197.84151
vt 0.00000 198.02267
vt 1.00000 198.02267
vt 0.00000 198.20386
vt 1.00000 198.20386
vt 0.00000 198.38503
vt 1.00000 198.38503
vt 0.00000 198.56621
vt 1.00000 198.56621
vt 0.00000 198.74738
vt 1.00000 198.74738
vt 0.00000 198.92854
vt 1.00000 198.92854
vt 0.00000 199.10973
vt 1.00000 199.10973
vt 0.00000 199.29089
vt 1.00000 199.29089
f 1/1 2/2 3/3
f 2/2 4/4 3/3
f 3/3 4/4 5/5
f 4/4 6/6 5/5
f 5/5 6/6 7/7
f 6/6 8/8 7/7
f 7/7 8/8 9/9
f 8/8 10/10 9/9
f 9/9 10/10 11/11
f 10/10 12/12 11/11
f 11/11 12/12 13/13
f 12/12 14/14 13/13
f 13/13 14/14 15/15
f 14/14 16/16 15/15
f 15/15 16/16 17/17
f 16/16 18/18 17/17
f 17/17 18/18 19/19
f 18/18 20/20 19/19
f 19/19 20/20 21/21
f 20/20 22/22 21/21
f 21/21 22/22 23/23
f 22/22 24/24 23/23
f 23/23 24/24 25/25
f 24/24 26/26 25/25
f 25/25 26/26 27/27
f 26/26 28/28 27/27
f 27/27 28/28 29/29
f 28/28 30/30 29/29
f 29/29 30/30 31/31
f 30/30 32/32 31/31
f 31/31 32/32 33/33
f 32/32 34/34 33/33
f 33/33 34/34 35/35
f 34/34 36/36 35/35
f 35/35 36/36 37/37
f 36/36 38/38 37/37
f 37/37 38/38 39/39
f 38/38 40/40 39/39
f 39/39 40/40 41/41
f 40/40 42/42 41/41
f 41/41 42/42 43/43
f 42/42 44/44 43/43
f 43/43 44/44 45/45
f 44/44 46/46 45/45
f 45/45 46/46 47/47
f 46/46 48/48 47/47
f 47/47 48/48 49/49
f 48/48 50/50 49/49
f 49/49 50/50 51/51
f 50/50 52/52 51/51
f 51/51 52/52 53/53
f 52/52 54/54 53/53
f 53/53 54/54 55/55
f 54/54 56/56 55/55
f 55/55 56/56 57/57
f 56/56 58/58 57/57
f 57/57 58/58 59/59
f 58/58 60/60 59/59
f 59/59 60/60 61/61
f 60/60 62/62 61/61
f 61/61 62/62 63/63
f 62/62 64/64 63/63
f 63/63 64/64 65/65
f 64/64 66/66 65/65
f 65/65 66/66 67/67
f 66/66 68/68 67/67
f 67/67 68/68 69/69
f 68/68 70/70 69/69
f 69/69 70/70 71/71
f 70/70 72/72 71/71
f 71/71 72/72 73/73
f 72/72 74/74 73/73
f 73/73 74/74 75/75
f 74/74 76/76 75/75
f 75/75 76/76 77/77
f 76/76 78/78 77/77
f 77/77 78/78 79/79
f 78/78 80/80 79/79
f 79/79 80/80 81/81
f 80/80 82/82 81/81
f 81/81 82/82 83/83
f 82/82 84/84 83/83
f 83/83 84/84 85/85
f 84/84 86/86 85/85
f 85/85 86/86 87/87
f 86/86 88/88 87/87
f 87/87 88/88 89/89
f 88/88 90/90 89/89
f 89/89 90/90 91/91
f 90/90 92/92 91/91
f 91/91 92/92 93/93
f 92/92 94/94 93/93
f 93/93 94/94 95/95
f 94/94 96/96 95/95
f 95/95 96/96 97/97
f 96/96 98/98 97/97
f 97/97 98/98 99/99
f 98/98 100/100 99/99
f 99/99 100/100 101/101
f 100/100 102/102 101/101
f 101/101 102/102 103/103
f 102/102 104/104 103/103
f 103/103 104/104 105/105
f 104/104 106/106 105/105
f 105/105 106/106 107/107
f 106/106 108/108 107/107
f 107/107 108/108 109/109
f 108/108 110/110 109/109
f 109/109 110/110 111/111
f 110/110 112/112 111/111
f 111/111 112/112 113/113
f 112/112 114/114 113/113
f 113/113 114/114 115/115
f 114/114 116/116 115/115
f 115/115 116/116 117/117
f 116/116 118/118 117/117
f 117/117 118/118 119/119
f 118/118 120/120 119/119
f 119/119 120/120 121/121
f 120/120 122/122 121/121
f 121/121 122/122 123/123
f 122/122 124/124 123/123
f 123/123 124/124 125/125
f 124/124 126/126 125/125
f 125/125 126/126 127/127
f 126/126 128/128 127/127
f 127/127 128/128 129/129
f 128/128 130/130 129/129
f 129/129 130/130 131/131
f 130/130 132/132 131/131
f 131/131 132/132 133/133
f 132/132 134/134 133/133
f 133/133 134/134 135/135
f 134/134 136/136 135/135
f 135/135 136/136 137/137
f 136/136 138/138 137/137
f 137/137 138/138 139/139
f 138/138 140/140 139/139
f 139/139 140/140 141/141
f 140/140 142/142 141/141
f 141/141 142/142 143/143
f 142/142 144/144 143/143
f 143/143 144/144 145/145
f 144/144 146/146 145/145
f 145/145 146/146 147/147
f 146/146 148/148 147/147
f 147/147 148/148 149/149
f 148/148 150/150 149/149
f 149/149 150/150 151/151
f 150/150 152/152 151/151
f 151/151 152/152 153/153
f 152/152 154/154 153/153
f 153/153 154/154 155/155
f 154/154 156/156 155/155
f 155/155 156/156 157/157
f 156/156 158/158 157/157
f 157/157 158/158 159/159
f 158/158 160/160 159/159
f 159/159 160/160 161/161
f 160/160 162/162 161/161
f 161/161 162/162 163/163
f 162/162 164/164 163/163
f 163/163 164/164 165/165
f 164/164 166/166 165/165
f 165/165 166/166 167/167
f 166/166 168/168 167/167
f 167/167 168/168 169/169
f 168/168 170/170 169/169
f 169/169 170/170 171/171
f 170/170 172/172 171/171
f 171/171 172/172 173/173
f 172/172 174/174 173/173
f 173/173 174/174 175/175
f 174/174 176/176 175/175
f 175/175 176/176 177/177
f 176/176 178/178 177/177
f 177/177 178/178 179/179
f 178/178 180/180 179/179
f 179/179 180/180 181/181
f 180/180 182/182 181/181
f 181/181 182/182 183/183
f 182/182 184/184 183/183
f 183/183 184/184 185/185
f 184/184 186/186 185/185
f 185/185 186/186 187/187
f 186/186 188/188 187/187
f 187/187 188/188 189/189
f 188/188 190/190 189/189
f 189/189 190/190 191/191
f 190/190 192/192 191/191
f 191/191 192/192 193/193
f 192/192 194/194 193/193
f 193/193 194/194 195/195
f 194/194 196/196 195/195
f 195/195 196/196 197/197
f 196/196 198/198 197/197
f 197/197 198/198 199/199
f 198/198 200/200 199/199
f 199/199 200/200 201/201
f 200/200 202/202 201/201
f 201/201 202/202 203/203
f 202/202 204/204 203/203
f 203/203 204/204 205/205
f 204/204 206/206 205/205
f 205/205 206/206 207/207
f 206/206 208/208 207/207
f 207/207 208/208 209/209
f 208/208 210/210 209/209
f 209/209 210/210 211/211
f 210/210 212/212 211/211
f 211/211 212/212 213/213
f 212/212 214/214 213/213
f 213/213 214/214 215/215
f 214/214 216/216 215/215
f 215/215 216/216 217/217
f 216/216 218/218 217/217
f 217/217 218/218 219/219
f 218/218 220/220 219/219
f 219/219 220/220 221/221
f 220/220 222/222 221/221
f 221/221 222/222 223/223
f 222/222 224/224 223/223
f 223/223 224/224 225/225
f 224/224 226/226 225/225
f 225/225 226/226 227/227
f 226/226 228/228 227/227
f 227/227 228/228 229/229
f 228/228 230/230 229/229
f 229/229 230/230 231/231
f 230/230 232/232 231/231
f 231/231 232/232 233/233
f 232/232 234/234 233/233
f 233/233 234/234 235/235
f 234/234 236/236 235/235
f 235/235 236/236 237/237
f 236/236 238/238 237/237
f 237/237 238/238 239/239
f 238/238 240/240 239/239
f 239/239 240/240 241/241
f 240/240 242/242 241/241
f 241/241 242/242 243/243
f 242/242 244/244 243/243
f 243/243 244/244 245/245
f 244/244 246/246 245/245
f 245/245 246/246 247/247
f 246/246 248/248 247/247
f 247/247 248/248 249/249
f 248/248 250/250 249/249
f 249/249 250/250 251/251
f 250/250 252/252 251/251
f 251/251 252/252 253/253
f 252/252 254/254 253/253
f 253/253 254/254 255/255
f 254/254 256/256 255/255
f 255/255 256/256 257/257
f 256/256 258/258 257/257
f 257/257 258/258 259/259
f 258/258 260/260 259/259
f 259/259 260/260 261/261
f 260/260 262/262 261/261
f 261/261 262/262 263/263
f 262/262 264/264 263/263
f 263/263 264/264 265/265
f 264/264 266/266 265/265
f 265/265 266/266 267/267
f 266/266 268/268 267/267
f 267/267 268/268 269/269
f 268/268 270/270 269/269
f 269/269 270/270 271/271
f 270/270 272/272 271/271
f 271/271 272/272 273/273
f 272/272 274/274 273/273
f 273/273 274/274 275/275
f 274/274 276/276 275/275
f 275/275 276/276 277/277
f 276/276 278/278 277/277
f 277/277 278/278 279/279
f 278/278 280/280 279/279
f 279/279 280/280 281/281
f 280/280 282/282 281/281
f 281/281 282/282 283/283
f 282/282 284/284 283/283
f 283/283 284/284 285/285
f 284/284 286/286 285/285
f 285/285 286/286 287/287
f 286/286 288/288 287/287
f 287/287 288/288 289/289
f 288/288 290/290 289/289
f 289/289 290/290 291/291
f 290/290 292/292 291/291
f 291/291 292/292 293/293
f 292/292 294/294 293/293
f 293/293 294/294 295/295
f 294/294 296/296 295/295
f 295/295 296/296 297/297
f 296/296 298/298 297/297
f 297/297 298/298 299/299
f 298/298 300/300 299/299
f 299/299 300/300 301/301
f 300/300 302/302 301/301
f 301/301 302/302 303/303
f 302/302 304/304 303/303
f 303/303 304/304 305/305
f 304/304 306/306 305/305
f 305/305 306/306 307/307
f 306/306 308/308 307/307
f 307/307 308/308 309/309
f 308/308 310/310 309/309
f 309/309 310/310 311/311
f 310/310 312/312 311/311
f 311/311 312/312 313/313
f 312/312 314/314 313/313
f 313/313 314/314 315/315
f 314/314 316/316 315/315
f 315/315 316/316 317/317
f 316/316 318/318 317/317
f 317/317 318/318 319/319
f 318/318 320/320 319/319
f 319/319 320/320 321/321
f 320/320 322/322 321/321
f 321/321 322/322 323/323
f 322/322 324/324 323/323
f 323/323 324/324 325/325
f 324/324 326/326 325/325
f 325/325 326/326 327/327
f 326/326 328/328 327/327
f 327/327 328/328 329/329
f 328/328 330/330 329/329
f 329/329 330/330 331/331
f 330/330 332/332 331/331
f 331/331 332/332 333/333
f 332/332 334/334 333/333
f 333/333 334/334 335/335
f 334/334 336/336 335/335
f 335/335 336/336 337/337
f 336/336 338/338 337/337
f 337/337 338/338 339/339
f 338/338 340/340 339/339
f 339/339 340/340 341/341
f 340/340 342/342 341/341
f 341/341 342/342 343/343
f 342/342 344/344 343/343
f 343/343 344/344 345/345
f 344/344 346/346 345/345
f 345/345 346/346 347/347
f 346/346 348/348 347/347
f 347/347 348/348 349/349
f 348/348 350/350 349/349
f 349/349 350/350 351/351
f 350/350 352/352 351/351
f 351/351 352/352 353/353
f 352/352 354/354 353/353
f 353/353 354/354 355/355
f 354/354 356/356 355/355
f 355/355 356/356 357/357
f 356/356 358/358 357/357
f 357/357 358/358 359/359
f 358/358 360/360 359/359
f 359/359 360/360 361/361
f 360/360 362/362 361/361
f 361/361 362/362 363/363
f 362/362 364/364 363/363
f 363/363 364/364 365/365
f 364/364 366/366 365/365
f 365/365 366/366 367/367
f 366/366 368/368 367/367
f 367/367 368/368 369/369
f 368/368 370/370 369/369
f 369/369 370/370 371/371
f 370/370 372/372 371/371
f 371/371 372/372 373/373
f 372/372 374/374 373/373
f 373/373 374/374 375/375
f 374/374 376/376 375/375
f 375/375 376/376 377/377
f 376/376 378/378 377/377
f 377/377 378/378 379/379
f 378/378 380/380 379/379
f 379/379 380/380 381/381
f 380/380 382/382 381/381
f 381/381 382/382 383/383
f 382/382 384/384 383/383
f 383/383 384/384 385/385
f 384/384 386/386 385/385
f 385/385 386/386 387/387
f 386/386 388/388 387/387
f 387/387 388/388 389/389
f 388/388 390/390 389/389
f 389/389 390/390 391/391
f 390/390 392/392 391/391
f 391/391 392/392 393/393
f 392/392 394/394 393/393
f 393/393 394/394 395/395
f 394/394 396/396 395/395
f 395/395 396/396 397/397
f 396/396 398/398 397/397
f 397/397 398/398 399/399
f 398/398 400/400 399/399
f 399/399 400/400 401/401
f 400/400 402/402 401/401
f 401/401 402/402 403/403
f 402/402 404/404 403/403
f 403/403 404/404 405/405
f 404/404 406/406 405/405
f 405/405 406/406 407/407
f 406/406 408/408 407/407
f 407/407 408/408 409/409
f 408/408 410/410 409/409
f 409/409 410/410 411/411
f 410/410 412/412 411/411
f 411/411 412/412 413/413
f 412/412 414/414 413/413
f 413/413 414/414 415/415
f 414/414 416/416 415/415
f 415/415 416/416 417/417
f 416/416 418/418 417/417
f 417/417 418/418 419/419
f 418/418 420/420 419/419
f 419/419 420/420 421/421
f 420/420 422/422 421/421
f 421/421 422/422 423/423
f 422/422 424/424 423/423
f 423/423 424/424 425/425
f 424/424 426/426 425/425
f 425/425 426/426 427/427
f 426/426 428/428 427/427
f 427/427 428/428 429/429
f 428/428 430/430 429/429
f 429/429 430/430 431/431
f 430/430 432/432 431/431
f 431/431 432/432 433/433
f 432/432 434/434 433/433
f 433/433 434/434 435/435
f 434/434 436/436 435/435
f 435/435 436/436 437/437
f 436/436 438/438 437/437
f 437/437 438/438 439/439
f 438/438 440/440 439/439
f 439/439 440/440 441/441
f 440/440 442/442 441/441
f 441/441 442/442 443/443
f 442/442 444/444 443/443
f 443/443 444/444 445/445
f 444/444 446/446 445/445
f 445/445 446/446 447/447
f 446/446 448/448 447/447
f 447/447 448/448 449/449
f 448/448 450/450 449/449
f 449/449 450/450 451/451
f 450/450 452/452 451/451
f 451/451 452/452 453/453
f 452/452 454/454 453/453
f 453/453 454/454 455/455
f 454/454 456/456 455/455
f 455/455 456/456 457/457
f 456/456 458/458 457/457
f 457/457 458/458 459/459
f 458/458 460/460 459/459
f 459/459 460/460 461/461
f 460/460 462/462 461/461
f 461/461 462/462 463/463
f 462/462 464/464 463/463
f 463/463 464/464 465/465
f 464/464 466/466 465/465
f 465/465 466/466 467/467
f 466/466 468/468 467/467
f 467/467 468/468 469/469
f 468/468 470/470 469/469
f 469/469 470/470 471/471
f 470/470 472/472 471/471
f 471/471 472/472 473/473
f 472/472 474/474 473/473
f 473/473 474/474 475/475
f 474/474 476/476 475/475
f 475/475 476/476 477/477
f 476/476 478/478 477/477
f 477/477 478/478 479/479
f 478/478 480/480 479/479
f 479/479 480/480 481/481
f 480/480 482/482 481/481
f 481/481 482/482 483/483
f 482/482 484/484 483/483
f 483/483 484/484 485/485
f 484/484 486/486 485/485
f 485/485 486/486 487/487
f 486/486 488/488 487/487
f 487/487 488/488 489/489
f 488/488 490/490 489/489
f 489/489 490/490 491/491
f 490/490 492/492 491/491
f 491/491 492/492 493/493
f 492/492 494/494 493/493
f 493/493 494/494 495/495
f 494/494 496/496 495/495
f 495/495 496/496 497/497
f 496/496 498/498 497/497
f 497/497 498/498 499/499
f 498/498 500/500 499/499
f 499/499 500/500 501/501
f 500/500 502/502 501/501
f 501/501 502/502 503/503
f 502/502 504/504 503/503
f 503/503 504/504 505/505
f 504/504 506/506 505/505
f 505/505 506/506 507/507
f 506/506 508/508 507/507
f 507/507 508/508 509/509
f 508/508 510/510 509/509
f 509/509 510/510 511/511
f 510/510 512/512 511/511
f 511/511 512/512 513/513
f 512/512 514/514 513/513
f 513/513 514/514 515/515
f 514/514 516/516 515/515
f 515/515 516/516 517/517
f 516/516 518/518 517/517
f 517/517 518/518 519/519
f 518/518 520/520 519/519
f 519/519 520/520 521/521
f 520/520 522/522 521/521
f 521/521 522/522 523/523
f 522/522 524/524 523/523
f 523/523 524/524 525/525
f 524/524 526/526 525/525
f 525/525 526/526 527/527
f 526/526 528/528 527/527
f 527/527 528/528 529/529
f 528/528 530/530 529/529
f 529/529 530/530 531/531
f 530/530 532/532 531/531
f 531/531 532/532 533/533
f 532/532 534/534 533/533
f 533/533 534/534 535/535
f 534/534 536/536 535/535
f 535/535 536/536 537/537
f 536/536 538/538 537/537
f 537/537 538/538 539/539
f 538/538 540/540 539/539
f 539/539 540/540 541/541
f 540/540 542/542 541/541
f 541/541 542/542 543/543
f 542/542 544/544 543/543
f 543/543 544/544 545/545
f 544/544 546/546 545/545
f 545/545 546/546 547/547
f 546/546 548/548 547/547
f 547/547 548/548 549/549
f 548/548 550/550 549/549
f 549/549 550/550 551/551
f 550/550 552/552 551/551
f 551/551 552/552 553/553
f 552/552 554/554 553/553
f 553/553 554/554 555/555
f 554/554 556/556 555/555
f 555/555 556/556 557/557
f 556/556 558/558 557/557
f 557/557 558/558 559/559
f 558/558 560/560 559/559
f 559/559 560/560 561/561
f 560/560 562/562 561/561
f 561/561 562/562 563/563
f 562/562 564/564 563/563
f 563/563 564/564 565/565
f 564/564 566/566 565/565
f 565/565 566/566 567/567
f 566/566 568/568 567/567
f 567/567 568/568 569/569
f 568/568 570/570 569/569
f 569/569 570/570 571/571
f 570/570 572/572 571/571
f 571/571 572/572 573/573
f 572/572 574/574 573/573
f 573/573 574/574 575/575
f 574/574 576/576 575/575
f 575/575 576/576 577/577
f 576/576 578/578 577/577
f 577/577 578/578 579/579
f 578/578 580/580 579/579
f 579/579 580/580 581/581
f 580/580 582/582 581/581
f 581/581 582/582 583/583
f 582/582 584/584 583/583
f 583/583 584/584 585/585
f 584/584 586/586 585/585
f 585/585 586/586 587/587
f 586/586 588/588 587/587
f 587/587 588/588 589/589
f 588/588 590/590 589/589
f 589/589 590/590 591/591
f 590/590 592/592 591/591
f 591/591 592/592 593/593
f 592/592 594/594 593/593
f 593/593 594/594 595/595
f 594/594 596/596 595/595
f 595/595 596/596 597/597
f 596/596 598/598 597/597
f 597/597 598/598 599/599
f 598/598 600/600 599/599
f 599/599 600/600 601/601
f 600/600 602/602 601/601
f 601/601 602/602 603/603
f 602/602 604/604 603/603
f 603/603 604/604 605/605
f 604/604 606/606 605/605
f 605/605 606/606 607/607
f 606/606 608/608 607/607
f 607/607 608/608 609/609
f 608/608 610/610 609/609
f 609/609 610/610 611/611
f 610/610 612/612 611/611
f 611/611 612/612 613/613
f 612/612 614/614 613/613
f 613/613 614/614 615/615
f 614/614 616/616 615/615
f 615/615 616/616 617/617
f 616/616 618/618 617/617
f 617/617 618/618 619/619
f 618/618 620/620 619/619
f 619/619 620/620 621/621
f 620/620 622/622 621/621
f 621/621 622/622 623/623
f 622/622 624/624 623/623
f 623/623 624/624 625/625
f 624/624 626/626 625/625
f 625/625 626/626 627/627
f 626/626 628/628 627/627
f 627/627 628/628 629/629
f 628/628 630/630 629/629
f 629/629 630/630 631/631
f 630/630 632/632 631/631
f 631/631 632/632 633/633
f 632/632 634/634 633/633
f 633/633 634/634 635/635
f 634/634 636/636 635/635
f 635/635 636/636 637/637
f 636/636 638/638 637/637
f 637/637 638/638 639/639
f 638/638 640/640 639/639
f 639/639 640/640 641/641
f 640/640 642/642 641/641
f 641/641 642/642 643/643
f 642/642 644/644 643/643
f 643/643 644/644 645/645
f 644/644 646/646 645/645
f 645/645 646/646 647/647
f 646/646 648/648 647/647
f 647/647 648/648 649/649
f 648/648 650/650 649/649
f 649/649 650/650 651/651
f 650/650 652/652 651/651
f 651/651 652/652 653/653
f 652/652 654/654 653/653
f 653/653 654/654 655/655
f 654/654 656/656 655/655
f 655/655 656/656 657/657
f 656/656 658/658 657/657
f 657/657 658/658 659/659
f 658/658 660/660 659/659
f 659/659 660/660 661/661
f 660/660 662/662 661/661
f 661/661 662/662 663/663
f 662/662 664/664 663/663
f 663/663 664/664 665/665
f 664/664 666/666 665/665
f 665/665 666/666 667/667
f 666/666 668/668 667/667
f 667/667 668/668 669/669
f 668/668 670/670 669/669
f 669/669 670/670 671/671
f 670/670 672/672 671/671
f 671/671 672/672 673/673
f 672/672 674/674 673/673
f 673/673 674/674 675/675
f 674/674 676/676 675/675
f 675/675 676/676 677/677
f 676/676 678/678 677/677
f 677/677 678/678 679/679
f 678/678 680/680 679/679
f 679/679 680/680 681/681
f 680/680 682/682 681/681
f 681/681 682/682 683/683
f 682/682 684/684 683/683
f 683/683 684/684 685/685
f 684/684 686/686 685/685
f 685/685 686/686 687/687
f 686/686 688/688 687/687
f 687/687 688/688 689/689
f 688/688 690/690 689/689
f 689/689 690/690 691/691
f 690/690 692/692 691/691
f 691/691 692/692 693/693
f 692/692 694/694 693/693
f 693/693 694/694 695/695
f 694/694 696/696 695/695
f 695/695 696/696 697/697
f 696/696 698/698 697/697
f 697/697 698/698 699/699
f 698/698 700/700 699/699
f 699/699 700/700 701/701
f 700/700 702/702 701/701
f 701/701 702/702 703/703
f 702/702 704/704 703/703
f 703/703 704/704 705/705
f 704/704 706/706 705/705
f 705/705 706/706 707/707
f 706/706 708/708 707/707
f 707/707 708/708 709/709
f 708/708 710/710 709/709
f 709/709 710/710 711/711
f 710/710 712/712 711/711
f 711/711 712/712 713/713
f 712/712 714/714 713/713
f 713/713 714/714 715/715
f 714/714 716/716 715/715
f 715/715 716/716 717/717
f 716/716 718/718 717/717
f 717/717 718/718 719/719
f 718/718 720/720 719/719
f 719/719 720/720 721/721
f 720/720 722/722 721/721
f 721/721 722/722 723/723
f 722/722 724/724 723/723
f 723/723 724/724 725/725
f 724/724 726/726 725/725
f 725/725 726/726 727/727
f 726/726 728/728 727/727
f 727/727 728/728 729/729
f 728/728 730/730 729/729
f 729/729 730/730 731/731
f 730/730 732/732 731/731
f 731/731 732/732 733/733
f 732/732 734/734 733/733
f 733/733 734/734 735/735
f 734/734 736/736 735/735
f 735/735 736/736 737/737
f 736/736 738/738 737/737
f 737/737 738/738 739/739
f 738/738 740/740 739/739
f 739/739 740/740 741/741
f 740/740 742/742 741/741
f 741/741 742/742 743/743
f 742/742 744/744 743/743
f 743/743 744/744 745/745
f 744/744 746/746 745/745
f 745/745 746/746 747/747
f 746/746 748/748 747/747
f 747/747 748/748 749/749
f 748/748 750/750 749/749
f 749/749 750/750 751/751
f 750/750 752/752 751/751
f 751/751 752/752 753/753
f 752/752 754/754 753/753
f 753/753 754/754 755/755
f 754/754 756/756 755/755
f 755/755 756/756 757/757
f 756/756 758/758 757/757
f 757/757 758/758 759/759
f 758/758 760/760 759/759
f 759/759 760/760 761/761
f 760/760 762/762 761/761
f 761/761 762/762 763/763
f 762/762 764/764 763/763
f 763/763 764/764 765/765
f 764/764 766/766 765/765
f 765/765 766/766 767/767
f 766/766 768/768 767/767
f 767/767 768/768 769/769
f 768/768 770/770 769/769
f 769/769 770/770 771/771
f 770/770 772/772 771/771
f 771/771 772/772 773/773
f 772/772 774/774 773/773
f 773/773 774/774 775/775
f 774/774 776/776 775/775
f 775/775 776/776 777/777
f 776/776 778/778 777/777
f 777/777 778/778 779/779
f 778/778 780/780 779/779
f 779/779 780/780 781/781
f 780/780 782/782 781/781
f 781/781 782/782 783/783
f 782/782 784/784 783/783
f 783/783 784/784 785/785
f 784/784 786/786 785/785
f 785/785 786/786 787/787
f 786/786 788/788 787/787
f 787/787 788/788 789/789
f 788/788 790/790 789/789
f 789/789 790/790 791/791
f 790/790 792/792 791/791
f 791/791 792/792 793/793
f 792/792 794/794 793/793
f 793/793 794/794 795/795
f 794/794 796/796 795/795
f 795/795 796/796 797/797
f 796/796 798/798 797/797
f 797/797 798/798 799/799
f 798/798 800/800 799/799
f 799/799 800/800 801/801
f 800/800 802/802 801/801
f 801/801 802/802 803/803
f 802/802 804/804 803/803
f 803/803 804/804 805/805
f 804/804 806/806 805/805
f 805/805 806/806 807/807
f 806/806 808/808 807/807
f 807/807 808/808 809/809
f 808/808 810/810 809/809
f 809/809 810/810 811/811
f 810/810 812/812 811/811
f 811/811 812/812 813/813
f 812/812 814/814 813/813
f 813/813 814/814 815/815
f 814/814 816/816 815/815
f 815/815 816/816 817/817
f 816/816 818/818 817/817
f 817/817 818/818 819/819
f 818/818 820/820 819/819
f 819/819 820/820 821/821
f 820/820 822/822 821/821
f 821/821 822/822 823/823
f 822/822 824/824 823/823
f 823/823 824/824 825/825
f 824/824 826/826 825/825
f 825/825 826/826 827/827
f 826/826 828/828 827/827
f 827/827 828/828 829/829
f 828/828 830/830 829/829
f 829/829 830/830 831/831
f 830/830 832/832 831/831
f 831/831 832/832 833/833
f 832/832 834/834 833/833
f 833/833 834/834 835/835
f 834/834 836/836 835/835
f 835/835 836/836 837/837
f 836/836 838/838 837/837
f 837/837 838/838 839/839
f 838/838 840/840 839/839
f 839/839 840/840 841/841
f 840/840 842/842 841/841
f 841/841 842/842 843/843
f 842/842 844/844 843/843
f 843/843 844/844 845/845
f 844/844 846/846 845/845
f 845/845 846/846 847/847
f 846/846 848/848 847/847
f 847/847 848/848 849/849
f 848/848 850/850 849/849
f 849/849 850/850 851/851
f 850/850 852/852 851/851
f 851/851 852/852 853/853
f 852/852 854/854 853/853
f 853/853 854/854 855/855
f 854/854 856/856 855/855
f 855/855 856/856 857/857
f 856/856 858/858 857/857
f 857/857 858/858 859/859
f 858/858 860/860 859/859
f 859/859 860/860 861/861
f 860/860 862/862 861/861
f 861/861 862/862 863/863
f 862/862 864/864 863/863
f 863/863 864/864 865/865
f 864/864 866/866 865/865
f 865/865 866/866 867/867
f 866/866 868/868 867/867
f 867/867 868/868 869/869
f 868/868 870/870 869/869
f 869/869 870/870 871/871
f 870/870 872/872 871/871
f 871/871 872/872 873/873
f 872/872 874/874 873/873
f 873/873 874/874 875/875
f 874/874 876/876 875/875
f 875/875 876/876 877/877
f 876/876 878/878 877/877
f 877/877 878/878 879/879
f 878/878 880/880 879/879
f 879/879 880/880 881/881
f 880/880 882/882 881/881
f 881/881 882/882 883/883
f 882/882 884/884 883/883
f 883/883 884/884 885/885
f 884/884 886/886 885/885
f 885/885 886/886 887/887
f 886/886 888/888 887/887
f 887/887 888/888 889/889
f 888/888 890/890 889/889
f 889/889 890/890 891/891
f 890/890 892/892 891/891
f 891/891 892/892 893/893
f 892/892 894/894 893/893
f 893/893 894/894 895/895
f 894/894 896/896 895/895
f 895/895 896/896 897/897
f 896/896 898/898 897/897
f 897/897 898/898 899/899
f 898/898 900/900 899/899
f 899/899 900/900 901/901
f 900/900 902/902 901/901
f 901/901 902/902 903/903
f 902/902 904/904 903/903
f 903/903 904/904 905/905
f 904/904 906/906 905/905
f 905/905 906/906 907/907
f 906/906 908/908 907/907
f 907/907 908/908 909/909
f 908/908 910/910 909/909
f 909/909 910/910 911/911
f 910/910 912/912 911/911
f 911/911 912/912 913/913
f 912/912 914/914 913/913
f 913/913 914/914 915/915
f 914/914 916/916 915/915
f 915/915 916/916 917/917
f 916/916 918/918 917/917
f 917/917 918/918 919/919
f 918/918 920/920 919/919
f 919/919 920/920 921/921
f 920/920 922/922 921/921
f 921/921 922/922 923/923
f 922/922 924/924 923/923
f 923/923 924/924 925/925
f 924/924 926/926 925/925
f 925/925 926/926 927/927
f 926/926 928/928 927/927
f 927/927 928/928 929/929
f 928/928 930/930 929/929
f 929/929 930/930 931/931
f 930/930 932/932 931/931
f 931/931 932/932 933/933
f 932/932 934/934 933/933
f 933/933 934/934 935/935
f 934/934 936/936 935/935
f 935/935 936/936 937/937
f 936/936 938/938 937/937
f 937/937 938/938 939/939
f 938/938 940/940 939/939
f 939/939 940/940 941/941
f 940/940 942/942 941/941
f 941/941 942/942 943/943
f 942/942 944/944 943/943
f 943/943 944/944 945/945
f 944/944 946/946 945/945
f 945/945 946/946 947/947
f 946/946 948/948 947/947
f 947/947 948/948 949/949
f 948/948 950/950 949/949
f 949/949 950/950 951/951
f 950/950 952/952 951/951
f 951/951 952/952 953/953
f 952/952 954/954 953/953
f 953/953 954/954 955/955
f 954/954 956/956 955/955
f 955/955 956/956 957/957
f 956/956 958/958 957/957
f 957/957 958/958 959/959
f 958/958 960/960 959/959
f 959/959 960/960 961/961
f 960/960 962/962 961/961
f 961/961 962/962 963/963
f 962/962 964/964 963/963
f 963/963 964/964 965/965
f 964/964 966/966 965/965
f 965/965 966/966 967/967
f 966/966 968/968 967/967
f 967/967 968/968 969/969
f 968/968 970/970 969/969
f 969/969 970/970 971/971
f 970/970 972/972 971/971
f 971/971 972/972 973/973
f 972/972 974/974 973/973
f 973/973 974/974 975/975
f 974/974 976/976 975/975
f 975/975 976/976 977/977
f 976/976 978/978 977/977
f 977/977 978/978 979/979
f 978/978 980/980 979/979
f 979/979 980/980 981/981
f 980/980 982/982 981/981
f 981/981 982/982 983/983
f 982/982 984/984 983/983
f 983/983 984/984 985/985
f 984/984 986/986 985/985
f 985/985 986/986 987/987
f 986/986 988/988 987/987
f 987/987 988/988 989/989
f 988/988 990/990 989/989
f 989/989 990/990 991/991
f 990/990 992/992 991/991
f 991/991 992/992 993/993
f 992/992 994/994 993/993
f 993/993 994/994 995/995
f 994/994 996/996 995/995
f 995/995 996/996 997/997
f 996/996 998/998 997/997
f 997/997 998/998 999/999
f 998/998 1000/1000 999/999
f 999/999 1000/1000 1001/1001
f 1000/1000 1002/1002 1001/1001
f 1001/1001 1002/1002 1003/1003
f 1002/1002 1004/1004 1003/1003
f 1003/1003 1004/1004 1005/1005
f 1004/1004 1006/1006 1005/1005
f 1005/1005 1006/1006 1007/1007
f 1006/1006 1008/1008 1007/1007
f 1007/1007 1008/1008 1009/1009
f 1008/1008 1010/1010 1009/1009
f 1009/1009 1010/1010 1011/1011
f 1010/1010 1012/1012 1011/1011
f 1011/1011 1012/1012 1013/1013
f 1012/1012 1014/1014 1013/1013
f 1013/1013 1014/1014 1015/1015
f 1014/1014 1016/1016 1015/1015
f 1015/1015 1016/1016 1017/1017
f 1016/1016 1018/1018 1017/1017
f 1017/1017 1018/1018 1019/1019
f 1018/1018 1020/1020 1019/1019
f 1019/1019 1020/1020 1021/1021
f 1020/1020 1022/1022 1021/1021
f 1021/1021 1022/1022 1023/1023
f 1022/1022 1024/1024 1023/1023
f 1023/1023 1024/1024 1025/1025
f 1024/1024 1026/1026 1025/1025
f 1025/1025 1026/1026 1027/1027
f 1026/1026 1028/1028 1027/1027
f 1027/1027 1028/1028 1029/1029
f 1028/1028 1030/1030 1029/1029
f 1029/1029 1030/1030 1031/1031
f 1030/1030 1032/1032 1031/1031
f 1031/1031 1032/1032 1033/1033
f 1032/1032 1034/1034 1033/1033
f 1033/1033 1034/1034 1035/1035
f 1034/1034 1036/1036 1035/1035
f 1035/1035 1036/1036 1037/1037
f 1036/1036 1038/1038 1037/1037
f 1037/1037 1038/1038 1039/1039
f 1038/1038 1040/1040 1039/1039
f 1039/1039 1040/1040 1041/1041
f 1040/1040 1042/1042 1041/1041
f 1041/1041 1042/1042 1043/1043
f 1042/1042 1044/1044 1043/1043
f 1043/1043 1044/1044 1045/1045
f 1044/1044 1046/1046 1045/1045
f 1045/1045 1046/1046 1047/1047
f 1046/1046 1048/1048 1047/1047
f 1047/1047 1048/1048 1049/1049
f 1048/1048 1050/1050 1049/1049
f 1049/1049 1050/1050 1051/1051
f 1050/1050 1052/1052 1051/1051
f 1051/1051 1052/1052 1053/1053
f 1052/1052 1054/1054 1053/1053
f 1053/1053 1054/1054 1055/1055
f 1054/1054 1056/1056 1055/1055
f 1055/1055 1056/1056 1057/1057
f 1056/1056 1058/1058 1057/1057
f 1057/1057 1058/1058 1059/1059
f 1058/1058 1060/1060 1059/1059
f 1059/1059 1060/1060 1061/1061
f 1060/1060 1062/1062 1061/1061
f 1061/1061 1062/1062 1063/1063
f 1062/1062 1064/1064 1063/1063
f 1063/1063 1064/1064 1065/1065
f 1064/1064 1066/1066 1065/1065
f 1065/1065 1066/1066 1067/1067
f 1066/1066 1068/1068 1067/1067
f 1067/1067 1068/1068 1069/1069
f 1068/1068 1070/1070 1069/1069
f 1069/1069 1070/1070 1071/1071
f 1070/1070 1072/1072 1071/1071
f 1071/1071 1072/1072 1073/1073
f 1072/1072 1074/1074 1073/1073
f 1073/1073 1074/1074 1075/1075
f 1074/1074 1076/1076 1075/1075
f 1075/1075 1076/1076 1077/1077
f 1076/1076 1078/1078 1077/1077
f 1077/1077 1078/1078 1079/1079
f 1078/1078 1080/1080 1079/1079
f 1079/1079 1080/1080 1081/1081
f 1080/1080 1082/1082 1081/1081
f 1081/1081 1082/1082 1083/1083
f 1082/1082 1084/1084 1083/1083
f 1083/1083 1084/1084 1085/1085
f 1084/1084 1086/1086 1085/1085
f 1085/1085 1086/1086 1087/1087
f 1086/1086 1088/1088 1087/1087
f 1087/1087 1088/1088 1089/1089
f 1088/1088 1090/1090 1089/1089
f 1089/1089 1090/1090 1091/1091
f 1090/1090 1092/1092 1091/1091
f 1091/1091 1092/1092 1093/1093
f 1092/1092 1094/1094 1093/1093
f 1093/1093 1094/1094 1095/1095
f 1094/1094 1096/1096 1095/1095
f 1095/1095 1096/1096 1097/1097
f 1096/1096 1098/1098 1097/1097
f 1097/1097 1098/1098 1099/1099
f 1098/1098 1100/1100 1099/1099
f 1099/1099 1100/1100 1101/1101
f 1100/1100 1102/1102 1101/1101
f 1101/1101 1102/1102 1103/1103
f 1102/1102 1104/1104 1103/1103
f 1103/1103 1104/1104 1105/1105
f 1104/1104 1106/1106 1105/1105
f 1105/1105 1106/1106 1107/1107
f 1106/1106 1108/1108 1107/1107
f 1107/1107 1108/1108 1109/1109
f 1108/1108 1110/1110 1109/1109
f 1109/1109 1110/1110 1111/1111
f 1110/1110 1112/1112 1111/1111
f 1111/1111 1112/1112 1113/1113
f 1112/1112 1114/1114 1113/1113
f 1113/1113 1114/1114 1115/1115
f 1114/1114 1116/1116 1115/1115
f 1115/1115 1116/1116 1117/1117
f 1116/1116 1118/1118 1117/1117
f 1117/1117 1118/1118 1119/1119
f 1118/1118 1120/1120 1119/1119
f 1119/1119 1120/1120 1121/1121
f 1120/1120 1122/1122 1121/1121
f 1121/1121 1122/1122 1123/1123
f 1122/1122 1124/1124 1123/1123
f 1123/1123 1124/1124 1125/1125
f 1124/1124 1126/1126 1125/1125
f 1125/1125 1126/1126 1127/1127
f 1126/1126 1128/1128 1127/1127
f 1127/1127 1128/1128 1129/1129
f 1128/1128 1130/1130 1129/1129
f 1129/1129 1130/1130 1131/1131
f 1130/1130 1132/1132 1131/1131
f 1131/1131 1132/1132 1133/1133
f 1132/1132 1134/1134 1133/1133
f 1133/1133 1134/1134 1135/1135
f 1134/1134 1136/1136 1135/1135
f 1135/1135 1136/1136 1137/1137
f 1136/1136 1138/1138 1137/1137
f 1137/1137 1138/1138 1139/1139
f 1138/1138 1140/1140 1139/1139
f 1139/1139 1140/1140 1141/1141
f 1140/1140 1142/1142 1141/1141
f 1141/1141 1142/1142 1143/1143
f 1142/1142 1144/1144 1143/1143
f 1143/1143 1144/1144 1145/1145
f 1144/1144 1146/1146 1145/1145
f 1145/1145 1146/1146 1147/1147
f 1146/1146 1148/1148 1147/1147
f 1147/1147 1148/1148 1149/1149
f 1148/1148 1150/1150 1149/1149
f 1149/1149 1150/1150 1151/1151
f 1150/1150 1152/1152 1151/1151
f 1151/1151 1152/1152 1153/1153
f 1152/1152 1154/1154 1153/1153
f 1153/1153 1154/1154 1155/1155
f 1154/1154 1156/1156 1155/1155
f 1155/1155 1156/1156 1157/1157
f 1156/1156 1158/1158 1157/1157
f 1157/1157 1158/1158 1159/1159
f 1158/1158 1160/1160 1159/1159
f 1159/1159 1160/1160 1161/1161
f 1160/1160 1162/1162 1161/1161
f 1161/1161 1162/1162 1163/1163
f 1162/1162 1164/1164 1163/1163
f 1163/1163 1164/1164 1165/1165
f 1164/1164 1166/1166 1165/1165
f 1165/1165 1166/1166 1167/1167
f 1166/1166 1168/1168 1167/1167
f 1167/1167 1168/1168 1169/1169
f 1168/1168 1170/1170 1169/1169
f 1169/1169 1170/1170 1171/1171
f 1170/1170 1172/1172 1171/1171
f 1171/1171 1172/1172 1173/1173
f 1172/1172 1174/1174 1173/1173
f 1173/1173 1174/1174 1175/1175
f 1174/1174 1176/1176 1175/1175
f 1175/1175 1176/1176 1177/1177
f 1176/1176 1178/1178 1177/1177
f 1177/1177 1178/1178 1179/1179
f 1178/1178 1180/1180 1179/1179
f 1179/1179 1180/1180 1181/1181
f 1180/1180 1182/1182 1181/1181
f 1181/1181 1182/1182 1183/1183
f 1182/1182 1184/1184 1183/1183
f 1183/1183 1184/1184 1185/1185
f 1184/1184 1186/1186 1185/1185
f 1185/1185 1186/1186 1187/1187
f 1186/1186 1188/1188 1187/1187
f 1187/1187 1188/1188 1189/1189
f 1188/1188 1190/1190 1189/1189
f 1189/1189 1190/1190 1191/1191
f 1190/1190 1192/1192 1191/1191
f 1191/1191 1192/1192 1193/1193
f 1192/1192 1194/1194 1193/1193
f 1193/1193 1194/1194 1195/1195
f 1194/1194 1196/1196 1195/1195
f 1195/1195 1196/1196 1197/1197
f 1196/1196 1198/1198 1197/1197
f 1197/1197 1198/1198 1199/1199
f 1198/1198 1200/1200 1199/1199
f 1199/1199 1200/1200 1201/1201
f 1200/1200 1202/1202 1201/1201
f 1201/1201 1202/1202 1203/1203
f 1202/1202 1204/1204 1203/1203
f 1203/1203 1204/1204 1205/1205
f 1204/1204 1206/1206 1205/1205
f 1205/1205 1206/1206 1207/1207
f 1206/1206 1208/1208 1207/1207
f 1207/1207 1208/1208 1209/1209
f 1208/1208 1210/1210 1209/1209
f 1209/1209 1210/1210 1211/1211
f 1210/1210 1212/1212 1211/1211
f 1211/1211 1212/1212 1213/1213
f 1212/1212 1214/1214 1213/1213
f 1213/1213 1214/1214 1215/1215
f 1214/1214 1216/1216 1215/1215
f 1215/1215 1216/1216 1217/1217
f 1216/1216 1218/1218 1217/1217
f 1217/1217 1218/1218 1219/1219
f 1218/1218 1220/1220 1219/1219
f 1219/1219 1220/1220 1221/1221
f 1220/1220 1222/1222 1221/1221
f 1221/1221 1222/1222 1223/1223
f 1222/1222 1224/1224 1223/1223
f 1223/1223 1224/1224 1225/1225
f 1224/1224 1226/1226 1225/1225
f 1225/1225 1226/1226 1227/1227
f 1226/1226 1228/1228 1227/1227
f 1227/1227 1228/1228 1229/1229
f 1228/1228 1230/1230 1229/1229
f 1229/1229 1230/1230 1231/1231
f 1230/1230 1232/1232 1231/1231
f 1231/1231 1232/1232 1233/1233
f 1232/1232 1234/1234 1233/1233
f 1233/1233 1234/1234 1235/1235
f 1234/1234 1236/1236 1235/1235
f 1235/1235 1236/1236 1237/1237
f 1236/1236 1238/1238 1237/1237
f 1237/1237 1238/1238 1239/1239
f 1238/1238 1240/1240 1239/1239
f 1239/1239 1240/1240 1241/1241
f 1240/1240 1242/1242 1241/1241
f 1241/1241 1242/1242 1243/1243
f 1242/1242 1244/1244 1243/1243
f 1243/1243 1244/1244 1245/1245
f 1244/1244 1246/1246 1245/1245
f 1245/1245 1246/1246 1247/1247
f 1246/1246 1248/1248 1247/1247
f 1247/1247 1248/1248 1249/1249
f 1248/1248 1250/1250 1249/1249
f 1249/1249 1250/1250 1251/1251
f 1250/1250 1252/1252 1251/1251
f 1251/1251 1252/1252 1253/1253
f 1252/1252 1254/1254 1253/1253
f 1253/1253 1254/1254 1255/1255
f 1254/1254 1256/1256 1255/1255
f 1255/1255 1256/1256 1257/1257
f 1256/1256 1258/1258 1257/1257
f 1257/1257 1258/1258 1259/1259
f 1258/1258 1260/1260 1259/1259
f 1259/1259 1260/1260 1261/1261
f 1260/1260 1262/1262 1261/1261
f 1261/1261 1262/1262 1263/1263
f 1262/1262 1264/1264 1263/1263
f 1263/1263 1264/1264 1265/1265
f 1264/1264 1266/1266 1265/1265
f 1265/1265 1266/1266 1267/1267
f 1266/1266 1268/1268 1267/1267
f 1267/1267 1268/1268 1269/1269
f 1268/1268 1270/1270 1269/1269
f 1269/1269 1270/1270 1271/1271
f 1270/1270 1272/1272 1271/1271
f 1271/1271 1272/1272 1273/1273
f 1272/1272 1274/1274 1273/1273
f 1273/1273 1274/1274 1275/1275
f 1274/1274 1276/1276 1275/1275
f 1275/1275 1276/1276 1277/1277
f 1276/1276 1278/1278 1277/1277
f 1277/1277 1278/1278 1279/1279
f 1278/1278 1280/1280 1279/1279
f 1279/1279 1280/1280 1281/1281
f 1280/1280 1282/1282 1281/1281
f 1281/1281 1282/1282 1283/1283
f 1282/1282 1284/1284 1283/1283
f 1283/1283 1284/1284 1285/1285
f 1284/1284 1286/1286 1285/1285
f 1285/1285 1286/1286 1287/1287
f 1286/1286 1288/1288 1287/1287
f 1287/1287 1288/1288 1289/1289
f 1288/1288 1290/1290 1289/1289
f 1289/1289 1290/1290 1291/1291
f 1290/1290 1292/1292 1291/1291
f 1291/1291 1292/1292 1293/1293
f 1292/1292 1294/1294 1293/1293
f 1293/1293 1294/1294 1295/1295
f 1294/1294 1296/1296 1295/1295
f 1295/1295 1296/1296 1297/1297
f 1296/1296 1298/1298 1297/1297
f 1297/1297 1298/1298 1299/1299
f 1298/1298 1300/1300 1299/1299
f 1299/1299 1300/1300 1301/1301
f 1300/1300 1302/1302 1301/1301
f 1301/1301 1302/1302 1303/1303
f 1302/1302 1304/1304 1303/1303
f 1303/1303 1304/1304 1305/1305
f 1304/1304 1306/1306 1305/1305
f 1305/1305 1306/1306 1307/1307
f 1306/1306 1308/1308 1307/1307
f 1307/1307 1308/1308 1309/1309
f 1308/1308 1310/1310 1309/1309
f 1309/1309 1310/1310 1311/1311
f 1310/1310 1312/1312 1311/1311
f 1311/1311 1312/1312 1313/1313
f 1312/1312 1314/1314 1313/1313
f 1313/1313 1314/1314 1315/1315
f 1314/1314 1316/1316 1315/1315
f 1315/1315 1316/1316 1317/1317
f 1316/1316 1318/1318 1317/1317
f 1317/1317 1318/1318 1319/1319
f 1318/1318 1320/1320 1319/1319
f 1319/1319 1320/1320 1321/1321
f 1320/1320 1322/1322 1321/1321
f 1321/1321 1322/1322 1323/1323
f 1322/1322 1324/1324 1323/1323
f 1323/1323 1324/1324 1325/1325
f 1324/1324 1326/1326 1325/1325
f 1325/1325 1326/1326 1327/1327
f 1326/1326 1328/1328 1327/1327
f 1327/1327 1328/1328 1329/1329
f 1328/1328 1330/1330 1329/1329
f 1329/1329 1330/1330 1331/1331
f 1330/1330 1332/1332 1331/1331
f 1331/1331 1332/1332 1333/1333
f 1332/1332 1334/1334 1333/1333
f 1333/1333 1334/1334 1335/1335
f 1334/1334 1336/1336 1335/1335
f 1335/1335 1336/1336 1337/1337
f 1336/1336 1338/1338 1337/1337
f 1337/1337 1338/1338 1339/1339
f 1338/1338 1340/1340 1339/1339
f 1339/1339 1340/1340 1341/1341
f 1340/1340 1342/1342 1341/1341
f 1341/1341 1342/1342 1343/1343
f 1342/1342 1344/1344 1343/1343
f 1343/1343 1344/1344 1345/1345
f 1344/1344 1346/1346 1345/1345
f 1345/1345 1346/1346 1347/1347
f 1346/1346 1348/1348 1347/1347
f 1347/1347 1348/1348 1349/1349
f 1348/1348 1350/1350 1349/1349
f 1349/1349 1350/1350 1351/1351
f 1350/1350 1352/1352 1351/1351
f 1351/1351 1352/1352 1353/1353
f 1352/1352 1354/1354 1353/1353
f 1353/1353 1354/1354 1355/1355
f 1354/1354 1356/1356 1355/1355
f 1355/1355 1356/1356 1357/1357
f 1356/1356 1358/1358 1357/1357
f 1357/1357 1358/1358 1359/1359
f 1358/1358 1360/1360 1359/1359
f 1359/1359 1360/1360 1361/1361
f 1360/1360 1362/1362 1361/1361
f 1361/1361 1362/1362 1363/1363
f 1362/1362 1364/1364 1363/1363
f 1363/1363 1364/1364 1365/1365
f 1364/1364 1366/1366 1365/1365
f 1365/1365 1366/1366 1367/1367
f 1366/1366 1368/1368 1367/1367
f 1367/1367 1368/1368 1369/1369
f 1368/1368 1370/1370 1369/1369
f 1369/1369 1370/1370 1371/1371
f 1370/1370 1372/1372 1371/1371
f 1371/1371 1372/1372 1373/1373
f 1372/1372 1374/1374 1373/1373
f 1373/1373 1374/1374 1375/1375
f 1374/1374 1376/1376 1375/1375
f 1375/1375 1376/1376 1377/1377
f 1376/1376 1378/1378 1377/1377
f 1377/1377 1378/1378 1379/1379
f 1378/1378 1380/1380 1379/1379
f 1379/1379 1380/1380 1381/1381
f 1380/1380 1382/1382 1381/1381
f 1381/1381 1382/1382 1383/1383
f 1382/1382 1384/1384 1383/1383
f 1383/1383 1384/1384 1385/1385
f 1384/1384 1386/1386 1385/1385
f 1385/1385 1386/1386 1387/1387
f 1386/1386 1388/1388 1387/1387
f 1387/1387 1388/1388 1389/1389
f 1388/1388 1390/1390 1389/1389
f 1389/1389 1390/1390 1391/1391
f 1390/1390 1392/1392 1391/1391
f 1391/1391 1392/1392 1393/1393
f 1392/1392 1394/1394 1393/1393
f 1393/1393 1394/1394 1395/1395
f 1394/1394 1396/1396 1395/1395
f 1395/1395 1396/1396 1397/1397
f 1396/1396 1398/1398 1397/1397
f 1397/1397 1398/1398 1399/1399
f 1398/1398 1400/1400 1399/1399
f 1399/1399 1400/1400 1401/1401
f 1400/1400 1402/1402 1401/1401
f 1401/1401 1402/1402 1403/1403
f 1402/1402 1404/1404 1403/1403
f 1403/1403 1404/1404 1405/1405
f 1404/1404 1406/1406 1405/1405
f 1405/1405 1406/1406 1407/1407
f 1406/1406 1408/1408 1407/1407
f 1407/1407 1408/1408 1409/1409
f 1408/1408 1410/1410 1409/1409
f 1409/1409 1410/1410 1411/1411
f 1410/1410 1412/1412 1411/1411
f 1411/1411 1412/1412 1413/1413
f 1412/1412 1414/1414 1413/1413
f 1413/1413 1414/1414 1415/1415
f 1414/1414 1416/1416 1415/1415
f 1415/1415 1416/1416 1417/1417
f 1416/1416 1418/1418 1417/1417
f 1417/1417 1418/1418 1419/1419
f 1418/1418 1420/1420 1419/1419
f 1419/1419 1420/1420 1421/1421
f 1420/1420 1422/1422 1421/1421
f 1421/1421 1422/1422 1423/1423
f 1422/1422 1424/1424 1423/1423
f 1423/1423 1424/1424 1425/1425
f 1424/1424 1426/1426 1425/1425
f 1425/1425 1426/1426 1427/1427
f 1426/1426 1428/1428 1427/1427
f 1427/1427 1428/1428 1429/1429
f 1428/1428 1430/1430 1429/1429
f 1429/1429 1430/1430 1431/1431
f 1430/1430 1432/1432 1431/1431
f 1431/1431 1432/1432 1433/1433
f 1432/1432 1434/1434 1433/1433
f 1433/1433 1434/1434 1435/1435
f 1434/1434 1436/1436 1435/1435
f 1435/1435 1436/1436 1437/1437
f 1436/1436 1438/1438 1437/1437
f 1437/1437 1438/1438 1439/1439
f 1438/1438 1440/1440 1439/1439
f 1439/1439 1440/1440 1441/1441
f 1440/1440 1442/1442 1441/1441
f 1441/1441 1442/1442 1443/1443
f 1442/1442 1444/1444 1443/1443
f 1443/1443 1444/1444 1445/1445
f 1444/1444 1446/1446 1445/1445
f 1445/1445 1446/1446 1447/1447
f 1446/1446 1448/1448 1447/1447
f 1447/1447 1448/1448 1449/1449
f 1448/1448 1450/1450 1449/1449
f 1449/1449 1450/1450 1451/1451
f 1450/1450 1452/1452 1451/1451
f 1451/1451 1452/1452 1453/1453
f 1452/1452 1454/1454 1453/1453
f 1453/1453 1454/1454 1455/1455
f 1454/1454 1456/1456 1455/1455
f 1455/1455 1456/1456 1457/1457
f 1456/1456 1458/1458 1457/1457
f 1457/1457 1458/1458 1459/1459
f 1458/1458 1460/1460 1459/1459
f 1459/1459 1460/1460 1461/1461
f 1460/1460 1462/1462 1461/1461
f 1461/1461 1462/1462 1463/1463
f 1462/1462 1464/1464 1463/1463
f 1463/1463 1464/1464 1465/1465
f 1464/1464 1466/1466 1465/1465
f 1465/1465 1466/1466 1467/1467
f 1466/1466 1468/1468 1467/1467
f 1467/1467 1468/1468 1469/1469
f 1468/1468 1470/1470 1469/1469
f 1469/1469 1470/1470 1471/1471
f 1470/1470 1472/1472 1471/1471
f 1471/1471 1472/1472 1473/1473
f 1472/1472 1474/1474 1473/1473
f 1473/1473 1474/1474 1475/1475
f 1474/1474 1476/1476 1475/1475
f 1475/1475 1476/1476 1477/1477
f 1476/1476 1478/1478 1477/1477
f 1477/1477 1478/1478 1479/1479
f 1478/1478 1480/1480 1479/1479
f 1479/1479 1480/1480 1481/1481
f 1480/1480 1482/1482 1481/1481
f 1481/1481 1482/1482 1483/1483
f 1482/1482 1484/1484 1483/1483
f 1483/1483 1484/1484 1485/1485
f 1484/1484 1486/1486 1485/1485
f 1485/1485 1486/1486 1487/1487
f 1486/1486 1488/1488 1487/1487
f 1487/1487 1488/1488 1489/1489
f 1488/1488 1490/1490 1489/1489
f 1489/1489 1490/1490 1491/1491
f 1490/1490 1492/1492 1491/1491
f 1491/1491 1492/1492 1493/1493
f 1492/1492 1494/1494 1493/1493
f 1493/1493 1494/1494 1495/1495
f 1494/1494 1496/1496 1495/1495
f 1495/1495 1496/1496 1497/1497
f 1496/1496 1498/1498 1497/1497
f 1497/1497 1498/1498 1499/1499
f 1498/1498 1500/1500 1499/1499
f 1499/1499 1500/1500 1501/1501
f 1500/1500 1502/1502 1501/1501
f 1501/1501 1502/1502 1503/1503
f 1502/1502 1504/1504 1503/1503
f 1503/1503 1504/1504 1505/1505
f 1504/1504 1506/1506 1505/1505
f 1505/1505 1506/1506 1507/1507
f 1506/1506 1508/1508 1507/1507
f 1507/1507 1508/1508 1509/1509
f 1508/1508 1510/1510 1509/1509
f 1509/1509 1510/1510 1511/1511
f 1510/1510 1512/1512 1511/1511
f 1511/1511 1512/1512 1513/1513
f 1512/1512 1514/1514 1513/1513
f 1513/1513 1514/1514 1515/1515
f 1514/1514 1516/1516 1515/1515
f 1515/1515 1516/1516 1517/1517
f 1516/1516 1518/1518 1517/1517
f 1517/1517 1518/1518 1519/1519
f 1518/1518 1520/1520 1519/1519
f 1519/1519 1520/1520 1521/1521
f 1520/1520 1522/1522 1521/1521
f 1521/1521 1522/1522 1523/1523
f 1522/1522 1524/1524 1523/1523
f 1523/1523 1524/1524 1525/1525
f 1524/1524 1526/1526 1525/1525
f 1525/1525 1526/1526 1527/1527
f 1526/1526 1528/1528 1527/1527
f 1527/1527 1528/1528 1529/1529
f 1528/1528 1530/1530 1529/1529
f 1529/1529 1530/1530 1531/1531
f 1530/1530 1532/1532 1531/1531
f 1531/1531 1532/1532 1533/1533
f 1532/1532 1534/1534 1533/1533
f 1533/1533 1534/1534 1535/1535
f 1534/1534 1536/1536 1535/1535
f 1535/1535 1536/1536 1537/1537
f 1536/1536 1538/1538 1537/1537
f 1537/1537 1538/1538 1539/1539
f 1538/1538 1540/1540 1539/1539
f 1539/1539 1540/1540 1541/1541
f 1540/1540 1542/1542 1541/1541
f 1541/1541 1542/1542 1543/1543
f 1542/1542 1544/1544 1543/1543
f 1543/1543 1544/1544 1545/1545
f 1544/1544 1546/1546 1545/1545
f 1545/1545 1546/1546 1547/1547
f 1546/1546 1548/1548 1547/1547
f 1547/1547 1548/1548 1549/1549
f 1548/1548 1550/1550 1549/1549
f 1549/1549 1550/1550 1551/1551
f 1550/1550 1552/1552 1551/1551
f 1551/1551 1552/1552 1553/1553
f 1552/1552 1554/1554 1553/1553
f 1553/1553 1554/1554 1555/1555
f 1554/1554 1556/1556 1555/1555
f 1555/1555 1556/1556 1557/1557
f 1556/1556 1558/1558 1557/1557
f 1557/1557 1558/1558 1559/1559
f 1558/1558 1560/1560 1559/1559
f 1559/1559 1560/1560 1561/1561
f 1560/1560 1562/1562 1561/1561
f 1561/1561 1562/1562 1563/1563
f 1562/1562 1564/1564 1563/1563
f 1563/1563 1564/1564 1565/1565
f 1564/1564 1566/1566 1565/1565
f 1565/1565 1566/1566 1567/1567
f 1566/1566 1568/1568 1567/1567
f 1567/1567 1568/1568 1569/1569
f 1568/1568 1570/1570 1569/1569
f 1569/1569 1570/1570 1571/1571
f 1570/1570 1572/1572 1571/1571
f 1571/1571 1572/1572 1573/1573
f 1572/1572 1574/1574 1573/1573
f 1573/1573 1574/1574 1575/1575
f 1574/1574 1576/1576 1575/1575
f 1575/1575 1576/1576 1577/1577
f 1576/1576 1578/1578 1577/1577
f 1577/1577 1578/1578 1579/1579
f 1578/1578 1580/1580 1579/1579
f 1579/1579 1580/1580 1581/1581
f 1580/1580 1582/1582 1581/1581
f 1581/1581 1582/1582 1583/1583
f 1582/1582 1584/1584 1583/1583
f 1583/1583 1584/1584 1585/1585
f 1584/1584 1586/1586 1585/1585
f 1585/1585 1586/1586 1587/1587
f 1586/1586 1588/1588 1587/1587
f 1587/1587 1588/1588 1589/1589
f 1588/1588 1590/1590 1589/1589
f 1589/1589 1590/1590 1591/1591
f 1590/1590 1592/1592 1591/1591
f 1591/1591 1592/1592 1593/1593
f 1592/1592 1594/1594 1593/1593
f 1593/1593 1594/1594 1595/1595
f 1594/1594 1596/1596 1595/1595
f 1595/1595 1596/1596 1597/1597
f 1596/1596 1598/1598 1597/1597
f 1597/1597 1598/1598 1599/1599
f 1598/1598 1600/1600 1599/1599
f 1599/1599 1600/1600 1601/1601
f 1600/1600 1602/1602 1601/1601
f 1601/1601 1602/1602 1603/1603
f 1602/1602 1604/1604 1603/1603
f 1603/1603 1604/1604 1605/1605
f 1604/1604 1606/1606 1605/1605
f 1605/1605 1606/1606 1607/1607
f 1606/1606 1608/1608 1607/1607
f 1607/1607 1608/1608 1609/1609
f 1608/1608 1610/1610 1609/1609
f 1609/1609 1610/1610 1611/1611
f 1610/1610 1612/1612 1611/1611
f 1611/1611 1612/1612 1613/1613
f 1612/1612 1614/1614 1613/1613
f 1613/1613 1614/1614 1615/1615
f 1614/1614 1616/1616 1615/1615
f 1615/1615 1616/1616 1617/1617
f 1616/1616 1618/1618 1617/1617
f 1617/1617 1618/1618 1619/1619
f 1618/1618 1620/1620 1619/1619
f 1619/1619 1620/1620 1621/1621
f 1620/1620 1622/1622 1621/1621
f 1621/1621 1622/1622 1623/1623
f 1622/1622 1624/1624 1623/1623
f 1623/1623 1624/1624 1625/1625
f 1624/1624 1626/1626 1625/1625
f 1625/1625 1626/1626 1627/1627
f 1626/1626 1628/1628 1627/1627
f 1627/1627 1628/1628 1629/1629
f 1628/1628 1630/1630 1629/1629
f 1629/1629 1630/1630 1631/1631
f 1630/1630 1632/1632 1631/1631
f 1631/1631 1632/1632 1633/1633
f 1632/1632 1634/1634 1633/1633
f 1633/1633 1634/1634 1635/1635
f 1634/1634 1636/1636 1635/1635
f 1635/1635 1636/1636 1637/1637
f 1636/1636 1638/1638 1637/1637
f 1637/1637 1638/1638 1639/1639
f 1638/1638 1640/1640 1639/1639
f 1639/1639 1640/1640 1641/1641
f 1640/1640 1642/1642 1641/1641
f 1641/1641 1642/1642 1643/1643
f 1642/1642 1644/1644 1643/1643
f 1643/1643 1644/1644 1645/1645
f 1644/1644 1646/1646 1645/1645
f 1645/1645 1646/1646 1647/1647
f 1646/1646 1648/1648 1647/1647
f 1647/1647 1648/1648 1649/1649
f 1648/1648 1650/1650 1649/1649
f 1649/1649 1650/1650 1651/1651
f 1650/1650 1652/1652 1651/1651
f 1651/1651 1652/1652 1653/1653
f 1652/1652 1654/1654 1653/1653
f 1653/1653 1654/1654 1655/1655
f 1654/1654 1656/1656 1655/1655
f 1655/1655 1656/1656 1657/1657
f 1656/1656 1658/1658 1657/1657
f 1657/1657 1658/1658 1659/1659
f 1658/1658 1660/1660 1659/1659
f 1659/1659 1660/1660 1661/1661
f 1660/1660 1662/1662 1661/1661
f 1661/1661 1662/1662 1663/1663
f 1662/1662 1664/1664 1663/1663
f 1663/1663 1664/1664 1665/1665
f 1664/1664 1666/1666 1665/1665
f 1665/1665 1666/1666 1667/1667
f 1666/1666 1668/1668 1667/1667
f 1667/1667 1668/1668 1669/1669
f 1668/1668 1670/1670 1669/1669
f 1669/1669 1670/1670 1671/1671
f 1670/1670 1672/1672 1671/1671
f 1671/1671 1672/1672 1673/1673
f 1672/1672 1674/1674 1673/1673
f 1673/1673 1674/1674 1675/1675
f 1674/1674 1676/1676 1675/1675
f 1675/1675 1676/1676 1677/1677
f 1676/1676 1678/1678 1677/1677
f 1677/1677 1678/1678 1679/1679
f 1678/1678 1680/1680 1679/1679
f 1679/1679 1680/1680 1681/1681
f 1680/1680 1682/1682 1681/1681
f 1681/1681 1682/1682 1683/1683
f 1682/1682 1684/1684 1683/1683
f 1683/1683 1684/1684 1685/1685
f 1684/1684 1686/1686 1685/1685
f 1685/1685 1686/1686 1687/1687
f 1686/1686 1688/1688 1687/1687
f 1687/1687 1688/1688 1689/1689
f 1688/1688 1690/1690 1689/1689
f 1689/1689 1690/1690 1691/1691
f 1690/1690 1692/1692 1691/1691
f 1691/1691 1692/1692 1693/1693
f 1692/1692 1694/1694 1693/1693
f 1693/1693 1694/1694 1695/1695
f 1694/1694 1696/1696 1695/1695
f 1695/1695 1696/1696 1697/1697
f 1696/1696 1698/1698 1697/1697
f 1697/1697 1698/1698 1699/1699
f 1698/1698 1700/1700 1699/1699
f 1699/1699 1700/1700 1701/1701
f 1700/1700 1702/1702 1701/1701
f 1701/1701 1702/1702 1703/1703
f 1702/1702 1704/1704 1703/1703
f 1703/1703 1704/1704 1705/1705
f 1704/1704 1706/1706 1705/1705
f 1705/1705 1706/1706 1707/1707
f 1706/1706 1708/1708 1707/1707
f 1707/1707 1708/1708 1709/1709
f 1708/1708 1710/1710 1709/1709
f 1709/1709 1710/1710 1711/1711
f 1710/1710 1712/1712 1711/1711
f 1711/1711 1712/1712 1713/1713
f 1712/1712 1714/1714 1713/1713
f 1713/1713 1714/1714 1715/1715
f 1714/1714 1716/1716 1715/1715
f 1715/1715 1716/1716 1717/1717
f 1716/1716 1718/1718 1717/1717
f 1717/1717 1718/1718 1719/1719
f 1718/1718 1720/1720 1719/1719
f 1719/1719 1720/1720 1721/1721
f 1720/1720 1722/1722 1721/1721
f 1721/1721 1722/1722 1723/1723
f 1722/1722 1724/1724 1723/1723
f 1723/1723 1724/1724 1725/1725
f 1724/1724 1726/1726 1725/1725
f 1725/1725 1726/1726 1727/1727
f 1726/1726 1728/1728 1727/1727
f 1727/1727 1728/1728 1729/1729
f 1728/1728 1730/1730 1729/1729
f 1729/1729 1730/1730 1731/1731
f 1730/1730 1732/1732 1731/1731
f 1731/1731 1732/1732 1733/1733
f 1732/1732 1734/1734 1733/1733
f 1733/1733 1734/1734 1735/1735
f 1734/1734 1736/1736 1735/1735
f 1735/1735 1736/1736 1737/1737
f 1736/1736 1738/1738 1737/1737
f 1737/1737 1738/1738 1739/1739
f 1738/1738 1740/1740 1739/1739
f 1739/1739 1740/1740 1741/1741
f 1740/1740 1742/1742 1741/1741
f 1741/1741 1742/1742 1743/1743
f 1742/1742 1744/1744 1743/1743
f 1743/1743 1744/1744 1745/1745
f 1744/1744 1746/1746 1745/1745
f 1745/1745 1746/1746 1747/1747
f 1746/1746 1748/1748 1747/1747
f 1747/1747 1748/1748 1749/1749
f 1748/1748 1750/1750 1749/1749
f 1749/1749 1750/1750 1751/1751
f 1750/1750 1752/1752 1751/1751
f 1751/1751 1752/1752 1753/1753
f 1752/1752 1754/1754 1753/1753
f 1753/1753 1754/1754 1755/1755
f 1754/1754 1756/1756 1755/1755
f 1755/1755 1756/1756 1757/1757
f 1756/1756 1758/1758 1757/1757
f 1757/1757 1758/1758 1759/1759
f 1758/1758 1760/1760 1759/1759
f 1759/1759 1760/1760 1761/1761
f 1760/1760 1762/1762 1761/1761
f 1761/1761 1762/1762 1763/1763
f 1762/1762 1764/1764 1763/1763
f 1763/1763 1764/1764 1765/1765
f 1764/1764 1766/1766 1765/1765
f 1765/1765 1766/1766 1767/1767
f 1766/1766 1768/1768 1767/1767
f 1767/1767 1768/1768 1769/1769
f 1768/1768 1770/1770 1769/1769
f 1769/1769 1770/1770 1771/1771
f 1770/1770 1772/1772 1771/1771
f 1771/1771 1772/1772 1773/1773
f 1772/1772 1774/1774 1773/1773
f 1773/1773 1774/1774 1775/1775
f 1774/1774 1776/1776 1775/1775
f 1775/1775 1776/1776 1777/1777
f 1776/1776 1778/1778 1777/1777
f 1777/1777 1778/1778 1779/1779
f 1778/1778 1780/1780 1779/1779
f 1779/1779 1780/1780 1781/1781
f 1780/1780 1782/1782 1781/1781
f 1781/1781 1782/1782 1783/1783
f 1782/1782 1784/1784 1783/1783
f 1783/1783 1784/1784 1785/1785
f 1784/1784 1786/1786 1785/1785
f 1785/1785 1786/1786 1787/1787
f 1786/1786 1788/1788 1787/1787
f 1787/1787 1788/1788 1789/1789
f 1788/1788 1790/1790 1789/1789
f 1789/1789 1790/1790 1791/1791
f 1790/1790 1792/1792 1791/1791
f 1791/1791 1792/1792 1793/1793
f 1792/1792 1794/1794 1793/1793
f 1793/1793 1794/1794 1795/1795
f 1794/1794 1796/1796 1795/1795
f 1795/1795 1796/1796 1797/1797
f 1796/1796 1798/1798 1797/1797
f 1797/1797 1798/1798 1799/1799
f 1798/1798 1800/1800 1799/1799
f 1799/1799 1800/1800 1801/1801
f 1800/1800 1802/1802 1801/1801
f 1801/1801 1802/1802 1803/1803
f 1802/1802 1804/1804 1803/1803
f 1803/1803 1804/1804 1805/1805
f 1804/1804 1806/1806 1805/1805
f 1805/1805 1806/1806 1807/1807
f 1806/1806 1808/1808 1807/1807
f 1807/1807 1808/1808 1809/1809
f 1808/1808 1810/1810 1809/1809
f 1809/1809 1810/1810 1811/1811
f 1810/1810 1812/1812 1811/1811
f 1811/1811 1812/1812 1813/1813
f 1812/1812 1814/1814 1813/1813
f 1813/1813 1814/1814 1815/1815
f 1814/1814 1816/1816 1815/1815
f 1815/1815 1816/1816 1817/1817
f 1816/1816 1818/1818 1817/1817
f 1817/1817 1818/1818 1819/1819
f 1818/1818 1820/1820 1819/1819
f 1819/1819 1820/1820 1821/1821
f 1820/1820 1822/1822 1821/1821
f 1821/1821 1822/1822 1823/1823
f 1822/1822 1824/1824 1823/1823
f 1823/1823 1824/1824 1825/1825
f 1824/1824 1826/1826 1825/1825
f 1825/1825 1826/1826 1827/1827
f 1826/1826 1828/1828 1827/1827
f 1827/1827 1828/1828 1829/1829
f 1828/1828 1830/1830 1829/1829
f 1829/1829 1830/1830 1831/1831
f 1830/1830 1832/1832 1831/1831
f 1831/1831 1832/1832 1833/1833
f 1832/1832 1834/1834 1833/1833
f 1833/1833 1834/1834 1835/1835
f 1834/1834 1836/1836 1835/1835
f 1835/1835 1836/1836 1837/1837
f 1836/1836 1838/1838 1837/1837
f 1837/1837 1838/1838 1839/1839
f 1838/1838 1840/1840 1839/1839
f 1839/1839 1840/1840 1841/1841
f 1840/1840 1842/1842 1841/1841
f 1841/1841 1842/1842 1843/1843
f 1842/1842 1844/1844 1843/1843
f 1843/1843 1844/1844 1845/1845
f 1844/1844 1846/1846 1845/1845
f 1845/1845 1846/1846 1847/1847
f 1846/1846 1848/1848 1847/1847
f 1847/1847 1848/1848 1849/1849
f 1848/1848 1850/1850 1849/1849
f 1849/1849 1850/1850 1851/1851
f 1850/1850 1852/1852 1851/1851
f 1851/1851 1852/1852 1853/1853
f 1852/1852 1854/1854 1853/1853
f 1853/1853 1854/1854 1855/1855
f 1854/1854 1856/1856 1855/1855
f 1855/1855 1856/1856 1857/1857
f 1856/1856 1858/1858 1857/1857
f 1857/1857 1858/1858 1859/1859
f 1858/1858 1860/1860 1859/1859
f 1859/1859 1860/1860 1861/1861
f 1860/1860 1862/1862 1861/1861
f 1861/1861 1862/1862 1863/1863
f 1862/1862 1864/1864 1863/1863
f 1863/1863 1864/1864 1865/1865
f 1864/1864 1866/1866 1865/1865
f 1865/1865 1866/1866 1867/1867
f 1866/1866 1868/1868 1867/1867
f 1867/1867 1868/1868 1869/1869
f 1868/1868 1870/1870 1869/1869
f 1869/1869 1870/1870 1871/1871
f 1870/1870 1872/1872 1871/1871
f 1871/1871 1872/1872 1873/1873
f 1872/1872 1874/1874 1873/1873
f 1873/1873 1874/1874 1875/1875
f 1874/1874 1876/1876 1875/1875
f 1875/1875 1876/1876 1877/1877
f 1876/1876 1878/1878 1877/1877
f 1877/1877 1878/1878 1879/1879
f 1878/1878 1880/1880 1879/1879
f 1879/1879 1880/1880 1881/1881
f 1880/1880 1882/1882 1881/1881
f 1881/1881 1882/1882 1883/1883
f 1882/1882 1884/1884 1883/1883
f 1883/1883 1884/1884 1885/1885
f 1884/1884 1886/1886 1885/1885
f 1885/1885 1886/1886 1887/1887
f 1886/1886 1888/1888 1887/1887
f 1887/1887 1888/1888 1889/1889
f 1888/1888 1890/1890 1889/1889
f 1889/1889 1890/1890 1891/1891
f 1890/1890 1892/1892 1891/1891
f 1891/1891 1892/1892 1893/1893
f 1892/1892 1894/1894 1893/1893
f 1893/1893 1894/1894 1895/1895
f 1894/1894 1896/1896 1895/1895
f 1895/1895 1896/1896 1897/1897
f 1896/1896 1898/1898 1897/1897
f 1897/1897 1898/1898 1899/1899
f 1898/1898 1900/1900 1899/1899
f 1899/1899 1900/1900 1901/1901
f 1900/1900 1902/1902 1901/1901
f 1901/1901 1902/1902 1903/1903
f 1902/1902 1904/1904 1903/1903
f 1903/1903 1904/1904 1905/1905
f 1904/1904 1906/1906 1905/1905
f 1905/1905 1906/1906 1907/1907
f 1906/1906 1908/1908 1907/1907
f 1907/1907 1908/1908 1909/1909
f 1908/1908 1910/1910 1909/1909
f 1909/1909 1910/1910 1911/1911
f 1910/1910 1912/1912 1911/1911
f 1911/1911 1912/1912 1913/1913
f 1912/1912 1914/1914 1913/1913
f 1913/1913 1914/1914 1915/1915
f 1914/1914 1916/1916 1915/1915
f 1915/1915 1916/1916 1917/1917
f 1916/1916 1918/1918 1917/1917
f 1917/1917 1918/1918 1919/1919
f 1918/1918 1920/1920 1919/1919
f 1919/1919 1920/1920 1921/1921
f 1920/1920 1922/1922 1921/1921
f 1921/1921 1922/1922 1923/1923
f 1922/1922 1924/1924 1923/1923
f 1923/1923 1924/1924 1925/1925
f 1924/1924 1926/1926 1925/1925
f 1925/1925 1926/1926 1927/1927
f 1926/1926 1928/1928 1927/1927
f 1927/1927 1928/1928 1929/1929
f 1928/1928 1930/1930 1929/1929
f 1929/1929 1930/1930 1931/1931
f 1930/1930 1932/1932 1931/1931
f 1931/1931 1932/1932 1933/1933
f 1932/1932 1934/1934 1933/1933
f 1933/1933 1934/1934 1935/1935
f 1934/1934 1936/1936 1935/1935
f 1935/1935 1936/1936 1937/1937
f 1936/1936 1938/1938 1937/1937
f 1937/1937 1938/1938 1939/1939
f 1938/1938 1940/1940 1939/1939
f 1939/1939 1940/1940 1941/1941
f 1940/1940 1942/1942 1941/1941
f 1941/1941 1942/1942 1943/1943
f 1942/1942 1944/1944 1943/1943
f 1943/1943 1944/1944 1945/1945
f 1944/1944 1946/1946 1945/1945
f 1945/1945 1946/1946 1947/1947
f 1946/1946 1948/1948 1947/1947
f 1947/1947 1948/1948 1949/1949
f 1948/1948 1950/1950 1949/1949
f 1949/1949 1950/1950 1951/1951
f 1950/1950 1952/1952 1951/1951
f 1951/1951 1952/1952 1953/1953
f 1952/1952 1954/1954 1953/1953
f 1953/1953 1954/1954 1955/1955
f 1954/1954 1956/1956 1955/1955
f 1955/1955 1956/1956 1957/1957
f 1956/1956 1958/1958 1957/1957
f 1957/1957 1958/1958 1959/1959
f 1958/1958 1960/1960 1959/1959
f 1959/1959 1960/1960 1961/1961
f 1960/1960 1962/1962 1961/1961
f 1961/1961 1962/1962 1963/1963
f 1962/1962 1964/1964 1963/1963
f 1963/1963 1964/1964 1965/1965
f 1964/1964 1966/1966 1965/1965
f 1965/1965 1966/1966 1967/1967
f 1966/1966 1968/1968 1967/1967
f 1967/1967 1968/1968 1969/1969
f 1968/1968 1970/1970 1969/1969
f 1969/1969 1970/1970 1971/1971
f 1970/1970 1972/1972 1971/1971
f 1971/1971 1972/1972 1973/1973
f 1972/1972 1974/1974 1973/1973
f 1973/1973 1974/1974 1975/1975
f 1974/1974 1976/1976 1975/1975
f 1975/1975 1976/1976 1977/1977
f 1976/1976 1978/1978 1977/1977
f 1977/1977 1978/1978 1979/1979
f 1978/1978 1980/1980 1979/1979
f 1979/1979 1980/1980 1981/1981
f 1980/1980 1982/1982 1981/1981
f 1981/1981 1982/1982 1983/1983
f 1982/1982 1984/1984 1983/1983
f 1983/1983 1984/1984 1985/1985
f 1984/1984 1986/1986 1985/1985
f 1985/1985 1986/1986 1987/1987
f 1986/1986 1988/1988 1987/1987
f 1987/1987 1988/1988 1989/1989
f 1988/1988 1990/1990 1989/1989
f 1989/1989 1990/1990 1991/1991
f 1990/1990 1992/1992 1991/1991
f 1991/1991 1992/1992 1993/1993
f 1992/1992 1994/1994 1993/1993
f 1993/1993 1994/1994 1995/1995
f 1994/1994 1996/1996 1995/1995
f 1995/1995 1996/1996 1997/1997
f 1996/1996 1998/1998 1997/1997
f 1997/1997 1998/1998 1999/1999
f 1998/1998 2000/2000 1999/1999
f 1999/1999 2000/2000 2001/2001
f 2000/2000 2002/2002 2001/2001
f 2001/2001 2002/2002 2003/2003
f 2002/2002 2004/2004 2003/2003
f 2003/2003 2004/2004 2005/2005
f 2004/2004 2006/2006 2005/2005
f 2005/2005 2006/2006 2007/2007
f 2006/2006 2008/2008 2007/2007
f 2007/2007 2008/2008 2009/2009
f 2008/2008 2010/2010 2009/2009
f 2009/2009 2010/2010 2011/2011
f 2010/2010 2012/2012 2011/2011
f 2011/2011 2012/2012 2013/2013
f 2012/2012 2014/2014 2013/2013
f 2013/2013 2014/2014 2015/2015
f 2014/2014 2016/2016 2015/2015
f 2015/2015 2016/2016 2017/2017
f 2016/2016 2018/2018 2017/2017
f 2017/2017 2018/2018 2019/2019
f 2018/2018 2020/2020 2019/2019
f 2019/2019 2020/2020 2021/2021
f 2020/2020 2022/2022 2021/2021
f 2021/2021 2022/2022 2023/2023
f 2022/2022 2024/2024 2023/2023
f 2023/2023 2024/2024 2025/2025
f 2024/2024 2026/2026 2025/2025
f 2025/2025 2026/2026 2027/2027
f 2026/2026 2028/2028 2027/2027
f 2027/2027 2028/2028 2029/2029
f 2028/2028 2030/2030 2029/2029
f 2029/2029 2030/2030 2031/2031
f 2030/2030 2032/2032 2031/2031
f 2031/2031 2032/2032 2033/2033
f 2032/2032 2034/2034 2033/2033
f 2033/2033 2034/2034 2035/2035
f 2034/2034 2036/2036 2035/2035
f 2035/2035 2036/2036 2037/2037
f 2036/2036 2038/2038 2037/2037
f 2037/2037 2038/2038 2039/2039
f 2038/2038 2040/2040 2039/2039
f 2039/2039 2040/2040 2041/2041
f 2040/2040 2042/2042 2041/2041
f 2041/2041 2042/2042 2043/2043
f 2042/2042 2044/2044 2043/2043
f 2043/2043 2044/2044 2045/2045
f 2044/2044 2046/2046 2045/2045
f 2045/2045 2046/2046 2047/2047
f 2046/2046 2048/2048 2047/2047
f 2047/2047 2048/2048 2049/2049
f 2048/2048 2050/2050 2049/2049
f 2049/2049 2050/2050 2051/2051
f 2050/2050 2052/2052 2051/2051
f 2051/2051 2052/2052 2053/2053
f 2052/2052 2054/2054 2053/2053
f 2053/2053 2054/2054 2055/2055
f 2054/2054 2056/2056 2055/2055
f 2055/2055 2056/2056 2057/2057
f 2056/2056 2058/2058 2057/2057
f 2057/2057 2058/2058 2059/2059
f 2058/2058 2060/2060 2059/2059
f 2059/2059 2060/2060 2061/2061
f 2060/2060 2062/2062 2061/2061
f 2061/2061 2062/2062 2063/2063
f 2062/2062 2064/2064 2063/2063
f 2063/2063 2064/2064 2065/2065
f 2064/2064 2066/2066 2065/2065
f 2065/2065 2066/2066 2067/2067
f 2066/2066 2068/2068 2067/2067
f 2067/2067 2068/2068 2069/2069
f 2068/2068 2070/2070 2069/2069
f 2069/2069 2070/2070 2071/2071
f 2070/2070 2072/2072 2071/2071
f 2071/2071 2072/2072 2073/2073
f 2072/2072 2074/2074 2073/2073
f 2073/2073 2074/2074 2075/2075
f 2074/2074 2076/2076 2075/2075
f 2075/2075 2076/2076 2077/2077
f 2076/2076 2078/2078 2077/2077
f 2077/2077 2078/2078 2079/2079
f 2078/2078 2080/2080 2079/2079
f 2079/2079 2080/2080 2081/2081
f 2080/2080 2082/2082 2081/2081
f 2081/2081 2082/2082 2083/2083
f 2082/2082 2084/2084 2083/2083
f 2083/2083 2084/2084 2085/2085
f 2084/2084 2086/2086 2085/2085
f 2085/2085 2086/2086 2087/2087
f 2086/2086 2088/2088 2087/2087
f 2087/2087 2088/2088 2089/2089
f 2088/2088 2090/2090 2089/2089
f 2089/2089 2090/2090 2091/2091
f 2090/2090 2092/2092 2091/2091
f 2091/2091 2092/2092 2093/2093
f 2092/2092 2094/2094 2093/2093
f 2093/2093 2094/2094 2095/2095
f 2094/2094 2096/2096 2095/2095
f 2095/2095 2096/2096 2097/2097
f 2096/2096 2098/2098 2097/2097
f 2097/2097 2098/2098 2099/2099
f 2098/2098 2100/2100 2099/2099
f 2099/2099 2100/2100 2101/2101
f 2100/2100 2102/2102 2101/2101
f 2101/2101 2102/2102 2103/2103
f 2102/2102 2104/2104 2103/2103
f 2103/2103 2104/2104 2105/2105
f 2104/2104 2106/2106 2105/2105
f 2105/2105 2106/2106 2107/2107
f 2106/2106 2108/2108 2107/2107
f 2107/2107 2108/2108 2109/2109
f 2108/2108 2110/2110 2109/2109
f 2109/2109 2110/2110 2111/2111
f 2110/2110 2112/2112 2111/2111
f 2111/2111 2112/2112 2113/2113
f 2112/2112 2114/2114 2113/2113
f 2113/2113 2114/2114 2115/2115
f 2114/2114 2116/2116 2115/2115
f 2115/2115 2116/2116 2117/2117
f 2116/2116 2118/2118 2117/2117
f 2117/2117 2118/2118 2119/2119
f 2118/2118 2120/2120 2119/2119
f 2119/2119 2120/2120 2121/2121
f 2120/2120 2122/2122 2121/2121
f 2121/2121 2122/2122 2123/2123
f 2122/2122 2124/2124 2123/2123
f 2123/2123 2124/2124 2125/2125
f 2124/2124 2126/2126 2125/2125
f 2125/2125 2126/2126 2127/2127
f 2126/2126 2128/2128 2127/2127
f 2127/2127 2128/2128 2129/2129
f 2128/2128 2130/2130 2129/2129
f 2129/2129 2130/2130 2131/2131
f 2130/2130 2132/2132 2131/2131
f 2131/2131 2132/2132 2133/2133
f 2132/2132 2134/2134 2133/2133
f 2133/2133 2134/2134 2135/2135
f 2134/2134 2136/2136 2135/2135
f 2135/2135 2136/2136 2137/2137
f 2136/2136 2138/2138 2137/2137
f 2137/2137 2138/2138 2139/2139
f 2138/2138 2140/2140 2139/2139
f 2139/2139 2140/2140 2141/2141
f 2140/2140 2142/2142 2141/2141
f 2141/2141 2142/2142 2143/2143
f 2142/2142 2144/2144 2143/2143
f 2143/2143 2144/2144 2145/2145
f 2144/2144 2146/2146 2145/2145
f 2145/2145 2146/2146 2147/2147
f 2146/2146 2148/2148 2147/2147
f 2147/2147 2148/2148 2149/2149
f 2148/2148 2150/2150 2149/2149
f 2149/2149 2150/2150 2151/2151
f 2150/2150 2152/2152 2151/2151
f 2151/2151 2152/2152 2153/2153
f 2152/2152 2154/2154 2153/2153
f 2153/2153 2154/2154 2155/2155
f 2154/2154 2156/2156 2155/2155
f 2155/2155 2156/2156 2157/2157
f 2156/2156 2158/2158 2157/2157
f 2157/2157 2158/2158 2159/2159
f 2158/2158 2160/2160 2159/2159
f 2159/2159 2160/2160 2161/2161
f 2160/2160 2162/2162 2161/2161
f 2161/2161 2162/2162 2163/2163
f 2162/2162 2164/2164 2163/2163
f 2163/2163 2164/2164 2165/2165
f 2164/2164 2166/2166 2165/2165
f 2165/2165 2166/2166 2167/2167
f 2166/2166 2168/2168 2167/2167
f 2167/2167 2168/2168 2169/2169
f 2168/2168 2170/2170 2169/2169
f 2169/2169 2170/2170 2171/2171
f 2170/2170 2172/2172 2171/2171
f 2171/2171 2172/2172 2173/2173
f 2172/2172 2174/2174 2173/2173
f 2173/2173 2174/2174 2175/2175
f 2174/2174 2176/2176 2175/2175
f 2175/2175 2176/2176 2177/2177
f 2176/2176 2178/2178 2177/2177
f 2177/2177 2178/2178 2179/2179
f 2178/2178 2180/2180 2179/2179
f 2179/2179 2180/2180 2181/2181
f 2180/2180 2182/2182 2181/2181
f 2181/2181 2182/2182 2183/2183
f 2182/2182 2184/2184 2183/2183
f 2183/2183 2184/2184 2185/2185
f 2184/2184 2186/2186 2185/2185
f 2185/2185 2186/2186 2187/2187
f 2186/2186 2188/2188 2187/2187
f 2187/2187 2188/2188 2189/2189
f 2188/2188 2190/2190 2189/2189
f 2189/2189 2190/2190 2191/2191
f 2190/2190 2192/2192 2191/2191
f 2191/2191 2192/2192 2193/2193
f 2192/2192 2194/2194 2193/2193
f 2193/2193 2194/2194 2195/2195
f 2194/2194 2196/2196 2195/2195
f 2195/2195 2196/2196 2197/2197
f 2196/2196 2198/2198 2197/2197
f 2197/2197 2198/2198 2199/2199
f 2198/2198 2200/2200 2199/2199
f 2199/2199 2200/2200 2201/2201
f 2200/2200 2202/2202 2201/2201
v 14750.000 6750.000 3.000
v 14750.000 13250.000 3.000
v 14750.000 6750.000 0.000
v 14750.000 13250.000 0.000
v -14750.000 13250.000 3.000
v -14750.000 6750.000 3.000
v -14750.000 13250.000 0.000
v -14750.000 6750.000 0.000
v -14750.000 13250.000 3.000
v 14750.000 13250.000 3.000
v -14750.000 6750.000 3.000
v 14750.000 6750.000 3.000
v -14750.000 6750.000 0.000
v 14750.000 6750.000 0.000
v -14750.000 13250.000 0.000
v 14750.000 13250.000 0.000
v -14750.000 6750.000 3.000
v 14750.000 6750.000 3.000
v -14750.000 6750.000 0.000
v 14750.000 6750.000 0.000
v 14750.000 13250.000 3.000
v -14750.000 13250.000 3.000
v 14750.000 13250.000 0.000
v -14750.000 13250.000 0.000
vt 0.00000 1.00000
vt 1.00000 1.00000
vt 0.00000 0.00000
vt 1.00000 0.00000
vt 0.00000 1.00000
vt 1.00000 1.00000
vt 0.00000 0.00000
vt 1.00000 0.00000
vt 0.00000 1.00000
vt 1.00000 1.00000
vt 0.00000 0.00000
vt 1.00000 0.00000
vt 0.00000 1.00000
vt 1.00000 1.00000
vt 0.00000 0.00000
vt 1.00000 0.00000
vt 0.00000 1.00000
vt 1.00000 1.00000
vt 0.00000 0.00000
vt 1.00000 0.00000
vt 0.00000 1.00000
vt 1.00000 1.00000
vt 0.00000 0.00000
vt 1.00000 0.00000
f 2203/2203 2205/2205 2204/2204
f 2205/2205 2206/2206 2204/2204
f 2207/2207 2209/2209 2208/2208
f 2209/2209 2210/2210 2208/2208
f 2211/2211 2213/2213 2212/2212
f 2213/2213 2214/2214 2212/2212
f 2215/2215 2217/2217 2216/2216
f 2217/2217 2218/2218 2216/2216
f 2219/2219 2221/2221 2220/2220
f 2221/2221 2222/2222 2220/2220
f 2223/2223 2225/2225 2224/2224
f 2225/2225 2226/2226 2224/2224