# RoadToF1 authored geometry. Centimetres, Z up.
v -13550.697 5605.677 2.800
v -13549.710 5597.738 2.800
v -13434.523 5619.048 2.800
v -13433.681 5611.092 2.800
v -13320.587 5630.323 2.800
v -13319.850 5622.357 2.800
v -13206.081 5640.073 2.800
v -13205.453 5632.098 2.800
v -13093.323 5648.389 2.800
v -13092.775 5640.408 2.800
v -12980.418 5655.551 2.800
v -12979.948 5647.565 2.800
v -12868.602 5661.732 2.800
v -12868.190 5653.742 2.800
v -12756.885 5667.051 2.800
v -12756.530 5659.058 2.800
v -12645.834 5671.693 2.800
v -12645.522 5663.699 2.800
v -12535.033 5675.705 2.800
v -12534.760 5667.710 2.800
v -12424.616 5679.258 2.800
v -12424.376 5671.261 2.800
v -12314.545 5682.368 2.800
v -12314.330 5674.371 2.800
v -12204.683 5685.184 2.800
v -12204.490 5677.187 2.800
v -12095.164 5687.714 2.800
v -12094.985 5679.716 2.800
v -11985.743 5690.067 2.800
v -11985.578 5682.069 2.800
v -11876.512 5692.245 2.800
v -11876.357 5684.246 2.800
v -11767.278 5694.296 2.800
v -11767.133 5686.298 2.800
v -11658.181 5696.223 2.800
v -11658.043 5688.224 2.800
v -11549.057 5698.050 2.800
v -11548.927 5690.051 2.800
v -11440.033 5699.780 2.800
v -11439.909 5691.781 2.800
v -11330.988 5701.427 2.800
v -11330.870 5693.428 2.800
v -11222.010 5702.996 2.800
v -11221.898 5694.997 2.800
v -11113.025 5704.493 2.800
v -11112.917 5696.494 2.800
v -11004.082 5705.926 2.800
v -11003.979 5697.927 2.800
v -10895.139 5707.297 2.800
v -10895.040 5699.298 2.800
v -10786.222 5708.612 2.800
v -10786.127 5700.613 2.800
v -10677.311 5709.872 2.800
v -10677.220 5701.873 2.800
v -10568.416 5711.084 2.800
v -10568.329 5703.084 2.800
v -10459.530 5712.246 2.800
v -10459.446 5704.247 2.800
v -10350.652 5713.366 2.800
v -10350.571 5705.366 2.800
v -10241.786 5714.441 2.800
v -10241.708 5706.441 2.800
v -10132.924 5715.477 2.800
v -10132.849 5707.478 2.800
v -10024.074 5716.474 2.800
v -10024.001 5708.474 2.800
v -9915.224 5717.435 2.800
v -9915.154 5709.435 2.800
v -9806.387 5718.360 2.800
v -9806.320 5710.360 2.800
v -9697.548 5719.252 2.800
v -9697.483 5711.252 2.800
v -9588.721 5720.111 2.800
v -9588.660 5712.112 2.800
v -9479.892 5720.940 2.800
v -9479.832 5712.940 2.800
v -9371.075 5721.739 2.800
v -9371.017 5713.739 2.800
v -9262.254 5722.509 2.800
v -9262.199 5714.509 2.800
v -9153.443 5723.251 2.800
v -9153.390 5715.251 2.800
v -9044.632 5723.966 2.800
v -9044.580 5715.966 2.800
v -8935.827 5724.656 2.800
v -8935.777 5716.656 2.800
v -8827.023 5725.320 2.800
v -8826.975 5717.320 2.800
v -8718.224 5725.960 2.800
v -8718.177 5717.960 2.800
v -8609.425 5726.577 2.800
v -8609.381 5718.577 2.800
v -8500.631 5727.171 2.800
v -8500.588 5719.171 2.800
v -8391.839 5727.742 2.800
v -8391.798 5719.742 2.800
v -8283.049 5728.292 2.800
v -8283.009 5720.293 2.800
v -8174.261 5728.821 2.800
v -8174.223 5720.821 2.800
v -8065.475 5729.330 2.800
v -8065.439 5721.330 2.800
v -7956.693 5729.819 2.800
v -7956.657 5721.819 2.800
v -7847.910 5730.288 2.800
v -7847.876 5722.288 2.800
v -7739.131 5730.738 2.800
v -7739.099 5722.739 2.800
v -7630.352 5731.170 2.800
v -7630.321 5723.170 2.800
v -7521.577 5731.584 2.800
v -7521.547 5723.584 2.800
v -7412.801 5731.980 2.800
v -7412.772 5723.980 2.800
v -7304.028 5732.359 2.800
v -7304.001 5724.359 2.800
v -7195.255 5732.721 2.800
v -7195.229 5724.721 2.800
v -7086.485 5733.067 2.800
v -7086.460 5725.066 2.800
v -6977.715 5733.395 2.800
v -6977.691 5725.396 2.800
v -6868.947 5733.709 2.800
v -6868.925 5725.709 2.800
v -6760.180 5734.007 2.800
v -6760.159 5726.006 2.800
v -6651.414 5734.289 2.800
v -6651.393 5726.289 2.800
v -6542.649 5734.556 2.800
v -6542.630 5726.556 2.800
v -6433.885 5734.808 2.800
v -6433.867 5726.809 2.800
v -6325.122 5735.046 2.800
v -6325.105 5727.047 2.800
v -6216.360 5735.270 2.800
v -6216.344 5727.270 2.800
v -6107.599 5735.480 2.800
v -6107.584 5727.480 2.800
v -5998.839 5735.676 2.800
v -5998.825 5727.676 2.800
v -5890.080 5735.858 2.800
v -5890.067 5727.858 2.800
v -5781.321 5736.027 2.800
v -5781.309 5728.027 2.800
v -5672.564 5736.183 2.800
v -5672.553 5728.183 2.800
v -5563.807 5736.325 2.800
v -5563.797 5728.325 2.800
v -5455.051 5736.455 2.800
v -5455.042 5728.455 2.800
v -5346.295 5736.573 2.800
v -5346.286 5728.572 2.800
v -5237.540 5736.677 2.800
v -5237.533 5728.677 2.800
v -5128.785 5736.770 2.800
v -5128.779 5728.770 2.800
v -5020.032 5736.850 2.800
v -5020.026 5728.850 2.800
v -4911.279 5736.918 2.800
v -4911.274 5728.918 2.800
v -4802.526 5736.975 2.800
v -4802.523 5728.975 2.800
v -4693.774 5737.019 2.800
v -4693.771 5729.019 2.800
v -4585.023 5737.052 2.800
v -4585.021 5729.052 2.800
v -4476.272 5737.074 2.800
v -4476.271 5729.074 2.800
v -4367.521 5737.084 2.800
v -4367.521 5729.084 2.800
v -4258.771 5737.083 2.800
v -4258.772 5729.083 2.800
v -4150.021 5737.070 2.800
v -4150.023 5729.071 2.800
v -4041.272 5737.047 2.800
v -4041.275 5729.047 2.800
v -3932.523 5737.013 2.800
v -3932.526 5729.013 2.800
v -3823.775 5736.968 2.800
v -3823.779 5728.968 2.800
v -3715.027 5736.912 2.800
v -3715.031 5728.912 2.800
v -3606.279 5736.845 2.800
v -3606.285 5728.846 2.800
v -3497.532 5736.768 2.800
v -3497.538 5728.769 2.800
v -3388.785 5736.681 2.800
v -3388.792 5728.681 2.800
v -3280.038 5736.583 2.800
v -3280.046 5728.583 2.800
v -3171.292 5736.474 2.800
v -3171.300 5728.474 2.800
v -3062.545 5736.356 2.800
v -3062.555 5728.355 2.800
v -2953.800 5736.226 2.800
v -2953.809 5728.226 2.800
v -2845.054 5736.087 2.800
v -2845.065 5728.087 2.800
v -2736.308 5735.938 2.800
v -2736.320 5727.938 2.800
v -2627.563 5735.778 2.800
v -2627.575 5727.779 2.800
v -2518.818 5735.609 2.800
v -2518.831 5727.609 2.800
v -2410.073 5735.430 2.800
v -2410.087 5727.430 2.800
v -2301.329 5735.241 2.800
v -2301.343 5727.240 2.800
v -2192.584 5735.041 2.800
v -2192.599 5727.041 2.800
v -2083.840 5734.832 2.800
v -2083.856 5726.832 2.800
v -1975.096 5734.613 2.800
v -1975.112 5726.613 2.800
v -1866.352 5734.385 2.800
v -1866.369 5726.384 2.800
v -1757.608 5734.146 2.800
v -1757.626 5726.146 2.800
v -1648.864 5733.898 2.800
v -1648.882 5725.898 2.800
v -1540.120 5733.640 2.800
v -1540.139 5725.640 2.800
v -1431.376 5733.372 2.800
v -1431.397 5725.372 2.800
v -1322.633 5733.094 2.800
v -1322.654 5725.094 2.800
v -1213.889 5732.807 2.800
v -1213.911 5724.807 2.800
v -1105.146 5732.510 2.800
v -1105.168 5724.510 2.800
v -996.402 5732.204 2.800
v -996.425 5724.204 2.800
v -887.659 5731.887 2.800
v -887.683 5723.888 2.800
v -778.916 5731.562 2.800
v -778.940 5723.561 2.800
v -670.172 5731.226 2.800
v -670.197 5723.226 2.800
v -561.429 5730.880 2.800
v -561.454 5722.881 2.800
v -452.685 5730.525 2.800
v -452.712 5722.525 2.800
v -343.942 5730.161 2.800
v -343.969 5722.160 2.800
v -235.198 5729.786 2.800
v -235.226 5721.786 2.800
v -126.454 5729.401 2.800
v -126.483 5721.401 2.800
v -17.710 5729.007 2.800
v -17.740 5721.007 2.800
v 91.034 5728.603 2.800
v 91.003 5720.603 2.800
v 199.777 5728.189 2.800
v 199.747 5720.189 2.800
v 308.522 5727.765 2.800
v 308.490 5719.765 2.800
v 417.266 5727.331 2.800
v 417.234 5719.331 2.800
v 526.011 5726.887 2.800
v 525.977 5718.887 2.800
v 634.755 5726.433 2.800
v 634.721 5718.433 2.800
v 743.500 5725.969 2.800
v 743.465 5717.968 2.800
v 852.245 5725.494 2.800
v 852.210 5717.494 2.800
v 960.990 5725.009 2.800
v 960.954 5717.009 2.800
v 1069.736 5724.514 2.800
v 1069.699 5716.514 2.800
v 1178.482 5724.009 2.800
v 1178.444 5716.009 2.800
v 1287.228 5723.493 2.800
v 1287.190 5715.493 2.800
v 1395.974 5722.966 2.800
v 1395.935 5714.966 2.800
v 1504.721 5722.429 2.800
v 1504.681 5714.429 2.800
v 1613.468 5721.881 2.800
v 1613.428 5713.881 2.800
v 1722.216 5721.322 2.800
v 1722.175 5713.322 2.800
v 1830.964 5720.752 2.800
v 1830.922 5712.752 2.800
v 1939.713 5720.171 2.800
v 1939.669 5712.171 2.800
v 2048.461 5719.578 2.800
v 2048.417 5711.578 2.800
v 2157.211 5718.975 2.800
v 2157.166 5710.975 2.800
v 2265.961 5718.359 2.800
v 2265.915 5710.360 2.800
v 2374.712 5717.732 2.800
v 2374.665 5709.732 2.800
v 2483.462 5717.094 2.800
v 2483.415 5709.094 2.800
v 2592.214 5716.443 2.800
v 2592.166 5708.443 2.800
v 2700.966 5715.780 2.800
v 2700.917 5707.780 2.800
v 2809.720 5715.104 2.800
v 2809.670 5707.104 2.800
v 2918.473 5714.417 2.800
v 2918.422 5706.417 2.800
v 3027.228 5713.716 2.800
v 3027.176 5705.716 2.800
v 3135.984 5713.002 2.800
v 3135.931 5705.002 2.800
v 3244.740 5712.275 2.800
v 3244.687 5704.275 2.800
v 3353.498 5711.535 2.800
v 3353.443 5703.535 2.800
v 3462.256 5710.780 2.800
v 3462.200 5702.781 2.800
v 3571.016 5710.012 2.800
v 3570.959 5702.012 2.800
v 3679.776 5709.230 2.800
v 3679.718 5701.230 2.800
v 3788.539 5708.432 2.800
v 3788.480 5700.433 2.800
v 3897.302 5707.620 2.800
v 3897.242 5699.620 2.800
v 4006.068 5706.792 2.800
v 4006.006 5698.792 2.800
v 4114.833 5705.949 2.800
v 4114.770 5697.949 2.800
v 4223.602 5705.089 2.800
v 4223.539 5697.089 2.800
v 4332.370 5704.213 2.800
v 4332.306 5696.213 2.800
v 4441.144 5703.319 2.800
v 4441.077 5695.319 2.800
v 4549.916 5702.408 2.800
v 4549.848 5694.408 2.800
v 4658.693 5701.479 2.800
v 4658.624 5693.479 2.800
v 4767.470 5700.531 2.800
v 4767.399 5692.531 2.800
v 4876.252 5699.563 2.800
v 4876.180 5691.563 2.800
v 4985.034 5698.575 2.800
v 4984.961 5690.576 2.800
v 5093.821 5697.567 2.800
v 5093.746 5689.567 2.800
v 5202.611 5696.537 2.800
v 5202.534 5688.537 2.800
v 5311.404 5695.484 2.800
v 5311.326 5687.484 2.800
v 5420.202 5694.408 2.800
v 5420.122 5686.408 2.800
v 5529.002 5693.306 2.800
v 5528.921 5685.307 2.800
v 5637.811 5692.180 2.800
v 5637.727 5684.180 2.800
v 5746.620 5691.026 2.800
v 5746.534 5683.026 2.800
v 5855.442 5689.843 2.800
v 5855.354 5681.844 2.800
v 5964.262 5688.630 2.800
v 5964.172 5680.631 2.800
v 6073.100 5687.386 2.800
v 6073.007 5679.386 2.800
v 6181.934 5686.107 2.800
v 6181.839 5678.107 2.800
v 6290.794 5684.791 2.800
v 6290.695 5676.792 2.800
v 6399.646 5683.437 2.800
v 6399.545 5675.438 2.800
v 6508.531 5682.039 2.800
v 6508.427 5674.040 2.800
v 6617.412 5680.597 2.800
v 6617.304 5672.597 2.800
v 6726.333 5679.101 2.800
v 6726.221 5671.102 2.800
v 6835.258 5677.552 2.800
v 6835.143 5669.553 2.800
v 6944.228 5675.936 2.800
v 6944.108 5667.937 2.800
v 7053.233 5674.253 2.800
v 7053.107 5666.254 2.800
v 7162.301 5672.477 2.800
v 7162.167 5664.478 2.800
v 7271.441 5670.607 2.800
v 7271.300 5662.608 2.800
v 7380.655 5668.606 2.800
v 7380.504 5660.608 2.800
v 7489.964 5666.471 2.800
v 7489.801 5658.473 2.800
v 7599.316 5664.168 2.800
v 7599.142 5656.170 2.800
v 7708.800 5661.689 2.800
v 7708.611 5653.691 2.800
v 7818.295 5659.002 2.800
v 7818.092 5651.004 2.800
v 7927.962 5656.094 2.800
v 7927.740 5648.097 2.800
v 8037.605 5652.937 2.800
v 8037.365 5644.940 2.800
v 8147.458 5649.509 2.800
v 8147.198 5641.513 2.800
v 8257.253 5645.791 2.800
v 8256.972 5637.796 2.800
v 8367.285 5641.750 2.800
v 8366.978 5633.756 2.800
v 8477.251 5637.373 2.800
v 8476.920 5629.380 2.800
v 8587.446 5632.618 2.800
v 8587.086 5624.627 2.800
v 8697.602 5627.480 2.800
v 8697.215 5619.489 2.800
v 8807.958 5621.904 2.800
v 8807.539 5613.916 2.800
v 8918.313 5615.892 2.800
v 8917.861 5607.905 2.800
v 9028.827 5609.385 2.800
v 9028.339 5601.399 2.800
v 9139.381 5602.380 2.800
v 9138.856 5594.398 2.800
v 9250.044 5594.821 2.800
v 9249.480 5586.841 2.800
v 9360.792 5586.702 2.800
v 9360.185 5578.725 2.800
v 9471.599 5577.966 2.800
v 9470.949 5569.992 2.800
v 9582.525 5568.600 2.800
v 9581.828 5560.630 2.800
v 9693.453 5558.558 2.800
v 9692.709 5550.593 2.800
v 9804.514 5547.819 2.800
v 9803.718 5539.859 2.800
v 9915.510 5536.354 2.800
v 9914.662 5528.399 2.800
v 10026.657 5524.125 2.800
v 10025.754 5516.177 2.800
v 10137.672 5511.127 2.800
v 10136.715 5503.185 2.800
v 10248.891 5497.295 2.800
v 10247.873 5489.360 2.800
v 10359.929 5482.642 2.800
v 10358.852 5474.715 2.800
v 10471.188 5467.075 2.800
v 10470.046 5459.156 2.800
v 10582.264 5450.622 2.800
v 10581.059 5442.713 2.800
v 10693.533 5433.169 2.800
v 10692.258 5425.272 2.800
v 10804.658 5414.748 2.800
v 10803.314 5406.862 2.800
v 10915.917 5395.235 2.800
v 10914.498 5387.362 2.800
v 11027.087 5374.650 2.800
v 11025.591 5366.791 2.800
v 11138.310 5352.868 2.800
v 11136.732 5345.026 2.800
v 11249.519 5329.887 2.800
v 11247.855 5322.062 2.800
v 11360.673 5305.593 2.800
v 11358.922 5297.787 2.800
v 11471.915 5279.933 2.800
v 11470.068 5272.149 2.800
v 11582.957 5252.833 2.800
v 11581.012 5245.073 2.800
v 11694.222 5224.150 2.800
v 11692.170 5216.418 2.800
v 11804.807 5194.011 2.800
v 11802.653 5186.307 2.800
v 11917.055 5161.576 2.800
v 11914.760 5153.912 2.800
v 12028.276 5127.247 2.800
v 12025.849 5119.624 2.800
v 12142.035 5089.542 2.800
v 12139.418 5081.982 2.800
v 12254.370 5049.183 2.800
v 12251.574 5041.688 2.800
v 12367.271 5005.279 2.800
v 12364.267 4997.865 2.800
v 12478.735 4958.353 2.800
v 12475.528 4951.024 2.800
v 12589.699 4907.829 2.800
v 12586.276 4900.598 2.800
v 12699.154 4854.036 2.800
v 12695.518 4846.910 2.800
v 12807.378 4796.684 2.800
v 12803.523 4789.674 2.800
v 12913.878 4735.962 2.800
v 12909.807 4729.075 2.800
v 13018.622 4671.777 2.800
v 13014.334 4665.023 2.800
v 13121.358 4604.248 2.800
v 13116.856 4597.635 2.800
v 13221.948 4533.401 2.800
v 13217.238 4526.936 2.800
v 13320.222 4459.353 2.800
v 13315.306 4453.042 2.800
v 13416.075 4382.164 2.800
v 13410.957 4376.014 2.800
v 13509.326 4302.005 2.800
v 13504.015 4296.022 2.800
v 13599.948 4218.914 2.800
v 13594.447 4213.105 2.800
v 13687.764 4133.120 2.800
v 13682.085 4127.487 2.800
v 13772.768 4044.669 2.800
v 13766.914 4039.216 2.800
v 13854.861 3953.759 2.800
v 13848.842 3948.491 2.800
v 13934.016 3860.475 2.800
v 13927.840 3855.392 2.800
v 14010.201 3764.966 2.800
v 14003.873 3760.073 2.800
v 14083.434 3667.252 2.800
v 14076.961 3662.550 2.800
v 14153.725 3567.322 2.800
v 14147.112 3562.819 2.800
v 14220.705 3465.829 2.800
v 14213.965 3461.519 2.800
v 14284.427 3363.232 2.800
v 14277.573 3359.106 2.800
v 14346.793 3255.532 2.800
v 14339.798 3251.651 2.800
v 14404.955 3146.852 2.800
v 14397.836 3143.201 2.800
v 14462.126 3028.222 2.800
v 14454.829 3024.943 2.800
v 14512.901 2907.422 2.800
v 14505.450 2904.512 2.800
v 14558.099 2781.142 2.800
v 14550.494 2778.662 2.800
v 14596.262 2651.353 2.800
v 14588.522 2649.331 2.800
v 14626.678 2517.419 2.800
v 14618.825 2515.898 2.800
v 14648.543 2379.434 2.800
v 14640.602 2378.463 2.800
v 14660.640 2239.212 2.800
v 14652.649 2238.814 2.800
v 14662.222 2095.873 2.800
v 14654.225 2096.096 2.800
v 14652.458 1951.728 2.800
v 14644.504 1952.592 2.800
v 14630.673 1807.543 2.800
v 14622.820 1809.066 2.800
v 14596.593 1664.685 2.800
v 14588.898 1666.875 2.800
v 14550.450 1525.382 2.800
v 14542.970 1528.220 2.800
v 14492.494 1390.403 2.800
v 14485.284 1393.871 2.800
v 14423.785 1261.637 2.800
v 14416.890 1265.695 2.800
v 14345.126 1139.734 2.800
v 14338.585 1144.340 2.800
v 14257.739 1025.507 2.800
v 14251.582 1030.614 2.800
v 14162.794 919.485 2.800
v 14157.039 925.041 2.800
v 14061.072 821.573 2.800
v 14055.736 827.534 2.800
v 13953.252 731.738 2.800
v 13948.352 738.062 2.800
v 13840.382 650.463 2.800
v 13835.925 657.107 2.800
v 13724.828 577.922 2.800
v 13720.792 584.830 2.800
v 13607.997 514.166 2.800
v 13604.347 521.284 2.800
v 13493.420 458.282 2.800
v 13490.073 465.548 2.800
v 13376.999 407.597 2.800
v 13373.952 414.993 2.800
v 13259.880 361.881 2.800
v 13257.118 369.388 2.800
v 13142.064 320.957 2.800
v 13139.572 328.559 2.800
v 13022.951 284.255 2.800
v 13020.732 291.941 2.800
v 12903.790 252.016 2.800
v 12901.826 259.771 2.800
v 12783.421 223.711 2.800
v 12781.719 231.528 2.800
v 12663.278 199.501 2.800
v 12661.820 207.367 2.800
v 12542.457 179.065 2.800
v 12541.243 186.972 2.800
v 12421.895 162.342 2.800
v 12420.912 170.281 2.800
v 12301.221 149.181 2.800
v 12300.465 157.145 2.800
v 12180.791 139.376 2.800
v 12180.252 147.357 2.800
v 12060.786 132.850 2.800
v 12060.453 140.843 2.800
v 11940.968 129.332 2.800
v 11940.834 137.331 2.800
v 11822.124 128.738 2.800
v 11822.173 136.738 2.800
v 11703.329 130.800 2.800
v 11703.559 138.796 2.800
v 11586.155 135.337 2.800
v 11586.538 143.328 2.800
v 11468.761 142.166 2.800
v 11469.304 150.148 2.800
v 11353.750 150.881 2.800
v 11354.411 158.854 2.800
v 11238.323 161.467 2.800
v 11239.113 169.428 2.800
v 11126.279 173.106 2.800
v 11127.139 181.059 2.800
v 11013.921 185.889 2.800
v 11014.859 193.833 2.800
v 10904.241 199.064 2.800
v 10905.211 207.005 2.800
v 10794.267 212.787 2.800
v 10795.274 220.723 2.800
v 10685.140 226.796 2.800
v 10686.172 234.729 2.800
v 10576.043 241.155 2.800
v 10577.097 249.085 2.800
v 10467.301 255.735 2.800
v 10468.374 263.663 2.800
v 10358.665 270.561 2.800
v 10359.755 278.486 2.800
v 10250.203 285.562 2.800
v 10251.307 293.485 2.800
v 10141.869 300.741 2.800
v 10142.984 308.663 2.800
v 10033.618 316.060 2.800
v 10034.745 323.981 2.800
v 9925.503 331.510 2.800
v 9926.639 339.429 2.800
v 9817.422 347.072 2.800
v 9818.566 354.989 2.800
v 9709.479 362.726 2.800
v 9710.630 370.642 2.800
v 9601.537 378.468 2.800
v 9602.695 386.384 2.800
v 9493.739 394.270 2.800
v 9494.901 402.185 2.800
v 9385.920 410.138 2.800
v 9387.086 418.052 2.800
v 9278.243 426.036 2.800
v 9279.413 433.950 2.800
v 9170.545 441.977 2.800
v 9171.717 449.890 2.800
v 9062.978 457.920 2.800
v 9064.151 465.833 2.800
v 8955.408 473.878 2.800
v 8956.581 481.791 2.800
v 8847.954 489.808 2.800
v 8849.126 497.722 2.800
v 8740.528 505.719 2.800
v 8741.698 513.633 2.800
v 8633.203 521.566 2.800
v 8634.370 529.480 2.800
v 8525.974 537.345 2.800
v 8527.135 545.260 2.800
v 8418.834 553.003 2.800
v 8419.987 560.919 2.800
v 8311.926 568.514 2.800
v 8313.067 576.432 2.800
v 8205.223 583.780 2.800
v 8206.348 591.700 2.800
v 8098.510 598.834 2.800
v 8099.619 606.756 2.800
v 7991.814 613.645 2.800
v 7992.905 621.570 2.800
v 7885.106 628.218 2.800
v 7886.179 636.146 2.800
v 7778.368 642.549 2.800
v 7779.423 650.479 2.800
v 7671.636 656.630 2.800
v 7672.673 664.562 2.800
v 7564.866 670.461 2.800
v 7565.884 678.395 2.800
v 7458.102 684.033 2.800
v 7459.101 691.970 2.800
v 7351.298 697.348 2.800
v 7352.278 705.288 2.800
v 7244.494 710.398 2.800
v 7245.454 718.340 2.800
v 7137.652 723.184 2.800
v 7138.593 731.129 2.800
v 7030.801 735.702 2.800
v 7031.722 743.649 2.800
v 6923.917 747.951 2.800
v 6924.818 755.900 2.800
v 6817.015 759.928 2.800
v 6817.896 767.879 2.800
v 6710.080 771.634 2.800
v 6710.941 779.588 2.800
v 6603.120 783.069 2.800
v 6603.960 791.025 2.800
v 6496.121 794.233 2.800
v 6496.941 802.191 2.800
v 6389.094 805.128 2.800
v 6389.894 813.088 2.800
v 6282.011 815.759 2.800
v 6282.792 823.721 2.800
v 6174.903 826.128 2.800
v 6175.664 834.092 2.800
v 6067.697 836.247 2.800
v 6068.440 844.212 2.800
v 5960.485 846.120 2.800
v 5961.209 854.087 2.800
v 5853.069 855.775 2.800
v 5853.778 863.744 2.800
v 5745.690 865.217 2.800
v 5746.383 873.187 2.800
v 5637.898 874.513 2.800
v 5638.581 882.484 2.800
v 5530.120 883.692 2.800
v 5530.794 891.664 2.800
v 5422.287 892.748 2.800
v 5422.953 900.720 2.800
v 5314.451 901.686 2.800
v 5315.107 909.659 2.800
v 5206.656 910.492 2.800
v 5207.302 918.466 2.800
v 5098.847 919.168 2.800
v 5099.483 927.142 2.800
v 4991.081 927.697 2.800
v 4991.707 935.673 2.800
v 4883.315 936.083 2.800
v 4883.930 944.059 2.800
v 4775.591 944.305 2.800
v 4776.194 952.283 2.800
v 4667.887 952.365 2.800
v 4668.478 960.344 2.800
v 4560.221 960.241 2.800
v 4560.798 968.220 2.800
v 4452.609 967.929 2.800
v 4453.172 975.909 2.800
v 4345.022 975.405 2.800
v 4345.569 983.386 2.800
v 4237.548 982.659 2.800
v 4238.078 990.641 2.800
v 4130.074 989.663 2.800
v 4130.586 997.647 2.800
v 4022.823 996.393 2.800
v 4023.312 1004.378 2.800
v 3915.516 1002.822 2.800
v 3915.984 1010.809 2.800
v 3808.657 1008.893 2.800
v 3809.095 1016.881 2.800
v 3701.609 1014.589 2.800
v 3702.020 1022.578 2.800
v 3595.573 1019.760 2.800
v 3595.938 1027.751 2.800
v 3489.218 1024.381 2.800
v 3489.543 1032.374 2.800
v 3384.374 1028.217 2.800
v 3384.631 1036.213 2.800
v 3279.236 1031.202 2.800
v 3279.430 1039.199 2.800
v 3174.864 1033.228 2.800
v 3174.981 1041.228 2.800
v 3070.397 1034.267 2.800
v 3070.438 1042.267 2.800
v 2966.316 1034.253 2.800
v 2966.274 1042.253 2.800
v 2862.254 1033.171 2.800
v 2862.128 1041.170 2.800
v 2758.419 1030.974 2.800
v 2758.207 1038.971 2.800
v 2654.665 1027.655 2.800
v 2654.365 1035.649 2.800
v 2551.066 1023.180 2.800
v 2550.677 1031.170 2.800
v 2447.590 1017.546 2.800
v 2447.109 1025.531 2.800
v 2344.238 1010.725 2.800
v 2343.665 1018.705 2.800
v 2241.032 1002.720 2.800
v 2240.367 1010.693 2.800
v 2137.946 993.511 2.800
v 2137.188 1001.475 2.800
v 2035.017 983.101 2.800
v 2034.165 991.055 2.800
v 1932.221 971.478 2.800
v 1931.276 979.422 2.800
v 1829.572 958.646 2.800
v 1828.533 966.578 2.800
v 1727.085 944.604 2.800
v 1725.953 952.524 2.800
v 1624.717 929.355 2.800
v 1623.492 937.260 2.800
v 1522.537 912.907 2.800
v 1521.220 920.798 2.800
v 1420.437 895.268 2.800
v 1419.030 903.143 2.800
v 1318.501 876.450 2.800
v 1317.005 884.309 2.800
v 1216.616 856.487 2.800
v 1215.034 864.329 2.800
v 1114.707 835.356 2.800
v 1113.044 843.181 2.800
v 1012.641 813.174 2.800
v 1010.903 820.983 2.800
v 910.293 789.912 2.800
v 908.490 797.707 2.800
v 807.477 765.767 2.800
v 805.619 773.548 2.800
v 704.735 740.865 2.800
v 702.826 748.634 2.800
v 601.925 715.266 2.800
v 599.968 723.023 2.800
v 499.317 689.029 2.800
v 497.311 696.773 2.800
v 396.780 662.140 2.800
v 394.727 669.872 2.800
v 294.720 634.682 2.800
v 292.615 642.400 2.800
v 192.675 606.509 2.800
v 190.520 614.214 2.800
v 91.826 577.862 2.800
v 89.606 585.548 2.800
v -9.489 548.275 2.800
v -11.764 555.944 2.800
v -106.450 518.688 2.800
v -108.851 526.319 2.800
v -203.836 487.439 2.800
v -206.346 495.034 2.800
v -294.374 456.086 2.800
v -297.104 463.606 2.800
v -384.668 422.008 2.800
v -387.601 429.451 2.800
v -471.118 386.200 2.800
v -474.302 393.539 2.800
v -556.037 347.662 2.800
v -559.474 354.887 2.800
v -638.073 306.666 2.800
v -641.782 313.754 2.800
v -717.644 263.029 2.800
v -721.635 269.962 2.800
v -794.622 216.506 2.800
v -798.901 223.266 2.800
v -868.282 167.559 2.800
v -872.863 174.117 2.800
v -939.479 115.374 2.800
v -944.356 121.716 2.800
v -1006.747 60.946 2.800
v -1011.933 67.037 2.800
v -1071.098 3.383 2.800
v -1076.582 9.207 2.800
v -1131.369 -56.525 2.800
v -1137.156 -51.001 2.800
v -1187.649 -118.762 2.800
v -1193.733 -113.568 2.800
v -1239.994 -183.756 2.800
v -1246.362 -178.914 2.800
v -1286.479 -248.984 2.800
v -1293.144 -244.560 2.800
v -1329.226 -317.628 2.800
v -1336.155 -313.628 2.800
v -1362.683 -381.509 2.800
v -1369.916 -378.090 2.800
v -1390.324 -446.589 2.800
v -1397.821 -443.798 2.800
v -1410.047 -508.847 2.800
v -1417.780 -506.797 2.800
v -1423.230 -570.732 2.800
v -1431.131 -569.478 2.800
v -1429.712 -632.593 2.800
v -1437.701 -632.168 2.800
v -1429.827 -694.391 2.800
v -1437.816 -694.807 2.800
v -1423.168 -758.828 2.800
v -1431.077 -760.027 2.800
v -1410.300 -822.445 2.800
v -1418.054 -824.413 2.800
v -1391.009 -885.781 2.800
v -1398.541 -888.477 2.800
v -1365.465 -947.692 2.800
v -1372.712 -951.080 2.800
v -1334.102 -1007.362 2.800
v -1341.005 -1011.405 2.800
v -1296.464 -1065.606 2.800
v -1302.985 -1070.241 2.800
v -1252.764 -1121.759 2.800
v -1258.872 -1126.926 2.800
v -1203.611 -1175.300 2.800
v -1209.282 -1180.943 2.800
v -1148.112 -1227.076 2.800
v -1153.353 -1233.120 2.800
v -1087.938 -1275.519 2.800
v -1092.741 -1281.917 2.800
v -1022.529 -1321.430 2.800
v -1026.909 -1328.124 2.800
v -952.141 -1364.481 2.800
v -956.121 -1371.421 2.800
v -878.446 -1404.029 2.800
v -882.030 -1411.181 2.800
v -799.377 -1441.220 2.800
v -802.615 -1448.535 2.800
v -719.222 -1474.164 2.800
v -722.095 -1481.630 2.800
v -629.313 -1507.173 2.800
v -631.968 -1514.720 2.800
v -539.577 -1536.971 2.800
v -541.992 -1544.598 2.800
v -442.595 -1566.768 2.800
v -444.885 -1574.433 2.800
v -346.433 -1594.477 2.800
v -348.575 -1602.185 2.800
v -249.421 -1620.468 2.800
v -251.419 -1628.214 2.800
v -151.952 -1644.642 2.800
v -153.806 -1652.424 2.800
v -53.971 -1667.043 2.800
v -55.682 -1674.858 2.800
v 44.550 -1687.673 2.800
v 42.981 -1695.517 2.800
v 143.531 -1706.571 2.800
v 142.101 -1714.442 2.800
v 243.025 -1723.744 2.800
v 241.732 -1731.639 2.800
v 342.853 -1739.218 2.800
v 341.696 -1747.134 2.800
v 443.200 -1753.023 2.800
v 442.175 -1760.957 2.800
v 543.752 -1765.167 2.800
v 542.859 -1773.117 2.800
v 644.850 -1775.704 2.800
v 644.082 -1783.667 2.800
v 746.026 -1784.629 2.800
v 745.386 -1792.603 2.800
v 847.757 -1792.014 2.800
v 847.238 -1799.997 2.800
v 949.506 -1797.849 2.800
v 949.108 -1805.839 2.800
v 1051.768 -1802.216 2.800
v 1051.484 -1810.211 2.800
v 1154.074 -1805.112 2.800
v 1153.904 -1813.110 2.800
v 1256.814 -1806.623 2.800
v 1256.750 -1814.623 2.800
v 1359.669 -1806.752 2.800
v 1359.710 -1814.752 2.800
v 1462.869 -1805.597 2.800
v 1463.009 -1813.596 2.800
v 1566.308 -1803.163 2.800
v 1566.542 -1811.159 2.800
v 1669.994 -1799.574 2.800
v 1670.317 -1807.567 2.800
v 1774.132 -1794.826 2.800
v 1774.534 -1802.816 2.800
v 1878.390 -1789.091 2.800
v 1878.869 -1797.077 2.800
v 1983.498 -1782.351 2.800
v 1984.038 -1790.332 2.800
v 2088.589 -1774.863 2.800
v 2089.189 -1782.841 2.800
v 2195.089 -1766.588 2.800
v 2195.722 -1774.563 2.800
v 2301.634 -1757.920 2.800
v 2302.300 -1765.892 2.800
v 2408.928 -1748.816 2.800
v 2409.612 -1756.786 2.800
v 2516.098 -1739.481 2.800
v 2516.802 -1747.449 2.800
v 2623.692 -1729.884 2.800
v 2624.408 -1737.851 2.800
v 2731.181 -1720.121 2.800
v 2731.911 -1728.087 2.800
v 2838.936 -1710.184 2.800
v 2839.675 -1718.150 2.800
v 2946.642 -1700.125 2.800
v 2947.391 -1708.090 2.800
v 3054.512 -1689.948 2.800
v 3055.267 -1697.913 2.800
v 3162.371 -1679.681 2.800
v 3163.132 -1687.645 2.800
v 3270.333 -1669.336 2.800
v 3271.099 -1677.299 2.800
v 3378.311 -1658.926 2.800
v 3379.080 -1666.889 2.800
v 3486.353 -1648.469 2.800
v 3487.126 -1656.431 2.800
v 3594.431 -1637.969 2.800
v 3595.205 -1645.932 2.800
v 3702.548 -1627.447 2.800
v 3703.324 -1635.410 2.800
v 3810.718 -1616.903 2.800
v 3811.494 -1624.866 2.800
v 3918.909 -1606.359 2.800
v 3919.685 -1614.321 2.800
v 4027.171 -1595.812 2.800
v 4027.946 -1603.774 2.800
v 4135.438 -1585.286 2.800
v 4136.212 -1593.248 2.800
v 4243.797 -1574.776 2.800
v 4244.568 -1582.738 2.800
v 4352.146 -1564.307 2.800
v 4352.914 -1572.270 2.800
v 4460.611 -1553.876 2.800
v 4461.374 -1561.840 2.800
v 4569.054 -1543.508 2.800
v 4569.813 -1551.472 2.800
v 4677.634 -1533.201 2.800
v 4678.387 -1541.165 2.800
v 4786.197 -1522.979 2.800
v 4786.943 -1530.945 2.800
v 4894.907 -1512.849 2.800
v 4895.646 -1520.815 2.800
v 5003.629 -1502.829 2.800
v 5004.359 -1510.796 2.800
v 5112.502 -1492.939 2.800
v 5113.221 -1500.907 2.800
v 5221.437 -1483.191 2.800
v 5222.144 -1491.159 2.800
v 5330.524 -1473.623 2.800
v 5331.217 -1481.593 2.800
v 5439.772 -1464.241 2.800
v 5440.447 -1472.212 2.800
v 5549.153 -1455.116 2.800
v 5549.809 -1463.089 2.800
v 5658.937 -1446.237 2.800
v 5659.568 -1454.212 2.800
v 5768.870 -1437.751 2.800
v 5769.473 -1445.729 2.800
v 5879.576 -1429.643 2.800
v 5880.138 -1437.623 2.800
v 5990.581 -1422.162 2.800
v 5991.097 -1430.145 2.800
v 6102.062 -1415.312 2.800
v 6102.525 -1423.299 2.800
v 6213.630 -1409.234 2.800
v 6214.038 -1417.224 2.800
v 6325.589 -1403.926 2.800
v 6325.936 -1411.918 2.800
v 6437.535 -1399.471 2.800
v 6437.823 -1407.466 2.800
v 6549.799 -1395.875 2.800
v 6550.022 -1403.872 2.800
v 6662.033 -1393.186 2.800
v 6662.192 -1401.185 2.800
v 6774.490 -1391.419 2.800
v 6774.582 -1399.418 2.800
v 6886.931 -1390.596 2.800
v 6886.955 -1398.596 2.800
v 6999.504 -1390.737 2.800
v 6999.459 -1398.737 2.800
v 7112.066 -1391.851 2.800
v 7111.952 -1399.850 2.800
v 7224.686 -1393.954 2.800
v 7224.503 -1401.952 2.800
v 7337.285 -1397.048 2.800
v 7337.029 -1405.044 2.800
v 7449.886 -1401.144 2.800
v 7449.560 -1409.137 2.800
v 7562.435 -1406.240 2.800
v 7562.038 -1414.230 2.800
v 7674.947 -1412.337 2.800
v 7674.479 -1420.323 2.800
v 7787.354 -1419.429 2.800
v 7786.816 -1427.411 2.800
v 7899.704 -1427.510 2.800
v 7899.094 -1435.487 2.800
v 8011.858 -1436.562 2.800
v 8011.181 -1444.534 2.800
v 8123.961 -1446.576 2.800
v 8123.215 -1454.541 2.800
v 8235.701 -1457.502 2.800
v 8234.891 -1465.461 2.800
v 8347.453 -1469.345 2.800
v 8346.577 -1477.297 2.800
v 8458.492 -1481.965 2.800
v 8457.563 -1489.910 2.800
v 8569.623 -1495.398 2.800
v 8568.636 -1503.337 2.800
v 8679.625 -1509.364 2.800
v 8678.599 -1517.297 2.800
v 8789.728 -1523.915 2.800
v 8788.660 -1531.843 2.800
v 8899.226 -1538.892 2.800
v 8898.125 -1546.816 2.800
v 9008.716 -1554.338 2.800
v 9007.582 -1562.257 2.800
v 9117.892 -1570.163 2.800
v 9116.730 -1578.078 2.800
v 9227.011 -1586.391 2.800
v 9225.820 -1594.302 2.800
v 9335.952 -1602.974 2.800
v 9334.734 -1610.880 2.800
v 9444.826 -1619.922 2.800
v 9443.582 -1627.825 2.800
v 9553.590 -1637.213 2.800
v 9552.321 -1645.112 2.800
v 9662.300 -1654.855 2.800
v 9661.006 -1662.749 2.800
v 9770.932 -1672.837 2.800
v 9769.613 -1680.727 2.800
v 9879.547 -1691.172 2.800
v 9878.202 -1699.059 2.800
v 9988.086 -1709.857 2.800
v 9986.716 -1717.739 2.800
v 10096.677 -1728.921 2.800
v 10095.280 -1736.798 2.800
v 10205.167 -1748.353 2.800
v 10203.742 -1756.225 2.800
v 10313.839 -1768.225 2.800
v 10312.384 -1776.092 2.800
v 10422.337 -1788.496 2.800
v 10420.852 -1796.357 2.800
v 10531.254 -1809.339 2.800
v 10529.731 -1817.192 2.800
v 10639.917 -1830.635 2.800
v 10638.358 -1838.482 2.800
v 10749.648 -1852.863 2.800
v 10748.032 -1860.698 2.800
v 10859.275 -1875.827 2.800
v 10857.601 -1883.650 2.800
v 10971.009 -1900.504 2.800
v 10969.235 -1908.305 2.800
v 11082.366 -1926.528 2.800
v 11080.493 -1934.306 2.800
v 11194.617 -1954.517 2.800
v 11192.622 -1962.264 2.800
v 11306.584 -1984.270 2.800
v 11304.465 -1991.985 2.800
v 11418.661 -2016.131 2.800
v 11416.409 -2023.807 2.800
v 11530.493 -2050.049 2.800
v 11528.100 -2057.683 2.800
v 11641.978 -2086.191 2.800
v 11639.439 -2093.777 2.800
v 11753.184 -2124.623 2.800
v 11750.494 -2132.157 2.800
v 11863.695 -2165.366 2.800
v 11860.852 -2172.843 2.800
v 11973.869 -2208.604 2.800
v 11970.865 -2216.019 2.800
v 12083.040 -2254.211 2.800
v 12079.877 -2261.559 2.800
v 12191.779 -2302.501 2.800
v 12188.448 -2309.774 2.800
v 12299.270 -2353.213 2.800
v 12295.773 -2360.408 2.800
v 12406.134 -2406.752 2.800
v 12402.464 -2413.861 2.800
v 12511.656 -2462.837 2.800
v 12507.816 -2469.855 2.800
v 12616.250 -2521.851 2.800
v 12612.231 -2528.768 2.800
v 12719.505 -2583.625 2.800
v 12715.306 -2590.436 2.800
v 12821.431 -2648.413 2.800
v 12817.050 -2655.107 2.800
v 12922.270 -2716.458 2.800
v 12917.697 -2723.022 2.800
v 13020.912 -2787.382 2.800
v 13016.153 -2793.812 2.800
v 13120.393 -2863.768 2.800
v 13115.396 -2870.015 2.800
v 13216.405 -2943.527 2.800
v 13211.185 -2949.590 2.800
v 13316.774 -3034.933 2.800
v 13311.197 -3040.668 2.800
v 13412.433 -3134.377 2.800
v 13406.491 -3139.733 2.800
v 13502.989 -3242.354 2.800
v 13496.675 -3247.267 2.800
v 13586.650 -3358.731 2.800
v 13579.974 -3363.139 2.800
v 13662.648 -3485.660 2.800
v 13655.609 -3489.463 2.800
v 13729.065 -3624.653 2.800
v 13721.678 -3627.722 2.800
v 13781.644 -3773.460 2.800
v 13773.962 -3775.697 2.800
v 13817.644 -3933.846 2.800
v 13809.744 -3935.107 2.800
v 13832.985 -4102.427 2.800
v 13824.986 -4102.604 2.800
v 13824.950 -4272.894 2.800
v 13817.004 -4271.960 2.800
v 13793.204 -4440.476 2.800
v 13785.464 -4438.449 2.800
v 13739.919 -4599.724 2.800
v 13732.516 -4596.689 2.800
v 13669.577 -4745.688 2.800
v 13662.590 -4741.791 2.800
v 13586.398 -4877.412 2.800
v 13579.863 -4872.799 2.800
v 13492.981 -4996.873 2.800
v 13486.920 -4991.652 2.800
v 13393.925 -5102.818 2.800
v 13388.309 -5097.120 2.800
v 13289.981 -5197.909 2.800
v 13284.792 -5191.822 2.800
v 13182.201 -5283.873 2.800
v 13177.420 -5277.459 2.800
v 13073.399 -5360.321 2.800
v 13068.974 -5353.656 2.800
v 12959.631 -5430.999 2.800
v 12955.591 -5424.094 2.800
v 12855.508 -5489.984 2.800
v 12851.639 -5482.982 2.800
v 12747.979 -5547.268 2.800
v 12744.317 -5540.155 2.800
v 12642.367 -5600.193 2.800
v 12638.857 -5593.005 2.800
v 12534.843 -5651.194 2.800
v 12531.499 -5643.926 2.800
v 12425.528 -5699.870 2.800
v 12422.363 -5692.522 2.800
v 12315.189 -5745.806 2.800
v 12312.204 -5738.383 2.800
v 12203.717 -5789.068 2.800
v 12200.914 -5781.575 2.800
v 12091.296 -5829.578 2.800
v 12088.676 -5822.020 2.800
v 11977.951 -5867.359 2.800
v 11975.513 -5859.740 2.800
v 11863.846 -5902.361 2.800
v 11861.591 -5894.686 2.800
v 11748.943 -5934.636 2.800
v 11746.872 -5926.909 2.800
v 11633.514 -5964.125 2.800
v 11631.624 -5956.351 2.800
v 11517.393 -5990.913 2.800
v 11515.687 -5983.097 2.800
v 11400.990 -6014.941 2.800
v 11399.461 -6007.088 2.800
v 11284.000 -6036.314 2.800
v 11282.652 -6028.428 2.800
v 11166.933 -6054.997 2.800
v 11165.759 -6047.083 2.800
v 11049.466 -6071.080 2.800
v 11048.468 -6063.142 2.800
v 10932.050 -6084.586 2.800
v 10931.221 -6076.630 2.800
v 10814.483 -6095.576 2.800
v 10813.821 -6087.603 2.800
v 10697.044 -6104.138 2.800
v 10696.544 -6096.154 2.800
v 10579.741 -6110.307 2.800
v 10579.398 -6102.315 2.800
v 10462.597 -6114.231 2.800
v 10462.406 -6106.234 2.800
v 10345.963 -6115.945 2.800
v 10345.915 -6107.945 2.800
v 10229.434 -6115.638 2.800
v 10229.527 -6107.638 2.800
v 10114.024 -6113.397 2.800
v 10114.236 -6105.399 2.800
v 9998.477 -6109.427 2.800
v 9998.814 -6101.434 2.800
v 9885.364 -6104.016 2.800
v 9885.782 -6096.027 2.800
v 9772.024 -6097.456 2.800
v 9772.529 -6089.472 2.800
v 9661.153 -6090.090 2.800
v 9661.702 -6082.109 2.800
v 9549.985 -6082.103 2.800
v 9550.581 -6074.126 2.800
v 9439.741 -6073.607 2.800
v 9440.371 -6065.632 2.800
v 9329.371 -6064.618 2.800
v 9330.038 -6056.646 2.800
v 9219.443 -6055.220 2.800
v 9220.139 -6047.251 2.800
v 9109.502 -6045.407 2.800
v 9110.227 -6037.440 2.800
v 8999.782 -6035.229 2.800
v 9000.534 -6027.264 2.800
v 8890.086 -6024.678 2.800
v 8890.865 -6016.716 2.800
v 8780.506 -6013.781 2.800
v 8781.310 -6005.821 2.800
v 8670.950 -6002.531 2.800
v 8671.780 -5994.574 2.800
v 8561.460 -5990.939 2.800
v 8562.315 -5982.984 2.800
v 8451.968 -5978.995 2.800
v 8452.848 -5971.043 2.800
v 8342.522 -5966.697 2.800
v 8343.428 -5958.749 2.800
v 8233.012 -5954.028 2.800
v 8233.945 -5946.083 2.800
v 8123.563 -5940.981 2.800
v 8124.522 -5933.039 2.800
v 8013.917 -5927.510 2.800
v 8014.909 -5919.571 2.800
v 7904.400 -5913.617 2.800
v 7905.422 -5905.683 2.800
v 7794.370 -5899.176 2.800
v 7795.432 -5891.247 2.800
v 7684.719 -5884.267 2.800
v 7685.816 -5876.343 2.800
v 7573.445 -5868.418 2.800
v 7574.608 -5860.503 2.800
v 7462.804 -5851.840 2.800
v 7464.022 -5843.933 2.800
v 7349.008 -5833.464 2.800
v 7350.343 -5825.576 2.800
v 7235.954 -5813.586 2.800
v 7237.397 -5805.718 2.800
v 7121.387 -5791.515 2.800
v 7122.970 -5783.673 2.800
v 7007.309 -5767.468 2.800
v 7009.030 -5759.655 2.800
v 6892.786 -5741.027 2.800
v 6894.662 -5733.250 2.800
v 6778.684 -5712.313 2.800
v 6780.716 -5704.576 2.800
v 6664.736 -5681.089 2.800
v 6666.931 -5673.396 2.800
v 6551.284 -5647.403 2.800
v 6553.645 -5639.759 2.800
v 6438.384 -5611.149 2.800
v 6440.913 -5603.560 2.800
v 6326.139 -5572.337 2.800
v 6328.839 -5564.806 2.800
v 6214.729 -5530.951 2.800
v 6217.600 -5523.483 2.800
v 6104.197 -5486.997 2.800
v 6107.239 -5479.597 2.800
v 5994.690 -5440.500 2.800
v 5997.900 -5433.173 2.800
v 5886.320 -5391.521 2.800
v 5889.698 -5384.269 2.800
v 5779.101 -5340.063 2.800
v 5782.645 -5332.891 2.800
v 5673.251 -5286.283 2.800
v 5676.954 -5279.192 2.800
v 5568.710 -5230.170 2.800
v 5572.571 -5223.164 2.800
v 5465.664 -5171.934 2.800
v 5469.675 -5165.012 2.800
v 5364.145 -5111.630 2.800
v 5368.301 -5104.794 2.800
v 5264.117 -5049.422 2.800
v 5268.412 -5042.673 2.800
v 5165.949 -4985.608 2.800
v 5170.370 -4978.941 2.800
v 5069.009 -4920.052 2.800
v 5073.553 -4913.469 2.800
v 4974.835 -4853.967 2.800
v 4979.473 -4847.448 2.800
v 4881.376 -4786.452 2.800
v 4886.110 -4780.004 2.800
v 4792.169 -4720.470 2.800
v 4796.935 -4714.045 2.800
v 4702.867 -4653.786 2.800
v 4707.673 -4647.391 2.800
v 4618.032 -4590.276 2.800
v 4622.798 -4583.851 2.800
v 4531.743 -4526.319 2.800
v 4536.491 -4519.880 2.800
v 4450.877 -4467.770 2.800
v 4455.497 -4461.238 2.800
v 4367.876 -4410.027 2.800
v 4372.383 -4403.418 2.800
v 4286.625 -4356.084 2.800
v 4290.965 -4349.364 2.800
v 4203.857 -4303.988 2.800
v 4208.031 -4297.164 2.800
v 4121.251 -4255.085 2.800
v 4125.229 -4248.144 2.800
v 4037.555 -4208.668 2.800
v 4041.330 -4201.614 2.800
v 3953.333 -4165.308 2.800
v 3956.884 -4158.140 2.800
v 3868.302 -4124.854 2.800
v 3871.619 -4117.573 2.800
v 3782.368 -4087.455 2.800
v 3785.438 -4080.067 2.800
v 3695.841 -4053.239 2.800
v 3698.650 -4045.748 2.800
v 3608.215 -4022.129 2.800
v 3610.758 -4014.544 2.800
v 3520.083 -3994.348 2.800
v 3522.348 -3986.675 2.800
v 3430.920 -3969.778 2.800
v 3432.904 -3962.027 2.800
v 3341.203 -3948.569 2.800
v 3342.899 -3940.751 2.800
v 3250.651 -3930.661 2.800
v 3252.058 -3922.786 2.800
v 3159.534 -3916.102 2.800
v 3160.651 -3908.180 2.800
v 3067.657 -3904.850 2.800
v 3068.486 -3896.893 2.800
v 2975.362 -3896.907 2.800
v 2975.904 -3888.925 2.800
v 2882.218 -3892.212 2.800
v 2882.484 -3884.216 2.800
v 2788.973 -3890.739 2.800
v 2788.962 -3882.740 2.800
v 2694.541 -3892.399 2.800
v 2694.274 -3884.403 2.800
v 2600.440 -3897.129 2.800
v 2599.914 -3889.146 2.800
v 2504.095 -3904.781 2.800
v 2503.353 -3896.815 2.800
v 2407.977 -3915.152 2.800
v 2407.021 -3907.209 2.800
v 2307.685 -3928.121 2.800
v 2306.594 -3920.196 2.800
v 2208.936 -3942.690 2.800
v 2207.687 -3934.788 2.800
v 2110.953 -3959.267 2.800
v 2109.539 -3951.393 2.800
v 2014.409 -3977.693 2.800
v 2012.812 -3969.854 2.800
v 1920.188 -3998.279 2.800
v 1918.376 -3990.487 2.800
v 1826.570 -4021.384 2.800
v 1824.545 -4013.645 2.800
v 1734.122 -4047.014 2.800
v 1731.876 -4039.336 2.800
v 1642.620 -4075.220 2.800
v 1640.152 -4067.611 2.800
v 1552.148 -4106.047 2.800
v 1549.457 -4098.513 2.800
v 1462.723 -4139.488 2.800
v 1459.809 -4132.037 2.800
v 1374.408 -4175.549 2.800
v 1371.274 -4168.189 2.800
v 1287.162 -4214.241 2.800
v 1283.810 -4206.977 2.800
v 1201.141 -4255.504 2.800
v 1197.574 -4248.343 2.800
v 1116.220 -4299.365 2.800
v 1112.444 -4292.313 2.800
v 1032.545 -4345.758 2.800
v 1028.565 -4338.819 2.800
v 950.047 -4394.648 2.800
v 945.869 -4387.825 2.800
v 868.713 -4446.050 2.800
v 864.346 -4439.347 2.800
v 788.670 -4499.771 2.800
v 784.120 -4493.191 2.800
v 709.591 -4556.026 2.800
v 704.870 -4549.567 2.800
v 631.951 -4614.331 2.800
v 627.064 -4607.997 2.800
v 554.913 -4675.268 2.800
v 549.878 -4669.051 2.800
v 479.499 -4737.875 2.800
v 474.317 -4731.780 2.800
v 404.188 -4803.249 2.800
v 398.885 -4797.260 2.800
v 330.486 -4869.982 2.800
v 325.059 -4864.104 2.800
v 256.374 -4939.456 2.800
v 250.854 -4933.665 2.800
v 183.092 -5010.572 2.800
v 177.487 -5004.864 2.800
v 107.392 -5085.142 2.800
v 101.756 -5079.465 2.800
v 30.856 -5161.542 2.800
v 25.213 -5155.872 2.800
v -50.854 -5241.655 2.800
v -56.424 -5235.913 2.800
v -133.899 -5321.255 2.800
v -139.387 -5315.434 2.800
v -220.614 -5401.222 2.800
v -225.980 -5395.289 2.800
v -309.325 -5479.779 2.800
v -314.560 -5473.729 2.800
v -400.517 -5556.754 2.800
v -405.606 -5550.581 2.800
v -494.261 -5632.067 2.800
v -499.188 -5625.765 2.800
v -590.138 -5704.996 2.800
v -594.897 -5698.566 2.800
v -688.715 -5775.841 2.800
v -693.289 -5769.278 2.800
v -789.207 -5843.805 2.800
v -793.594 -5837.115 2.800
v -892.267 -5909.211 2.800
v -896.452 -5902.392 2.800
v -997.194 -5971.485 2.800
v -1001.174 -5964.545 2.800
v -1104.345 -6030.742 2.800
v -1108.108 -6023.683 2.800
v -1213.262 -6086.676 2.800
v -1216.807 -6079.504 2.800
v -1324.020 -6139.273 2.800
v -1327.339 -6131.993 2.800
v -1436.297 -6188.374 2.800
v -1439.388 -6180.995 2.800
v -1550.071 -6233.971 2.800
v -1552.931 -6226.500 2.800
v -1664.975 -6275.953 2.800
v -1667.605 -6268.398 2.800
v -1781.103 -6314.403 2.800
v -1783.501 -6306.771 2.800
v -1897.841 -6349.205 2.800
v -1900.015 -6341.506 2.800
v -2015.592 -6380.553 2.800
v -2017.537 -6372.794 2.800
v -2133.405 -6408.363 2.800
v -2135.135 -6400.552 2.800
v -2251.828 -6432.841 2.800
v -2253.342 -6424.986 2.800
v -2369.807 -6454.115 2.800
v -2371.125 -6446.223 2.800
v -2487.266 -6472.250 2.800
v -2488.404 -6464.330 2.800
v -2602.143 -6487.856 2.800
v -2603.152 -6479.919 2.800
v -2717.044 -6501.491 2.800
v -2717.929 -6493.540 2.800
v -2830.365 -6513.435 2.800
v -2831.156 -6505.475 2.800
v -2944.914 -6524.015 2.800
v -2945.591 -6516.044 2.800
v -3058.977 -6532.938 2.800
v -3059.553 -6524.959 2.800
v -3176.696 -6540.321 2.800
v -3177.106 -6532.331 2.800
v -3295.432 -6545.004 2.800
v -3295.661 -6537.008 2.800
v -3416.878 -6546.829 2.800
v -3416.877 -6538.830 2.800
v -3538.673 -6545.015 2.800
v -3538.438 -6537.019 2.800
v -3661.724 -6539.431 2.800
v -3661.229 -6531.447 2.800
v -3784.443 -6529.852 2.800
v -3783.691 -6521.887 2.800
v -3907.784 -6516.059 2.800
v -3906.757 -6508.125 2.800
v -4030.596 -6498.014 2.800
v -4029.295 -6490.121 2.800
v -4153.283 -6475.523 2.800
v -4151.699 -6467.680 2.800
v -4275.173 -6448.614 2.800
v -4273.307 -6440.834 2.800
v -4396.281 -6417.191 2.800
v -4394.130 -6409.485 2.800
v -4516.173 -6381.327 2.800
v -4513.739 -6373.706 2.800
v -4634.753 -6341.016 2.800
v -4632.038 -6333.490 2.800
v -4751.598 -6296.420 2.800
v -4748.609 -6289.000 2.800
v -4866.753 -6247.546 2.800
v -4863.493 -6240.240 2.800
v -4979.690 -6194.705 2.800
v -4976.170 -6187.521 2.800
v -5090.565 -6137.893 2.800
v -5086.792 -6130.838 2.800
v -5198.948 -6077.510 2.800
v -5194.934 -6070.589 2.800
v -5304.831 -6013.665 2.800
v -5300.587 -6006.883 2.800
v -5408.200 -5946.645 2.800
v -5403.739 -5940.005 2.800
v -5508.599 -5876.901 2.800
v -5503.938 -5870.399 2.800
v -5606.747 -5804.306 2.800
v -5601.892 -5797.947 2.800
v -5701.136 -5730.265 2.800
v -5696.123 -5724.030 2.800
v -5794.118 -5653.394 2.800
v -5788.940 -5647.297 2.800
v -5880.966 -5578.432 2.800
v -5875.706 -5572.405 2.800
v -5967.480 -5501.660 2.800
v -5962.126 -5495.715 2.800
v -6049.232 -5427.631 2.800
v -6043.857 -5421.705 2.800
v -6131.341 -5352.701 2.800
v -6125.933 -5346.805 2.800
v -6212.085 -5278.469 2.800
v -6206.664 -5272.586 2.800
v -6292.802 -5203.881 2.800
v -6287.366 -5198.011 2.800
v -6372.807 -5129.726 2.800
v -6367.366 -5123.861 2.800
v -6452.745 -5055.470 2.800
v -6447.298 -5049.611 2.800
v -6532.305 -4981.555 2.800
v -6526.860 -4975.694 2.800
v -6611.812 -4907.706 2.800
v -6606.369 -4901.843 2.800
v -6691.161 -4834.153 2.800
v -6685.725 -4828.284 2.800
v -6770.476 -4760.795 2.800
v -6765.049 -4754.918 2.800
v -6849.792 -4687.716 2.800
v -6844.376 -4681.828 2.800
v -6929.090 -4614.941 2.800
v -6923.689 -4609.040 2.800
v -7008.514 -4542.443 2.800
v -7003.128 -4536.528 2.800
v -7087.934 -4470.349 2.800
v -7082.568 -4464.416 2.800
v -7167.583 -4398.537 2.800
v -7162.236 -4392.587 2.800
v -7247.237 -4327.230 2.800
v -7241.913 -4321.258 2.800
v -7327.213 -4256.214 2.800
v -7321.913 -4250.222 2.800
v -7407.198 -4185.802 2.800
v -7401.928 -4179.784 2.800
v -7487.585 -4115.707 2.800
v -7482.343 -4109.665 2.800
v -7568.008 -4046.299 2.800
v -7562.798 -4040.228 2.800
v -7648.863 -3977.274 2.800
v -7643.686 -3971.175 2.800
v -7729.815 -3908.992 2.800
v -7724.676 -3902.861 2.800
v -7811.205 -3841.195 2.800
v -7806.104 -3835.032 2.800
v -7892.855 -3774.099 2.800
v -7887.796 -3767.901 2.800
v -7974.825 -3707.655 2.800
v -7969.810 -3701.421 2.800
v -8057.491 -3641.681 2.800
v -8052.518 -3635.415 2.800
v -8139.079 -3577.530 2.800
v -8134.176 -3571.209 2.800
v -8220.689 -3515.252 2.800
v -8215.871 -3508.865 2.800
v -8299.952 -3456.628 2.800
v -8295.280 -3450.134 2.800
v -8378.382 -3402.092 2.800
v -8373.904 -3395.463 2.800
v -8456.889 -3350.843 2.800
v -8452.636 -3344.067 2.800
v -8536.358 -3302.961 2.800
v -8532.349 -3296.037 2.800
v -8616.143 -3258.771 2.800
v -8612.409 -3251.695 2.800
v -8697.533 -3217.830 2.800
v -8694.081 -3210.613 2.800
v -8779.239 -3180.848 2.800
v -8776.097 -3173.491 2.800
v -8862.350 -3147.423 2.800
v -8859.528 -3139.938 2.800
v -8946.021 -3117.994 2.800
v -8943.536 -3110.390 2.800
v -9030.766 -3092.394 2.800
v -9028.628 -3084.685 2.800
v -9116.231 -3070.797 2.800
v -9114.449 -3062.998 2.800
v -9202.642 -3053.138 2.800
v -9201.221 -3045.265 2.800
v -9289.700 -3039.499 2.800
v -9288.644 -3031.569 2.800
v -9377.699 -3029.793 2.800
v -9377.002 -3021.823 2.800
v -9466.223 -3024.071 2.800
v -9465.884 -3016.078 2.800
v -9555.531 -3022.207 2.800
v -9555.540 -3014.207 2.800
v -9645.538 -3024.218 2.800
v -9645.880 -3016.225 2.800
v -9735.900 -3029.921 2.800
v -9736.568 -3021.949 2.800
v -9827.359 -3039.362 2.800
v -9828.326 -3031.421 2.800
v -9918.547 -3052.197 2.800
v -9919.809 -3044.297 2.800
v -10011.571 -3068.636 2.800
v -10013.084 -3060.780 2.800
v -10103.532 -3088.013 2.800
v -10105.304 -3080.212 2.800
v -10198.775 -3110.859 2.800
v -10200.735 -3103.103 2.800
v -10293.047 -3136.137 2.800
v -10295.200 -3128.432 2.800
v -10394.146 -3164.796 2.800
v -10396.360 -3157.108 2.800
v -10494.463 -3194.337 2.800
v -10496.748 -3186.671 2.800
v -10598.318 -3225.240 2.800
v -10600.609 -3217.575 2.800
v -10703.342 -3256.683 2.800
v -10705.617 -3249.013 2.800
v -10812.118 -3288.223 2.800
v -10814.314 -3280.530 2.800
v -10923.048 -3319.194 2.800
v -10925.134 -3311.470 2.800
v -11037.640 -3348.710 2.800
v -11039.558 -3340.943 2.800
v -11153.622 -3375.990 2.800
v -11155.357 -3368.180 2.800
v -11271.172 -3400.502 2.800
v -11272.707 -3392.651 2.800
v -11390.554 -3422.155 2.800
v -11391.867 -3414.264 2.800
v -11510.725 -3440.367 2.800
v -11511.810 -3432.441 2.800
v -11632.742 -3455.130 2.800
v -11633.575 -3447.173 2.800
v -11755.058 -3465.992 2.800
v -11755.638 -3458.014 2.800
v -11878.832 -3472.871 2.800
v -11879.139 -3464.877 2.800
v -12002.806 -3475.524 2.800
v -12002.838 -3467.524 2.800
v -12127.544 -3473.773 2.800
v -12127.288 -3465.777 2.800
v -12252.348 -3467.524 2.800
v -12251.801 -3459.543 2.800
v -12377.190 -3456.617 2.800
v -12376.346 -3448.662 2.800
v -12501.837 -3441.014 2.800
v -12500.693 -3433.096 2.800
v -12625.845 -3420.659 2.800
v -12624.399 -3412.791 2.800
v -12749.335 -3395.495 2.800
v -12747.585 -3387.689 2.800
v -12871.588 -3365.617 2.800
v -12869.539 -3357.884 2.800
v -12992.918 -3330.900 2.800
v -12990.567 -3323.253 2.800
v -13112.799 -3291.487 2.800
v -13110.150 -3283.939 2.800
v -13231.195 -3247.218 2.800
v -13228.249 -3239.780 2.800
v -13349.173 -3197.619 2.800
v -13345.908 -3190.316 2.800
v -13467.300 -3141.190 2.800
v -13463.675 -3134.058 2.800
v -13581.332 -3079.831 2.800
v -13577.380 -3072.876 2.800
v -13692.934 -3012.799 2.800
v -13688.651 -3006.042 2.800
v -13798.927 -2942.364 2.800
v -13794.366 -2935.792 2.800
v -13901.816 -2867.803 2.800
v -13896.988 -2861.424 2.800
v -14001.117 -2789.462 2.800
v -13996.037 -2783.281 2.800
v -14097.400 -2707.032 2.800
v -14092.075 -2701.061 2.800
v -14190.178 -2620.894 2.800
v -14184.618 -2615.142 2.800
v -14279.507 -2530.991 2.800
v -14273.720 -2525.468 2.800
v -14365.178 -2437.473 2.800
v -14359.171 -2432.191 2.800
v -14447.057 -2340.435 2.800
v -14440.839 -2335.402 2.800
v -14524.930 -2240.039 2.800
v -14518.509 -2235.267 2.800
v -14598.759 -2136.258 2.800
v -14592.145 -2131.759 2.800
v -14668.147 -2029.533 2.800
v -14661.349 -2025.314 2.800
v -14733.287 -1919.381 2.800
v -14726.315 -1915.459 2.800
v -14793.581 -1806.688 2.800
v -14786.447 -1803.069 2.800
v -14849.139 -1690.675 2.800
v -14841.850 -1687.378 2.800
v -14900.082 -1570.772 2.800
v -14892.644 -1567.832 2.800
v -14945.454 -1445.746 2.800
v -14937.865 -1443.215 2.800
v -14984.937 -1314.078 2.800
v -14977.199 -1312.041 2.800
v -15015.810 -1175.659 2.800
v -15007.944 -1174.202 2.800
v -15036.485 -1034.783 2.800
v -15028.531 -1033.925 2.800
v -15046.205 -891.488 2.800
v -15038.208 -891.255 2.800
v -15045.226 -750.496 2.800
v -15037.233 -750.843 2.800
v -15033.853 -609.499 2.800
v -15025.908 -610.431 2.800
v -15012.454 -470.361 2.800
v -15004.597 -471.863 2.800
v -14980.713 -332.197 2.800
v -14972.987 -334.277 2.800
v -14938.556 -196.272 2.800
v -14931.010 -198.929 2.800
v -14885.997 -63.423 2.800
v -14878.677 -66.650 2.800
v -14823.508 64.848 2.800
v -14816.455 61.073 2.800
v -14751.413 187.990 2.800
v -14744.667 183.689 2.800
v -14670.833 304.580 2.800
v -14664.424 299.790 2.800
v -14582.407 414.303 2.800
v -14576.361 409.063 2.800
v -14487.253 516.666 2.800
v -14481.587 511.018 2.800
v -14386.742 611.032 2.800
v -14381.458 605.026 2.800
v -14280.931 698.251 2.800
v -14276.041 691.920 2.800
v -14171.725 777.577 2.800
v -14167.215 770.969 2.800
v -14058.871 849.906 2.800
v -14054.744 843.053 2.800
v -13943.336 915.326 2.800
v -13939.586 908.259 2.800
v -13826.399 973.652 2.800
v -13823.003 966.410 2.800
v -13707.256 1026.166 2.800
v -13704.210 1018.768 2.800
v -13590.321 1071.572 2.800
v -13587.556 1064.065 2.800
v -13473.807 1112.403 2.800
v -13471.292 1104.808 2.800
v -13356.468 1149.148 2.800
v -13354.196 1141.477 2.800
v -13238.083 1182.168 2.800
v -13236.058 1174.428 2.800
v -13119.147 1211.331 2.800
v -13117.361 1203.533 2.800
v -12999.197 1236.829 2.800
v -12997.656 1228.979 2.800
v -12878.888 1258.561 2.800
v -12877.586 1250.668 2.800
v -12757.911 1276.616 2.800
v -12756.850 1268.687 2.800
v -12636.727 1290.993 2.800
v -12635.904 1283.035 2.800
v -12515.264 1301.726 2.800
v -12514.677 1293.748 2.800
v -12393.751 1308.889 2.800
v -12393.398 1300.897 2.800
v -12272.364 1312.507 2.800
v -12272.240 1304.508 2.800
v -12151.055 1312.696 2.800
v -12151.157 1304.697 2.800
v -12030.302 1309.514 2.800
v -12030.620 1301.520 2.800
v -11909.690 1303.078 2.800
v -11910.224 1295.096 2.800
v -11790.073 1293.528 2.800
v -11790.810 1285.562 2.800
v -11670.613 1280.921 2.800
v -11671.554 1272.977 2.800
v -11552.478 1265.532 2.800
v -11553.604 1257.612 2.800
v -11434.687 1247.342 2.800
v -11435.999 1239.450 2.800
v -11318.338 1226.753 2.800
v -11319.817 1218.891 2.800
v -11202.746 1203.735 2.800
v -11204.385 1195.905 2.800
v -11088.496 1178.759 2.800
v -11090.281 1170.961 2.800
v -10975.916 1151.981 2.800
v -10977.822 1144.212 2.800
v -10865.056 1124.120 2.800
v -10867.060 1116.375 2.800
v -10756.467 1095.439 2.800
v -10758.533 1087.710 2.800
v -10649.858 1066.785 2.800
v -10651.955 1059.065 2.800
v -10543.987 1037.858 2.800
v -10546.101 1030.142 2.800
v -10438.611 1008.942 2.800
v -10440.735 1001.229 2.800
v -10334.047 980.145 2.800
v -10336.167 972.431 2.800
v -10229.476 951.453 2.800
v -10231.591 943.738 2.800
v -10125.881 923.189 2.800
v -10127.973 915.467 2.800
v -10021.969 895.155 2.800
v -10024.043 887.428 2.800
v -9919.392 867.916 2.800
v -9921.420 860.178 2.800
v -9816.232 841.076 2.800
v -9818.224 833.328 2.800
v -9715.218 815.641 2.800
v -9717.132 807.874 2.800
v -9613.669 791.030 2.800
v -9615.509 783.245 2.800
v -9515.594 768.795 2.800
v -9517.291 760.977 2.800
v -9416.765 748.179 2.800
v -9418.327 740.332 2.800
v -9319.256 729.868 2.800
v -9320.650 721.990 2.800
v -9221.392 713.592 2.800
v -9222.618 705.686 2.800
v -9123.877 699.622 2.800
v -9124.922 691.691 2.800
v -9026.295 687.902 2.800
v -9027.155 679.948 2.800
v -8928.781 678.560 2.800
v -8929.449 670.587 2.800
v -8831.342 671.594 2.800
v -8831.813 663.608 2.800
v -8733.879 667.072 2.800
v -8734.150 659.077 2.800
v -8636.583 665.004 2.800
v -8636.650 657.005 2.800
v -8539.272 665.429 2.800
v -8539.134 657.430 2.800
v -8442.161 668.347 2.800
v -8441.817 660.355 2.800
v -8345.130 673.781 2.800
v -8344.580 665.800 2.800
v -8248.299 681.717 2.800
v -8247.543 673.753 2.800
v -8151.644 692.163 2.800
v -8150.682 684.221 2.800
v -8055.212 705.087 2.800
v -8054.047 697.172 2.800
v -7958.977 720.494 2.800
v -7957.613 712.611 2.800
v -7863.043 738.314 2.800
v -7861.484 730.468 2.800
v -7767.211 758.582 2.800
v -7765.462 750.775 2.800
v -7671.825 781.138 2.800
v -7669.891 773.375 2.800
v -7576.208 806.124 2.800
v -7574.102 798.406 2.800
v -7481.328 833.170 2.800
v -7479.049 825.502 2.800
v -7385.162 862.761 2.800
v -7382.744 855.135 2.800
v -7290.154 893.957 2.800
v -7287.587 886.380 2.800
v -7191.969 927.886 2.800
v -7189.321 920.337 2.800
v -7094.759 962.689 2.800
v -7092.018 955.173 2.800
v -6996.298 999.076 2.800
v -6993.495 991.583 2.800
v -6898.438 1036.205 2.800
v -6895.567 1028.738 2.800
v -6800.418 1074.339 2.800
v -6797.488 1066.895 2.800
v -6702.831 1113.208 2.800
v -6699.840 1105.788 2.800
v -6605.509 1152.904 2.800
v -6602.459 1145.509 2.800
v -6508.799 1193.271 2.800
v -6505.684 1185.903 2.800
v -6412.428 1234.555 2.800
v -6409.249 1227.213 2.800
v -6317.866 1276.103 2.800
v -6314.598 1268.801 2.800
v -6222.301 1319.538 2.800
v -6218.972 1312.263 2.800
v -6136.856 1359.862 2.800
v -6133.297 1352.698 2.800
v -6058.895 1401.097 2.800
v -6055.011 1394.104 2.800
v -5986.617 1443.657 2.800
v -5982.349 1436.890 2.800
v -5919.207 1489.076 2.800
v -5914.532 1482.584 2.800
v -5860.168 1535.037 2.800
v -5855.014 1528.918 2.800
v -5809.111 1581.655 2.800
v -5803.436 1576.017 2.800
v -5768.300 1627.252 2.800
v -5762.057 1622.249 2.800
v -5740.264 1667.368 2.800
v -5733.409 1663.243 2.800
v -5723.683 1699.986 2.800
v -5716.254 1697.017 2.800
v -5715.454 1726.392 2.800
v -5707.611 1724.815 2.800
v -5713.121 1749.418 2.800
v -5705.121 1749.364 2.800
v -5715.555 1774.267 2.800
v -5707.686 1775.707 2.800
v -5724.611 1807.149 2.800
v -5717.091 1809.878 2.800
v -5743.652 1849.997 2.800
v -5736.581 1853.738 2.800
v -5774.457 1900.558 2.800
v -5767.843 1905.059 2.800
v -5814.037 1952.543 2.800
v -5807.891 1957.665 2.800
v -5863.414 2007.311 2.800
v -5857.687 2012.897 2.800
v -5920.770 2062.138 2.800
v -5915.424 2068.089 2.800
v -5982.479 2113.938 2.800
v -5977.518 2120.214 2.800
v -6055.083 2168.861 2.800
v -6050.375 2175.329 2.800
v -6128.918 2219.995 2.800
v -6124.487 2226.656 2.800
v -6211.839 2273.729 2.800
v -6207.558 2280.487 2.800
v -6294.387 2324.532 2.800
v -6290.286 2331.400 2.800
v -6377.891 2372.840 2.800
v -6373.979 2379.818 2.800
v -6462.420 2418.706 2.800
v -6458.706 2425.792 2.800
v -6547.443 2461.642 2.800
v -6543.944 2468.837 2.800
v -6633.843 2502.083 2.800
v -6630.560 2509.379 2.800
v -6721.259 2539.839 2.800
v -6718.198 2547.230 2.800
v -6809.852 2574.973 2.800
v -6807.014 2582.453 2.800
v -6899.393 2607.402 2.800
v -6896.783 2614.964 2.800
v -6990.052 2637.186 2.800
v -6987.668 2644.823 2.800
v -7081.484 2664.231 2.800
v -7079.330 2671.935 2.800
v -7173.992 2688.643 2.800
v -7172.063 2696.407 2.800
v -7267.112 2710.315 2.800
v -7265.412 2718.132 2.800
v -7361.198 2729.377 2.800
v -7359.722 2737.239 2.800
v -7455.863 2745.753 2.800
v -7454.610 2753.655 2.800
v -7551.302 2759.559 2.800
v -7550.267 2767.492 2.800
v -7647.350 2770.765 2.800
v -7646.529 2778.723 2.800
v -7743.939 2779.470 2.800
v -7743.327 2787.447 2.800
v -7841.240 2785.688 2.800
v -7840.829 2793.677 2.800
v -7938.815 2789.515 2.800
v -7938.601 2797.512 2.800
v -8037.317 2790.993 2.800
v -8037.286 2798.993 2.800
v -8135.770 2790.239 2.800
v -8135.923 2798.237 2.800
v -8235.566 2787.305 2.800
v -8235.878 2795.299 2.800
v -8334.926 2782.365 2.800
v -8335.403 2790.351 2.800
v -8436.304 2775.480 2.800
v -8436.907 2783.458 2.800
v -8537.107 2766.902 2.800
v -8537.846 2774.867 2.800
v -8641.353 2756.761 2.800
v -8642.162 2764.720 2.800
v -8745.135 2745.630 2.800
v -8746.022 2753.581 2.800
v -8851.179 2733.577 2.800
v -8852.100 2741.524 2.800
v -8956.904 2721.017 2.800
v -8957.866 2728.959 2.800
v -9063.344 2707.965 2.800
v -9064.332 2715.904 2.800
v -9169.787 2694.534 2.800
v -9170.800 2702.469 2.800
v -9276.522 2680.787 2.800
v -9277.554 2688.720 2.800
v -9383.351 2666.759 2.800
v -9384.400 2674.689 2.800
v -9490.304 2652.516 2.800
v -9491.368 2660.445 2.800
v -9597.392 2638.063 2.800
v -9598.466 2645.990 2.800
v -9704.520 2623.466 2.800
v -9705.605 2631.392 2.800
v -9811.812 2608.714 2.800
v -9812.904 2616.639 2.800
v -9919.095 2593.874 2.800
v -9920.194 2601.798 2.800
v -10026.572 2578.926 2.800
v -10027.676 2586.849 2.800
v -10134.006 2563.937 2.800
v -10135.114 2571.860 2.800
v -10241.664 2548.885 2.800
v -10242.772 2556.808 2.800
v -10349.268 2533.835 2.800
v -10350.375 2541.758 2.800
v -10457.114 2518.770 2.800
v -10458.219 2526.694 2.800
v -10564.931 2503.747 2.800
v -10566.033 2511.670 2.800
v -10673.000 2488.767 2.800
v -10674.094 2496.691 2.800
v -10781.102 2473.870 2.800
v -10782.190 2481.796 2.800
v -10889.462 2459.090 2.800
v -10890.539 2467.017 2.800
v -10997.987 2444.445 2.800
v -10999.049 2452.375 2.800
v -11106.749 2430.028 2.800
v -11107.793 2437.960 2.800
v -11216.059 2415.805 2.800
v -11217.075 2423.740 2.800
v -11325.533 2402.025 2.800
v -11326.520 2409.964 2.800
v -11436.748 2388.543 2.800
v -11437.676 2396.489 2.800
v -11548.885 2376.018 2.800
v -11549.739 2383.972 2.800
v -11662.514 2364.461 2.800
v -11663.270 2372.425 2.800
v -11776.675 2354.408 2.800
v -11777.325 2362.382 2.800
v -11892.077 2345.863 2.800
v -11892.603 2353.846 2.800
v -12007.575 2339.172 2.800
v -12007.976 2347.162 2.800
v -12124.243 2334.359 2.800
v -12124.499 2342.355 2.800
v -12240.792 2331.647 2.800
v -12240.907 2339.647 2.800
v -12358.316 2331.119 2.800
v -12358.272 2339.119 2.800
v -12475.706 2332.888 2.800
v -12475.506 2340.885 2.800
v -12593.756 2337.091 2.800
v -12593.387 2345.082 2.800
v -12711.728 2343.771 2.800
v -12711.189 2351.753 2.800
v -12830.023 2353.087 2.800
v -12829.308 2361.055 2.800
v -12948.254 2365.055 2.800
v -12947.357 2373.004 2.800
v -13066.487 2379.816 2.800
v -13065.404 2387.742 2.800
v -13184.653 2397.401 2.800
v -13183.379 2405.299 2.800
v -13302.496 2417.906 2.800
v -13301.030 2425.771 2.800
v -13420.296 2441.426 2.800
v -13418.628 2449.250 2.800
v -13537.410 2467.960 2.800
v -13535.542 2475.739 2.800
v -13654.645 2497.784 2.800
v -13652.565 2505.509 2.800
v -13770.697 2530.675 2.800
v -13768.411 2538.341 2.800
v -13887.305 2567.395 2.800
v -13884.787 2574.988 2.800
v -14002.516 2607.314 2.800
v -13999.774 2614.829 2.800
v -14122.960 2654.398 2.800
v -14119.875 2661.779 2.800
v -14240.135 2706.401 2.800
v -14236.729 2713.640 2.800
v -14355.910 2764.209 2.800
v -14352.171 2771.282 2.800
v -14469.176 2827.515 2.800
v -14465.108 2834.404 2.800
v -14579.457 2896.280 2.800
v -14575.064 2902.967 2.800
v -14688.521 2972.097 2.800
v -14683.774 2978.536 2.800
v -14793.767 3054.317 2.800
v -14788.669 3060.481 2.800
v -14897.874 3146.396 2.800
v -14892.369 3152.200 2.800
v -14995.908 3245.857 2.800
v -14990.013 3251.265 2.800
v -15089.870 3357.293 2.800
v -15083.545 3362.193 2.800
v -15176.421 3480.072 2.800
v -15169.669 3484.362 2.800
v -15252.542 3614.649 2.800
v -15245.383 3618.221 2.800
v -15316.240 3764.219 2.800
v -15308.704 3766.901 2.800
v -15362.309 3927.221 2.800
v -15354.477 3928.854 2.800
v -15385.349 4099.871 2.800
v -15377.362 4100.337 2.800
v -15381.358 4279.953 2.800
v -15373.399 4279.136 2.800
v -15348.366 4457.989 2.800
v -15340.645 4455.894 2.800
v -15289.189 4624.334 2.800
v -15281.876 4621.091 2.800
v -15208.067 4776.259 2.800
v -15201.291 4772.009 2.800
v -15111.331 4910.545 2.800
v -15105.150 4905.466 2.800
v -15006.131 5025.480 2.800
v -15000.520 5019.777 2.800
v -14892.096 5126.861 2.800
v -14887.073 5120.634 2.800
v -14772.261 5214.944 2.800
v -14767.818 5208.291 2.800
v -14650.334 5289.632 2.800
v -14646.416 5282.658 2.800
v -14524.370 5354.228 2.800
v -14520.975 5346.984 2.800
v -14399.068 5408.319 2.800
v -14396.130 5400.877 2.800
v -14273.625 5453.666 2.800
v -14271.106 5446.073 2.800
v -14148.705 5491.854 2.800
v -14146.561 5484.146 2.800
v -14026.503 5523.111 2.800
v -14024.661 5515.326 2.800
v -13904.324 5549.709 2.800
v -13902.769 5541.862 2.800
v -13785.936 5571.413 2.800
v -13784.587 5563.527 2.800
v -13666.772 5590.148 2.800
v -13665.634 5582.229 2.800
v -13551.595 5605.564 2.800
v -13550.591 5597.628 2.800
vt 0.00000 0.00000
vt 1.00000 0.00000
vt 0.00000 0.18117
vt 1.00000 0.18117
vt 0.00000 0.36235
vt 1.00000 0.36235
vt 0.00000 0.54352
vt 1.00000 0.54352
vt 0.00000 0.72469
vt 1.00000 0.72469
vt 0.00000 0.90587
vt 1.00000 0.90587
vt 0.00000 1.08704
vt 1.00000 1.08704
vt 0.00000 1.26821
vt 1.00000 1.26821
vt 0.00000 1.44939
vt 1.00000 1.44939
vt 0.00000 1.63056
vt 1.00000 1.63056
vt 0.00000 1.81174
vt 1.00000 1.81174
vt 0.00000 1.99291
vt 1.00000 1.99291
vt 0.00000 2.17408
vt 1.00000 2.17408
vt 0.00000 2.35526
vt 1.00000 2.35526
vt 0.00000 2.53643
vt 1.00000 2.53643
vt 0.00000 2.71760
vt 1.00000 2.71760
vt 0.00000 2.89878
vt 1.00000 2.89878
vt 0.00000 3.07995
vt 1.00000 3.07995
vt 0.00000 3.26112
vt 1.00000 3.26112
vt 0.00000 3.44230
vt 1.00000 3.44230
vt 0.00000 3.62347
vt 1.00000 3.62347
vt 0.00000 3.80464
vt 1.00000 3.80464
vt 0.00000 3.98582
vt 1.00000 3.98582
vt 0.00000 4.16699
vt 1.00000 4.16699
vt 0.00000 4.34817
vt 1.00000 4.34817
vt 0.00000 4.52934
vt 1.00000 4.52934
vt 0.00000 4.71051
vt 1.00000 4.71051
vt 0.00000 4.89169
vt 1.00000 4.89169
vt 0.00000 5.07286
vt 1.00000 5.07286
vt 0.00000 5.25403
vt 1.00000 5.25403
vt 0.00000 5.43521
vt 1.00000 5.43521
vt 0.00000 5.61638
vt 1.00000 5.61638
vt 0.00000 5.79755
vt 1.00000 5.79755
vt 0.00000 5.97873
vt 1.00000 5.97873
vt 0.00000 6.15990
vt 1.00000 6.15990
vt 0.00000 6.34107
vt 1.00000 6.34107
vt 0.00000 6.52225
vt 1.00000 6.52225
vt 0.00000 6.70342
vt 1.00000 6.70342
vt 0.00000 6.88459
vt 1.00000 6.88459
vt 0.00000 7.06577
vt 1.00000 7.06577
vt 0.00000 7.24694
vt 1.00000 7.24694
vt 0.00000 7.42812
vt 1.00000 7.42812
vt 0.00000 7.60929
vt 1.00000 7.60929
vt 0.00000 7.79046
vt 1.00000 7.79046
vt 0.00000 7.97164
vt 1.00000 7.97164
vt 0.00000 8.15281
vt 1.00000 8.15281
vt 0.00000 8.33398
vt 1.00000 8.33398
vt 0.00000 8.51516
vt 1.00000 8.51516
vt 0.00000 8.69633
vt 1.00000 8.69633
vt 0.00000 8.87750
vt 1.00000 8.87750
vt 0.00000 9.05868
vt 1.00000 9.05868
vt 0.00000 9.23985
vt 1.00000 9.23985
vt 0.00000 9.42102
vt 1.00000 9.42102
vt 0.00000 9.60220
vt 1.00000 9.60220
vt 0.00000 9.78337
vt 1.00000 9.78337
vt 0.00000 9.96454
vt 1.00000 9.96454
vt 0.00000 10.14572
vt 1.00000 10.14572
vt 0.00000 10.32689
vt 1.00000 10.32689
vt 0.00000 10.50807
vt 1.00000 10.50807
vt 0.00000 10.68924
vt 1.00000 10.68924
vt 0.00000 10.87041
vt 1.00000 10.87041
vt 0.00000 11.05159
vt 1.00000 11.05159
vt 0.00000 11.23276
vt 1.00000 11.23276
vt 0.00000 11.41393
vt 1.00000 11.41393
vt 0.00000 11.59511
vt 1.00000 11.59511
vt 0.00000 11.77628
vt 1.00000 11.77628
vt 0.00000 11.95745
vt 1.00000 11.95745
vt 0.00000 12.13863
vt 1.00000 12.13863
vt 0.00000 12.31980
vt 1.00000 12.31980
vt 0.00000 12.50097
vt 1.00000 12.50097
vt 0.00000 12.68215
vt 1.00000 12.68215
vt 0.00000 12.86332
vt 1.00000 12.86332
vt 0.00000 13.04449
vt 1.00000 13.04449
vt 0.00000 13.22567
vt 1.00000 13.22567
vt 0.00000 13.40684
vt 1.00000 13.40684
vt 0.00000 13.58802
vt 1.00000 13.58802
vt 0.00000 13.76919
vt 1.00000 13.76919
vt 0.00000 13.95036
vt 1.00000 13.95036
vt 0.00000 14.13154
vt 1.00000 14.13154
vt 0.00000 14.31271
vt 1.00000 14.31271
vt 0.00000 14.49388
vt 1.00000 14.49388
vt 0.00000 14.67506
vt 1.00000 14.67506
vt 0.00000 14.85623
vt 1.00000 14.85623
vt 0.00000 15.03740
vt 1.00000 15.03740
vt 0.00000 15.21858
vt 1.00000 15.21858
vt 0.00000 15.39975
vt 1.00000 15.39975
vt 0.00000 15.58092
vt 1.00000 15.58092
vt 0.00000 15.76210
vt 1.00000 15.76210
vt 0.00000 15.94327
vt 1.00000 15.94327
vt 0.00000 16.12444
vt 1.00000 16.12444
vt 0.00000 16.30562
vt 1.00000 16.30562
vt 0.00000 16.48679
vt 1.00000 16.48679
vt 0.00000 16.66796
vt 1.00000 16.66796
vt 0.00000 16.84914
vt 1.00000 16.84914
vt 0.00000 17.03031
vt 1.00000 17.03031
vt 0.00000 17.21149
vt 1.00000 17.21149
vt 0.00000 17.39266
vt 1.00000 17.39266
vt 0.00000 17.57383
vt 1.00000 17.57383
vt 0.00000 17.75501
vt 1.00000 17.75501
vt 0.00000 17.93618
vt 1.00000 17.93618
vt 0.00000 18.11735
vt 1.00000 18.11735
vt 0.00000 18.29853
vt 1.00000 18.29853
vt 0.00000 18.47970
vt 1.00000 18.47970
vt 0.00000 18.66088
vt 1.00000 18.66088
vt 0.00000 18.84205
vt 1.00000 18.84205
vt 0.00000 19.02322
vt 1.00000 19.02322
vt 0.00000 19.20440
vt 1.00000 19.20440
vt 0.00000 19.38557
vt 1.00000 19.38557
vt 0.00000 19.56674
vt 1.00000 19.56674
vt 0.00000 19.74792
vt 1.00000 19.74792
vt 0.00000 19.92909
vt 1.00000 19.92909
vt 0.00000 20.11026
vt 1.00000 20.11026
vt 0.00000 20.29144
vt 1.00000 20.29144
vt 0.00000 20.47261
vt 1.00000 20.47261
vt 0.00000 20.65378
vt 1.00000 20.65378
vt 0.00000 20.83496
vt 1.00000 20.83496
vt 0.00000 21.01613
vt 1.00000 21.01613
vt 0.00000 21.19730
vt 1.00000 21.19730
vt 0.00000 21.37848
vt 1.00000 21.37848
vt 0.00000 21.55965
vt 1.00000 21.55965
vt 0.00000 21.74083
vt 1.00000 21.74083
vt 0.00000 21.92200
vt 1.00000 21.92200
vt 0.00000 22.10317
vt 1.00000 22.10317
vt 0.00000 22.28435
vt 1.00000 22.28435
vt 0.00000 22.46552
vt 1.00000 22.46552
vt 0.00000 22.64669
vt 1.00000 22.64669
vt 0.00000 22.82787
vt 1.00000 22.82787
vt 0.00000 23.00904
vt 1.00000 23.00904
vt 0.00000 23.19021
vt 1.00000 23.19021
vt 0.00000 23.37139
vt 1.00000 23.37139
vt 0.00000 23.55256
vt 1.00000 23.55256
vt 0.00000 23.73373
vt 1.00000 23.73373
vt 0.00000 23.91491
vt 1.00000 23.91491
vt 0.00000 24.09608
vt 1.00000 24.09608
vt 0.00000 24.27725
vt 1.00000 24.27725
vt 0.00000 24.45843
vt 1.00000 24.45843
vt 0.00000 24.63960
vt 1.00000 24.63960
vt 0.00000 24.82078
vt 1.00000 24.82078
vt 0.00000 25.00195
vt 1.00000 25.00195
vt 0.00000 25.18312
vt 1.00000 25.18312
vt 0.00000 25.36430
vt 1.00000 25.36430
vt 0.00000 25.54547
vt 1.00000 25.54547
vt 0.00000 25.72664
vt 1.00000 25.72664
vt 0.00000 25.90782
vt 1.00000 25.90782
vt 0.00000 26.08899
vt 1.00000 26.08899
vt 0.00000 26.27016
vt 1.00000 26.27016
vt 0.00000 26.45134
vt 1.00000 26.45134
vt 0.00000 26.63251
vt 1.00000 26.63251
vt 0.00000 26.81368
vt 1.00000 26.81368
vt 0.00000 26.99486
vt 1.00000 26.99486
vt 0.00000 27.17603
vt 1.00000 27.17603
vt 0.00000 27.35720
vt 1.00000 27.35720
vt 0.00000 27.53838
vt 1.00000 27.53838
vt 0.00000 27.71955
vt 1.00000 27.71955
vt 0.00000 27.90072
vt 1.00000 27.90072
vt 0.00000 28.08190
vt 1.00000 28.08190
vt 0.00000 28.26307
vt 1.00000 28.26307
vt 0.00000 28.44425
vt 1.00000 28.44425
vt 0.00000 28.62542
vt 1.00000 28.62542
vt 0.00000 28.80659
vt 1.00000 28.80659
vt 0.00000 28.98777
vt 1.00000 28.98777
vt 0.00000 29.16894
vt 1.00000 29.16894
vt 0.00000 29.35011
vt 1.00000 29.35011
vt 0.00000 29.53129
vt 1.00000 29.53129
vt 0.00000 29.71246
vt 1.00000 29.71246
vt 0.00000 29.89363
vt 1.00000 29.89363
vt 0.00000 30.07481
vt 1.00000 30.07481
vt 0.00000 30.25598
vt 1.00000 30.25598
vt 0.00000 30.43715
vt 1.00000 30.43715
vt 0.00000 30.61833
vt 1.00000 30.61833
vt 0.00000 30.79950
vt 1.00000 30.79950
vt 0.00000 30.98067
vt 1.00000 30.98067
vt 0.00000 31.16185
vt 1.00000 31.16185
vt 0.00000 31.34302
vt 1.00000 31.34302
vt 0.00000 31.52420
vt 1.00000 31.52420
vt 0.00000 31.70537
vt 1.00000 31.70537
vt 0.00000 31.88654
vt 1.00000 31.88654
vt 0.00000 32.06772
vt 1.00000 32.06772
vt 0.00000 32.24889
vt 1.00000 32.24889
vt 0.00000 32.43007
vt 1.00000 32.43007
vt 0.00000 32.61124
vt 1.00000 32.61124
vt 0.00000 32.79241
vt 1.00000 32.79241
vt 0.00000 32.97358
vt 1.00000 32.97358
vt 0.00000 33.15476
vt 1.00000 33.15476
vt 0.00000 33.33593
vt 1.00000 33.33593
vt 0.00000 33.51711
vt 1.00000 33.51711
vt 0.00000 33.69828
vt 1.00000 33.69828
vt 0.00000 33.87945
vt 1.00000 33.87945
vt 0.00000 34.06063
vt 1.00000 34.06063
vt 0.00000 34.24180
vt 1.00000 34.24180
vt 0.00000 34.42297
vt 1.00000 34.42297
vt 0.00000 34.60415
vt 1.00000 34.60415
vt 0.00000 34.78532
vt 1.00000 34.78532
vt 0.00000 34.96649
vt 1.00000 34.96649
vt 0.00000 35.14767
vt 1.00000 35.14767
vt 0.00000 35.32884
vt 1.00000 35.32884
vt 0.00000 35.51001
vt 1.00000 35.51001
vt 0.00000 35.69119
vt 1.00000 35.69119
vt 0.00000 35.87236
vt 1.00000 35.87236
vt 0.00000 36.05354
vt 1.00000 36.05354
vt 0.00000 36.23471
vt 1.00000 36.23471
vt 0.00000 36.41588
vt 1.00000 36.41588
vt 0.00000 36.59705
vt 1.00000 36.59705
vt 0.00000 36.77823
vt 1.00000 36.77823
vt 0.00000 36.95940
vt 1.00000 36.95940
vt 0.00000 37.14058
vt 1.00000 37.14058
vt 0.00000 37.32175
vt 1.00000 37.32175
vt 0.00000 37.50292
vt 1.00000 37.50292
vt 0.00000 37.68410
vt 1.00000 37.68410
vt 0.00000 37.86527
vt 1.00000 37.86527
vt 0.00000 38.04644
vt 1.00000 38.04644
vt 0.00000 38.22762
vt 1.00000 38.22762
vt 0.00000 38.40879
vt 1.00000 38.40879
vt 0.00000 38.58997
vt 1.00000 38.58997
vt 0.00000 38.77114
vt 1.00000 38.77114
vt 0.00000 38.95231
vt 1.00000 38.95231
vt 0.00000 39.13348
vt 1.00000 39.13348
vt 0.00000 39.31466
vt 1.00000 39.31466
vt 0.00000 39.49583
vt 1.00000 39.49583
vt 0.00000 39.67701
vt 1.00000 39.67701
vt 0.00000 39.85818
vt 1.00000 39.85818
vt 0.00000 40.03935
vt 1.00000 40.03935
vt 0.00000 40.22053
vt 1.00000 40.22053
vt 0.00000 40.40170
vt 1.00000 40.40170
vt 0.00000 40.58287
vt 1.00000 40.58287
vt 0.00000 40.76405
vt 1.00000 40.76405
vt 0.00000 40.94522
vt 1.00000 40.94522
vt 0.00000 41.12639
vt 1.00000 41.12639
vt 0.00000 41.30757
vt 1.00000 41.30757
vt 0.00000 41.48874
vt 1.00000 41.48874
vt 0.00000 41.66991
vt 1.00000 41.66991
vt 0.00000 41.85109
vt 1.00000 41.85109
vt 0.00000 42.03226
vt 1.00000 42.03226
vt 0.00000 42.21344
vt 1.00000 42.21344
vt 0.00000 42.39461
vt 1.00000 42.39461
vt 0.00000 42.57578
vt 1.00000 42.57578
vt 0.00000 42.75695
vt 1.00000 42.75695
vt 0.00000 42.93813
vt 1.00000 42.93813
vt 0.00000 43.11930
vt 1.00000 43.11930
vt 0.00000 43.30048
vt 1.00000 43.30048
vt 0.00000 43.48165
vt 1.00000 43.48165
vt 0.00000 43.66282
vt 1.00000 43.66282
vt 0.00000 43.84400
vt 1.00000 43.84400
vt 0.00000 44.02517
vt 1.00000 44.02517
vt 0.00000 44.20634
vt 1.00000 44.20634
vt 0.00000 44.38752
vt 1.00000 44.38752
vt 0.00000 44.56869
vt 1.00000 44.56869
vt 0.00000 44.74986
vt 1.00000 44.74986
vt 0.00000 44.93104
vt 1.00000 44.93104
vt 0.00000 45.11221
vt 1.00000 45.11221
vt 0.00000 45.29338
vt 1.00000 45.29338
vt 0.00000 45.47456
vt 1.00000 45.47456
vt 0.00000 45.65573
vt 1.00000 45.65573
vt 0.00000 45.83691
vt 1.00000 45.83691
vt 0.00000 46.01808
vt 1.00000 46.01808
vt 0.00000 46.19925
vt 1.00000 46.19925
vt 0.00000 46.38042
vt 1.00000 46.38042
vt 0.00000 46.56160
vt 1.00000 46.56160
vt 0.00000 46.74277
vt 1.00000 46.74277
vt 0.00000 46.92395
vt 1.00000 46.92395
vt 0.00000 47.10512
vt 1.00000 47.10512
vt 0.00000 47.28629
vt 1.00000 47.28629
vt 0.00000 47.46747
vt 1.00000 47.46747
vt 0.00000 47.64864
vt 1.00000 47.64864
vt 0.00000 47.82981
vt 1.00000 47.82981
vt 0.00000 48.01099
vt 1.00000 48.01099
vt 0.00000 48.19216
vt 1.00000 48.19216
vt 0.00000 48.37334
vt 1.00000 48.37334
vt 0.00000 48.55451
vt 1.00000 48.55451
vt 0.00000 48.73568
vt 1.00000 48.73568
vt 0.00000 48.91685
vt 1.00000 48.91685
vt 0.00000 49.09803
vt 1.00000 49.09803
vt 0.00000 49.27920
vt 1.00000 49.27920
vt 0.00000 49.46038
vt 1.00000 49.46038
vt 0.00000 49.64155
vt 1.00000 49.64155
vt 0.00000 49.82272
vt 1.00000 49.82272
vt 0.00000 50.00390
vt 1.00000 50.00390
vt 0.00000 50.18507
vt 1.00000 50.18507
vt 0.00000 50.36625
vt 1.00000 50.36625
vt 0.00000 50.54742
vt 1.00000 50.54742
vt 0.00000 50.72859
vt 1.00000 50.72859
vt 0.00000 50.90976
vt 1.00000 50.90976
vt 0.00000 51.09094
vt 1.00000 51.09094
vt 0.00000 51.27211
vt 1.00000 51.27211
vt 0.00000 51.45329
vt 1.00000 51.45329
vt 0.00000 51.63446
vt 1.00000 51.63446
vt 0.00000 51.81563
vt 1.00000 51.81563
vt 0.00000 51.99681
vt 1.00000 51.99681
vt 0.00000 52.17798
vt 1.00000 52.17798
vt 0.00000 52.35915
vt 1.00000 52.35915
vt 0.00000 52.54033
vt 1.00000 52.54033
vt 0.00000 52.72150
vt 1.00000 52.72150
vt 0.00000 52.90268
vt 1.00000 52.90268
vt 0.00000 53.08385
vt 1.00000 53.08385
vt 0.00000 53.26502
vt 1.00000 53.26502
vt 0.00000 53.44619
vt 1.00000 53.44619
vt 0.00000 53.62737
vt 1.00000 53.62737
vt 0.00000 53.80854
vt 1.00000 53.80854
vt 0.00000 53.98972
vt 1.00000 53.98972
vt 0.00000 54.17089
vt 1.00000 54.17089
vt 0.00000 54.35206
vt 1.00000 54.35206
vt 0.00000 54.53324
vt 1.00000 54.53324
vt 0.00000 54.71441
vt 1.00000 54.71441
vt 0.00000 54.89558
vt 1.00000 54.89558
vt 0.00000 55.07676
vt 1.00000 55.07676
vt 0.00000 55.25793
vt 1.00000 55.25793
vt 0.00000 55.43910
vt 1.00000 55.43910
vt 0.00000 55.62028
vt 1.00000 55.62028
vt 0.00000 55.80145
vt 1.00000 55.80145
vt 0.00000 55.98262
vt 1.00000 55.98262
vt 0.00000 56.16380
vt 1.00000 56.16380
vt 0.00000 56.34497
vt 1.00000 56.34497
vt 0.00000 56.52615
vt 1.00000 56.52615
vt 0.00000 56.70732
vt 1.00000 56.70732
vt 0.00000 56.88849
vt 1.00000 56.88849
vt 0.00000 57.06966
vt 1.00000 57.06966
vt 0.00000 57.25084
vt 1.00000 57.25084
vt 0.00000 57.43201
vt 1.00000 57.43201
vt 0.00000 57.61319
vt 1.00000 57.61319
vt 0.00000 57.79436
vt 1.00000 57.79436
vt 0.00000 57.97553
vt 1.00000 57.97553
vt 0.00000 58.15671
vt 1.00000 58.15671
vt 0.00000 58.33788
vt 1.00000 58.33788
vt 0.00000 58.51905
vt 1.00000 58.51905
vt 0.00000 58.70023
vt 1.00000 58.70023
vt 0.00000 58.88140
vt 1.00000 58.88140
vt 0.00000 59.06257
vt 1.00000 59.06257
vt 0.00000 59.24375
vt 1.00000 59.24375
vt 0.00000 59.42492
vt 1.00000 59.42492
vt 0.00000 59.60609
vt 1.00000 59.60609
vt 0.00000 59.78727
vt 1.00000 59.78727
vt 0.00000 59.96844
vt 1.00000 59.96844
vt 0.00000 60.14962
vt 1.00000 60.14962
vt 0.00000 60.33079
vt 1.00000 60.33079
vt 0.00000 60.51196
vt 1.00000 60.51196
vt 0.00000 60.69313
vt 1.00000 60.69313
vt 0.00000 60.87431
vt 1.00000 60.87431
vt 0.00000 61.05548
vt 1.00000 61.05548
vt 0.00000 61.23666
vt 1.00000 61.23666
vt 0.00000 61.41783
vt 1.00000 61.41783
vt 0.00000 61.59900
vt 1.00000 61.59900
vt 0.00000 61.78018
vt 1.00000 61.78018
vt 0.00000 61.96135
vt 1.00000 61.96135
vt 0.00000 62.14252
vt 1.00000 62.14252
vt 0.00000 62.32370
vt 1.00000 62.32370
vt 0.00000 62.50487
vt 1.00000 62.50487
vt 0.00000 62.68605
vt 1.00000 62.68605
vt 0.00000 62.86722
vt 1.00000 62.86722
vt 0.00000 63.04839
vt 1.00000 63.04839
vt 0.00000 63.22956
vt 1.00000 63.22956
vt 0.00000 63.41074
vt 1.00000 63.41074
vt 0.00000 63.59191
vt 1.00000 63.59191
vt 0.00000 63.77309
vt 1.00000 63.77309
vt 0.00000 63.95426
vt 1.00000 63.95426
vt 0.00000 64.13544
vt 1.00000 64.13544
vt 0.00000 64.31660
vt 1.00000 64.31660
vt 0.00000 64.49778
vt 1.00000 64.49778
vt 0.00000 64.67896
vt 1.00000 64.67896
vt 0.00000 64.86013
vt 1.00000 64.86013
vt 0.00000 65.04130
vt 1.00000 65.04130
vt 0.00000 65.22247
vt 1.00000 65.22247
vt 0.00000 65.40365
vt 1.00000 65.40365
vt 0.00000 65.58482
vt 1.00000 65.58482
vt 0.00000 65.76600
vt 1.00000 65.76600
vt 0.00000 65.94717
vt 1.00000 65.94717
vt 0.00000 66.12834
vt 1.00000 66.12834
vt 0.00000 66.30952
vt 1.00000 66.30952
vt 0.00000 66.49069
vt 1.00000 66.49069
vt 0.00000 66.67186
vt 1.00000 66.67186
vt 0.00000 66.85303
vt 1.00000 66.85303
vt 0.00000 67.03421
vt 1.00000 67.03421
vt 0.00000 67.21539
vt 1.00000 67.21539
vt 0.00000 67.39656
vt 1.00000 67.39656
vt 0.00000 67.57773
vt 1.00000 67.57773
vt 0.00000 67.75890
vt 1.00000 67.75890
vt 0.00000 67.94008
vt 1.00000 67.94008
vt 0.00000 68.12125
vt 1.00000 68.12125
vt 0.00000 68.30242
vt 1.00000 68.30242
vt 0.00000 68.48360
vt 1.00000 68.48360
vt 0.00000 68.66477
vt 1.00000 68.66477
vt 0.00000 68.84595
vt 1.00000 68.84595
vt 0.00000 69.02712
vt 1.00000 69.02712
vt 0.00000 69.20829
vt 1.00000 69.20829
vt 0.00000 69.38947
vt 1.00000 69.38947
vt 0.00000 69.57064
vt 1.00000 69.57064
vt 0.00000 69.75182
vt 1.00000 69.75182
vt 0.00000 69.93298
vt 1.00000 69.93298
vt 0.00000 70.11416
vt 1.00000 70.11416
vt 0.00000 70.29533
vt 1.00000 70.29533
vt 0.00000 70.47651
vt 1.00000 70.47651
vt 0.00000 70.65768
vt 1.00000 70.65768
vt 0.00000 70.83885
vt 1.00000 70.83885
vt 0.00000 71.02003
vt 1.00000 71.02003
vt 0.00000 71.20120
vt 1.00000 71.20120
vt 0.00000 71.38238
vt 1.00000 71.38238
vt 0.00000 71.56355
vt 1.00000 71.56355
vt 0.00000 71.74472
vt 1.00000 71.74472
vt 0.00000 71.92590
vt 1.00000 71.92590
vt 0.00000 72.10707
vt 1.00000 72.10707
vt 0.00000 72.28825
vt 1.00000 72.28825
vt 0.00000 72.46941
vt 1.00000 72.46941
vt 0.00000 72.65059
vt 1.00000 72.65059
vt 0.00000 72.83176
vt 1.00000 72.83176
vt 0.00000 73.01294
vt 1.00000 73.01294
vt 0.00000 73.19411
vt 1.00000 73.19411
vt 0.00000 73.37528
vt 1.00000 73.37528
vt 0.00000 73.55646
vt 1.00000 73.55646
vt 0.00000 73.73763
vt 1.00000 73.73763
vt 0.00000 73.91881
vt 1.00000 73.91881
vt 0.00000 74.09998
vt 1.00000 74.09998
vt 0.00000 74.28115
vt 1.00000 74.28115
vt 0.00000 74.46233
vt 1.00000 74.46233
vt 0.00000 74.64350
vt 1.00000 74.64350
vt 0.00000 74.82467
vt 1.00000 74.82467
vt 0.00000 75.00584
vt 1.00000 75.00584
vt 0.00000 75.18702
vt 1.00000 75.18702
vt 0.00000 75.36819
vt 1.00000 75.36819
vt 0.00000 75.54937
vt 1.00000 75.54937
vt 0.00000 75.73054
vt 1.00000 75.73054
vt 0.00000 75.91171
vt 1.00000 75.91171
vt 0.00000 76.09289
vt 1.00000 76.09289
vt 0.00000 76.27406
vt 1.00000 76.27406
vt 0.00000 76.45523
vt 1.00000 76.45523
vt 0.00000 76.63641
vt 1.00000 76.63641
vt 0.00000 76.81758
vt 1.00000 76.81758
vt 0.00000 76.99876
vt 1.00000 76.99876
vt 0.00000 77.17993
vt 1.00000 77.17993
vt 0.00000 77.36110
vt 1.00000 77.36110
vt 0.00000 77.54227
vt 1.00000 77.54227
vt 0.00000 77.72345
vt 1.00000 77.72345
vt 0.00000 77.90462
vt 1.00000 77.90462
vt 0.00000 78.08579
vt 1.00000 78.08579
vt 0.00000 78.26697
vt 1.00000 78.26697
vt 0.00000 78.44814
vt 1.00000 78.44814
vt 0.00000 78.62932
vt 1.00000 78.62932
vt 0.00000 78.81049
vt 1.00000 78.81049
vt 0.00000 78.99166
vt 1.00000 78.99166
vt 0.00000 79.17284
vt 1.00000 79.17284
vt 0.00000 79.35401
vt 1.00000 79.35401
vt 0.00000 79.53519
vt 1.00000 79.53519
vt 0.00000 79.71635
vt 1.00000 79.71635
vt 0.00000 79.89753
vt 1.00000 79.89753
vt 0.00000 80.07870
vt 1.00000 80.07870
vt 0.00000 80.25988
vt 1.00000 80.25988
vt 0.00000 80.44106
vt 1.00000 80.44106
vt 0.00000 80.62222
vt 1.00000 80.62222
vt 0.00000 80.80340
vt 1.00000 80.80340
vt 0.00000 80.98457
vt 1.00000 80.98457
vt 0.00000 81.16575
vt 1.00000 81.16575
vt 0.00000 81.34692
vt 1.00000 81.34692
vt 0.00000 81.52809
vt 1.00000 81.52809
vt 0.00000 81.70927
vt 1.00000 81.70927
vt 0.00000 81.89044
vt 1.00000 81.89044
vt 0.00000 82.07162
vt 1.00000 82.07162
vt 0.00000 82.25278
vt 1.00000 82.25278
vt 0.00000 82.43396
vt 1.00000 82.43396
vt 0.00000 82.61514
vt 1.00000 82.61514
vt 0.00000 82.79631
vt 1.00000 82.79631
vt 0.00000 82.97748
vt 1.00000 82.97748
vt 0.00000 83.15865
vt 1.00000 83.15865
vt 0.00000 83.33983
vt 1.00000 83.33983
vt 0.00000 83.52100
vt 1.00000 83.52100
vt 0.00000 83.70218
vt 1.00000 83.70218
vt 0.00000 83.88335
vt 1.00000 83.88335
vt 0.00000 84.06452
vt 1.00000 84.06452
vt 0.00000 84.24570
vt 1.00000 84.24570
vt 0.00000 84.42687
vt 1.00000 84.42687
vt 0.00000 84.60804
vt 1.00000 84.60804
vt 0.00000 84.78922
vt 1.00000 84.78922
vt 0.00000 84.97039
vt 1.00000 84.97039
vt 0.00000 85.15157
vt 1.00000 85.15157
vt 0.00000 85.33274
vt 1.00000 85.33274
vt 0.00000 85.51391
vt 1.00000 85.51391
vt 0.00000 85.69508
vt 1.00000 85.69508
vt 0.00000 85.87626
vt 1.00000 85.87626
vt 0.00000 86.05743
vt 1.00000 86.05743
vt 0.00000 86.23860
vt 1.00000 86.23860
vt 0.00000 86.41978
vt 1.00000 86.41978
vt 0.00000 86.60095
vt 1.00000 86.60095
vt 0.00000 86.78213
vt 1.00000 86.78213
vt 0.00000 86.96330
vt 1.00000 86.96330
vt 0.00000 87.14447
vt 1.00000 87.14447
vt 0.00000 87.32565
vt 1.00000 87.32565
vt 0.00000 87.50682
vt 1.00000 87.50682
vt 0.00000 87.68800
vt 1.00000 87.68800
vt 0.00000 87.86916
vt 1.00000 87.86916
vt 0.00000 88.05034
vt 1.00000 88.05034
vt 0.00000 88.23151
vt 1.00000 88.23151
vt 0.00000 88.41269
vt 1.00000 88.41269
vt 0.00000 88.59386
vt 1.00000 88.59386
vt 0.00000 88.77503
vt 1.00000 88.77503
vt 0.00000 88.95621
vt 1.00000 88.95621
vt 0.00000 89.13738
vt 1.00000 89.13738
vt 0.00000 89.31856
vt 1.00000 89.31856
vt 0.00000 89.49973
vt 1.00000 89.49973
vt 0.00000 89.68090
vt 1.00000 89.68090
vt 0.00000 89.86208
vt 1.00000 89.86208
vt 0.00000 90.04325
vt 1.00000 90.04325
vt 0.00000 90.22443
vt 1.00000 90.22443
vt 0.00000 90.40559
vt 1.00000 90.40559
vt 0.00000 90.58677
vt 1.00000 90.58677
vt 0.00000 90.76794
vt 1.00000 90.76794
vt 0.00000 90.94912
vt 1.00000 90.94912
vt 0.00000 91.13029
vt 1.00000 91.13029
vt 0.00000 91.31146
vt 1.00000 91.31146
vt 0.00000 91.49264
vt 1.00000 91.49264
vt 0.00000 91.67381
vt 1.00000 91.67381
vt 0.00000 91.85499
vt 1.00000 91.85499
vt 0.00000 92.03616
vt 1.00000 92.03616
vt 0.00000 92.21733
vt 1.00000 92.21733
vt 0.00000 92.39851
vt 1.00000 92.39851
vt 0.00000 92.57968
vt 1.00000 92.57968
vt 0.00000 92.76085
vt 1.00000 92.76085
vt 0.00000 92.94202
vt 1.00000 92.94202
vt 0.00000 93.12320
vt 1.00000 93.12320
vt 0.00000 93.30437
vt 1.00000 93.30437
vt 0.00000 93.48555
vt 1.00000 93.48555
vt 0.00000 93.66672
vt 1.00000 93.66672
vt 0.00000 93.84789
vt 1.00000 93.84789
vt 0.00000 94.02907
vt 1.00000 94.02907
vt 0.00000 94.21024
vt 1.00000 94.21024
vt 0.00000 94.39141
vt 1.00000 94.39141
vt 0.00000 94.57259
vt 1.00000 94.57259
vt 0.00000 94.75376
vt 1.00000 94.75376
vt 0.00000 94.93494
vt 1.00000 94.93494
vt 0.00000 95.11611
vt 1.00000 95.11611
vt 0.00000 95.29728
vt 1.00000 95.29728
vt 0.00000 95.47845
vt 1.00000 95.47845
vt 0.00000 95.65963
vt 1.00000 95.65963
vt 0.00000 95.84081
vt 1.00000 95.84081
vt 0.00000 96.02197
vt 1.00000 96.02197
vt 0.00000 96.20315
vt 1.00000 96.20315
vt 0.00000 96.38432
vt 1.00000 96.38432
vt 0.00000 96.56550
vt 1.00000 96.56550
vt 0.00000 96.74667
vt 1.00000 96.74667
vt 0.00000 96.92784
vt 1.00000 96.92784
vt 0.00000 97.10902
vt 1.00000 97.10902
vt 0.00000 97.29019
vt 1.00000 97.29019
vt 0.00000 97.47137
vt 1.00000 97.47137
vt 0.00000 97.65253
vt 1.00000 97.65253
vt 0.00000 97.83371
vt 1.00000 97.83371
vt 0.00000 98.01488
vt 1.00000 98.01488
vt 0.00000 98.19606
vt 1.00000 98.19606
vt 0.00000 98.37724
vt 1.00000 98.37724
vt 0.00000 98.55840
vt 1.00000 98.55840
vt 0.00000 98.73958
vt 1.00000 98.73958
vt 0.00000 98.92075
vt 1.00000 98.92075
vt 0.00000 99.10193
vt 1.00000 99.10193
vt 0.00000 99.28310
vt 1.00000 99.28310
vt 0.00000 99.46427
vt 1.00000 99.46427
vt 0.00000 99.64545
vt 1.00000 99.64545
vt 0.00000 99.82662
vt 1.00000 99.82662
vt 0.00000 100.00780
vt 1.00000 100.00780
vt 0.00000 100.18896
vt 1.00000 100.18896
vt 0.00000 100.37014
vt 1.00000 100.37014
vt 0.00000 100.55132
vt 1.00000 100.55132
vt 0.00000 100.73249
vt 1.00000 100.73249
vt 0.00000 100.91367
vt 1.00000 100.91367
vt 0.00000 101.09483
vt 1.00000 101.09483
vt 0.00000 101.27601
vt 1.00000 101.27601
vt 0.00000 101.45718
vt 1.00000 101.45718
vt 0.00000 101.63836
vt 1.00000 101.63836
vt 0.00000 101.81953
vt 1.00000 101.81953
vt 0.00000 102.00070
vt 1.00000 102.00070
vt 0.00000 102.18188
vt 1.00000 102.18188
vt 0.00000 102.36305
vt 1.00000 102.36305
vt 0.00000 102.54423
vt 1.00000 102.54423
vt 0.00000 102.72540
vt 1.00000 102.72540
vt 0.00000 102.90657
vt 1.00000 102.90657
vt 0.00000 103.08775
vt 1.00000 103.08775
vt 0.00000 103.26892
vt 1.00000 103.26892
vt 0.00000 103.45009
vt 1.00000 103.45009
vt 0.00000 103.63126
vt 1.00000 103.63126
vt 0.00000 103.81244
vt 1.00000 103.81244
vt 0.00000 103.99361
vt 1.00000 103.99361
vt 0.00000 104.17479
vt 1.00000 104.17479
vt 0.00000 104.35596
vt 1.00000 104.35596
vt 0.00000 104.53713
vt 1.00000 104.53713
vt 0.00000 104.71831
vt 1.00000 104.71831
vt 0.00000 104.89948
vt 1.00000 104.89948
vt 0.00000 105.08065
vt 1.00000 105.08065
vt 0.00000 105.26183
vt 1.00000 105.26183
vt 0.00000 105.44300
vt 1.00000 105.44300
vt 0.00000 105.62418
vt 1.00000 105.62418
vt 0.00000 105.80535
vt 1.00000 105.80535
vt 0.00000 105.98652
vt 1.00000 105.98652
vt 0.00000 106.16769
vt 1.00000 106.16769
vt 0.00000 106.34887
vt 1.00000 106.34887
vt 0.00000 106.53004
vt 1.00000 106.53004
vt 0.00000 106.71121
vt 1.00000 106.71121
vt 0.00000 106.89239
vt 1.00000 106.89239
vt 0.00000 107.07356
vt 1.00000 107.07356
vt 0.00000 107.25474
vt 1.00000 107.25474
vt 0.00000 107.43591
vt 1.00000 107.43591
vt 0.00000 107.61708
vt 1.00000 107.61708
vt 0.00000 107.79826
vt 1.00000 107.79826
vt 0.00000 107.97943
vt 1.00000 107.97943
vt 0.00000 108.16061
vt 1.00000 108.16061
vt 0.00000 108.34177
vt 1.00000 108.34177
vt 0.00000 108.52295
vt 1.00000 108.52295
vt 0.00000 108.70412
vt 1.00000 108.70412
vt 0.00000 108.88530
vt 1.00000 108.88530
vt 0.00000 109.06647
vt 1.00000 109.06647
vt 0.00000 109.24764
vt 1.00000 109.24764
vt 0.00000 109.42882
vt 1.00000 109.42882
vt 0.00000 109.60999
vt 1.00000 109.60999
vt 0.00000 109.79117
vt 1.00000 109.79117
vt 0.00000 109.97234
vt 1.00000 109.97234
vt 0.00000 110.15351
vt 1.00000 110.15351
vt 0.00000 110.33469
vt 1.00000 110.33469
vt 0.00000 110.51586
vt 1.00000 110.51586
vt 0.00000 110.69704
vt 1.00000 110.69704
vt 0.00000 110.87820
vt 1.00000 110.87820
vt 0.00000 111.05938
vt 1.00000 111.05938
vt 0.00000 111.24055
vt 1.00000 111.24055
vt 0.00000 111.42173
vt 1.00000 111.42173
vt 0.00000 111.60290
vt 1.00000 111.60290
vt 0.00000 111.78407
vt 1.00000 111.78407
vt 0.00000 111.96525
vt 1.00000 111.96525
vt 0.00000 112.14642
vt 1.00000 112.14642
vt 0.00000 112.32760
vt 1.00000 112.32760
vt 0.00000 112.50877
vt 1.00000 112.50877
vt 0.00000 112.68994
vt 1.00000 112.68994
vt 0.00000 112.87112
vt 1.00000 112.87112
vt 0.00000 113.05229
vt 1.00000 113.05229
vt 0.00000 113.23346
vt 1.00000 113.23346
vt 0.00000 113.41463
vt 1.00000 113.41463
vt 0.00000 113.59581
vt 1.00000 113.59581
vt 0.00000 113.77699
vt 1.00000 113.77699
vt 0.00000 113.95816
vt 1.00000 113.95816
vt 0.00000 114.13933
vt 1.00000 114.13933
vt 0.00000 114.32050
vt 1.00000 114.32050
vt 0.00000 114.50168
vt 1.00000 114.50168
vt 0.00000 114.68285
vt 1.00000 114.68285
vt 0.00000 114.86402
vt 1.00000 114.86402
vt 0.00000 115.04520
vt 1.00000 115.04520
vt 0.00000 115.22637
vt 1.00000 115.22637
vt 0.00000 115.40755
vt 1.00000 115.40755
vt 0.00000 115.58872
vt 1.00000 115.58872
vt 0.00000 115.76989
vt 1.00000 115.76989
vt 0.00000 115.95107
vt 1.00000 115.95107
vt 0.00000 116.13224
vt 1.00000 116.13224
vt 0.00000 116.31342
vt 1.00000 116.31342
vt 0.00000 116.49458
vt 1.00000 116.49458
vt 0.00000 116.67576
vt 1.00000 116.67576
vt 0.00000 116.85693
vt 1.00000 116.85693
vt 0.00000 117.03811
vt 1.00000 117.03811
vt 0.00000 117.21928
vt 1.00000 117.21928
vt 0.00000 117.40045
vt 1.00000 117.40045
vt 0.00000 117.58163
vt 1.00000 117.58163
vt 0.00000 117.76280
vt 1.00000 117.76280
vt 0.00000 117.94398
vt 1.00000 117.94398
vt 0.00000 118.12514
vt 1.00000 118.12514
vt 0.00000 118.30632
vt 1.00000 118.30632
vt 0.00000 118.48750
vt 1.00000 118.48750
vt 0.00000 118.66867
vt 1.00000 118.66867
vt 0.00000 118.84985
vt 1.00000 118.84985
vt 0.00000 119.03101
vt 1.00000 119.03101
vt 0.00000 119.21219
vt 1.00000 119.21219
vt 0.00000 119.39336
vt 1.00000 119.39336
vt 0.00000 119.57454
vt 1.00000 119.57454
vt 0.00000 119.75571
vt 1.00000 119.75571
vt 0.00000 119.93688
vt 1.00000 119.93688
vt 0.00000 120.11806
vt 1.00000 120.11806
vt 0.00000 120.29923
vt 1.00000 120.29923
vt 0.00000 120.48041
vt 1.00000 120.48041
vt 0.00000 120.66158
vt 1.00000 120.66158
vt 0.00000 120.84275
vt 1.00000 120.84275
vt 0.00000 121.02393
vt 1.00000 121.02393
vt 0.00000 121.20510
vt 1.00000 121.20510
vt 0.00000 121.38627
vt 1.00000 121.38627
vt 0.00000 121.56744
vt 1.00000 121.56744
vt 0.00000 121.74862
vt 1.00000 121.74862
vt 0.00000 121.92979
vt 1.00000 121.92979
vt 0.00000 122.11097
vt 1.00000 122.11097
vt 0.00000 122.29214
vt 1.00000 122.29214
vt 0.00000 122.47331
vt 1.00000 122.47331
vt 0.00000 122.65449
vt 1.00000 122.65449
vt 0.00000 122.83566
vt 1.00000 122.83566
vt 0.00000 123.01683
vt 1.00000 123.01683
vt 0.00000 123.19801
vt 1.00000 123.19801
vt 0.00000 123.37918
vt 1.00000 123.37918
vt 0.00000 123.56036
vt 1.00000 123.56036
vt 0.00000 123.74153
vt 1.00000 123.74153
vt 0.00000 123.92270
vt 1.00000 123.92270
vt 0.00000 124.10387
vt 1.00000 124.10387
vt 0.00000 124.28505
vt 1.00000 124.28505
vt 0.00000 124.46622
vt 1.00000 124.46622
vt 0.00000 124.64739
vt 1.00000 124.64739
vt 0.00000 124.82857
vt 1.00000 124.82857
vt 0.00000 125.00974
vt 1.00000 125.00974
vt 0.00000 125.19092
vt 1.00000 125.19092
vt 0.00000 125.37209
vt 1.00000 125.37209
vt 0.00000 125.55326
vt 1.00000 125.55326
vt 0.00000 125.73444
vt 1.00000 125.73444
vt 0.00000 125.91561
vt 1.00000 125.91561
vt 0.00000 126.09679
vt 1.00000 126.09679
vt 0.00000 126.27795
vt 1.00000 126.27795
vt 0.00000 126.45913
vt 1.00000 126.45913
vt 0.00000 126.64030
vt 1.00000 126.64030
vt 0.00000 126.82148
vt 1.00000 126.82148
vt 0.00000 127.00266
vt 1.00000 127.00266
vt 0.00000 127.18382
vt 1.00000 127.18382
vt 0.00000 127.36500
vt 1.00000 127.36500
vt 0.00000 127.54617
vt 1.00000 127.54617
vt 0.00000 127.72735
vt 1.00000 127.72735
vt 0.00000 127.90852
vt 1.00000 127.90852
vt 0.00000 128.08969
vt 1.00000 128.08969
vt 0.00000 128.27087
vt 1.00000 128.27087
vt 0.00000 128.45204
vt 1.00000 128.45204
vt 0.00000 128.63321
vt 1.00000 128.63321
vt 0.00000 128.81439
vt 1.00000 128.81439
vt 0.00000 128.99556
vt 1.00000 128.99556
vt 0.00000 129.17673
vt 1.00000 129.17673
vt 0.00000 129.35791
vt 1.00000 129.35791
vt 0.00000 129.53908
vt 1.00000 129.53908
vt 0.00000 129.72026
vt 1.00000 129.72026
vt 0.00000 129.90143
vt 1.00000 129.90143
vt 0.00000 130.08260
vt 1.00000 130.08260
vt 0.00000 130.26378
vt 1.00000 130.26378
vt 0.00000 130.44495
vt 1.00000 130.44495
vt 0.00000 130.62613
vt 1.00000 130.62613
vt 0.00000 130.80730
vt 1.00000 130.80730
vt 0.00000 130.98846
vt 1.00000 130.98846
vt 0.00000 131.16965
vt 1.00000 131.16965
vt 0.00000 131.35081
vt 1.00000 131.35081
vt 0.00000 131.53200
vt 1.00000 131.53200
vt 0.00000 131.71317
vt 1.00000 131.71317
vt 0.00000 131.89433
vt 1.00000 131.89433
vt 0.00000 132.07552
vt 1.00000 132.07552
vt 0.00000 132.25668
vt 1.00000 132.25668
vt 0.00000 132.43785
vt 1.00000 132.43785
vt 0.00000 132.61903
vt 1.00000 132.61903
vt 0.00000 132.80020
vt 1.00000 132.80020
vt 0.00000 132.98138
vt 1.00000 132.98138
vt 0.00000 133.16255
vt 1.00000 133.16255
vt 0.00000 133.34372
vt 1.00000 133.34372
vt 0.00000 133.52490
vt 1.00000 133.52490
vt 0.00000 133.70607
vt 1.00000 133.70607
vt 0.00000 133.88725
vt 1.00000 133.88725
vt 0.00000 134.06842
vt 1.00000 134.06842
vt 0.00000 134.24959
vt 1.00000 134.24959
vt 0.00000 134.43077
vt 1.00000 134.43077
vt 0.00000 134.61194
vt 1.00000 134.61194
vt 0.00000 134.79312
vt 1.00000 134.79312
vt 0.00000 134.97429
vt 1.00000 134.97429
vt 0.00000 135.15546
vt 1.00000 135.15546
vt 0.00000 135.33664
vt 1.00000 135.33664
vt 0.00000 135.51781
vt 1.00000 135.51781
vt 0.00000 135.69897
vt 1.00000 135.69897
vt 0.00000 135.88016
vt 1.00000 135.88016
vt 0.00000 136.06133
vt 1.00000 136.06133
vt 0.00000 136.24251
vt 1.00000 136.24251
vt 0.00000 136.42368
vt 1.00000 136.42368
vt 0.00000 136.60484
vt 1.00000 136.60484
vt 0.00000 136.78603
vt 1.00000 136.78603
vt 0.00000 136.96719
vt 1.00000 136.96719
vt 0.00000 137.14838
vt 1.00000 137.14838
vt 0.00000 137.32954
vt 1.00000 137.32954
vt 0.00000 137.51071
vt 1.00000 137.51071
vt 0.00000 137.69189
vt 1.00000 137.69189
vt 0.00000 137.87306
vt 1.00000 137.87306
vt 0.00000 138.05424
vt 1.00000 138.05424
vt 0.00000 138.23541
vt 1.00000 138.23541
vt 0.00000 138.41658
vt 1.00000 138.41658
vt 0.00000 138.59776
vt 1.00000 138.59776
vt 0.00000 138.77893
vt 1.00000 138.77893
vt 0.00000 138.96010
vt 1.00000 138.96010
vt 0.00000 139.14128
vt 1.00000 139.14128
vt 0.00000 139.32245
vt 1.00000 139.32245
vt 0.00000 139.50363
vt 1.00000 139.50363
vt 0.00000 139.68480
vt 1.00000 139.68480
vt 0.00000 139.86597
vt 1.00000 139.86597
vt 0.00000 140.04715
vt 1.00000 140.04715
vt 0.00000 140.22832
vt 1.00000 140.22832
vt 0.00000 140.40950
vt 1.00000 140.40950
vt 0.00000 140.59067
vt 1.00000 140.59067
vt 0.00000 140.77184
vt 1.00000 140.77184
vt 0.00000 140.95302
vt 1.00000 140.95302
vt 0.00000 141.13419
vt 1.00000 141.13419
vt 0.00000 141.31537
vt 1.00000 141.31537
vt 0.00000 141.49654
vt 1.00000 141.49654
vt 0.00000 141.67770
vt 1.00000 141.67770
vt 0.00000 141.85889
vt 1.00000 141.85889
vt 0.00000 142.04005
vt 1.00000 142.04005
vt 0.00000 142.22122
vt 1.00000 142.22122
vt 0.00000 142.40240
vt 1.00000 142.40240
vt 0.00000 142.58357
vt 1.00000 142.58357
vt 0.00000 142.76476
vt 1.00000 142.76476
vt 0.00000 142.94592
vt 1.00000 142.94592
vt 0.00000 143.12709
vt 1.00000 143.12709
vt 0.00000 143.30827
vt 1.00000 143.30827
vt 0.00000 143.48944
vt 1.00000 143.48944
vt 0.00000 143.67062
vt 1.00000 143.67062
vt 0.00000 143.85179
vt 1.00000 143.85179
vt 0.00000 144.03296
vt 1.00000 144.03296
vt 0.00000 144.21414
vt 1.00000 144.21414
vt 0.00000 144.39531
vt 1.00000 144.39531
vt 0.00000 144.57649
vt 1.00000 144.57649
vt 0.00000 144.75766
vt 1.00000 144.75766
vt 0.00000 144.93883
vt 1.00000 144.93883
vt 0.00000 145.12001
vt 1.00000 145.12001
vt 0.00000 145.30118
vt 1.00000 145.30118
vt 0.00000 145.48235
vt 1.00000 145.48235
vt 0.00000 145.66353
vt 1.00000 145.66353
vt 0.00000 145.84470
vt 1.00000 145.84470
vt 0.00000 146.02588
vt 1.00000 146.02588
vt 0.00000 146.20705
vt 1.00000 146.20705
vt 0.00000 146.38821
vt 1.00000 146.38821
vt 0.00000 146.56940
vt 1.00000 146.56940
vt 0.00000 146.75056
vt 1.00000 146.75056
vt 0.00000 146.93175
vt 1.00000 146.93175
vt 0.00000 147.11292
vt 1.00000 147.11292
vt 0.00000 147.29408
vt 1.00000 147.29408
vt 0.00000 147.47527
vt 1.00000 147.47527
vt 0.00000 147.65643
vt 1.00000 147.65643
vt 0.00000 147.83762
vt 1.00000 147.83762
vt 0.00000 148.01878
vt 1.00000 148.01878
vt 0.00000 148.19995
vt 1.00000 148.19995
vt 0.00000 148.38113
vt 1.00000 148.38113
vt 0.00000 148.56230
vt 1.00000 148.56230
vt 0.00000 148.74347
vt 1.00000 148.74347
vt 0.00000 148.92465
vt 1.00000 148.92465
vt 0.00000 149.10582
vt 1.00000 149.10582
vt 0.00000 149.28700
vt 1.00000 149.28700
vt 0.00000 149.46817
vt 1.00000 149.46817
vt 0.00000 149.64934
vt 1.00000 149.64934
vt 0.00000 149.83052
vt 1.00000 149.83052
vt 0.00000 150.01169
vt 1.00000 150.01169
vt 0.00000 150.19287
vt 1.00000 150.19287
vt 0.00000 150.37404
vt 1.00000 150.37404
vt 0.00000 150.55521
vt 1.00000 150.55521
vt 0.00000 150.73639
vt 1.00000 150.73639
vt 0.00000 150.91756
vt 1.00000 150.91756
vt 0.00000 151.09874
vt 1.00000 151.09874
vt 0.00000 151.27991
vt 1.00000 151.27991
vt 0.00000 151.46107
vt 1.00000 151.46107
vt 0.00000 151.64226
vt 1.00000 151.64226
vt 0.00000 151.82343
vt 1.00000 151.82343
vt 0.00000 152.00459
vt 1.00000 152.00459
vt 0.00000 152.18578
vt 1.00000 152.18578
vt 0.00000 152.36694
vt 1.00000 152.36694
vt 0.00000 152.54813
vt 1.00000 152.54813
vt 0.00000 152.72929
vt 1.00000 152.72929
vt 0.00000 152.91046
vt 1.00000 152.91046
vt 0.00000 153.09164
vt 1.00000 153.09164
vt 0.00000 153.27281
vt 1.00000 153.27281
vt 0.00000 153.45399
vt 1.00000 153.45399
vt 0.00000 153.63516
vt 1.00000 153.63516
vt 0.00000 153.81633
vt 1.00000 153.81633
vt 0.00000 153.99751
vt 1.00000 153.99751
vt 0.00000 154.17868
vt 1.00000 154.17868
vt 0.00000 154.35986
vt 1.00000 154.35986
vt 0.00000 154.54103
vt 1.00000 154.54103
vt 0.00000 154.72220
vt 1.00000 154.72220
vt 0.00000 154.90338
vt 1.00000 154.90338
vt 0.00000 155.08455
vt 1.00000 155.08455
vt 0.00000 155.26572
vt 1.00000 155.26572
vt 0.00000 155.44690
vt 1.00000 155.44690
vt 0.00000 155.62807
vt 1.00000 155.62807
vt 0.00000 155.80925
vt 1.00000 155.80925
vt 0.00000 155.99042
vt 1.00000 155.99042
vt 0.00000 156.17159
vt 1.00000 156.17159
vt 0.00000 156.35277
vt 1.00000 156.35277
vt 0.00000 156.53394
vt 1.00000 156.53394
vt 0.00000 156.71512
vt 1.00000 156.71512
vt 0.00000 156.89629
vt 1.00000 156.89629
vt 0.00000 157.07745
vt 1.00000 157.07745
vt 0.00000 157.25864
vt 1.00000 157.25864
vt 0.00000 157.43980
vt 1.00000 157.43980
vt 0.00000 157.62099
vt 1.00000 157.62099
vt 0.00000 157.80215
vt 1.00000 157.80215
vt 0.00000 157.98332
vt 1.00000 157.98332
vt 0.00000 158.16451
vt 1.00000 158.16451
vt 0.00000 158.34567
vt 1.00000 158.34567
vt 0.00000 158.52686
vt 1.00000 158.52686
vt 0.00000 158.70802
vt 1.00000 158.70802
vt 0.00000 158.88919
vt 1.00000 158.88919
vt 0.00000 159.07037
vt 1.00000 159.07037
vt 0.00000 159.25154
vt 1.00000 159.25154
vt 0.00000 159.43271
vt 1.00000 159.43271
vt 0.00000 159.61389
vt 1.00000 159.61389
vt 0.00000 159.79506
vt 1.00000 159.79506
vt 0.00000 159.97624
vt 1.00000 159.97624
vt 0.00000 160.15741
vt 1.00000 160.15741
vt 0.00000 160.33858
vt 1.00000 160.33858
vt 0.00000 160.51976
vt 1.00000 160.51976
vt 0.00000 160.70093
vt 1.00000 160.70093
vt 0.00000 160.88211
vt 1.00000 160.88211
vt 0.00000 161.06328
vt 1.00000 161.06328
vt 0.00000 161.24445
vt 1.00000 161.24445
vt 0.00000 161.42563
vt 1.00000 161.42563
vt 0.00000 161.60680
vt 1.00000 161.60680
vt 0.00000 161.78798
vt 1.00000 161.78798
vt 0.00000 161.96915
vt 1.00000 161.96915
vt 0.00000 162.15031
vt 1.00000 162.15031
vt 0.00000 162.33150
vt 1.00000 162.33150
vt 0.00000 162.51266
vt 1.00000 162.51266
vt 0.00000 162.69383
vt 1.00000 162.69383
vt 0.00000 162.87502
vt 1.00000 162.87502
vt 0.00000 163.05618
vt 1.00000 163.05618
vt 0.00000 163.23737
vt 1.00000 163.23737
vt 0.00000 163.41853
vt 1.00000 163.41853
vt 0.00000 163.59970
vt 1.00000 163.59970
vt 0.00000 163.78088
vt 1.00000 163.78088
vt 0.00000 163.96205
vt 1.00000 163.96205
vt 0.00000 164.14323
vt 1.00000 164.14323
vt 0.00000 164.32440
vt 1.00000 164.32440
vt 0.00000 164.50557
vt 1.00000 164.50557
vt 0.00000 164.68675
vt 1.00000 164.68675
vt 0.00000 164.86792
vt 1.00000 164.86792
vt 0.00000 165.04910
vt 1.00000 165.04910
vt 0.00000 165.23027
vt 1.00000 165.23027
vt 0.00000 165.41144
vt 1.00000 165.41144
vt 0.00000 165.59262
vt 1.00000 165.59262
vt 0.00000 165.77379
vt 1.00000 165.77379
vt 0.00000 165.95496
vt 1.00000 165.95496
vt 0.00000 166.13614
vt 1.00000 166.13614
vt 0.00000 166.31731
vt 1.00000 166.31731
vt 0.00000 166.49849
vt 1.00000 166.49849
vt 0.00000 166.67966
vt 1.00000 166.67966
vt 0.00000 166.86082
vt 1.00000 166.86082
vt 0.00000 167.04201
vt 1.00000 167.04201
vt 0.00000 167.22318
vt 1.00000 167.22318
vt 0.00000 167.40436
vt 1.00000 167.40436
vt 0.00000 167.58553
vt 1.00000 167.58553
vt 0.00000 167.76669
vt 1.00000 167.76669
vt 0.00000 167.94788
vt 1.00000 167.94788
vt 0.00000 168.12904
vt 1.00000 168.12904
vt 0.00000 168.31023
vt 1.00000 168.31023
vt 0.00000 168.49139
vt 1.00000 168.49139
vt 0.00000 168.67256
vt 1.00000 168.67256
vt 0.00000 168.85374
vt 1.00000 168.85374
vt 0.00000 169.03491
vt 1.00000 169.03491
vt 0.00000 169.21608
vt 1.00000 169.21608
vt 0.00000 169.39726
vt 1.00000 169.39726
vt 0.00000 169.57843
vt 1.00000 169.57843
vt 0.00000 169.75961
vt 1.00000 169.75961
vt 0.00000 169.94078
vt 1.00000 169.94078
vt 0.00000 170.12195
vt 1.00000 170.12195
vt 0.00000 170.30313
vt 1.00000 170.30313
vt 0.00000 170.48430
vt 1.00000 170.48430
vt 0.00000 170.66548
vt 1.00000 170.66548
vt 0.00000 170.84665
vt 1.00000 170.84665
vt 0.00000 171.02782
vt 1.00000 171.02782
vt 0.00000 171.20900
vt 1.00000 171.20900
vt 0.00000 171.39017
vt 1.00000 171.39017
vt 0.00000 171.57135
vt 1.00000 171.57135
vt 0.00000 171.75252
vt 1.00000 171.75252
vt 0.00000 171.93369
vt 1.00000 171.93369
vt 0.00000 172.11487
vt 1.00000 172.11487
vt 0.00000 172.29604
vt 1.00000 172.29604
vt 0.00000 172.47720
vt 1.00000 172.47720
vt 0.00000 172.65839
vt 1.00000 172.65839
vt 0.00000 172.83955
vt 1.00000 172.83955
vt 0.00000 173.02074
vt 1.00000 173.02074
vt 0.00000 173.20190
vt 1.00000 173.20190
vt 0.00000 173.38307
vt 1.00000 173.38307
vt 0.00000 173.56425
vt 1.00000 173.56425
vt 0.00000 173.74542
vt 1.00000 173.74542
vt 0.00000 173.92661
vt 1.00000 173.92661
vt 0.00000 174.10777
vt 1.00000 174.10777
vt 0.00000 174.28894
vt 1.00000 174.28894
vt 0.00000 174.47012
vt 1.00000 174.47012
vt 0.00000 174.65129
vt 1.00000 174.65129
vt 0.00000 174.83247
vt 1.00000 174.83247
vt 0.00000 175.01364
vt 1.00000 175.01364
vt 0.00000 175.19481
vt 1.00000 175.19481
vt 0.00000 175.37599
vt 1.00000 175.37599
vt 0.00000 175.55716
vt 1.00000 175.55716
vt 0.00000 175.73833
vt 1.00000 175.73833
vt 0.00000 175.91951
vt 1.00000 175.91951
vt 0.00000 176.10068
vt 1.00000 176.10068
vt 0.00000 176.28186
vt 1.00000 176.28186
vt 0.00000 176.46303
vt 1.00000 176.46303
vt 0.00000 176.64420
vt 1.00000 176.64420
vt 0.00000 176.82538
vt 1.00000 176.82538
vt 0.00000 177.00655
vt 1.00000 177.00655
vt 0.00000 177.18773
vt 1.00000 177.18773
vt 0.00000 177.36890
vt 1.00000 177.36890
vt 0.00000 177.55006
vt 1.00000 177.55006
vt 0.00000 177.73125
vt 1.00000 177.73125
vt 0.00000 177.91241
vt 1.00000 177.91241
vt 0.00000 178.09360
vt 1.00000 178.09360
vt 0.00000 178.27477
vt 1.00000 178.27477
vt 0.00000 178.45593
vt 1.00000 178.45593
vt 0.00000 178.63712
vt 1.00000 178.63712
vt 0.00000 178.81828
vt 1.00000 178.81828
vt 0.00000 178.99945
vt 1.00000 178.99945
vt 0.00000 179.18063
vt 1.00000 179.18063
vt 0.00000 179.36180
vt 1.00000 179.36180
vt 0.00000 179.54298
vt 1.00000 179.54298
vt 0.00000 179.72415
vt 1.00000 179.72415
vt 0.00000 179.90532
vt 1.00000 179.90532
vt 0.00000 180.08650
vt 1.00000 180.08650
vt 0.00000 180.26767
vt 1.00000 180.26767
vt 0.00000 180.44885
vt 1.00000 180.44885
vt 0.00000 180.63002
vt 1.00000 180.63002
vt 0.00000 180.81119
vt 1.00000 180.81119
vt 0.00000 180.99237
vt 1.00000 180.99237
vt 0.00000 181.17354
vt 1.00000 181.17354
vt 0.00000 181.35472
vt 1.00000 181.35472
vt 0.00000 181.53589
vt 1.00000 181.53589
vt 0.00000 181.71706
vt 1.00000 181.71706
vt 0.00000 181.89824
vt 1.00000 181.89824
vt 0.00000 182.07941
vt 1.00000 182.07941
vt 0.00000 182.26057
vt 1.00000 182.26057
vt 0.00000 182.44176
vt 1.00000 182.44176
vt 0.00000 182.62292
vt 1.00000 182.62292
vt 0.00000 182.80411
vt 1.00000 182.80411
vt 0.00000 182.98528
vt 1.00000 182.98528
vt 0.00000 183.16644
vt 1.00000 183.16644
vt 0.00000 183.34763
vt 1.00000 183.34763
vt 0.00000 183.52879
vt 1.00000 183.52879
vt 0.00000 183.70998
vt 1.00000 183.70998
vt 0.00000 183.89114
vt 1.00000 183.89114
vt 0.00000 184.07231
vt 1.00000 184.07231
vt 0.00000 184.25349
vt 1.00000 184.25349
vt 0.00000 184.43466
vt 1.00000 184.43466
vt 0.00000 184.61584
vt 1.00000 184.61584
vt 0.00000 184.79701
vt 1.00000 184.79701
vt 0.00000 184.97818
vt 1.00000 184.97818
vt 0.00000 185.15936
vt 1.00000 185.15936
vt 0.00000 185.34053
vt 1.00000 185.34053
vt 0.00000 185.52170
vt 1.00000 185.52170
vt 0.00000 185.70288
vt 1.00000 185.70288
vt 0.00000 185.88405
vt 1.00000 185.88405
vt 0.00000 186.06523
vt 1.00000 186.06523
vt 0.00000 186.24640
vt 1.00000 186.24640
vt 0.00000 186.42757
vt 1.00000 186.42757
vt 0.00000 186.60875
vt 1.00000 186.60875
vt 0.00000 186.78992
vt 1.00000 186.78992
vt 0.00000 186.97110
vt 1.00000 186.97110
vt 0.00000 187.15227
vt 1.00000 187.15227
vt 0.00000 187.33344
vt 1.00000 187.33344
vt 0.00000 187.51462
vt 1.00000 187.51462
vt 0.00000 187.69579
vt 1.00000 187.69579
vt 0.00000 187.87697
vt 1.00000 187.87697
vt 0.00000 188.05814
vt 1.00000 188.05814
vt 0.00000 188.23930
vt 1.00000 188.23930
vt 0.00000 188.42049
vt 1.00000 188.42049
vt 0.00000 188.60165
vt 1.00000 188.60165
vt 0.00000 188.78282
vt 1.00000 188.78282
vt 0.00000 188.96400
vt 1.00000 188.96400
vt 0.00000 189.14517
vt 1.00000 189.14517
vt 0.00000 189.32635
vt 1.00000 189.32635
vt 0.00000 189.50752
vt 1.00000 189.50752
vt 0.00000 189.68869
vt 1.00000 189.68869
vt 0.00000 189.86987
vt 1.00000 189.86987
vt 0.00000 190.05104
vt 1.00000 190.05104
vt 0.00000 190.23222
vt 1.00000 190.23222
vt 0.00000 190.41339
vt 1.00000 190.41339
vt 0.00000 190.59456
vt 1.00000 190.59456
vt 0.00000 190.77574
vt 1.00000 190.77574
vt 0.00000 190.95691
vt 1.00000 190.95691
vt 0.00000 191.13809
vt 1.00000 191.13809
vt 0.00000 191.31926
vt 1.00000 191.31926
vt 0.00000 191.50043
vt 1.00000 191.50043
vt 0.00000 191.68161
vt 1.00000 191.68161
vt 0.00000 191.86278
vt 1.00000 191.86278
vt 0.00000 192.04395
vt 1.00000 192.04395
vt 0.00000 192.22513
vt 1.00000 192.22513
vt 0.00000 192.40630
vt 1.00000 192.40630
vt 0.00000 192.58748
vt 1.00000 192.58748
vt 0.00000 192.76865
vt 1.00000 192.76865
vt 0.00000 192.94981
vt 1.00000 192.94981
vt 0.00000 193.13100
vt 1.00000 193.13100
vt 0.00000 193.31216
vt 1.00000 193.31216
vt 0.00000 193.49335
vt 1.00000 193.49335
vt 0.00000 193.67451
vt 1.00000 193.67451
vt 0.00000 193.85568
vt 1.00000 193.85568
vt 0.00000 194.03687
vt 1.00000 194.03687
vt 0.00000 194.21803
vt 1.00000 194.21803
vt 0.00000 194.39922
vt 1.00000 194.39922
vt 0.00000 194.58038
vt 1.00000 194.58038
vt 0.00000 194.76155
vt 1.00000 194.76155
vt 0.00000 194.94273
vt 1.00000 194.94273
vt 0.00000 195.12390
vt 1.00000 195.12390
vt 0.00000 195.30507
vt 1.00000 195.30507
vt 0.00000 195.48625
vt 1.00000 195.48625
vt 0.00000 195.66742
vt 1.00000 195.66742
vt 0.00000 195.84860
vt 1.00000 195.84860
vt 0.00000 196.02977
vt 1.00000 196.02977
vt 0.00000 196.21094
vt 1.00000 196.21094
vt 0.00000 196.39212
vt 1.00000 196.39212
vt 0.00000 196.57329
vt 1.00000 196.57329
vt 0.00000 196.75447
vt 1.00000 196.75447
vt 0.00000 196.93564
vt 1.00000 196.93564
vt 0.00000 197.11681
vt 1.00000 197.11681
vt 0.00000 197.29799
vt 1.00000 197.29799
vt 0.00000 197.47916
vt 1.00000 197.47916
vt 0.00000 197.66034
vt 1.00000 197.66034
vt 0.00000 197.84151
vt 1.00000 197.84151
vt 0.00000 198.02267
vt 1.00000 198.02267
vt 0.00000 198.20386
vt 1.00000 198.20386
vt 0.00000 198.38503
vt 1.00000 198.38503
vt 0.00000 198.56621
vt 1.00000 198.56621
vt 0.00000 198.74738
vt 1.00000 198.74738
vt 0.00000 198.92854
vt 1.00000 198.92854
vt 0.00000 199.10973
vt 1.00000 199.10973
vt 0.00000 199.29089
vt 1.00000 199.29089
f 1/1 2/2 3/3
f 2/2 4/4 3/3
f 3/3 4/4 5/5
f 4/4 6/6 5/5
f 5/5 6/6 7/7
f 6/6 8/8 7/7
f 7/7 8/8 9/9
f 8/8 10/10 9/9
f 9/9 10/10 11/11
f 10/10 12/12 11/11
f 11/11 12/12 13/13
f 12/12 14/14 13/13
f 13/13 14/14 15/15
f 14/14 16/16 15/15
f 15/15 16/16 17/17
f 16/16 18/18 17/17
f 17/17 18/18 19/19
f 18/18 20/20 19/19
f 19/19 20/20 21/21
f 20/20 22/22 21/21
f 21/21 22/22 23/23
f 22/22 24/24 23/23
f 23/23 24/24 25/25
f 24/24 26/26 25/25
f 25/25 26/26 27/27
f 26/26 28/28 27/27
f 27/27 28/28 29/29
f 28/28 30/30 29/29
f 29/29 30/30 31/31
f 30/30 32/32 31/31
f 31/31 32/32 33/33
f 32/32 34/34 33/33
f 33/33 34/34 35/35
f 34/34 36/36 35/35
f 35/35 36/36 37/37
f 36/36 38/38 37/37
f 37/37 38/38 39/39
f 38/38 40/40 39/39
f 39/39 40/40 41/41
f 40/40 42/42 41/41
f 41/41 42/42 43/43
f 42/42 44/44 43/43
f 43/43 44/44 45/45
f 44/44 46/46 45/45
f 45/45 46/46 47/47
f 46/46 48/48 47/47
f 47/47 48/48 49/49
f 48/48 50/50 49/49
f 49/49 50/50 51/51
f 50/50 52/52 51/51
f 51/51 52/52 53/53
f 52/52 54/54 53/53
f 53/53 54/54 55/55
f 54/54 56/56 55/55
f 55/55 56/56 57/57
f 56/56 58/58 57/57
f 57/57 58/58 59/59
f 58/58 60/60 59/59
f 59/59 60/60 61/61
f 60/60 62/62 61/61
f 61/61 62/62 63/63
f 62/62 64/64 63/63
f 63/63 64/64 65/65
f 64/64 66/66 65/65
f 65/65 66/66 67/67
f 66/66 68/68 67/67
f 67/67 68/68 69/69
f 68/68 70/70 69/69
f 69/69 70/70 71/71
f 70/70 72/72 71/71
f 71/71 72/72 73/73
f 72/72 74/74 73/73
f 73/73 74/74 75/75
f 74/74 76/76 75/75
f 75/75 76/76 77/77
f 76/76 78/78 77/77
f 77/77 78/78 79/79
f 78/78 80/80 79/79
f 79/79 80/80 81/81
f 80/80 82/82 81/81
f 81/81 82/82 83/83
f 82/82 84/84 83/83
f 83/83 84/84 85/85
f 84/84 86/86 85/85
f 85/85 86/86 87/87
f 86/86 88/88 87/87
f 87/87 88/88 89/89
f 88/88 90/90 89/89
f 89/89 90/90 91/91
f 90/90 92/92 91/91
f 91/91 92/92 93/93
f 92/92 94/94 93/93
f 93/93 94/94 95/95
f 94/94 96/96 95/95
f 95/95 96/96 97/97
f 96/96 98/98 97/97
f 97/97 98/98 99/99
f 98/98 100/100 99/99
f 99/99 100/100 101/101
f 100/100 102/102 101/101
f 101/101 102/102 103/103
f 102/102 104/104 103/103
f 103/103 104/104 105/105
f 104/104 106/106 105/105
f 105/105 106/106 107/107
f 106/106 108/108 107/107
f 107/107 108/108 109/109
f 108/108 110/110 109/109
f 109/109 110/110 111/111
f 110/110 112/112 111/111
f 111/111 112/112 113/113
f 112/112 114/114 113/113
f 113/113 114/114 115/115
f 114/114 116/116 115/115
f 115/115 116/116 117/117
f 116/116 118/118 117/117
f 117/117 118/118 119/119
f 118/118 120/120 119/119
f 119/119 120/120 121/121
f 120/120 122/122 121/121
f 121/121 122/122 123/123
f 122/122 124/124 123/123
f 123/123 124/124 125/125
f 124/124 126/126 125/125
f 125/125 126/126 127/127
f 126/126 128/128 127/127
f 127/127 128/128 129/129
f 128/128 130/130 129/129
f 129/129 130/130 131/131
f 130/130 132/132 131/131
f 131/131 132/132 133/133
f 132/132 134/134 133/133
f 133/133 134/134 135/135
f 134/134 136/136 135/135
f 135/135 136/136 137/137
f 136/136 138/138 137/137
f 137/137 138/138 139/139
f 138/138 140/140 139/139
f 139/139 140/140 141/141
f 140/140 142/142 141/141
f 141/141 142/142 143/143
f 142/142 144/144 143/143
f 143/143 144/144 145/145
f 144/144 146/146 145/145
f 145/145 146/146 147/147
f 146/146 148/148 147/147
f 147/147 148/148 149/149
f 148/148 150/150 149/149
f 149/149 150/150 151/151
f 150/150 152/152 151/151
f 151/151 152/152 153/153
f 152/152 154/154 153/153
f 153/153 154/154 155/155
f 154/154 156/156 155/155
f 155/155 156/156 157/157
f 156/156 158/158 157/157
f 157/157 158/158 159/159
f 158/158 160/160 159/159
f 159/159 160/160 161/161
f 160/160 162/162 161/161
f 161/161 162/162 163/163
f 162/162 164/164 163/163
f 163/163 164/164 165/165
f 164/164 166/166 165/165
f 165/165 166/166 167/167
f 166/166 168/168 167/167
f 167/167 168/168 169/169
f 168/168 170/170 169/169
f 169/169 170/170 171/171
f 170/170 172/172 171/171
f 171/171 172/172 173/173
f 172/172 174/174 173/173
f 173/173 174/174 175/175
f 174/174 176/176 175/175
f 175/175 176/176 177/177
f 176/176 178/178 177/177
f 177/177 178/178 179/179
f 178/178 180/180 179/179
f 179/179 180/180 181/181
f 180/180 182/182 181/181
f 181/181 182/182 183/183
f 182/182 184/184 183/183
f 183/183 184/184 185/185
f 184/184 186/186 185/185
f 185/185 186/186 187/187
f 186/186 188/188 187/187
f 187/187 188/188 189/189
f 188/188 190/190 189/189
f 189/189 190/190 191/191
f 190/190 192/192 191/191
f 191/191 192/192 193/193
f 192/192 194/194 193/193
f 193/193 194/194 195/195
f 194/194 196/196 195/195
f 195/195 196/196 197/197
f 196/196 198/198 197/197
f 197/197 198/198 199/199
f 198/198 200/200 199/199
f 199/199 200/200 201/201
f 200/200 202/202 201/201
f 201/201 202/202 203/203
f 202/202 204/204 203/203
f 203/203 204/204 205/205
f 204/204 206/206 205/205
f 205/205 206/206 207/207
f 206/206 208/208 207/207
f 207/207 208/208 209/209
f 208/208 210/210 209/209
f 209/209 210/210 211/211
f 210/210 212/212 211/211
f 211/211 212/212 213/213
f 212/212 214/214 213/213
f 213/213 214/214 215/215
f 214/214 216/216 215/215
f 215/215 216/216 217/217
f 216/216 218/218 217/217
f 217/217 218/218 219/219
f 218/218 220/220 219/219
f 219/219 220/220 221/221
f 220/220 222/222 221/221
f 221/221 222/222 223/223
f 222/222 224/224 223/223
f 223/223 224/224 225/225
f 224/224 226/226 225/225
f 225/225 226/226 227/227
f 226/226 228/228 227/227
f 227/227 228/228 229/229
f 228/228 230/230 229/229
f 229/229 230/230 231/231
f 230/230 232/232 231/231
f 231/231 232/232 233/233
f 232/232 234/234 233/233
f 233/233 234/234 235/235
f 234/234 236/236 235/235
f 235/235 236/236 237/237
f 236/236 238/238 237/237
f 237/237 238/238 239/239
f 238/238 240/240 239/239
f 239/239 240/240 241/241
f 240/240 242/242 241/241
f 241/241 242/242 243/243
f 242/242 244/244 243/243
f 243/243 244/244 245/245
f 244/244 246/246 245/245
f 245/245 246/246 247/247
f 246/246 248/248 247/247
f 247/247 248/248 249/249
f 248/248 250/250 249/249
f 249/249 250/250 251/251
f 250/250 252/252 251/251
f 251/251 252/252 253/253
f 252/252 254/254 253/253
f 253/253 254/254 255/255
f 254/254 256/256 255/255
f 255/255 256/256 257/257
f 256/256 258/258 257/257
f 257/257 258/258 259/259
f 258/258 260/260 259/259
f 259/259 260/260 261/261
f 260/260 262/262 261/261
f 261/261 262/262 263/263
f 262/262 264/264 263/263
f 263/263 264/264 265/265
f 264/264 266/266 265/265
f 265/265 266/266 267/267
f 266/266 268/268 267/267
f 267/267 268/268 269/269
f 268/268 270/270 269/269
f 269/269 270/270 271/271
f 270/270 272/272 271/271
f 271/271 272/272 273/273
f 272/272 274/274 273/273
f 273/273 274/274 275/275
f 274/274 276/276 275/275
f 275/275 276/276 277/277
f 276/276 278/278 277/277
f 277/277 278/278 279/279
f 278/278 280/280 279/279
f 279/279 280/280 281/281
f 280/280 282/282 281/281
f 281/281 282/282 283/283
f 282/282 284/284 283/283
f 283/283 284/284 285/285
f 284/284 286/286 285/285
f 285/285 286/286 287/287
f 286/286 288/288 287/287
f 287/287 288/288 289/289
f 288/288 290/290 289/289
f 289/289 290/290 291/291
f 290/290 292/292 291/291
f 291/291 292/292 293/293
f 292/292 294/294 293/293
f 293/293 294/294 295/295
f 294/294 296/296 295/295
f 295/295 296/296 297/297
f 296/296 298/298 297/297
f 297/297 298/298 299/299
f 298/298 300/300 299/299
f 299/299 300/300 301/301
f 300/300 302/302 301/301
f 301/301 302/302 303/303
f 302/302 304/304 303/303
f 303/303 304/304 305/305
f 304/304 306/306 305/305
f 305/305 306/306 307/307
f 306/306 308/308 307/307
f 307/307 308/308 309/309
f 308/308 310/310 309/309
f 309/309 310/310 311/311
f 310/310 312/312 311/311
f 311/311 312/312 313/313
f 312/312 314/314 313/313
f 313/313 314/314 315/315
f 314/314 316/316 315/315
f 315/315 316/316 317/317
f 316/316 318/318 317/317
f 317/317 318/318 319/319
f 318/318 320/320 319/319
f 319/319 320/320 321/321
f 320/320 322/322 321/321
f 321/321 322/322 323/323
f 322/322 324/324 323/323
f 323/323 324/324 325/325
f 324/324 326/326 325/325
f 325/325 326/326 327/327
f 326/326 328/328 327/327
f 327/327 328/328 329/329
f 328/328 330/330 329/329
f 329/329 330/330 331/331
f 330/330 332/332 331/331
f 331/331 332/332 333/333
f 332/332 334/334 333/333
f 333/333 334/334 335/335
f 334/334 336/336 335/335
f 335/335 336/336 337/337
f 336/336 338/338 337/337
f 337/337 338/338 339/339
f 338/338 340/340 339/339
f 339/339 340/340 341/341
f 340/340 342/342 341/341
f 341/341 342/342 343/343
f 342/342 344/344 343/343
f 343/343 344/344 345/345
f 344/344 346/346 345/345
f 345/345 346/346 347/347
f 346/346 348/348 347/347
f 347/347 348/348 349/349
f 348/348 350/350 349/349
f 349/349 350/350 351/351
f 350/350 352/352 351/351
f 351/351 352/352 353/353
f 352/352 354/354 353/353
f 353/353 354/354 355/355
f 354/354 356/356 355/355
f 355/355 356/356 357/357
f 356/356 358/358 357/357
f 357/357 358/358 359/359
f 358/358 360/360 359/359
f 359/359 360/360 361/361
f 360/360 362/362 361/361
f 361/361 362/362 363/363
f 362/362 364/364 363/363
f 363/363 364/364 365/365
f 364/364 366/366 365/365
f 365/365 366/366 367/367
f 366/366 368/368 367/367
f 367/367 368/368 369/369
f 368/368 370/370 369/369
f 369/369 370/370 371/371
f 370/370 372/372 371/371
f 371/371 372/372 373/373
f 372/372 374/374 373/373
f 373/373 374/374 375/375
f 374/374 376/376 375/375
f 375/375 376/376 377/377
f 376/376 378/378 377/377
f 377/377 378/378 379/379
f 378/378 380/380 379/379
f 379/379 380/380 381/381
f 380/380 382/382 381/381
f 381/381 382/382 383/383
f 382/382 384/384 383/383
f 383/383 384/384 385/385
f 384/384 386/386 385/385
f 385/385 386/386 387/387
f 386/386 388/388 387/387
f 387/387 388/388 389/389
f 388/388 390/390 389/389
f 389/389 390/390 391/391
f 390/390 392/392 391/391
f 391/391 392/392 393/393
f 392/392 394/394 393/393
f 393/393 394/394 395/395
f 394/394 396/396 395/395
f 395/395 396/396 397/397
f 396/396 398/398 397/397
f 397/397 398/398 399/399
f 398/398 400/400 399/399
f 399/399 400/400 401/401
f 400/400 402/402 401/401
f 401/401 402/402 403/403
f 402/402 404/404 403/403
f 403/403 404/404 405/405
f 404/404 406/406 405/405
f 405/405 406/406 407/407
f 406/406 408/408 407/407
f 407/407 408/408 409/409
f 408/408 410/410 409/409
f 409/409 410/410 411/411
f 410/410 412/412 411/411
f 411/411 412/412 413/413
f 412/412 414/414 413/413
f 413/413 414/414 415/415
f 414/414 416/416 415/415
f 415/415 416/416 417/417
f 416/416 418/418 417/417
f 417/417 418/418 419/419
f 418/418 420/420 419/419
f 419/419 420/420 421/421
f 420/420 422/422 421/421
f 421/421 422/422 423/423
f 422/422 424/424 423/423
f 423/423 424/424 425/425
f 424/424 426/426 425/425
f 425/425 426/426 427/427
f 426/426 428/428 427/427
f 427/427 428/428 429/429
f 428/428 430/430 429/429
f 429/429 430/430 431/431
f 430/430 432/432 431/431
f 431/431 432/432 433/433
f 432/432 434/434 433/433
f 433/433 434/434 435/435
f 434/434 436/436 435/435
f 435/435 436/436 437/437
f 436/436 438/438 437/437
f 437/437 438/438 439/439
f 438/438 440/440 439/439
f 439/439 440/440 441/441
f 440/440 442/442 441/441
f 441/441 442/442 443/443
f 442/442 444/444 443/443
f 443/443 444/444 445/445
f 444/444 446/446 445/445
f 445/445 446/446 447/447
f 446/446 448/448 447/447
f 447/447 448/448 449/449
f 448/448 450/450 449/449
f 449/449 450/450 451/451
f 450/450 452/452 451/451
f 451/451 452/452 453/453
f 452/452 454/454 453/453
f 453/453 454/454 455/455
f 454/454 456/456 455/455
f 455/455 456/456 457/457
f 456/456 458/458 457/457
f 457/457 458/458 459/459
f 458/458 460/460 459/459
f 459/459 460/460 461/461
f 460/460 462/462 461/461
f 461/461 462/462 463/463
f 462/462 464/464 463/463
f 463/463 464/464 465/465
f 464/464 466/466 465/465
f 465/465 466/466 467/467
f 466/466 468/468 467/467
f 467/467 468/468 469/469
f 468/468 470/470 469/469
f 469/469 470/470 471/471
f 470/470 472/472 471/471
f 471/471 472/472 473/473
f 472/472 474/474 473/473
f 473/473 474/474 475/475
f 474/474 476/476 475/475
f 475/475 476/476 477/477
f 476/476 478/478 477/477
f 477/477 478/478 479/479
f 478/478 480/480 479/479
f 479/479 480/480 481/481
f 480/480 482/482 481/481
f 481/481 482/482 483/483
f 482/482 484/484 483/483
f 483/483 484/484 485/485
f 484/484 486/486 485/485
f 485/485 486/486 487/487
f 486/486 488/488 487/487
f 487/487 488/488 489/489
f 488/488 490/490 489/489
f 489/489 490/490 491/491
f 490/490 492/492 491/491
f 491/491 492/492 493/493
f 492/492 494/494 493/493
f 493/493 494/494 495/495
f 494/494 496/496 495/495
f 495/495 496/496 497/497
f 496/496 498/498 497/497
f 497/497 498/498 499/499
f 498/498 500/500 499/499
f 499/499 500/500 501/501
f 500/500 502/502 501/501
f 501/501 502/502 503/503
f 502/502 504/504 503/503
f 503/503 504/504 505/505
f 504/504 506/506 505/505
f 505/505 506/506 507/507
f 506/506 508/508 507/507
f 507/507 508/508 509/509
f 508/508 510/510 509/509
f 509/509 510/510 511/511
f 510/510 512/512 511/511
f 511/511 512/512 513/513
f 512/512 514/514 513/513
f 513/513 514/514 515/515
f 514/514 516/516 515/515
f 515/515 516/516 517/517
f 516/516 518/518 517/517
f 517/517 518/518 519/519
f 518/518 520/520 519/519
f 519/519 520/520 521/521
f 520/520 522/522 521/521
f 521/521 522/522 523/523
f 522/522 524/524 523/523
f 523/523 524/524 525/525
f 524/524 526/526 525/525
f 525/525 526/526 527/527
f 526/526 528/528 527/527
f 527/527 528/528 529/529
f 528/528 530/530 529/529
f 529/529 530/530 531/531
f 530/530 532/532 531/531
f 531/531 532/532 533/533
f 532/532 534/534 533/533
f 533/533 534/534 535/535
f 534/534 536/536 535/535
f 535/535 536/536 537/537
f 536/536 538/538 537/537
f 537/537 538/538 539/539
f 538/538 540/540 539/539
f 539/539 540/540 541/541
f 540/540 542/542 541/541
f 541/541 542/542 543/543
f 542/542 544/544 543/543
f 543/543 544/544 545/545
f 544/544 546/546 545/545
f 545/545 546/546 547/547
f 546/546 548/548 547/547
f 547/547 548/548 549/549
f 548/548 550/550 549/549
f 549/549 550/550 551/551
f 550/550 552/552 551/551
f 551/551 552/552 553/553
f 552/552 554/554 553/553
f 553/553 554/554 555/555
f 554/554 556/556 555/555
f 555/555 556/556 557/557
f 556/556 558/558 557/557
f 557/557 558/558 559/559
f 558/558 560/560 559/559
f 559/559 560/560 561/561
f 560/560 562/562 561/561
f 561/561 562/562 563/563
f 562/562 564/564 563/563
f 563/563 564/564 565/565
f 564/564 566/566 565/565
f 565/565 566/566 567/567
f 566/566 568/568 567/567
f 567/567 568/568 569/569
f 568/568 570/570 569/569
f 569/569 570/570 571/571
f 570/570 572/572 571/571
f 571/571 572/572 573/573
f 572/572 574/574 573/573
f 573/573 574/574 575/575
f 574/574 576/576 575/575
f 575/575 576/576 577/577
f 576/576 578/578 577/577
f 577/577 578/578 579/579
f 578/578 580/580 579/579
f 579/579 580/580 581/581
f 580/580 582/582 581/581
f 581/581 582/582 583/583
f 582/582 584/584 583/583
f 583/583 584/584 585/585
f 584/584 586/586 585/585
f 585/585 586/586 587/587
f 586/586 588/588 587/587
f 587/587 588/588 589/589
f 588/588 590/590 589/589
f 589/589 590/590 591/591
f 590/590 592/592 591/591
f 591/591 592/592 593/593
f 592/592 594/594 593/593
f 593/593 594/594 595/595
f 594/594 596/596 595/595
f 595/595 596/596 597/597
f 596/596 598/598 597/597
f 597/597 598/598 599/599
f 598/598 600/600 599/599
f 599/599 600/600 601/601
f 600/600 602/602 601/601
f 601/601 602/602 603/603
f 602/602 604/604 603/603
f 603/603 604/604 605/605
f 604/604 606/606 605/605
f 605/605 606/606 607/607
f 606/606 608/608 607/607
f 607/607 608/608 609/609
f 608/608 610/610 609/609
f 609/609 610/610 611/611
f 610/610 612/612 611/611
f 611/611 612/612 613/613
f 612/612 614/614 613/613
f 613/613 614/614 615/615
f 614/614 616/616 615/615
f 615/615 616/616 617/617
f 616/616 618/618 617/617
f 617/617 618/618 619/619
f 618/618 620/620 619/619
f 619/619 620/620 621/621
f 620/620 622/622 621/621
f 621/621 622/622 623/623
f 622/622 624/624 623/623
f 623/623 624/624 625/625
f 624/624 626/626 625/625
f 625/625 626/626 627/627
f 626/626 628/628 627/627
f 627/627 628/628 629/629
f 628/628 630/630 629/629
f 629/629 630/630 631/631
f 630/630 632/632 631/631
f 631/631 632/632 633/633
f 632/632 634/634 633/633
f 633/633 634/634 635/635
f 634/634 636/636 635/635
f 635/635 636/636 637/637
f 636/636 638/638 637/637
f 637/637 638/638 639/639
f 638/638 640/640 639/639
f 639/639 640/640 641/641
f 640/640 642/642 641/641
f 641/641 642/642 643/643
f 642/642 644/644 643/643
f 643/643 644/644 645/645
f 644/644 646/646 645/645
f 645/645 646/646 647/647
f 646/646 648/648 647/647
f 647/647 648/648 649/649
f 648/648 650/650 649/649
f 649/649 650/650 651/651
f 650/650 652/652 651/651
f 651/651 652/652 653/653
f 652/652 654/654 653/653
f 653/653 654/654 655/655
f 654/654 656/656 655/655
f 655/655 656/656 657/657
f 656/656 658/658 657/657
f 657/657 658/658 659/659
f 658/658 660/660 659/659
f 659/659 660/660 661/661
f 660/660 662/662 661/661
f 661/661 662/662 663/663
f 662/662 664/664 663/663
f 663/663 664/664 665/665
f 664/664 666/666 665/665
f 665/665 666/666 667/667
f 666/666 668/668 667/667
f 667/667 668/668 669/669
f 668/668 670/670 669/669
f 669/669 670/670 671/671
f 670/670 672/672 671/671
f 671/671 672/672 673/673
f 672/672 674/674 673/673
f 673/673 674/674 675/675
f 674/674 676/676 675/675
f 675/675 676/676 677/677
f 676/676 678/678 677/677
f 677/677 678/678 679/679
f 678/678 680/680 679/679
f 679/679 680/680 681/681
f 680/680 682/682 681/681
f 681/681 682/682 683/683
f 682/682 684/684 683/683
f 683/683 684/684 685/685
f 684/684 686/686 685/685
f 685/685 686/686 687/687
f 686/686 688/688 687/687
f 687/687 688/688 689/689
f 688/688 690/690 689/689
f 689/689 690/690 691/691
f 690/690 692/692 691/691
f 691/691 692/692 693/693
f 692/692 694/694 693/693
f 693/693 694/694 695/695
f 694/694 696/696 695/695
f 695/695 696/696 697/697
f 696/696 698/698 697/697
f 697/697 698/698 699/699
f 698/698 700/700 699/699
f 699/699 700/700 701/701
f 700/700 702/702 701/701
f 701/701 702/702 703/703
f 702/702 704/704 703/703
f 703/703 704/704 705/705
f 704/704 706/706 705/705
f 705/705 706/706 707/707
f 706/706 708/708 707/707
f 707/707 708/708 709/709
f 708/708 710/710 709/709
f 709/709 710/710 711/711
f 710/710 712/712 711/711
f 711/711 712/712 713/713
f 712/712 714/714 713/713
f 713/713 714/714 715/715
f 714/714 716/716 715/715
f 715/715 716/716 717/717
f 716/716 718/718 717/717
f 717/717 718/718 719/719
f 718/718 720/720 719/719
f 719/719 720/720 721/721
f 720/720 722/722 721/721
f 721/721 722/722 723/723
f 722/722 724/724 723/723
f 723/723 724/724 725/725
f 724/724 726/726 725/725
f 725/725 726/726 727/727
f 726/726 728/728 727/727
f 727/727 728/728 729/729
f 728/728 730/730 729/729
f 729/729 730/730 731/731
f 730/730 732/732 731/731
f 731/731 732/732 733/733
f 732/732 734/734 733/733
f 733/733 734/734 735/735
f 734/734 736/736 735/735
f 735/735 736/736 737/737
f 736/736 738/738 737/737
f 737/737 738/738 739/739
f 738/738 740/740 739/739
f 739/739 740/740 741/741
f 740/740 742/742 741/741
f 741/741 742/742 743/743
f 742/742 744/744 743/743
f 743/743 744/744 745/745
f 744/744 746/746 745/745
f 745/745 746/746 747/747
f 746/746 748/748 747/747
f 747/747 748/748 749/749
f 748/748 750/750 749/749
f 749/749 750/750 751/751
f 750/750 752/752 751/751
f 751/751 752/752 753/753
f 752/752 754/754 753/753
f 753/753 754/754 755/755
f 754/754 756/756 755/755
f 755/755 756/756 757/757
f 756/756 758/758 757/757
f 757/757 758/758 759/759
f 758/758 760/760 759/759
f 759/759 760/760 761/761
f 760/760 762/762 761/761
f 761/761 762/762 763/763
f 762/762 764/764 763/763
f 763/763 764/764 765/765
f 764/764 766/766 765/765
f 765/765 766/766 767/767
f 766/766 768/768 767/767
f 767/767 768/768 769/769
f 768/768 770/770 769/769
f 769/769 770/770 771/771
f 770/770 772/772 771/771
f 771/771 772/772 773/773
f 772/772 774/774 773/773
f 773/773 774/774 775/775
f 774/774 776/776 775/775
f 775/775 776/776 777/777
f 776/776 778/778 777/777
f 777/777 778/778 779/779
f 778/778 780/780 779/779
f 779/779 780/780 781/781
f 780/780 782/782 781/781
f 781/781 782/782 783/783
f 782/782 784/784 783/783
f 783/783 784/784 785/785
f 784/784 786/786 785/785
f 785/785 786/786 787/787
f 786/786 788/788 787/787
f 787/787 788/788 789/789
f 788/788 790/790 789/789
f 789/789 790/790 791/791
f 790/790 792/792 791/791
f 791/791 792/792 793/793
f 792/792 794/794 793/793
f 793/793 794/794 795/795
f 794/794 796/796 795/795
f 795/795 796/796 797/797
f 796/796 798/798 797/797
f 797/797 798/798 799/799
f 798/798 800/800 799/799
f 799/799 800/800 801/801
f 800/800 802/802 801/801
f 801/801 802/802 803/803
f 802/802 804/804 803/803
f 803/803 804/804 805/805
f 804/804 806/806 805/805
f 805/805 806/806 807/807
f 806/806 808/808 807/807
f 807/807 808/808 809/809
f 808/808 810/810 809/809
f 809/809 810/810 811/811
f 810/810 812/812 811/811
f 811/811 812/812 813/813
f 812/812 814/814 813/813
f 813/813 814/814 815/815
f 814/814 816/816 815/815
f 815/815 816/816 817/817
f 816/816 818/818 817/817
f 817/817 818/818 819/819
f 818/818 820/820 819/819
f 819/819 820/820 821/821
f 820/820 822/822 821/821
f 821/821 822/822 823/823
f 822/822 824/824 823/823
f 823/823 824/824 825/825
f 824/824 826/826 825/825
f 825/825 826/826 827/827
f 826/826 828/828 827/827
f 827/827 828/828 829/829
f 828/828 830/830 829/829
f 829/829 830/830 831/831
f 830/830 832/832 831/831
f 831/831 832/832 833/833
f 832/832 834/834 833/833
f 833/833 834/834 835/835
f 834/834 836/836 835/835
f 835/835 836/836 837/837
f 836/836 838/838 837/837
f 837/837 838/838 839/839
f 838/838 840/840 839/839
f 839/839 840/840 841/841
f 840/840 842/842 841/841
f 841/841 842/842 843/843
f 842/842 844/844 843/843
f 843/843 844/844 845/845
f 844/844 846/846 845/845
f 845/845 846/846 847/847
f 846/846 848/848 847/847
f 847/847 848/848 849/849
f 848/848 850/850 849/849
f 849/849 850/850 851/851
f 850/850 852/852 851/851
f 851/851 852/852 853/853
f 852/852 854/854 853/853
f 853/853 854/854 855/855
f 854/854 856/856 855/855
f 855/855 856/856 857/857
f 856/856 858/858 857/857
f 857/857 858/858 859/859
f 858/858 860/860 859/859
f 859/859 860/860 861/861
f 860/860 862/862 861/861
f 861/861 862/862 863/863
f 862/862 864/864 863/863
f 863/863 864/864 865/865
f 864/864 866/866 865/865
f 865/865 866/866 867/867
f 866/866 868/868 867/867
f 867/867 868/868 869/869
f 868/868 870/870 869/869
f 869/869 870/870 871/871
f 870/870 872/872 871/871
f 871/871 872/872 873/873
f 872/872 874/874 873/873
f 873/873 874/874 875/875
f 874/874 876/876 875/875
f 875/875 876/876 877/877
f 876/876 878/878 877/877
f 877/877 878/878 879/879
f 878/878 880/880 879/879
f 879/879 880/880 881/881
f 880/880 882/882 881/881
f 881/881 882/882 883/883
f 882/882 884/884 883/883
f 883/883 884/884 885/885
f 884/884 886/886 885/885
f 885/885 886/886 887/887
f 886/886 888/888 887/887
f 887/887 888/888 889/889
f 888/888 890/890 889/889
f 889/889 890/890 891/891
f 890/890 892/892 891/891
f 891/891 892/892 893/893
f 892/892 894/894 893/893
f 893/893 894/894 895/895
f 894/894 896/896 895/895
f 895/895 896/896 897/897
f 896/896 898/898 897/897
f 897/897 898/898 899/899
f 898/898 900/900 899/899
f 899/899 900/900 901/901
f 900/900 902/902 901/901
f 901/901 902/902 903/903
f 902/902 904/904 903/903
f 903/903 904/904 905/905
f 904/904 906/906 905/905
f 905/905 906/906 907/907
f 906/906 908/908 907/907
f 907/907 908/908 909/909
f 908/908 910/910 909/909
f 909/909 910/910 911/911
f 910/910 912/912 911/911
f 911/911 912/912 913/913
f 912/912 914/914 913/913
f 913/913 914/914 915/915
f 914/914 916/916 915/915
f 915/915 916/916 917/917
f 916/916 918/918 917/917
f 917/917 918/918 919/919
f 918/918 920/920 919/919
f 919/919 920/920 921/921
f 920/920 922/922 921/921
f 921/921 922/922 923/923
f 922/922 924/924 923/923
f 923/923 924/924 925/925
f 924/924 926/926 925/925
f 925/925 926/926 927/927
f 926/926 928/928 927/927
f 927/927 928/928 929/929
f 928/928 930/930 929/929
f 929/929 930/930 931/931
f 930/930 932/932 931/931
f 931/931 932/932 933/933
f 932/932 934/934 933/933
f 933/933 934/934 935/935
f 934/934 936/936 935/935
f 935/935 936/936 937/937
f 936/936 938/938 937/937
f 937/937 938/938 939/939
f 938/938 940/940 939/939
f 939/939 940/940 941/941
f 940/940 942/942 941/941
f 941/941 942/942 943/943
f 942/942 944/944 943/943
f 943/943 944/944 945/945
f 944/944 946/946 945/945
f 945/945 946/946 947/947
f 946/946 948/948 947/947
f 947/947 948/948 949/949
f 948/948 950/950 949/949
f 949/949 950/950 951/951
f 950/950 952/952 951/951
f 951/951 952/952 953/953
f 952/952 954/954 953/953
f 953/953 954/954 955/955
f 954/954 956/956 955/955
f 955/955 956/956 957/957
f 956/956 958/958 957/957
f 957/957 958/958 959/959
f 958/958 960/960 959/959
f 959/959 960/960 961/961
f 960/960 962/962 961/961
f 961/961 962/962 963/963
f 962/962 964/964 963/963
f 963/963 964/964 965/965
f 964/964 966/966 965/965
f 965/965 966/966 967/967
f 966/966 968/968 967/967
f 967/967 968/968 969/969
f 968/968 970/970 969/969
f 969/969 970/970 971/971
f 970/970 972/972 971/971
f 971/971 972/972 973/973
f 972/972 974/974 973/973
f 973/973 974/974 975/975
f 974/974 976/976 975/975
f 975/975 976/976 977/977
f 976/976 978/978 977/977
f 977/977 978/978 979/979
f 978/978 980/980 979/979
f 979/979 980/980 981/981
f 980/980 982/982 981/981
f 981/981 982/982 983/983
f 982/982 984/984 983/983
f 983/983 984/984 985/985
f 984/984 986/986 985/985
f 985/985 986/986 987/987
f 986/986 988/988 987/987
f 987/987 988/988 989/989
f 988/988 990/990 989/989
f 989/989 990/990 991/991
f 990/990 992/992 991/991
f 991/991 992/992 993/993
f 992/992 994/994 993/993
f 993/993 994/994 995/995
f 994/994 996/996 995/995
f 995/995 996/996 997/997
f 996/996 998/998 997/997
f 997/997 998/998 999/999
f 998/998 1000/1000 999/999
f 999/999 1000/1000 1001/1001
f 1000/1000 1002/1002 1001/1001
f 1001/1001 1002/1002 1003/1003
f 1002/1002 1004/1004 1003/1003
f 1003/1003 1004/1004 1005/1005
f 1004/1004 1006/1006 1005/1005
f 1005/1005 1006/1006 1007/1007
f 1006/1006 1008/1008 1007/1007
f 1007/1007 1008/1008 1009/1009
f 1008/1008 1010/1010 1009/1009
f 1009/1009 1010/1010 1011/1011
f 1010/1010 1012/1012 1011/1011
f 1011/1011 1012/1012 1013/1013
f 1012/1012 1014/1014 1013/1013
f 1013/1013 1014/1014 1015/1015
f 1014/1014 1016/1016 1015/1015
f 1015/1015 1016/1016 1017/1017
f 1016/1016 1018/1018 1017/1017
f 1017/1017 1018/1018 1019/1019
f 1018/1018 1020/1020 1019/1019
f 1019/1019 1020/1020 1021/1021
f 1020/1020 1022/1022 1021/1021
f 1021/1021 1022/1022 1023/1023
f 1022/1022 1024/1024 1023/1023
f 1023/1023 1024/1024 1025/1025
f 1024/1024 1026/1026 1025/1025
f 1025/1025 1026/1026 1027/1027
f 1026/1026 1028/1028 1027/1027
f 1027/1027 1028/1028 1029/1029
f 1028/1028 1030/1030 1029/1029
f 1029/1029 1030/1030 1031/1031
f 1030/1030 1032/1032 1031/1031
f 1031/1031 1032/1032 1033/1033
f 1032/1032 1034/1034 1033/1033
f 1033/1033 1034/1034 1035/1035
f 1034/1034 1036/1036 1035/1035
f 1035/1035 1036/1036 1037/1037
f 1036/1036 1038/1038 1037/1037
f 1037/1037 1038/1038 1039/1039
f 1038/1038 1040/1040 1039/1039
f 1039/1039 1040/1040 1041/1041
f 1040/1040 1042/1042 1041/1041
f 1041/1041 1042/1042 1043/1043
f 1042/1042 1044/1044 1043/1043
f 1043/1043 1044/1044 1045/1045
f 1044/1044 1046/1046 1045/1045
f 1045/1045 1046/1046 1047/1047
f 1046/1046 1048/1048 1047/1047
f 1047/1047 1048/1048 1049/1049
f 1048/1048 1050/1050 1049/1049
f 1049/1049 1050/1050 1051/1051
f 1050/1050 1052/1052 1051/1051
f 1051/1051 1052/1052 1053/1053
f 1052/1052 1054/1054 1053/1053
f 1053/1053 1054/1054 1055/1055
f 1054/1054 1056/1056 1055/1055
f 1055/1055 1056/1056 1057/1057
f 1056/1056 1058/1058 1057/1057
f 1057/1057 1058/1058 1059/1059
f 1058/1058 1060/1060 1059/1059
f 1059/1059 1060/1060 1061/1061
f 1060/1060 1062/1062 1061/1061
f 1061/1061 1062/1062 1063/1063
f 1062/1062 1064/1064 1063/1063
f 1063/1063 1064/1064 1065/1065
f 1064/1064 1066/1066 1065/1065
f 1065/1065 1066/1066 1067/1067
f 1066/1066 1068/1068 1067/1067
f 1067/1067 1068/1068 1069/1069
f 1068/1068 1070/1070 1069/1069
f 1069/1069 1070/1070 1071/1071
f 1070/1070 1072/1072 1071/1071
f 1071/1071 1072/1072 1073/1073
f 1072/1072 1074/1074 1073/1073
f 1073/1073 1074/1074 1075/1075
f 1074/1074 1076/1076 1075/1075
f 1075/1075 1076/1076 1077/1077
f 1076/1076 1078/1078 1077/1077
f 1077/1077 1078/1078 1079/1079
f 1078/1078 1080/1080 1079/1079
f 1079/1079 1080/1080 1081/1081
f 1080/1080 1082/1082 1081/1081
f 1081/1081 1082/1082 1083/1083
f 1082/1082 1084/1084 1083/1083
f 1083/1083 1084/1084 1085/1085
f 1084/1084 1086/1086 1085/1085
f 1085/1085 1086/1086 1087/1087
f 1086/1086 1088/1088 1087/1087
f 1087/1087 1088/1088 1089/1089
f 1088/1088 1090/1090 1089/1089
f 1089/1089 1090/1090 1091/1091
f 1090/1090 1092/1092 1091/1091
f 1091/1091 1092/1092 1093/1093
f 1092/1092 1094/1094 1093/1093
f 1093/1093 1094/1094 1095/1095
f 1094/1094 1096/1096 1095/1095
f 1095/1095 1096/1096 1097/1097
f 1096/1096 1098/1098 1097/1097
f 1097/1097 1098/1098 1099/1099
f 1098/1098 1100/1100 1099/1099
f 1099/1099 1100/1100 1101/1101
f 1100/1100 1102/1102 1101/1101
f 1101/1101 1102/1102 1103/1103
f 1102/1102 1104/1104 1103/1103
f 1103/1103 1104/1104 1105/1105
f 1104/1104 1106/1106 1105/1105
f 1105/1105 1106/1106 1107/1107
f 1106/1106 1108/1108 1107/1107
f 1107/1107 1108/1108 1109/1109
f 1108/1108 1110/1110 1109/1109
f 1109/1109 1110/1110 1111/1111
f 1110/1110 1112/1112 1111/1111
f 1111/1111 1112/1112 1113/1113
f 1112/1112 1114/1114 1113/1113
f 1113/1113 1114/1114 1115/1115
f 1114/1114 1116/1116 1115/1115
f 1115/1115 1116/1116 1117/1117
f 1116/1116 1118/1118 1117/1117
f 1117/1117 1118/1118 1119/1119
f 1118/1118 1120/1120 1119/1119
f 1119/1119 1120/1120 1121/1121
f 1120/1120 1122/1122 1121/1121
f 1121/1121 1122/1122 1123/1123
f 1122/1122 1124/1124 1123/1123
f 1123/1123 1124/1124 1125/1125
f 1124/1124 1126/1126 1125/1125
f 1125/1125 1126/1126 1127/1127
f 1126/1126 1128/1128 1127/1127
f 1127/1127 1128/1128 1129/1129
f 1128/1128 1130/1130 1129/1129
f 1129/1129 1130/1130 1131/1131
f 1130/1130 1132/1132 1131/1131
f 1131/1131 1132/1132 1133/1133
f 1132/1132 1134/1134 1133/1133
f 1133/1133 1134/1134 1135/1135
f 1134/1134 1136/1136 1135/1135
f 1135/1135 1136/1136 1137/1137
f 1136/1136 1138/1138 1137/1137
f 1137/1137 1138/1138 1139/1139
f 1138/1138 1140/1140 1139/1139
f 1139/1139 1140/1140 1141/1141
f 1140/1140 1142/1142 1141/1141
f 1141/1141 1142/1142 1143/1143
f 1142/1142 1144/1144 1143/1143
f 1143/1143 1144/1144 1145/1145
f 1144/1144 1146/1146 1145/1145
f 1145/1145 1146/1146 1147/1147
f 1146/1146 1148/1148 1147/1147
f 1147/1147 1148/1148 1149/1149
f 1148/1148 1150/1150 1149/1149
f 1149/1149 1150/1150 1151/1151
f 1150/1150 1152/1152 1151/1151
f 1151/1151 1152/1152 1153/1153
f 1152/1152 1154/1154 1153/1153
f 1153/1153 1154/1154 1155/1155
f 1154/1154 1156/1156 1155/1155
f 1155/1155 1156/1156 1157/1157
f 1156/1156 1158/1158 1157/1157
f 1157/1157 1158/1158 1159/1159
f 1158/1158 1160/1160 1159/1159
f 1159/1159 1160/1160 1161/1161
f 1160/1160 1162/1162 1161/1161
f 1161/1161 1162/1162 1163/1163
f 1162/1162 1164/1164 1163/1163
f 1163/1163 1164/1164 1165/1165
f 1164/1164 1166/1166 1165/1165
f 1165/1165 1166/1166 1167/1167
f 1166/1166 1168/1168 1167/1167
f 1167/1167 1168/1168 1169/1169
f 1168/1168 1170/1170 1169/1169
f 1169/1169 1170/1170 1171/1171
f 1170/1170 1172/1172 1171/1171
f 1171/1171 1172/1172 1173/1173
f 1172/1172 1174/1174 1173/1173
f 1173/1173 1174/1174 1175/1175
f 1174/1174 1176/1176 1175/1175
f 1175/1175 1176/1176 1177/1177
f 1176/1176 1178/1178 1177/1177
f 1177/1177 1178/1178 1179/1179
f 1178/1178 1180/1180 1179/1179
f 1179/1179 1180/1180 1181/1181
f 1180/1180 1182/1182 1181/1181
f 1181/1181 1182/1182 1183/1183
f 1182/1182 1184/1184 1183/1183
f 1183/1183 1184/1184 1185/1185
f 1184/1184 1186/1186 1185/1185
f 1185/1185 1186/1186 1187/1187
f 1186/1186 1188/1188 1187/1187
f 1187/1187 1188/1188 1189/1189
f 1188/1188 1190/1190 1189/1189
f 1189/1189 1190/1190 1191/1191
f 1190/1190 1192/1192 1191/1191
f 1191/1191 1192/1192 1193/1193
f 1192/1192 1194/1194 1193/1193
f 1193/1193 1194/1194 1195/1195
f 1194/1194 1196/1196 1195/1195
f 1195/1195 1196/1196 1197/1197
f 1196/1196 1198/1198 1197/1197
f 1197/1197 1198/1198 1199/1199
f 1198/1198 1200/1200 1199/1199
f 1199/1199 1200/1200 1201/1201
f 1200/1200 1202/1202 1201/1201
f 1201/1201 1202/1202 1203/1203
f 1202/1202 1204/1204 1203/1203
f 1203/1203 1204/1204 1205/1205
f 1204/1204 1206/1206 1205/1205
f 1205/1205 1206/1206 1207/1207
f 1206/1206 1208/1208 1207/1207
f 1207/1207 1208/1208 1209/1209
f 1208/1208 1210/1210 1209/1209
f 1209/1209 1210/1210 1211/1211
f 1210/1210 1212/1212 1211/1211
f 1211/1211 1212/1212 1213/1213
f 1212/1212 1214/1214 1213/1213
f 1213/1213 1214/1214 1215/1215
f 1214/1214 1216/1216 1215/1215
f 1215/1215 1216/1216 1217/1217
f 1216/1216 1218/1218 1217/1217
f 1217/1217 1218/1218 1219/1219
f 1218/1218 1220/1220 1219/1219
f 1219/1219 1220/1220 1221/1221
f 1220/1220 1222/1222 1221/1221
f 1221/1221 1222/1222 1223/1223
f 1222/1222 1224/1224 1223/1223
f 1223/1223 1224/1224 1225/1225
f 1224/1224 1226/1226 1225/1225
f 1225/1225 1226/1226 1227/1227
f 1226/1226 1228/1228 1227/1227
f 1227/1227 1228/1228 1229/1229
f 1228/1228 1230/1230 1229/1229
f 1229/1229 1230/1230 1231/1231
f 1230/1230 1232/1232 1231/1231
f 1231/1231 1232/1232 1233/1233
f 1232/1232 1234/1234 1233/1233
f 1233/1233 1234/1234 1235/1235
f 1234/1234 1236/1236 1235/1235
f 1235/1235 1236/1236 1237/1237
f 1236/1236 1238/1238 1237/1237
f 1237/1237 1238/1238 1239/1239
f 1238/1238 1240/1240 1239/1239
f 1239/1239 1240/1240 1241/1241
f 1240/1240 1242/1242 1241/1241
f 1241/1241 1242/1242 1243/1243
f 1242/1242 1244/1244 1243/1243
f 1243/1243 1244/1244 1245/1245
f 1244/1244 1246/1246 1245/1245
f 1245/1245 1246/1246 1247/1247
f 1246/1246 1248/1248 1247/1247
f 1247/1247 1248/1248 1249/1249
f 1248/1248 1250/1250 1249/1249
f 1249/1249 1250/1250 1251/1251
f 1250/1250 1252/1252 1251/1251
f 1251/1251 1252/1252 1253/1253
f 1252/1252 1254/1254 1253/1253
f 1253/1253 1254/1254 1255/1255
f 1254/1254 1256/1256 1255/1255
f 1255/1255 1256/1256 1257/1257
f 1256/1256 1258/1258 1257/1257
f 1257/1257 1258/1258 1259/1259
f 1258/1258 1260/1260 1259/1259
f 1259/1259 1260/1260 1261/1261
f 1260/1260 1262/1262 1261/1261
f 1261/1261 1262/1262 1263/1263
f 1262/1262 1264/1264 1263/1263
f 1263/1263 1264/1264 1265/1265
f 1264/1264 1266/1266 1265/1265
f 1265/1265 1266/1266 1267/1267
f 1266/1266 1268/1268 1267/1267
f 1267/1267 1268/1268 1269/1269
f 1268/1268 1270/1270 1269/1269
f 1269/1269 1270/1270 1271/1271
f 1270/1270 1272/1272 1271/1271
f 1271/1271 1272/1272 1273/1273
f 1272/1272 1274/1274 1273/1273
f 1273/1273 1274/1274 1275/1275
f 1274/1274 1276/1276 1275/1275
f 1275/1275 1276/1276 1277/1277
f 1276/1276 1278/1278 1277/1277
f 1277/1277 1278/1278 1279/1279
f 1278/1278 1280/1280 1279/1279
f 1279/1279 1280/1280 1281/1281
f 1280/1280 1282/1282 1281/1281
f 1281/1281 1282/1282 1283/1283
f 1282/1282 1284/1284 1283/1283
f 1283/1283 1284/1284 1285/1285
f 1284/1284 1286/1286 1285/1285
f 1285/1285 1286/1286 1287/1287
f 1286/1286 1288/1288 1287/1287
f 1287/1287 1288/1288 1289/1289
f 1288/1288 1290/1290 1289/1289
f 1289/1289 1290/1290 1291/1291
f 1290/1290 1292/1292 1291/1291
f 1291/1291 1292/1292 1293/1293
f 1292/1292 1294/1294 1293/1293
f 1293/1293 1294/1294 1295/1295
f 1294/1294 1296/1296 1295/1295
f 1295/1295 1296/1296 1297/1297
f 1296/1296 1298/1298 1297/1297
f 1297/1297 1298/1298 1299/1299
f 1298/1298 1300/1300 1299/1299
f 1299/1299 1300/1300 1301/1301
f 1300/1300 1302/1302 1301/1301
f 1301/1301 1302/1302 1303/1303
f 1302/1302 1304/1304 1303/1303
f 1303/1303 1304/1304 1305/1305
f 1304/1304 1306/1306 1305/1305
f 1305/1305 1306/1306 1307/1307
f 1306/1306 1308/1308 1307/1307
f 1307/1307 1308/1308 1309/1309
f 1308/1308 1310/1310 1309/1309
f 1309/1309 1310/1310 1311/1311
f 1310/1310 1312/1312 1311/1311
f 1311/1311 1312/1312 1313/1313
f 1312/1312 1314/1314 1313/1313
f 1313/1313 1314/1314 1315/1315
f 1314/1314 1316/1316 1315/1315
f 1315/1315 1316/1316 1317/1317
f 1316/1316 1318/1318 1317/1317
f 1317/1317 1318/1318 1319/1319
f 1318/1318 1320/1320 1319/1319
f 1319/1319 1320/1320 1321/1321
f 1320/1320 1322/1322 1321/1321
f 1321/1321 1322/1322 1323/1323
f 1322/1322 1324/1324 1323/1323
f 1323/1323 1324/1324 1325/1325
f 1324/1324 1326/1326 1325/1325
f 1325/1325 1326/1326 1327/1327
f 1326/1326 1328/1328 1327/1327
f 1327/1327 1328/1328 1329/1329
f 1328/1328 1330/1330 1329/1329
f 1329/1329 1330/1330 1331/1331
f 1330/1330 1332/1332 1331/1331
f 1331/1331 1332/1332 1333/1333
f 1332/1332 1334/1334 1333/1333
f 1333/1333 1334/1334 1335/1335
f 1334/1334 1336/1336 1335/1335
f 1335/1335 1336/1336 1337/1337
f 1336/1336 1338/1338 1337/1337
f 1337/1337 1338/1338 1339/1339
f 1338/1338 1340/1340 1339/1339
f 1339/1339 1340/1340 1341/1341
f 1340/1340 1342/1342 1341/1341
f 1341/1341 1342/1342 1343/1343
f 1342/1342 1344/1344 1343/1343
f 1343/1343 1344/1344 1345/1345
f 1344/1344 1346/1346 1345/1345
f 1345/1345 1346/1346 1347/1347
f 1346/1346 1348/1348 1347/1347
f 1347/1347 1348/1348 1349/1349
f 1348/1348 1350/1350 1349/1349
f 1349/1349 1350/1350 1351/1351
f 1350/1350 1352/1352 1351/1351
f 1351/1351 1352/1352 1353/1353
f 1352/1352 1354/1354 1353/1353
f 1353/1353 1354/1354 1355/1355
f 1354/1354 1356/1356 1355/1355
f 1355/1355 1356/1356 1357/1357
f 1356/1356 1358/1358 1357/1357
f 1357/1357 1358/1358 1359/1359
f 1358/1358 1360/1360 1359/1359
f 1359/1359 1360/1360 1361/1361
f 1360/1360 1362/1362 1361/1361
f 1361/1361 1362/1362 1363/1363
f 1362/1362 1364/1364 1363/1363
f 1363/1363 1364/1364 1365/1365
f 1364/1364 1366/1366 1365/1365
f 1365/1365 1366/1366 1367/1367
f 1366/1366 1368/1368 1367/1367
f 1367/1367 1368/1368 1369/1369
f 1368/1368 1370/1370 1369/1369
f 1369/1369 1370/1370 1371/1371
f 1370/1370 1372/1372 1371/1371
f 1371/1371 1372/1372 1373/1373
f 1372/1372 1374/1374 1373/1373
f 1373/1373 1374/1374 1375/1375
f 1374/1374 1376/1376 1375/1375
f 1375/1375 1376/1376 1377/1377
f 1376/1376 1378/1378 1377/1377
f 1377/1377 1378/1378 1379/1379
f 1378/1378 1380/1380 1379/1379
f 1379/1379 1380/1380 1381/1381
f 1380/1380 1382/1382 1381/1381
f 1381/1381 1382/1382 1383/1383
f 1382/1382 1384/1384 1383/1383
f 1383/1383 1384/1384 1385/1385
f 1384/1384 1386/1386 1385/1385
f 1385/1385 1386/1386 1387/1387
f 1386/1386 1388/1388 1387/1387
f 1387/1387 1388/1388 1389/1389
f 1388/1388 1390/1390 1389/1389
f 1389/1389 1390/1390 1391/1391
f 1390/1390 1392/1392 1391/1391
f 1391/1391 1392/1392 1393/1393
f 1392/1392 1394/1394 1393/1393
f 1393/1393 1394/1394 1395/1395
f 1394/1394 1396/1396 1395/1395
f 1395/1395 1396/1396 1397/1397
f 1396/1396 1398/1398 1397/1397
f 1397/1397 1398/1398 1399/1399
f 1398/1398 1400/1400 1399/1399
f 1399/1399 1400/1400 1401/1401
f 1400/1400 1402/1402 1401/1401
f 1401/1401 1402/1402 1403/1403
f 1402/1402 1404/1404 1403/1403
f 1403/1403 1404/1404 1405/1405
f 1404/1404 1406/1406 1405/1405
f 1405/1405 1406/1406 1407/1407
f 1406/1406 1408/1408 1407/1407
f 1407/1407 1408/1408 1409/1409
f 1408/1408 1410/1410 1409/1409
f 1409/1409 1410/1410 1411/1411
f 1410/1410 1412/1412 1411/1411
f 1411/1411 1412/1412 1413/1413
f 1412/1412 1414/1414 1413/1413
f 1413/1413 1414/1414 1415/1415
f 1414/1414 1416/1416 1415/1415
f 1415/1415 1416/1416 1417/1417
f 1416/1416 1418/1418 1417/1417
f 1417/1417 1418/1418 1419/1419
f 1418/1418 1420/1420 1419/1419
f 1419/1419 1420/1420 1421/1421
f 1420/1420 1422/1422 1421/1421
f 1421/1421 1422/1422 1423/1423
f 1422/1422 1424/1424 1423/1423
f 1423/1423 1424/1424 1425/1425
f 1424/1424 1426/1426 1425/1425
f 1425/1425 1426/1426 1427/1427
f 1426/1426 1428/1428 1427/1427
f 1427/1427 1428/1428 1429/1429
f 1428/1428 1430/1430 1429/1429
f 1429/1429 1430/1430 1431/1431
f 1430/1430 1432/1432 1431/1431
f 1431/1431 1432/1432 1433/1433
f 1432/1432 1434/1434 1433/1433
f 1433/1433 1434/1434 1435/1435
f 1434/1434 1436/1436 1435/1435
f 1435/1435 1436/1436 1437/1437
f 1436/1436 1438/1438 1437/1437
f 1437/1437 1438/1438 1439/1439
f 1438/1438 1440/1440 1439/1439
f 1439/1439 1440/1440 1441/1441
f 1440/1440 1442/1442 1441/1441
f 1441/1441 1442/1442 1443/1443
f 1442/1442 1444/1444 1443/1443
f 1443/1443 1444/1444 1445/1445
f 1444/1444 1446/1446 1445/1445
f 1445/1445 1446/1446 1447/1447
f 1446/1446 1448/1448 1447/1447
f 1447/1447 1448/1448 1449/1449
f 1448/1448 1450/1450 1449/1449
f 1449/1449 1450/1450 1451/1451
f 1450/1450 1452/1452 1451/1451
f 1451/1451 1452/1452 1453/1453
f 1452/1452 1454/1454 1453/1453
f 1453/1453 1454/1454 1455/1455
f 1454/1454 1456/1456 1455/1455
f 1455/1455 1456/1456 1457/1457
f 1456/1456 1458/1458 1457/1457
f 1457/1457 1458/1458 1459/1459
f 1458/1458 1460/1460 1459/1459
f 1459/1459 1460/1460 1461/1461
f 1460/1460 1462/1462 1461/1461
f 1461/1461 1462/1462 1463/1463
f 1462/1462 1464/1464 1463/1463
f 1463/1463 1464/1464 1465/1465
f 1464/1464 1466/1466 1465/1465
f 1465/1465 1466/1466 1467/1467
f 1466/1466 1468/1468 1467/1467
f 1467/1467 1468/1468 1469/1469
f 1468/1468 1470/1470 1469/1469
f 1469/1469 1470/1470 1471/1471
f 1470/1470 1472/1472 1471/1471
f 1471/1471 1472/1472 1473/1473
f 1472/1472 1474/1474 1473/1473
f 1473/1473 1474/1474 1475/1475
f 1474/1474 1476/1476 1475/1475
f 1475/1475 1476/1476 1477/1477
f 1476/1476 1478/1478 1477/1477
f 1477/1477 1478/1478 1479/1479
f 1478/1478 1480/1480 1479/1479
f 1479/1479 1480/1480 1481/1481
f 1480/1480 1482/1482 1481/1481
f 1481/1481 1482/1482 1483/1483
f 1482/1482 1484/1484 1483/1483
f 1483/1483 1484/1484 1485/1485
f 1484/1484 1486/1486 1485/1485
f 1485/1485 1486/1486 1487/1487
f 1486/1486 1488/1488 1487/1487
f 1487/1487 1488/1488 1489/1489
f 1488/1488 1490/1490 1489/1489
f 1489/1489 1490/1490 1491/1491
f 1490/1490 1492/1492 1491/1491
f 1491/1491 1492/1492 1493/1493
f 1492/1492 1494/1494 1493/1493
f 1493/1493 1494/1494 1495/1495
f 1494/1494 1496/1496 1495/1495
f 1495/1495 1496/1496 1497/1497
f 1496/1496 1498/1498 1497/1497
f 1497/1497 1498/1498 1499/1499
f 1498/1498 1500/1500 1499/1499
f 1499/1499 1500/1500 1501/1501
f 1500/1500 1502/1502 1501/1501
f 1501/1501 1502/1502 1503/1503
f 1502/1502 1504/1504 1503/1503
f 1503/1503 1504/1504 1505/1505
f 1504/1504 1506/1506 1505/1505
f 1505/1505 1506/1506 1507/1507
f 1506/1506 1508/1508 1507/1507
f 1507/1507 1508/1508 1509/1509
f 1508/1508 1510/1510 1509/1509
f 1509/1509 1510/1510 1511/1511
f 1510/1510 1512/1512 1511/1511
f 1511/1511 1512/1512 1513/1513
f 1512/1512 1514/1514 1513/1513
f 1513/1513 1514/1514 1515/1515
f 1514/1514 1516/1516 1515/1515
f 1515/1515 1516/1516 1517/1517
f 1516/1516 1518/1518 1517/1517
f 1517/1517 1518/1518 1519/1519
f 1518/1518 1520/1520 1519/1519
f 1519/1519 1520/1520 1521/1521
f 1520/1520 1522/1522 1521/1521
f 1521/1521 1522/1522 1523/1523
f 1522/1522 1524/1524 1523/1523
f 1523/1523 1524/1524 1525/1525
f 1524/1524 1526/1526 1525/1525
f 1525/1525 1526/1526 1527/1527
f 1526/1526 1528/1528 1527/1527
f 1527/1527 1528/1528 1529/1529
f 1528/1528 1530/1530 1529/1529
f 1529/1529 1530/1530 1531/1531
f 1530/1530 1532/1532 1531/1531
f 1531/1531 1532/1532 1533/1533
f 1532/1532 1534/1534 1533/1533
f 1533/1533 1534/1534 1535/1535
f 1534/1534 1536/1536 1535/1535
f 1535/1535 1536/1536 1537/1537
f 1536/1536 1538/1538 1537/1537
f 1537/1537 1538/1538 1539/1539
f 1538/1538 1540/1540 1539/1539
f 1539/1539 1540/1540 1541/1541
f 1540/1540 1542/1542 1541/1541
f 1541/1541 1542/1542 1543/1543
f 1542/1542 1544/1544 1543/1543
f 1543/1543 1544/1544 1545/1545
f 1544/1544 1546/1546 1545/1545
f 1545/1545 1546/1546 1547/1547
f 1546/1546 1548/1548 1547/1547
f 1547/1547 1548/1548 1549/1549
f 1548/1548 1550/1550 1549/1549
f 1549/1549 1550/1550 1551/1551
f 1550/1550 1552/1552 1551/1551
f 1551/1551 1552/1552 1553/1553
f 1552/1552 1554/1554 1553/1553
f 1553/1553 1554/1554 1555/1555
f 1554/1554 1556/1556 1555/1555
f 1555/1555 1556/1556 1557/1557
f 1556/1556 1558/1558 1557/1557
f 1557/1557 1558/1558 1559/1559
f 1558/1558 1560/1560 1559/1559
f 1559/1559 1560/1560 1561/1561
f 1560/1560 1562/1562 1561/1561
f 1561/1561 1562/1562 1563/1563
f 1562/1562 1564/1564 1563/1563
f 1563/1563 1564/1564 1565/1565
f 1564/1564 1566/1566 1565/1565
f 1565/1565 1566/1566 1567/1567
f 1566/1566 1568/1568 1567/1567
f 1567/1567 1568/1568 1569/1569
f 1568/1568 1570/1570 1569/1569
f 1569/1569 1570/1570 1571/1571
f 1570/1570 1572/1572 1571/1571
f 1571/1571 1572/1572 1573/1573
f 1572/1572 1574/1574 1573/1573
f 1573/1573 1574/1574 1575/1575
f 1574/1574 1576/1576 1575/1575
f 1575/1575 1576/1576 1577/1577
f 1576/1576 1578/1578 1577/1577
f 1577/1577 1578/1578 1579/1579
f 1578/1578 1580/1580 1579/1579
f 1579/1579 1580/1580 1581/1581
f 1580/1580 1582/1582 1581/1581
f 1581/1581 1582/1582 1583/1583
f 1582/1582 1584/1584 1583/1583
f 1583/1583 1584/1584 1585/1585
f 1584/1584 1586/1586 1585/1585
f 1585/1585 1586/1586 1587/1587
f 1586/1586 1588/1588 1587/1587
f 1587/1587 1588/1588 1589/1589
f 1588/1588 1590/1590 1589/1589
f 1589/1589 1590/1590 1591/1591
f 1590/1590 1592/1592 1591/1591
f 1591/1591 1592/1592 1593/1593
f 1592/1592 1594/1594 1593/1593
f 1593/1593 1594/1594 1595/1595
f 1594/1594 1596/1596 1595/1595
f 1595/1595 1596/1596 1597/1597
f 1596/1596 1598/1598 1597/1597
f 1597/1597 1598/1598 1599/1599
f 1598/1598 1600/1600 1599/1599
f 1599/1599 1600/1600 1601/1601
f 1600/1600 1602/1602 1601/1601
f 1601/1601 1602/1602 1603/1603
f 1602/1602 1604/1604 1603/1603
f 1603/1603 1604/1604 1605/1605
f 1604/1604 1606/1606 1605/1605
f 1605/1605 1606/1606 1607/1607
f 1606/1606 1608/1608 1607/1607
f 1607/1607 1608/1608 1609/1609
f 1608/1608 1610/1610 1609/1609
f 1609/1609 1610/1610 1611/1611
f 1610/1610 1612/1612 1611/1611
f 1611/1611 1612/1612 1613/1613
f 1612/1612 1614/1614 1613/1613
f 1613/1613 1614/1614 1615/1615
f 1614/1614 1616/1616 1615/1615
f 1615/1615 1616/1616 1617/1617
f 1616/1616 1618/1618 1617/1617
f 1617/1617 1618/1618 1619/1619
f 1618/1618 1620/1620 1619/1619
f 1619/1619 1620/1620 1621/1621
f 1620/1620 1622/1622 1621/1621
f 1621/1621 1622/1622 1623/1623
f 1622/1622 1624/1624 1623/1623
f 1623/1623 1624/1624 1625/1625
f 1624/1624 1626/1626 1625/1625
f 1625/1625 1626/1626 1627/1627
f 1626/1626 1628/1628 1627/1627
f 1627/1627 1628/1628 1629/1629
f 1628/1628 1630/1630 1629/1629
f 1629/1629 1630/1630 1631/1631
f 1630/1630 1632/1632 1631/1631
f 1631/1631 1632/1632 1633/1633
f 1632/1632 1634/1634 1633/1633
f 1633/1633 1634/1634 1635/1635
f 1634/1634 1636/1636 1635/1635
f 1635/1635 1636/1636 1637/1637
f 1636/1636 1638/1638 1637/1637
f 1637/1637 1638/1638 1639/1639
f 1638/1638 1640/1640 1639/1639
f 1639/1639 1640/1640 1641/1641
f 1640/1640 1642/1642 1641/1641
f 1641/1641 1642/1642 1643/1643
f 1642/1642 1644/1644 1643/1643
f 1643/1643 1644/1644 1645/1645
f 1644/1644 1646/1646 1645/1645
f 1645/1645 1646/1646 1647/1647
f 1646/1646 1648/1648 1647/1647
f 1647/1647 1648/1648 1649/1649
f 1648/1648 1650/1650 1649/1649
f 1649/1649 1650/1650 1651/1651
f 1650/1650 1652/1652 1651/1651
f 1651/1651 1652/1652 1653/1653
f 1652/1652 1654/1654 1653/1653
f 1653/1653 1654/1654 1655/1655
f 1654/1654 1656/1656 1655/1655
f 1655/1655 1656/1656 1657/1657
f 1656/1656 1658/1658 1657/1657
f 1657/1657 1658/1658 1659/1659
f 1658/1658 1660/1660 1659/1659
f 1659/1659 1660/1660 1661/1661
f 1660/1660 1662/1662 1661/1661
f 1661/1661 1662/1662 1663/1663
f 1662/1662 1664/1664 1663/1663
f 1663/1663 1664/1664 1665/1665
f 1664/1664 1666/1666 1665/1665
f 1665/1665 1666/1666 1667/1667
f 1666/1666 1668/1668 1667/1667
f 1667/1667 1668/1668 1669/1669
f 1668/1668 1670/1670 1669/1669
f 1669/1669 1670/1670 1671/1671
f 1670/1670 1672/1672 1671/1671
f 1671/1671 1672/1672 1673/1673
f 1672/1672 1674/1674 1673/1673
f 1673/1673 1674/1674 1675/1675
f 1674/1674 1676/1676 1675/1675
f 1675/1675 1676/1676 1677/1677
f 1676/1676 1678/1678 1677/1677
f 1677/1677 1678/1678 1679/1679
f 1678/1678 1680/1680 1679/1679
f 1679/1679 1680/1680 1681/1681
f 1680/1680 1682/1682 1681/1681
f 1681/1681 1682/1682 1683/1683
f 1682/1682 1684/1684 1683/1683
f 1683/1683 1684/1684 1685/1685
f 1684/1684 1686/1686 1685/1685
f 1685/1685 1686/1686 1687/1687
f 1686/1686 1688/1688 1687/1687
f 1687/1687 1688/1688 1689/1689
f 1688/1688 1690/1690 1689/1689
f 1689/1689 1690/1690 1691/1691
f 1690/1690 1692/1692 1691/1691
f 1691/1691 1692/1692 1693/1693
f 1692/1692 1694/1694 1693/1693
f 1693/1693 1694/1694 1695/1695
f 1694/1694 1696/1696 1695/1695
f 1695/1695 1696/1696 1697/1697
f 1696/1696 1698/1698 1697/1697
f 1697/1697 1698/1698 1699/1699
f 1698/1698 1700/1700 1699/1699
f 1699/1699 1700/1700 1701/1701
f 1700/1700 1702/1702 1701/1701
f 1701/1701 1702/1702 1703/1703
f 1702/1702 1704/1704 1703/1703
f 1703/1703 1704/1704 1705/1705
f 1704/1704 1706/1706 1705/1705
f 1705/1705 1706/1706 1707/1707
f 1706/1706 1708/1708 1707/1707
f 1707/1707 1708/1708 1709/1709
f 1708/1708 1710/1710 1709/1709
f 1709/1709 1710/1710 1711/1711
f 1710/1710 1712/1712 1711/1711
f 1711/1711 1712/1712 1713/1713
f 1712/1712 1714/1714 1713/1713
f 1713/1713 1714/1714 1715/1715
f 1714/1714 1716/1716 1715/1715
f 1715/1715 1716/1716 1717/1717
f 1716/1716 1718/1718 1717/1717
f 1717/1717 1718/1718 1719/1719
f 1718/1718 1720/1720 1719/1719
f 1719/1719 1720/1720 1721/1721
f 1720/1720 1722/1722 1721/1721
f 1721/1721 1722/1722 1723/1723
f 1722/1722 1724/1724 1723/1723
f 1723/1723 1724/1724 1725/1725
f 1724/1724 1726/1726 1725/1725
f 1725/1725 1726/1726 1727/1727
f 1726/1726 1728/1728 1727/1727
f 1727/1727 1728/1728 1729/1729
f 1728/1728 1730/1730 1729/1729
f 1729/1729 1730/1730 1731/1731
f 1730/1730 1732/1732 1731/1731
f 1731/1731 1732/1732 1733/1733
f 1732/1732 1734/1734 1733/1733
f 1733/1733 1734/1734 1735/1735
f 1734/1734 1736/1736 1735/1735
f 1735/1735 1736/1736 1737/1737
f 1736/1736 1738/1738 1737/1737
f 1737/1737 1738/1738 1739/1739
f 1738/1738 1740/1740 1739/1739
f 1739/1739 1740/1740 1741/1741
f 1740/1740 1742/1742 1741/1741
f 1741/1741 1742/1742 1743/1743
f 1742/1742 1744/1744 1743/1743
f 1743/1743 1744/1744 1745/1745
f 1744/1744 1746/1746 1745/1745
f 1745/1745 1746/1746 1747/1747
f 1746/1746 1748/1748 1747/1747
f 1747/1747 1748/1748 1749/1749
f 1748/1748 1750/1750 1749/1749
f 1749/1749 1750/1750 1751/1751
f 1750/1750 1752/1752 1751/1751
f 1751/1751 1752/1752 1753/1753
f 1752/1752 1754/1754 1753/1753
f 1753/1753 1754/1754 1755/1755
f 1754/1754 1756/1756 1755/1755
f 1755/1755 1756/1756 1757/1757
f 1756/1756 1758/1758 1757/1757
f 1757/1757 1758/1758 1759/1759
f 1758/1758 1760/1760 1759/1759
f 1759/1759 1760/1760 1761/1761
f 1760/1760 1762/1762 1761/1761
f 1761/1761 1762/1762 1763/1763
f 1762/1762 1764/1764 1763/1763
f 1763/1763 1764/1764 1765/1765
f 1764/1764 1766/1766 1765/1765
f 1765/1765 1766/1766 1767/1767
f 1766/1766 1768/1768 1767/1767
f 1767/1767 1768/1768 1769/1769
f 1768/1768 1770/1770 1769/1769
f 1769/1769 1770/1770 1771/1771
f 1770/1770 1772/1772 1771/1771
f 1771/1771 1772/1772 1773/1773
f 1772/1772 1774/1774 1773/1773
f 1773/1773 1774/1774 1775/1775
f 1774/1774 1776/1776 1775/1775
f 1775/1775 1776/1776 1777/1777
f 1776/1776 1778/1778 1777/1777
f 1777/1777 1778/1778 1779/1779
f 1778/1778 1780/1780 1779/1779
f 1779/1779 1780/1780 1781/1781
f 1780/1780 1782/1782 1781/1781
f 1781/1781 1782/1782 1783/1783
f 1782/1782 1784/1784 1783/1783
f 1783/1783 1784/1784 1785/1785
f 1784/1784 1786/1786 1785/1785
f 1785/1785 1786/1786 1787/1787
f 1786/1786 1788/1788 1787/1787
f 1787/1787 1788/1788 1789/1789
f 1788/1788 1790/1790 1789/1789
f 1789/1789 1790/1790 1791/1791
f 1790/1790 1792/1792 1791/1791
f 1791/1791 1792/1792 1793/1793
f 1792/1792 1794/1794 1793/1793
f 1793/1793 1794/1794 1795/1795
f 1794/1794 1796/1796 1795/1795
f 1795/1795 1796/1796 1797/1797
f 1796/1796 1798/1798 1797/1797
f 1797/1797 1798/1798 1799/1799
f 1798/1798 1800/1800 1799/1799
f 1799/1799 1800/1800 1801/1801
f 1800/1800 1802/1802 1801/1801
f 1801/1801 1802/1802 1803/1803
f 1802/1802 1804/1804 1803/1803
f 1803/1803 1804/1804 1805/1805
f 1804/1804 1806/1806 1805/1805
f 1805/1805 1806/1806 1807/1807
f 1806/1806 1808/1808 1807/1807
f 1807/1807 1808/1808 1809/1809
f 1808/1808 1810/1810 1809/1809
f 1809/1809 1810/1810 1811/1811
f 1810/1810 1812/1812 1811/1811
f 1811/1811 1812/1812 1813/1813
f 1812/1812 1814/1814 1813/1813
f 1813/1813 1814/1814 1815/1815
f 1814/1814 1816/1816 1815/1815
f 1815/1815 1816/1816 1817/1817
f 1816/1816 1818/1818 1817/1817
f 1817/1817 1818/1818 1819/1819
f 1818/1818 1820/1820 1819/1819
f 1819/1819 1820/1820 1821/1821
f 1820/1820 1822/1822 1821/1821
f 1821/1821 1822/1822 1823/1823
f 1822/1822 1824/1824 1823/1823
f 1823/1823 1824/1824 1825/1825
f 1824/1824 1826/1826 1825/1825
f 1825/1825 1826/1826 1827/1827
f 1826/1826 1828/1828 1827/1827
f 1827/1827 1828/1828 1829/1829
f 1828/1828 1830/1830 1829/1829
f 1829/1829 1830/1830 1831/1831
f 1830/1830 1832/1832 1831/1831
f 1831/1831 1832/1832 1833/1833
f 1832/1832 1834/1834 1833/1833
f 1833/1833 1834/1834 1835/1835
f 1834/1834 1836/1836 1835/1835
f 1835/1835 1836/1836 1837/1837
f 1836/1836 1838/1838 1837/1837
f 1837/1837 1838/1838 1839/1839
f 1838/1838 1840/1840 1839/1839
f 1839/1839 1840/1840 1841/1841
f 1840/1840 1842/1842 1841/1841
f 1841/1841 1842/1842 1843/1843
f 1842/1842 1844/1844 1843/1843
f 1843/1843 1844/1844 1845/1845
f 1844/1844 1846/1846 1845/1845
f 1845/1845 1846/1846 1847/1847
f 1846/1846 1848/1848 1847/1847
f 1847/1847 1848/1848 1849/1849
f 1848/1848 1850/1850 1849/1849
f 1849/1849 1850/1850 1851/1851
f 1850/1850 1852/1852 1851/1851
f 1851/1851 1852/1852 1853/1853
f 1852/1852 1854/1854 1853/1853
f 1853/1853 1854/1854 1855/1855
f 1854/1854 1856/1856 1855/1855
f 1855/1855 1856/1856 1857/1857
f 1856/1856 1858/1858 1857/1857
f 1857/1857 1858/1858 1859/1859
f 1858/1858 1860/1860 1859/1859
f 1859/1859 1860/1860 1861/1861
f 1860/1860 1862/1862 1861/1861
f 1861/1861 1862/1862 1863/1863
f 1862/1862 1864/1864 1863/1863
f 1863/1863 1864/1864 1865/1865
f 1864/1864 1866/1866 1865/1865
f 1865/1865 1866/1866 1867/1867
f 1866/1866 1868/1868 1867/1867
f 1867/1867 1868/1868 1869/1869
f 1868/1868 1870/1870 1869/1869
f 1869/1869 1870/1870 1871/1871
f 1870/1870 1872/1872 1871/1871
f 1871/1871 1872/1872 1873/1873
f 1872/1872 1874/1874 1873/1873
f 1873/1873 1874/1874 1875/1875
f 1874/1874 1876/1876 1875/1875
f 1875/1875 1876/1876 1877/1877
f 1876/1876 1878/1878 1877/1877
f 1877/1877 1878/1878 1879/1879
f 1878/1878 1880/1880 1879/1879
f 1879/1879 1880/1880 1881/1881
f 1880/1880 1882/1882 1881/1881
f 1881/1881 1882/1882 1883/1883
f 1882/1882 1884/1884 1883/1883
f 1883/1883 1884/1884 1885/1885
f 1884/1884 1886/1886 1885/1885
f 1885/1885 1886/1886 1887/1887
f 1886/1886 1888/1888 1887/1887
f 1887/1887 1888/1888 1889/1889
f 1888/1888 1890/1890 1889/1889
f 1889/1889 1890/1890 1891/1891
f 1890/1890 1892/1892 1891/1891
f 1891/1891 1892/1892 1893/1893
f 1892/1892 1894/1894 1893/1893
f 1893/1893 1894/1894 1895/1895
f 1894/1894 1896/1896 1895/1895
f 1895/1895 1896/1896 1897/1897
f 1896/1896 1898/1898 1897/1897
f 1897/1897 1898/1898 1899/1899
f 1898/1898 1900/1900 1899/1899
f 1899/1899 1900/1900 1901/1901
f 1900/1900 1902/1902 1901/1901
f 1901/1901 1902/1902 1903/1903
f 1902/1902 1904/1904 1903/1903
f 1903/1903 1904/1904 1905/1905
f 1904/1904 1906/1906 1905/1905
f 1905/1905 1906/1906 1907/1907
f 1906/1906 1908/1908 1907/1907
f 1907/1907 1908/1908 1909/1909
f 1908/1908 1910/1910 1909/1909
f 1909/1909 1910/1910 1911/1911
f 1910/1910 1912/1912 1911/1911
f 1911/1911 1912/1912 1913/1913
f 1912/1912 1914/1914 1913/1913
f 1913/1913 1914/1914 1915/1915
f 1914/1914 1916/1916 1915/1915
f 1915/1915 1916/1916 1917/1917
f 1916/1916 1918/1918 1917/1917
f 1917/1917 1918/1918 1919/1919
f 1918/1918 1920/1920 1919/1919
f 1919/1919 1920/1920 1921/1921
f 1920/1920 1922/1922 1921/1921
f 1921/1921 1922/1922 1923/1923
f 1922/1922 1924/1924 1923/1923
f 1923/1923 1924/1924 1925/1925
f 1924/1924 1926/1926 1925/1925
f 1925/1925 1926/1926 1927/1927
f 1926/1926 1928/1928 1927/1927
f 1927/1927 1928/1928 1929/1929
f 1928/1928 1930/1930 1929/1929
f 1929/1929 1930/1930 1931/1931
f 1930/1930 1932/1932 1931/1931
f 1931/1931 1932/1932 1933/1933
f 1932/1932 1934/1934 1933/1933
f 1933/1933 1934/1934 1935/1935
f 1934/1934 1936/1936 1935/1935
f 1935/1935 1936/1936 1937/1937
f 1936/1936 1938/1938 1937/1937
f 1937/1937 1938/1938 1939/1939
f 1938/1938 1940/1940 1939/1939
f 1939/1939 1940/1940 1941/1941
f 1940/1940 1942/1942 1941/1941
f 1941/1941 1942/1942 1943/1943
f 1942/1942 1944/1944 1943/1943
f 1943/1943 1944/1944 1945/1945
f 1944/1944 1946/1946 1945/1945
f 1945/1945 1946/1946 1947/1947
f 1946/1946 1948/1948 1947/1947
f 1947/1947 1948/1948 1949/1949
f 1948/1948 1950/1950 1949/1949
f 1949/1949 1950/1950 1951/1951
f 1950/1950 1952/1952 1951/1951
f 1951/1951 1952/1952 1953/1953
f 1952/1952 1954/1954 1953/1953
f 1953/1953 1954/1954 1955/1955
f 1954/1954 1956/1956 1955/1955
f 1955/1955 1956/1956 1957/1957
f 1956/1956 1958/1958 1957/1957
f 1957/1957 1958/1958 1959/1959
f 1958/1958 1960/1960 1959/1959
f 1959/1959 1960/1960 1961/1961
f 1960/1960 1962/1962 1961/1961
f 1961/1961 1962/1962 1963/1963
f 1962/1962 1964/1964 1963/1963
f 1963/1963 1964/1964 1965/1965
f 1964/1964 1966/1966 1965/1965
f 1965/1965 1966/1966 1967/1967
f 1966/1966 1968/1968 1967/1967
f 1967/1967 1968/1968 1969/1969
f 1968/1968 1970/1970 1969/1969
f 1969/1969 1970/1970 1971/1971
f 1970/1970 1972/1972 1971/1971
f 1971/1971 1972/1972 1973/1973
f 1972/1972 1974/1974 1973/1973
f 1973/1973 1974/1974 1975/1975
f 1974/1974 1976/1976 1975/1975
f 1975/1975 1976/1976 1977/1977
f 1976/1976 1978/1978 1977/1977
f 1977/1977 1978/1978 1979/1979
f 1978/1978 1980/1980 1979/1979
f 1979/1979 1980/1980 1981/1981
f 1980/1980 1982/1982 1981/1981
f 1981/1981 1982/1982 1983/1983
f 1982/1982 1984/1984 1983/1983
f 1983/1983 1984/1984 1985/1985
f 1984/1984 1986/1986 1985/1985
f 1985/1985 1986/1986 1987/1987
f 1986/1986 1988/1988 1987/1987
f 1987/1987 1988/1988 1989/1989
f 1988/1988 1990/1990 1989/1989
f 1989/1989 1990/1990 1991/1991
f 1990/1990 1992/1992 1991/1991
f 1991/1991 1992/1992 1993/1993
f 1992/1992 1994/1994 1993/1993
f 1993/1993 1994/1994 1995/1995
f 1994/1994 1996/1996 1995/1995
f 1995/1995 1996/1996 1997/1997
f 1996/1996 1998/1998 1997/1997
f 1997/1997 1998/1998 1999/1999
f 1998/1998 2000/2000 1999/1999
f 1999/1999 2000/2000 2001/2001
f 2000/2000 2002/2002 2001/2001
f 2001/2001 2002/2002 2003/2003
f 2002/2002 2004/2004 2003/2003
f 2003/2003 2004/2004 2005/2005
f 2004/2004 2006/2006 2005/2005
f 2005/2005 2006/2006 2007/2007
f 2006/2006 2008/2008 2007/2007
f 2007/2007 2008/2008 2009/2009
f 2008/2008 2010/2010 2009/2009
f 2009/2009 2010/2010 2011/2011
f 2010/2010 2012/2012 2011/2011
f 2011/2011 2012/2012 2013/2013
f 2012/2012 2014/2014 2013/2013
f 2013/2013 2014/2014 2015/2015
f 2014/2014 2016/2016 2015/2015
f 2015/2015 2016/2016 2017/2017
f 2016/2016 2018/2018 2017/2017
f 2017/2017 2018/2018 2019/2019
f 2018/2018 2020/2020 2019/2019
f 2019/2019 2020/2020 2021/2021
f 2020/2020 2022/2022 2021/2021
f 2021/2021 2022/2022 2023/2023
f 2022/2022 2024/2024 2023/2023
f 2023/2023 2024/2024 2025/2025
f 2024/2024 2026/2026 2025/2025
f 2025/2025 2026/2026 2027/2027
f 2026/2026 2028/2028 2027/2027
f 2027/2027 2028/2028 2029/2029
f 2028/2028 2030/2030 2029/2029
f 2029/2029 2030/2030 2031/2031
f 2030/2030 2032/2032 2031/2031
f 2031/2031 2032/2032 2033/2033
f 2032/2032 2034/2034 2033/2033
f 2033/2033 2034/2034 2035/2035
f 2034/2034 2036/2036 2035/2035
f 2035/2035 2036/2036 2037/2037
f 2036/2036 2038/2038 2037/2037
f 2037/2037 2038/2038 2039/2039
f 2038/2038 2040/2040 2039/2039
f 2039/2039 2040/2040 2041/2041
f 2040/2040 2042/2042 2041/2041
f 2041/2041 2042/2042 2043/2043
f 2042/2042 2044/2044 2043/2043
f 2043/2043 2044/2044 2045/2045
f 2044/2044 2046/2046 2045/2045
f 2045/2045 2046/2046 2047/2047
f 2046/2046 2048/2048 2047/2047
f 2047/2047 2048/2048 2049/2049
f 2048/2048 2050/2050 2049/2049
f 2049/2049 2050/2050 2051/2051
f 2050/2050 2052/2052 2051/2051
f 2051/2051 2052/2052 2053/2053
f 2052/2052 2054/2054 2053/2053
f 2053/2053 2054/2054 2055/2055
f 2054/2054 2056/2056 2055/2055
f 2055/2055 2056/2056 2057/2057
f 2056/2056 2058/2058 2057/2057
f 2057/2057 2058/2058 2059/2059
f 2058/2058 2060/2060 2059/2059
f 2059/2059 2060/2060 2061/2061
f 2060/2060 2062/2062 2061/2061
f 2061/2061 2062/2062 2063/2063
f 2062/2062 2064/2064 2063/2063
f 2063/2063 2064/2064 2065/2065
f 2064/2064 2066/2066 2065/2065
f 2065/2065 2066/2066 2067/2067
f 2066/2066 2068/2068 2067/2067
f 2067/2067 2068/2068 2069/2069
f 2068/2068 2070/2070 2069/2069
f 2069/2069 2070/2070 2071/2071
f 2070/2070 2072/2072 2071/2071
f 2071/2071 2072/2072 2073/2073
f 2072/2072 2074/2074 2073/2073
f 2073/2073 2074/2074 2075/2075
f 2074/2074 2076/2076 2075/2075
f 2075/2075 2076/2076 2077/2077
f 2076/2076 2078/2078 2077/2077
f 2077/2077 2078/2078 2079/2079
f 2078/2078 2080/2080 2079/2079
f 2079/2079 2080/2080 2081/2081
f 2080/2080 2082/2082 2081/2081
f 2081/2081 2082/2082 2083/2083
f 2082/2082 2084/2084 2083/2083
f 2083/2083 2084/2084 2085/2085
f 2084/2084 2086/2086 2085/2085
f 2085/2085 2086/2086 2087/2087
f 2086/2086 2088/2088 2087/2087
f 2087/2087 2088/2088 2089/2089
f 2088/2088 2090/2090 2089/2089
f 2089/2089 2090/2090 2091/2091
f 2090/2090 2092/2092 2091/2091
f 2091/2091 2092/2092 2093/2093
f 2092/2092 2094/2094 2093/2093
f 2093/2093 2094/2094 2095/2095
f 2094/2094 2096/2096 2095/2095
f 2095/2095 2096/2096 2097/2097
f 2096/2096 2098/2098 2097/2097
f 2097/2097 2098/2098 2099/2099
f 2098/2098 2100/2100 2099/2099
f 2099/2099 2100/2100 2101/2101
f 2100/2100 2102/2102 2101/2101
f 2101/2101 2102/2102 2103/2103
f 2102/2102 2104/2104 2103/2103
f 2103/2103 2104/2104 2105/2105
f 2104/2104 2106/2106 2105/2105
f 2105/2105 2106/2106 2107/2107
f 2106/2106 2108/2108 2107/2107
f 2107/2107 2108/2108 2109/2109
f 2108/2108 2110/2110 2109/2109
f 2109/2109 2110/2110 2111/2111
f 2110/2110 2112/2112 2111/2111
f 2111/2111 2112/2112 2113/2113
f 2112/2112 2114/2114 2113/2113
f 2113/2113 2114/2114 2115/2115
f 2114/2114 2116/2116 2115/2115
f 2115/2115 2116/2116 2117/2117
f 2116/2116 2118/2118 2117/2117
f 2117/2117 2118/2118 2119/2119
f 2118/2118 2120/2120 2119/2119
f 2119/2119 2120/2120 2121/2121
f 2120/2120 2122/2122 2121/2121
f 2121/2121 2122/2122 2123/2123
f 2122/2122 2124/2124 2123/2123
f 2123/2123 2124/2124 2125/2125
f 2124/2124 2126/2126 2125/2125
f 2125/2125 2126/2126 2127/2127
f 2126/2126 2128/2128 2127/2127
f 2127/2127 2128/2128 2129/2129
f 2128/2128 2130/2130 2129/2129
f 2129/2129 2130/2130 2131/2131
f 2130/2130 2132/2132 2131/2131
f 2131/2131 2132/2132 2133/2133
f 2132/2132 2134/2134 2133/2133
f 2133/2133 2134/2134 2135/2135
f 2134/2134 2136/2136 2135/2135
f 2135/2135 2136/2136 2137/2137
f 2136/2136 2138/2138 2137/2137
f 2137/2137 2138/2138 2139/2139
f 2138/2138 2140/2140 2139/2139
f 2139/2139 2140/2140 2141/2141
f 2140/2140 2142/2142 2141/2141
f 2141/2141 2142/2142 2143/2143
f 2142/2142 2144/2144 2143/2143
f 2143/2143 2144/2144 2145/2145
f 2144/2144 2146/2146 2145/2145
f 2145/2145 2146/2146 2147/2147
f 2146/2146 2148/2148 2147/2147
f 2147/2147 2148/2148 2149/2149
f 2148/2148 2150/2150 2149/2149
f 2149/2149 2150/2150 2151/2151
f 2150/2150 2152/2152 2151/2151
f 2151/2151 2152/2152 2153/2153
f 2152/2152 2154/2154 2153/2153
f 2153/2153 2154/2154 2155/2155
f 2154/2154 2156/2156 2155/2155
f 2155/2155 2156/2156 2157/2157
f 2156/2156 2158/2158 2157/2157
f 2157/2157 2158/2158 2159/2159
f 2158/2158 2160/2160 2159/2159
f 2159/2159 2160/2160 2161/2161
f 2160/2160 2162/2162 2161/2161
f 2161/2161 2162/2162 2163/2163
f 2162/2162 2164/2164 2163/2163
f 2163/2163 2164/2164 2165/2165
f 2164/2164 2166/2166 2165/2165
f 2165/2165 2166/2166 2167/2167
f 2166/2166 2168/2168 2167/2167
f 2167/2167 2168/2168 2169/2169
f 2168/2168 2170/2170 2169/2169
f 2169/2169 2170/2170 2171/2171
f 2170/2170 2172/2172 2171/2171
f 2171/2171 2172/2172 2173/2173
f 2172/2172 2174/2174 2173/2173
f 2173/2173 2174/2174 2175/2175
f 2174/2174 2176/2176 2175/2175
f 2175/2175 2176/2176 2177/2177
f 2176/2176 2178/2178 2177/2177
f 2177/2177 2178/2178 2179/2179
f 2178/2178 2180/2180 2179/2179
f 2179/2179 2180/2180 2181/2181
f 2180/2180 2182/2182 2181/2181
f 2181/2181 2182/2182 2183/2183
f 2182/2182 2184/2184 2183/2183
f 2183/2183 2184/2184 2185/2185
f 2184/2184 2186/2186 2185/2185
f 2185/2185 2186/2186 2187/2187
f 2186/2186 2188/2188 2187/2187
f 2187/2187 2188/2188 2189/2189
f 2188/2188 2190/2190 2189/2189
f 2189/2189 2190/2190 2191/2191
f 2190/2190 2192/2192 2191/2191
f 2191/2191 2192/2192 2193/2193
f 2192/2192 2194/2194 2193/2193
f 2193/2193 2194/2194 2195/2195
f 2194/2194 2196/2196 2195/2195
f 2195/2195 2196/2196 2197/2197
f 2196/2196 2198/2198 2197/2197
f 2197/2197 2198/2198 2199/2199
f 2198/2198 2200/2200 2199/2199
f 2199/2199 2200/2200 2201/2201
f 2200/2200 2202/2202 2201/2201
v -13441.516 4728.445 2.800
v -13440.527 4720.507 2.800
v -13341.566 4739.949 2.800
v -13340.724 4731.993 2.800
v -13239.047 4750.092 2.800
v -13238.309 4742.126 2.800
v -13136.819 4758.791 2.800
v -13136.194 4750.816 2.800
v -13032.680 4766.471 2.800
v -13032.132 4758.490 2.800
v -12928.535 4773.075 2.800
v -12928.065 4765.088 2.800
v -12823.216 4778.897 2.800
v -12822.806 4770.908 2.800
v -12717.715 4783.919 2.800
v -12717.360 4775.927 2.800
v -12611.504 4788.359 2.800
v -12611.193 4780.365 2.800
v -12505.000 4792.215 2.800
v -12504.729 4784.220 2.800
v -12398.089 4795.656 2.800
v -12397.849 4787.659 2.800
v -12290.814 4798.687 2.800
v -12290.599 4790.689 2.800
v -12183.318 4801.442 2.800
v -12183.124 4793.445 2.800
v -12075.471 4803.933 2.800
v -12075.293 4795.935 2.800
v -11967.521 4806.255 2.800
v -11967.356 4798.257 2.800
v -11859.377 4808.411 2.800
v -11859.222 4800.412 2.800
v -11751.231 4810.442 2.800
v -11751.086 4802.443 2.800
v -11642.946 4812.355 2.800
v -11642.809 4804.356 2.800
v -11534.685 4814.166 2.800
v -11534.554 4806.168 2.800
v -11426.322 4815.886 2.800
v -11426.198 4807.887 2.800
v -11317.977 4817.522 2.800
v -11317.860 4809.523 2.800
v -11209.563 4819.083 2.800
v -11209.451 4811.084 2.800
v -11101.157 4820.573 2.800
v -11101.049 4812.574 2.800
v -10992.706 4821.999 2.800
v -10992.603 4814.000 2.800
v -10884.254 4823.364 2.800
v -10884.155 4815.365 2.800
v -10775.774 4824.674 2.800
v -10775.679 4816.674 2.800
v -10667.287 4825.929 2.800
v -10667.197 4817.930 2.800
v -10558.784 4827.136 2.800
v -10558.697 4819.136 2.800
v -10450.271 4828.295 2.800
v -10450.187 4820.295 2.800
v -10341.748 4829.411 2.800
v -10341.668 4821.411 2.800
v -10233.214 4830.483 2.800
v -10233.136 4822.483 2.800
v -10124.675 4831.516 2.800
v -10124.600 4823.516 2.800
v -10016.123 4832.510 2.800
v -10016.051 4824.510 2.800
v -9907.571 4833.468 2.800
v -9907.501 4825.468 2.800
v -9799.004 4834.391 2.800
v -9798.938 4826.391 2.800
v -9690.440 4835.281 2.800
v -9690.376 4827.281 2.800
v -9581.863 4836.138 2.800
v -9581.801 4828.138 2.800
v -9473.288 4836.965 2.800
v -9473.228 4828.965 2.800
v -9364.701 4837.762 2.800
v -9364.643 4829.762 2.800
v -9256.116 4838.530 2.800
v -9256.061 4830.530 2.800
v -9147.522 4839.271 2.800
v -9147.469 4831.271 2.800
v -9038.928 4839.985 2.800
v -9038.876 4831.985 2.800
v -8930.327 4840.673 2.800
v -8930.277 4832.673 2.800
v -8821.725 4841.336 2.800
v -8821.677 4833.336 2.800
v -8713.119 4841.975 2.800
v -8713.072 4833.975 2.800
v -8604.510 4842.590 2.800
v -8604.465 4834.591 2.800
v -8495.898 4843.184 2.800
v -8495.855 4835.184 2.800
v -8387.283 4843.754 2.800
v -8387.241 4835.754 2.800
v -8278.666 4844.303 2.800
v -8278.626 4836.303 2.800
v -8170.045 4844.831 2.800
v -8170.007 4836.832 2.800
v -8061.425 4845.339 2.800
v -8061.388 4837.339 2.800
v -7952.800 4845.827 2.800
v -7952.765 4837.827 2.800
v -7844.175 4846.296 2.800
v -7844.141 4838.296 2.800
v -7735.546 4846.746 2.800
v -7735.513 4838.746 2.800
v -7626.917 4847.177 2.800
v -7626.887 4839.177 2.800
v -7518.285 4847.590 2.800
v -7518.255 4839.590 2.800
v -7409.653 4847.986 2.800
v -7409.624 4839.986 2.800
v -7301.017 4848.364 2.800
v -7300.990 4840.364 2.800
v -7192.382 4848.726 2.800
v -7192.356 4840.726 2.800
v -7083.744 4849.071 2.800
v -7083.719 4841.071 2.800
v -6975.105 4849.399 2.800
v -6975.082 4841.399 2.800
v -6866.465 4849.712 2.800
v -6866.442 4841.712 2.800
v -6757.823 4850.010 2.800
v -6757.803 4842.009 2.800
v -6649.181 4850.291 2.800
v -6649.161 4842.292 2.800
v -6540.537 4850.558 2.800
v -6540.518 4842.558 2.800
v -6431.892 4850.811 2.800
v -6431.874 4842.811 2.800
v -6323.246 4851.048 2.800
v -6323.229 4843.048 2.800
v -6214.599 4851.272 2.800
v -6214.583 4843.272 2.800
v -6105.951 4851.481 2.800
v -6105.936 4843.481 2.800
v -5997.303 4851.677 2.800
v -5997.289 4843.677 2.800
v -5888.652 4851.859 2.800
v -5888.639 4843.859 2.800
v -5780.003 4852.028 2.800
v -5779.991 4844.028 2.800
v -5671.351 4852.184 2.800
v -5671.340 4844.183 2.800
v -5562.699 4852.326 2.800
v -5562.689 4844.326 2.800
v -5454.046 4852.456 2.800
v -5454.037 4844.456 2.800
v -5345.393 4852.573 2.800
v -5345.385 4844.573 2.800
v -5236.739 4852.678 2.800
v -5236.731 4844.678 2.800
v -5128.084 4852.770 2.800
v -5128.078 4844.770 2.800
v -5019.428 4852.850 2.800
v -5019.423 4844.850 2.800
v -4910.773 4852.918 2.800
v -4910.768 4844.918 2.800
v -4802.116 4852.975 2.800
v -4802.112 4844.975 2.800
v -4693.459 4853.019 2.800
v -4693.456 4845.019 2.800
v -4584.801 4853.052 2.800
v -4584.799 4845.052 2.800
v -4476.143 4853.074 2.800
v -4476.142 4845.074 2.800
v -4367.485 4853.084 2.800
v -4367.484 4845.084 2.800
v -4258.826 4853.083 2.800
v -4258.826 4845.083 2.800
v -4150.166 4853.070 2.800
v -4150.167 4845.071 2.800
v -4041.506 4853.047 2.800
v -4041.508 4845.047 2.800
v -3932.846 4853.013 2.800
v -3932.849 4845.013 2.800
v -3824.186 4852.968 2.800
v -3824.189 4844.968 2.800
v -3715.525 4852.912 2.800
v -3715.529 4844.912 2.800
v -3606.863 4852.846 2.800
v -3606.868 4844.846 2.800
v -3498.202 4852.769 2.800
v -3498.208 4844.769 2.800
v -3389.540 4852.681 2.800
v -3389.547 4844.681 2.800
v -3280.878 4852.583 2.800
v -3280.885 4844.583 2.800
v -3172.215 4852.475 2.800
v -3172.223 4844.475 2.800
v -3063.553 4852.356 2.800
v -3063.562 4844.356 2.800
v -2954.890 4852.227 2.800
v -2954.900 4844.227 2.800
v -2846.227 4852.088 2.800
v -2846.237 4844.088 2.800
v -2737.563 4851.939 2.800
v -2737.575 4843.939 2.800
v -2628.900 4851.780 2.800
v -2628.912 4843.780 2.800
v -2520.236 4851.610 2.800
v -2520.249 4843.610 2.800
v -2411.572 4851.431 2.800
v -2411.586 4843.431 2.800
v -2302.908 4851.242 2.800
v -2302.922 4843.242 2.800
v -2194.244 4851.043 2.800
v -2194.259 4843.043 2.800
v -2085.580 4850.834 2.800
v -2085.596 4842.834 2.800
v -1976.915 4850.615 2.800
v -1976.932 4842.615 2.800
v -1868.251 4850.386 2.800
v -1868.268 4842.387 2.800
v -1759.586 4850.148 2.800
v -1759.604 4842.148 2.800
v -1650.922 4849.900 2.800
v -1650.941 4841.900 2.800
v -1542.257 4849.642 2.800
v -1542.277 4841.642 2.800
v -1433.593 4849.375 2.800
v -1433.613 4841.375 2.800
v -1324.928 4849.097 2.800
v -1324.949 4841.097 2.800
v -1216.263 4848.811 2.800
v -1216.285 4840.810 2.800
v -1107.599 4848.514 2.800
v -1107.621 4840.514 2.800
v -998.934 4848.207 2.800
v -998.957 4840.207 2.800
v -890.269 4847.891 2.800
v -890.293 4839.891 2.800
v -781.605 4847.565 2.800
v -781.629 4839.566 2.800
v -672.940 4847.230 2.800
v -672.965 4839.230 2.800
v -564.276 4846.885 2.800
v -564.302 4838.885 2.800
v -455.612 4846.530 2.800
v -455.638 4838.530 2.800
v -346.948 4846.165 2.800
v -346.975 4838.166 2.800
v -238.283 4845.791 2.800
v -238.311 4837.791 2.800
v -129.620 4845.407 2.800
v -129.648 4837.407 2.800
v -20.956 4845.013 2.800
v -20.985 4837.013 2.800
v 87.708 4844.609 2.800
v 87.678 4836.609 2.800
v 196.371 4844.195 2.800
v 196.340 4836.195 2.800
v 305.034 4843.772 2.800
v 305.003 4835.772 2.800
v 413.697 4843.338 2.800
v 413.665 4835.338 2.800
v 522.360 4842.894 2.800
v 522.327 4834.895 2.800
v 631.023 4842.440 2.800
v 630.989 4834.441 2.800
v 739.685 4841.977 2.800
v 739.650 4833.977 2.800
v 848.347 4841.503 2.800
v 848.311 4833.503 2.800
v 957.008 4841.018 2.800
v 956.972 4833.018 2.800
v 1065.669 4840.524 2.800
v 1065.632 4832.524 2.800
v 1174.330 4840.018 2.800
v 1174.292 4832.019 2.800
v 1282.990 4839.503 2.800
v 1282.952 4831.503 2.800
v 1391.650 4838.977 2.800
v 1391.611 4830.977 2.800
v 1500.310 4838.440 2.800
v 1500.270 4830.440 2.800
v 1608.969 4837.892 2.800
v 1608.928 4829.892 2.800
v 1717.628 4837.334 2.800
v 1717.586 4829.334 2.800
v 1826.286 4836.764 2.800
v 1826.244 4828.764 2.800
v 1934.943 4836.184 2.800
v 1934.900 4828.184 2.800
v 2043.600 4835.592 2.800
v 2043.556 4827.592 2.800
v 2152.256 4834.988 2.800
v 2152.211 4826.989 2.800
v 2260.912 4834.374 2.800
v 2260.867 4826.374 2.800
v 2369.567 4833.747 2.800
v 2369.520 4825.747 2.800
v 2478.222 4833.109 2.800
v 2478.174 4825.109 2.800
v 2586.875 4832.459 2.800
v 2586.826 4824.459 2.800
v 2695.528 4831.797 2.800
v 2695.479 4823.797 2.800
v 2804.179 4831.122 2.800
v 2804.129 4823.122 2.800
v 2912.831 4830.434 2.800
v 2912.779 4822.435 2.800
v 3021.480 4829.734 2.800
v 3021.428 4821.735 2.800
v 3130.129 4829.021 2.800
v 3130.076 4821.022 2.800
v 3238.777 4828.295 2.800
v 3238.723 4820.295 2.800
v 3347.424 4827.555 2.800
v 3347.369 4819.556 2.800
v 3456.070 4826.802 2.800
v 3456.013 4818.802 2.800
v 3564.714 4826.035 2.800
v 3564.656 4818.035 2.800
v 3673.357 4825.253 2.800
v 3673.299 4817.253 2.800
v 3781.998 4824.456 2.800
v 3781.939 4816.457 2.800
v 3890.638 4823.645 2.800
v 3890.578 4815.645 2.800
v 3999.276 4822.818 2.800
v 3999.214 4814.819 2.800
v 4107.913 4821.976 2.800
v 4107.851 4813.976 2.800
v 4216.547 4821.117 2.800
v 4216.483 4813.117 2.800
v 4325.181 4820.242 2.800
v 4325.116 4812.242 2.800
v 4433.810 4819.349 2.800
v 4433.743 4811.349 2.800
v 4542.440 4818.439 2.800
v 4542.372 4810.440 2.800
v 4651.064 4817.511 2.800
v 4650.995 4809.512 2.800
v 4759.689 4816.565 2.800
v 4759.618 4808.565 2.800
v 4868.308 4815.599 2.800
v 4868.236 4807.599 2.800
v 4976.926 4814.613 2.800
v 4976.853 4806.613 2.800
v 5085.540 4813.605 2.800
v 5085.464 4805.606 2.800
v 5194.150 4812.577 2.800
v 5194.073 4804.578 2.800
v 5302.757 4811.526 2.800
v 5302.679 4803.526 2.800
v 5411.358 4810.452 2.800
v 5411.278 4802.452 2.800
v 5519.957 4809.353 2.800
v 5519.875 4801.353 2.800
v 5628.547 4808.228 2.800
v 5628.463 4800.229 2.800
v 5737.135 4807.077 2.800
v 5737.049 4799.077 2.800
v 5845.712 4805.897 2.800
v 5845.623 4797.897 2.800
v 5954.288 4804.687 2.800
v 5954.198 4796.687 2.800
v 6062.847 4803.445 2.800
v 6062.754 4795.446 2.800
v 6171.409 4802.169 2.800
v 6171.313 4794.170 2.800
v 6279.944 4800.858 2.800
v 6279.846 4792.859 2.800
v 6388.486 4799.507 2.800
v 6388.385 4791.508 2.800
v 6496.994 4798.114 2.800
v 6496.889 4790.115 2.800
v 6605.506 4796.677 2.800
v 6605.399 4788.677 2.800
v 6713.978 4795.187 2.800
v 6713.866 4787.188 2.800
v 6822.442 4793.645 2.800
v 6822.326 4785.646 2.800
v 6930.861 4792.037 2.800
v 6930.740 4784.038 2.800
v 7039.245 4790.363 2.800
v 7039.118 4782.364 2.800
v 7147.563 4788.600 2.800
v 7147.430 4780.601 2.800
v 7255.807 4786.745 2.800
v 7255.666 4778.746 2.800
v 7363.975 4784.763 2.800
v 7363.824 4776.765 2.800
v 7472.044 4782.653 2.800
v 7471.882 4774.655 2.800
v 7580.064 4780.378 2.800
v 7579.890 4772.380 2.800
v 7687.947 4777.935 2.800
v 7687.758 4769.938 2.800
v 7795.808 4775.288 2.800
v 7795.605 4767.290 2.800
v 7903.492 4772.432 2.800
v 7903.271 4764.436 2.800
v 8011.185 4769.331 2.800
v 8010.947 4761.335 2.800
v 8118.655 4765.979 2.800
v 8118.395 4757.983 2.800
v 8226.166 4762.338 2.800
v 8225.884 4754.343 2.800
v 8333.420 4758.399 2.800
v 8333.114 4750.405 2.800
v 8440.715 4754.129 2.800
v 8440.384 4746.136 2.800
v 8547.754 4749.510 2.800
v 8547.395 4741.518 2.800
v 8654.798 4744.516 2.800
v 8654.411 4736.526 2.800
v 8761.605 4739.120 2.800
v 8761.186 4731.132 2.800
v 8868.369 4733.304 2.800
v 8867.917 4725.317 2.800
v 8974.924 4727.029 2.800
v 8974.435 4719.044 2.800
v 9081.380 4720.285 2.800
v 9080.855 4712.302 2.800
v 9187.659 4713.025 2.800
v 9187.094 4705.045 2.800
v 9293.779 4705.245 2.800
v 9293.172 4697.268 2.800
v 9399.751 4696.890 2.800
v 9399.100 4688.916 2.800
v 9505.509 4687.961 2.800
v 9504.812 4679.992 2.800
v 9611.150 4678.398 2.800
v 9610.406 4670.433 2.800
v 9716.541 4668.208 2.800
v 9715.744 4660.247 2.800
v 9821.853 4657.329 2.800
v 9821.005 4649.374 2.800
v 9926.865 4645.776 2.800
v 9925.962 4637.827 2.800
v 10031.837 4633.486 2.800
v 10030.879 4625.544 2.800
v 10136.425 4620.479 2.800
v 10135.407 4612.543 2.800
v 10240.984 4606.681 2.800
v 10239.908 4598.754 2.800
v 10345.100 4592.113 2.800
v 10343.959 4584.195 2.800
v 10449.149 4576.702 2.800
v 10447.944 4568.793 2.800
v 10552.731 4560.455 2.800
v 10551.457 4552.557 2.800
v 10656.157 4543.311 2.800
v 10654.813 4535.424 2.800
v 10759.111 4525.253 2.800
v 10757.692 4517.380 2.800
v 10861.792 4506.241 2.800
v 10860.296 4498.382 2.800
v 10964.005 4486.223 2.800
v 10962.428 4478.381 2.800
v 11065.791 4465.190 2.800
v 11064.128 4457.365 2.800
v 11167.118 4443.043 2.800
v 11165.366 4435.237 2.800
v 11267.816 4419.817 2.800
v 11265.969 4412.033 2.800
v 11368.079 4395.346 2.800
v 11366.135 4387.586 2.800
v 11467.446 4369.733 2.800
v 11465.394 4362.001 2.800
v 11566.719 4342.677 2.800
v 11564.565 4334.972 2.800
v 11663.476 4314.726 2.800
v 11661.181 4307.063 2.800
v 11760.123 4284.899 2.800
v 11757.696 4277.276 2.800
v 11852.921 4254.156 2.800
v 11850.304 4246.596 2.800
v 11945.367 4220.948 2.800
v 11942.570 4213.453 2.800
v 12035.294 4185.982 2.800
v 12032.290 4178.568 2.800
v 12124.405 4148.473 2.800
v 12121.198 4141.143 2.800
v 12211.513 4108.810 2.800
v 12208.090 4101.579 2.800
v 12297.384 4066.612 2.800
v 12293.748 4059.486 2.800
v 12381.470 4022.049 2.800
v 12377.616 4015.039 2.800
v 12464.048 3974.969 2.800
v 12459.978 3968.082 2.800
v 12544.884 3925.433 2.800
v 12540.598 3918.679 2.800
v 12624.032 3873.411 2.800
v 12619.531 3866.797 2.800
v 12701.389 3818.927 2.800
v 12696.679 3812.461 2.800
v 12776.950 3761.993 2.800
v 12772.034 3755.683 2.800
v 12850.620 3702.667 2.800
v 12845.502 3696.518 2.800
v 12922.423 3640.944 2.800
v 12917.111 3634.962 2.800
v 12992.229 3576.938 2.800
v 12986.728 3571.129 2.800
v 13060.097 3510.634 2.800
v 13054.416 3505.001 2.800
v 13125.905 3442.154 2.800
v 13120.052 3436.701 2.800
v 13189.680 3371.532 2.800
v 13183.661 3366.262 2.800
v 13251.340 3298.862 2.800
v 13245.163 3293.780 2.800
v 13310.875 3224.228 2.800
v 13304.546 3219.334 2.800
v 13368.164 3147.784 2.800
v 13361.691 3143.083 2.800
v 13423.088 3069.700 2.800
v 13416.476 3065.196 2.800
v 13475.983 2989.547 2.800
v 13469.243 2985.237 2.800
v 13527.084 2907.284 2.800
v 13520.230 2903.158 2.800
v 13573.820 2826.615 2.800
v 13566.826 2822.734 2.800
v 13618.390 2743.404 2.800
v 13611.272 2739.752 2.800
v 13655.811 2665.853 2.800
v 13648.514 2662.574 2.800
v 13689.450 2585.890 2.800
v 13681.998 2582.980 2.800
v 13717.657 2507.075 2.800
v 13710.052 2504.595 2.800
v 13740.981 2427.859 2.800
v 13733.240 2425.837 2.800
v 13758.809 2349.320 2.800
v 13750.954 2347.799 2.800
v 13771.086 2272.070 2.800
v 13763.145 2271.098 2.800
v 13777.737 2195.165 2.800
v 13769.748 2194.767 2.800
v 13778.566 2120.548 2.800
v 13770.569 2120.771 2.800
v 13773.627 2047.192 2.800
v 13765.674 2048.056 2.800
v 13762.836 1975.815 2.800
v 13754.982 1977.337 2.800
v 13746.336 1906.595 2.800
v 13738.641 1908.784 2.800
v 13723.924 1838.927 2.800
v 13716.444 1841.764 2.800
v 13695.851 1773.569 2.800
v 13688.641 1777.036 2.800
v 13661.926 1709.998 2.800
v 13655.032 1714.055 2.800
v 13622.369 1648.731 2.800
v 13615.828 1653.337 2.800
v 13577.304 1589.832 2.800
v 13571.146 1594.939 2.800
v 13526.828 1533.490 2.800
v 13521.072 1539.047 2.800
v 13471.523 1480.275 2.800
v 13466.188 1486.236 2.800
v 13411.923 1430.607 2.800
v 13407.024 1436.932 2.800
v 13347.910 1384.579 2.800
v 13343.452 1391.223 2.800
v 13278.970 1341.248 2.800
v 13274.934 1348.156 2.800
v 13204.547 1300.731 2.800
v 13200.896 1307.849 2.800
v 13123.448 1261.137 2.800
v 13120.100 1268.403 2.800
v 13040.233 1224.937 2.800
v 13037.186 1232.334 2.800
v 12954.559 1191.480 2.800
v 12951.796 1198.988 2.800
v 12866.740 1160.988 2.800
v 12864.249 1168.590 2.800
v 12777.822 1133.589 2.800
v 12775.603 1141.275 2.800
v 12686.871 1108.989 2.800
v 12684.908 1116.744 2.800
v 12595.352 1087.474 2.800
v 12593.650 1095.291 2.800
v 12502.135 1068.690 2.800
v 12500.677 1076.556 2.800
v 12408.356 1052.834 2.800
v 12407.143 1060.742 2.800
v 12313.349 1039.652 2.800
v 12312.366 1047.592 2.800
v 12217.676 1029.224 2.800
v 12216.920 1037.189 2.800
v 12121.204 1021.365 2.800
v 12120.666 1029.347 2.800
v 12023.920 1016.081 2.800
v 12023.587 1024.074 2.800
v 11926.232 1013.209 2.800
v 11926.099 1021.208 2.800
v 11827.490 1012.721 2.800
v 11827.539 1020.721 2.800
v 11728.735 1014.435 2.800
v 11728.964 1022.431 2.800
v 11628.513 1018.321 2.800
v 11628.896 1026.312 2.800
v 11528.710 1024.131 2.800
v 11529.253 1032.113 2.800
v 11426.818 1031.856 2.800
v 11427.480 1039.829 2.800
v 11325.620 1041.146 2.800
v 11326.409 1049.107 2.800
v 11221.350 1051.978 2.800
v 11222.210 1059.932 2.800
v 11117.616 1063.786 2.800
v 11118.554 1071.730 2.800
v 11011.407 1076.544 2.800
v 11012.377 1084.485 2.800
v 10905.609 1089.747 2.800
v 10906.617 1097.683 2.800
v 10799.073 1103.423 2.800
v 10800.105 1111.357 2.800
v 10692.598 1117.437 2.800
v 10693.653 1125.367 2.800
v 10585.842 1131.751 2.800
v 10586.915 1139.679 2.800
v 10479.050 1146.325 2.800
v 10480.139 1154.251 2.800
v 10372.139 1161.112 2.800
v 10373.243 1169.035 2.800
v 10265.157 1176.101 2.800
v 10266.273 1184.023 2.800
v 10158.132 1191.247 2.800
v 10159.259 1199.168 2.800
v 10051.017 1206.554 2.800
v 10052.153 1214.473 2.800
v 9943.900 1221.977 2.800
v 9945.045 1229.895 2.800
v 9836.679 1237.526 2.800
v 9837.830 1245.443 2.800
v 9729.482 1253.160 2.800
v 9730.640 1261.076 2.800
v 9622.166 1268.891 2.800
v 9623.328 1276.806 2.800
v 9514.889 1284.679 2.800
v 9516.056 1292.594 2.800
v 9407.487 1300.537 2.800
v 9408.656 1308.451 2.800
v 9300.117 1316.429 2.800
v 9301.289 1324.343 2.800
v 9192.624 1332.361 2.800
v 9193.797 1340.275 2.800
v 9085.139 1348.307 2.800
v 9086.313 1356.220 2.800
v 8977.537 1364.259 2.800
v 8978.709 1372.172 2.800
v 8869.902 1380.201 2.800
v 8871.073 1388.115 2.800
v 8762.154 1396.110 2.800
v 8763.321 1404.024 2.800
v 8654.297 1411.982 2.800
v 8655.458 1419.897 2.800
v 8546.322 1427.762 2.800
v 8547.475 1435.678 2.800
v 8438.087 1443.465 2.800
v 8439.228 1451.383 2.800
v 8329.588 1458.988 2.800
v 8330.714 1466.908 2.800
v 8221.041 1474.300 2.800
v 8222.150 1482.223 2.800
v 8112.411 1489.380 2.800
v 8113.503 1497.305 2.800
v 8003.728 1504.223 2.800
v 8004.802 1512.151 2.800
v 7895.011 1518.820 2.800
v 7896.066 1526.750 2.800
v 7786.221 1533.172 2.800
v 7787.257 1541.105 2.800
v 7677.402 1547.268 2.800
v 7678.420 1555.203 2.800
v 7568.513 1561.111 2.800
v 7569.511 1569.048 2.800
v 7459.598 1574.689 2.800
v 7460.578 1582.629 2.800
v 7350.619 1588.004 2.800
v 7351.579 1595.947 2.800
v 7241.611 1601.050 2.800
v 7242.552 1608.995 2.800
v 7132.551 1613.827 2.800
v 7133.472 1621.773 2.800
v 7023.460 1626.328 2.800
v 7024.361 1634.278 2.800
v 6914.326 1638.556 2.800
v 6915.207 1646.507 2.800
v 6805.164 1650.506 2.800
v 6806.025 1658.459 2.800
v 6695.969 1662.179 2.800
v 6696.809 1670.135 2.800
v 6586.753 1673.575 2.800
v 6587.573 1681.532 2.800
v 6477.510 1684.696 2.800
v 6478.310 1692.656 2.800
v 6368.268 1695.540 2.800
v 6369.048 1703.502 2.800
v 6258.999 1706.119 2.800
v 6259.760 1714.083 2.800
v 6149.777 1716.428 2.800
v 6150.520 1724.393 2.800
v 6040.516 1726.490 2.800
v 6041.240 1734.457 2.800
v 5931.411 1736.297 2.800
v 5932.120 1744.266 2.800
v 5822.234 1745.897 2.800
v 5822.927 1753.867 2.800
v 5713.431 1755.280 2.800
v 5714.114 1763.251 2.800
v 5604.594 1764.549 2.800
v 5605.268 1772.521 2.800
v 5495.790 1773.687 2.800
v 5496.455 1781.659 2.800
v 5386.971 1782.706 2.800
v 5387.627 1790.680 2.800
v 5278.089 1791.601 2.800
v 5278.735 1799.575 2.800
v 5169.200 1800.364 2.800
v 5169.837 1808.338 2.800
v 5060.246 1808.988 2.800
v 5060.872 1816.963 2.800
v 4951.270 1817.467 2.800
v 4951.885 1825.443 2.800
v 4842.228 1825.790 2.800
v 4842.831 1833.768 2.800
v 4733.142 1833.954 2.800
v 4733.733 1841.932 2.800
v 4623.994 1841.938 2.800
v 4624.570 1849.917 2.800
v 4514.764 1849.741 2.800
v 4515.327 1857.722 2.800
v 4405.482 1857.335 2.800
v 4406.029 1865.316 2.800
v 4296.058 1864.720 2.800
v 4296.588 1872.703 2.800
v 4186.602 1871.854 2.800
v 4187.114 1879.837 2.800
v 4076.895 1878.738 2.800
v 4077.384 1886.723 2.800
v 3967.204 1885.310 2.800
v 3967.672 1893.296 2.800
v 3857.034 1891.568 2.800
v 3857.472 1899.556 2.800
v 3747.009 1897.422 2.800
v 3747.419 1905.412 2.800
v 3635.940 1902.837 2.800
v 3636.306 1910.829 2.800
v 3525.132 1907.651 2.800
v 3525.457 1915.644 2.800
v 3412.782 1911.760 2.800
v 3413.039 1919.756 2.800
v 3300.663 1914.942 2.800
v 3300.857 1922.940 2.800
v 3187.746 1917.134 2.800
v 3187.862 1925.134 2.800
v 3074.892 1918.256 2.800
v 3074.932 1926.256 2.800
v 2961.648 1918.240 2.800
v 2961.606 1926.240 2.800
v 2848.398 1917.062 2.800
v 2848.273 1925.061 2.800
v 2734.962 1914.662 2.800
v 2734.749 1922.659 2.800
v 2621.507 1911.033 2.800
v 2621.207 1919.027 2.800
v 2507.991 1906.130 2.800
v 2507.601 1914.120 2.800
v 2394.473 1899.948 2.800
v 2393.992 1907.934 2.800
v 2280.982 1892.459 2.800
v 2280.409 1900.439 2.800
v 2167.524 1883.659 2.800
v 2166.858 1891.631 2.800
v 2054.158 1873.531 2.800
v 2053.400 1881.495 2.800
v 1940.877 1862.074 2.800
v 1940.025 1870.028 2.800
v 1827.736 1849.282 2.800
v 1826.791 1857.225 2.800
v 1714.751 1835.158 2.800
v 1713.712 1843.090 2.800
v 1601.937 1819.701 2.800
v 1600.804 1827.620 2.800
v 1489.364 1802.931 2.800
v 1488.139 1810.837 2.800
v 1376.991 1784.843 2.800
v 1375.674 1792.734 2.800
v 1264.948 1765.486 2.800
v 1263.541 1773.361 2.800
v 1153.178 1744.853 2.800
v 1151.682 1752.712 2.800
v 1041.799 1723.029 2.800
v 1040.217 1730.871 2.800
v 930.909 1700.038 2.800
v 929.246 1707.863 2.800
v 820.602 1676.063 2.800
v 818.865 1683.871 2.800
v 711.014 1651.158 2.800
v 709.210 1658.952 2.800
v 602.235 1625.611 2.800
v 600.378 1633.392 2.800
v 493.738 1599.315 2.800
v 491.829 1607.084 2.800
v 385.630 1572.396 2.800
v 383.672 1580.153 2.800
v 277.655 1544.787 2.800
v 275.649 1552.532 2.800
v 169.942 1516.541 2.800
v 167.889 1524.273 2.800
v 62.112 1487.530 2.800
v 60.007 1495.248 2.800
v -45.362 1457.858 2.800
v -47.516 1465.562 2.800
v -153.580 1427.116 2.800
v -155.801 1434.801 2.800
v -260.900 1395.770 2.800
v -263.175 1403.439 2.800
v -371.750 1361.939 2.800
v -374.151 1369.570 2.800
v -481.263 1326.778 2.800
v -483.774 1334.373 2.800
v -595.932 1287.061 2.800
v -598.662 1294.581 2.800
v -708.828 1244.429 2.800
v -711.762 1251.872 2.800
v -822.978 1197.156 2.800
v -826.163 1204.495 2.800
v -935.765 1145.950 2.800
v -939.201 1153.174 2.800
v -1047.928 1089.912 2.800
v -1051.637 1097.001 2.800
v -1158.677 1029.153 2.800
v -1162.668 1036.086 2.800
v -1267.469 963.414 2.800
v -1271.748 970.174 2.800
v -1374.556 892.226 2.800
v -1379.138 898.784 2.800
v -1478.391 816.109 2.800
v -1483.268 822.451 2.800
v -1579.804 734.045 2.800
v -1584.990 740.136 2.800
v -1677.162 646.921 2.800
v -1682.647 652.745 2.800
v -1770.777 553.896 2.800
v -1776.563 559.421 2.800
v -1859.974 455.202 2.800
v -1866.058 460.396 2.800
v -1943.709 351.260 2.800
v -1950.077 356.102 2.800
v -2023.026 239.845 2.800
v -2029.692 244.269 2.800
v -2094.820 124.325 2.800
v -2101.748 128.325 2.800
v -2161.900 -3.741 2.800
v -2169.132 -0.322 2.800
v -2218.779 -138.176 2.800
v -2226.276 -135.385 2.800
v -2264.530 -282.320 2.800
v -2272.263 -280.270 2.800
v -2296.310 -432.218 2.800
v -2304.212 -430.965 2.800
v -2312.465 -585.649 2.800
v -2320.454 -585.224 2.800
v -2312.633 -740.314 2.800
v -2320.622 -740.730 2.800
v -2297.188 -891.286 2.800
v -2305.097 -892.485 2.800
v -2267.134 -1039.910 2.800
v -2274.888 -1041.878 2.800
v -2223.285 -1183.729 2.800
v -2230.817 -1186.425 2.800
v -2166.281 -1322.057 2.800
v -2173.528 -1325.445 2.800
v -2096.902 -1454.119 2.800
v -2103.805 -1458.162 2.800
v -2016.950 -1577.814 2.800
v -2023.470 -1582.449 2.800
v -1927.648 -1692.713 2.800
v -1933.755 -1697.880 2.800
v -1830.262 -1798.810 2.800
v -1835.933 -1804.453 2.800
v -1727.275 -1894.928 2.800
v -1732.516 -1900.972 2.800
v -1618.622 -1982.506 2.800
v -1623.424 -1988.905 2.800
v -1506.527 -2061.161 2.800
v -1510.907 -2067.855 2.800
v -1391.901 -2131.337 2.800
v -1395.881 -2138.276 2.800
v -1274.452 -2194.367 2.800
v -1278.035 -2201.520 2.800
v -1157.166 -2249.578 2.800
v -1160.404 -2256.894 2.800
v -1036.654 -2299.205 2.800
v -1039.527 -2306.671 2.800
v -922.711 -2341.064 2.800
v -925.367 -2348.610 2.800
v -806.376 -2379.749 2.800
v -808.791 -2387.376 2.800
v -695.666 -2413.769 2.800
v -697.956 -2421.434 2.800
v -583.070 -2446.215 2.800
v -585.212 -2453.923 2.800
v -470.227 -2476.447 2.800
v -472.226 -2484.193 2.800
v -356.828 -2504.573 2.800
v -358.682 -2512.355 2.800
v -243.015 -2530.593 2.800
v -244.726 -2538.408 2.800
v -128.887 -2554.492 2.800
v -130.457 -2562.336 2.800
v -14.460 -2576.338 2.800
v -15.890 -2584.209 2.800
v 100.147 -2596.121 2.800
v 98.854 -2604.016 2.800
v 215.023 -2613.927 2.800
v 213.866 -2621.843 2.800
v 329.921 -2629.735 2.800
v 328.896 -2637.669 2.800
v 445.074 -2643.642 2.800
v 444.181 -2651.592 2.800
v 560.086 -2655.631 2.800
v 559.319 -2663.594 2.800
v 675.347 -2665.799 2.800
v 674.707 -2673.773 2.800
v 790.331 -2674.146 2.800
v 789.811 -2682.129 2.800
v 905.510 -2680.754 2.800
v 905.112 -2688.744 2.800
v 1020.343 -2685.658 2.800
v 1020.058 -2693.653 2.800
v 1135.242 -2688.912 2.800
v 1135.072 -2696.910 2.800
v 1249.779 -2690.595 2.800
v 1249.715 -2698.595 2.800
v 1364.225 -2690.740 2.800
v 1364.267 -2698.740 2.800
v 1478.320 -2689.462 2.800
v 1478.460 -2697.461 2.800
v 1592.134 -2686.786 2.800
v 1592.368 -2694.782 2.800
v 1705.636 -2682.855 2.800
v 1705.959 -2690.848 2.800
v 1818.601 -2677.707 2.800
v 1819.003 -2685.696 2.800
v 1931.344 -2671.504 2.800
v 1931.824 -2679.490 2.800
v 2043.138 -2664.337 2.800
v 2043.678 -2672.318 2.800
v 2154.845 -2656.377 2.800
v 2155.445 -2664.354 2.800
v 2265.067 -2647.814 2.800
v 2265.700 -2655.789 2.800
v 2375.181 -2638.855 2.800
v 2375.847 -2646.828 2.800
v 2484.499 -2629.580 2.800
v 2485.183 -2637.550 2.800
v 2593.897 -2620.050 2.800
v 2594.601 -2628.019 2.800
v 2702.840 -2610.333 2.800
v 2703.556 -2618.301 2.800
v 2811.854 -2600.432 2.800
v 2812.584 -2608.398 2.800
v 2920.579 -2590.406 2.800
v 2921.318 -2598.372 2.800
v 3029.330 -2580.249 2.800
v 3030.078 -2588.214 2.800
v 3137.901 -2570.007 2.800
v 3138.656 -2577.971 2.800
v 3246.465 -2559.672 2.800
v 3247.226 -2567.636 2.800
v 3354.916 -2549.280 2.800
v 3355.681 -2557.243 2.800
v 3463.339 -2538.827 2.800
v 3464.109 -2546.790 2.800
v 3571.691 -2528.340 2.800
v 3572.463 -2536.303 2.800
v 3680.001 -2517.818 2.800
v 3680.775 -2525.780 2.800
v 3788.268 -2507.281 2.800
v 3789.043 -2515.244 2.800
v 3896.480 -2496.733 2.800
v 3897.256 -2504.696 2.800
v 4004.672 -2486.189 2.800
v 4005.448 -2494.151 2.800
v 4112.795 -2475.655 2.800
v 4113.570 -2483.618 2.800
v 4220.918 -2465.143 2.800
v 4221.691 -2473.106 2.800
v 4328.954 -2454.664 2.800
v 4329.725 -2462.627 2.800
v 4437.009 -2444.225 2.800
v 4437.777 -2452.188 2.800
v 4544.958 -2433.843 2.800
v 4545.721 -2441.806 2.800
v 4652.940 -2423.519 2.800
v 4653.700 -2431.483 2.800
v 4760.802 -2413.280 2.800
v 4761.555 -2421.244 2.800
v 4868.696 -2403.121 2.800
v 4869.443 -2411.086 2.800
v 4976.465 -2393.079 2.800
v 4977.203 -2401.045 2.800
v 5084.243 -2383.146 2.800
v 5084.972 -2391.113 2.800
v 5191.897 -2373.366 2.800
v 5192.616 -2381.334 2.800
v 5299.517 -2363.736 2.800
v 5300.224 -2371.704 2.800
v 5407.021 -2354.307 2.800
v 5407.713 -2362.277 2.800
v 5514.401 -2345.085 2.800
v 5515.077 -2353.056 2.800
v 5621.695 -2336.135 2.800
v 5622.351 -2344.107 2.800
v 5728.636 -2327.485 2.800
v 5729.267 -2335.460 2.800
v 5835.495 -2319.237 2.800
v 5836.098 -2327.214 2.800
v 5941.658 -2311.460 2.800
v 5942.220 -2319.440 2.800
v 6047.614 -2304.320 2.800
v 6048.130 -2312.304 2.800
v 6153.185 -2297.833 2.800
v 6153.648 -2305.820 2.800
v 6258.758 -2292.081 2.800
v 6259.166 -2300.071 2.800
v 6364.023 -2287.090 2.800
v 6364.371 -2295.082 2.800
v 6469.372 -2282.897 2.800
v 6469.660 -2290.892 2.800
v 6574.469 -2279.531 2.800
v 6574.693 -2287.528 2.800
v 6679.645 -2277.011 2.800
v 6679.804 -2285.009 2.800
v 6784.636 -2275.361 2.800
v 6784.727 -2283.360 2.800
v 6889.664 -2274.592 2.800
v 6889.689 -2282.592 2.800
v 6994.568 -2274.723 2.800
v 6994.523 -2282.723 2.800
v 7099.472 -2275.761 2.800
v 7099.358 -2283.760 2.800
v 7204.292 -2277.718 2.800
v 7204.107 -2285.716 2.800
v 7309.090 -2280.598 2.800
v 7308.834 -2288.594 2.800
v 7413.823 -2284.408 2.800
v 7413.496 -2292.401 2.800
v 7518.530 -2289.149 2.800
v 7518.133 -2297.139 2.800
v 7623.178 -2294.820 2.800
v 7622.710 -2302.806 2.800
v 7727.818 -2301.422 2.800
v 7727.278 -2309.404 2.800
v 7832.386 -2308.943 2.800
v 7831.776 -2316.920 2.800
v 7937.003 -2317.387 2.800
v 7936.325 -2325.359 2.800
v 8041.514 -2326.723 2.800
v 8040.768 -2334.688 2.800
v 8146.214 -2336.961 2.800
v 8145.403 -2344.920 2.800
v 8250.723 -2348.037 2.800
v 8249.848 -2355.989 2.800
v 8355.756 -2359.974 2.800
v 8354.826 -2367.920 2.800
v 8460.519 -2372.640 2.800
v 8459.532 -2380.578 2.800
v 8566.233 -2386.061 2.800
v 8565.207 -2393.995 2.800
v 8671.706 -2400.001 2.800
v 8670.638 -2407.929 2.800
v 8777.642 -2414.491 2.800
v 8776.542 -2422.415 2.800
v 8883.463 -2429.419 2.800
v 8882.329 -2437.339 2.800
v 8989.474 -2444.786 2.800
v 8988.312 -2452.701 2.800
v 9095.427 -2460.543 2.800
v 9094.236 -2468.454 2.800
v 9201.445 -2476.681 2.800
v 9200.228 -2484.588 2.800
v 9307.418 -2493.178 2.800
v 9306.174 -2501.081 2.800
v 9413.391 -2510.025 2.800
v 9412.122 -2517.924 2.800
v 9519.307 -2527.213 2.800
v 9518.013 -2535.107 2.800
v 9625.189 -2544.740 2.800
v 9623.870 -2552.630 2.800
v 9730.975 -2562.598 2.800
v 9729.630 -2570.484 2.800
v 9836.718 -2580.801 2.800
v 9835.348 -2588.683 2.800
v 9942.287 -2599.334 2.800
v 9940.890 -2607.211 2.800
v 10047.828 -2618.238 2.800
v 10046.404 -2626.110 2.800
v 10153.048 -2637.479 2.800
v 10151.592 -2645.345 2.800
v 10258.290 -2657.141 2.800
v 10256.805 -2665.002 2.800
v 10362.945 -2677.168 2.800
v 10361.421 -2685.022 2.800
v 10467.667 -2697.691 2.800
v 10466.108 -2705.538 2.800
v 10571.073 -2718.638 2.800
v 10569.457 -2726.474 2.800
v 10674.294 -2740.256 2.800
v 10672.620 -2748.079 2.800
v 10774.950 -2762.488 2.800
v 10773.176 -2770.289 2.800
v 10875.397 -2785.958 2.800
v 10873.524 -2793.736 2.800
v 10974.213 -2810.600 2.800
v 10972.218 -2818.347 2.800
v 11072.486 -2836.711 2.800
v 11070.367 -2844.425 2.800
v 11169.662 -2864.338 2.800
v 11167.409 -2872.014 2.800
v 11266.019 -2893.559 2.800
v 11263.625 -2901.193 2.800
v 11361.488 -2924.511 2.800
v 11358.949 -2932.098 2.800
v 11455.915 -2957.142 2.800
v 11453.225 -2964.676 2.800
v 11549.538 -2991.659 2.800
v 11546.695 -2999.137 2.800
v 11641.904 -3027.906 2.800
v 11638.899 -3035.320 2.800
v 11733.495 -3066.168 2.800
v 11730.332 -3073.516 2.800
v 11823.618 -3106.188 2.800
v 11820.286 -3113.461 2.800
v 11912.913 -3148.313 2.800
v 11909.417 -3155.508 2.800
v 12000.595 -3192.242 2.800
v 11996.925 -3199.351 2.800
v 12087.218 -3238.278 2.800
v 12083.377 -3245.295 2.800
v 12172.144 -3286.198 2.800
v 12168.124 -3293.115 2.800
v 12255.634 -3336.142 2.800
v 12251.437 -3342.952 2.800
v 12337.361 -3388.097 2.800
v 12332.980 -3394.791 2.800
v 12416.931 -3441.778 2.800
v 12412.358 -3448.342 2.800
v 12494.980 -3497.910 2.800
v 12490.220 -3504.340 2.800
v 12568.192 -3554.078 2.800
v 12563.194 -3560.326 2.800
v 12639.616 -3613.431 2.800
v 12634.396 -3619.493 2.800
v 12700.430 -3668.633 2.800
v 12694.852 -3674.368 2.800
v 12755.796 -3726.224 2.800
v 12749.854 -3731.580 2.800
v 12805.312 -3785.220 2.800
v 12798.998 -3790.133 2.800
v 12848.933 -3845.793 2.800
v 12842.258 -3850.201 2.800
v 12884.950 -3905.949 2.800
v 12877.913 -3909.752 2.800
v 12912.674 -3963.713 2.800
v 12905.286 -3966.781 2.800
v 12932.890 -4020.594 2.800
v 12925.209 -4022.830 2.800
v 12944.693 -4073.177 2.800
v 12936.794 -4074.438 2.800
v 12949.202 -4122.014 2.800
v 12941.203 -4122.192 2.800
v 12946.997 -4169.661 2.800
v 12939.052 -4168.727 2.800
v 12938.025 -4216.591 2.800
v 12930.286 -4214.565 2.800
v 12922.005 -4264.355 2.800
v 12914.603 -4261.320 2.800
v 12897.594 -4314.992 2.800
v 12890.608 -4311.095 2.800
v 12864.178 -4367.654 2.800
v 12857.642 -4363.041 2.800
v 12823.198 -4419.944 2.800
v 12817.137 -4414.723 2.800
v 12773.365 -4473.246 2.800
v 12767.749 -4467.548 2.800
v 12716.458 -4525.208 2.800
v 12711.268 -4519.120 2.800
v 12653.886 -4575.113 2.800
v 12649.106 -4568.699 2.800
v 12584.446 -4623.855 2.800
v 12580.021 -4617.191 2.800
v 12513.129 -4668.050 2.800
v 12509.088 -4661.145 2.800
v 12427.905 -4716.284 2.800
v 12424.035 -4709.282 2.800
v 12343.342 -4761.312 2.800
v 12339.680 -4754.200 2.800
v 12254.436 -4805.860 2.800
v 12250.925 -4798.671 2.800
v 12165.365 -4848.111 2.800
v 12162.021 -4840.843 2.800
v 12075.898 -4887.949 2.800
v 12072.734 -4880.602 2.800
v 11985.352 -4925.645 2.800
v 11982.368 -4918.222 2.800
v 11893.968 -4961.112 2.800
v 11891.165 -4953.619 2.800
v 11801.676 -4994.368 2.800
v 11799.055 -4986.809 2.800
v 11708.593 -5025.396 2.800
v 11706.155 -5017.776 2.800
v 11614.670 -5054.206 2.800
v 11612.415 -5046.530 2.800
v 11520.087 -5080.774 2.800
v 11518.015 -5073.047 2.800
v 11424.696 -5105.142 2.800
v 11422.806 -5097.369 2.800
v 11328.793 -5127.266 2.800
v 11327.087 -5119.450 2.800
v 11232.104 -5147.223 2.800
v 11230.576 -5139.371 2.800
v 11135.049 -5164.953 2.800
v 11133.701 -5157.067 2.800
v 11037.255 -5180.560 2.800
v 11036.082 -5172.646 2.800
v 10939.151 -5193.990 2.800
v 10938.153 -5186.052 2.800
v 10840.419 -5205.348 2.800
v 10839.590 -5197.392 2.800
v 10741.357 -5214.606 2.800
v 10740.695 -5206.633 2.800
v 10641.805 -5221.865 2.800
v 10641.306 -5213.881 2.800
v 10541.846 -5227.120 2.800
v 10541.503 -5219.127 2.800
v 10441.555 -5230.482 2.800
v 10441.365 -5222.484 2.800
v 10340.664 -5231.960 2.800
v 10340.616 -5223.960 2.800
v 10239.648 -5231.697 2.800
v 10239.741 -5223.697 2.800
v 10137.572 -5229.710 2.800
v 10137.785 -5221.713 2.800
v 10035.716 -5226.212 2.800
v 10036.053 -5218.219 2.800
v 9931.590 -5221.226 2.800
v 9932.008 -5213.237 2.800
v 9827.800 -5215.217 2.800
v 9828.305 -5207.233 2.800
v 9721.697 -5208.166 2.800
v 9722.245 -5200.185 2.800
v 9615.968 -5200.570 2.800
v 9616.565 -5192.592 2.800
v 9509.413 -5192.357 2.800
v 9510.044 -5184.382 2.800
v 9403.056 -5183.694 2.800
v 9403.723 -5175.722 2.800
v 9296.337 -5174.571 2.800
v 9297.033 -5166.601 2.800
v 9189.702 -5165.053 2.800
v 9190.427 -5157.086 2.800
v 9082.916 -5155.146 2.800
v 9083.669 -5147.182 2.800
v 8976.176 -5144.880 2.800
v 8976.955 -5136.918 2.800
v 8869.389 -5134.261 2.800
v 8870.193 -5126.301 2.800
v 8762.648 -5123.300 2.800
v 8763.478 -5115.343 2.800
v 8655.914 -5111.999 2.800
v 8656.769 -5104.045 2.800
v 8549.255 -5100.364 2.800
v 8550.135 -5092.413 2.800
v 8442.626 -5088.383 2.800
v 8443.532 -5080.435 2.800
v 8336.141 -5076.065 2.800
v 8337.074 -5068.119 2.800
v 8229.684 -5063.374 2.800
v 8230.644 -5055.432 2.800
v 8123.513 -5050.330 2.800
v 8124.505 -5042.391 2.800
v 8017.319 -5036.859 2.800
v 8018.341 -5028.925 2.800
v 7911.750 -5023.004 2.800
v 7912.812 -5015.075 2.800
v 7805.939 -5008.618 2.800
v 7807.037 -5000.694 2.800
v 7701.913 -4993.802 2.800
v 7703.075 -4985.887 2.800
v 7597.489 -4978.160 2.800
v 7598.708 -4970.254 2.800
v 7496.542 -4961.862 2.800
v 7497.878 -4953.975 2.800
v 7395.366 -4944.079 2.800
v 7396.809 -4936.210 2.800
v 7296.313 -4924.995 2.800
v 7297.897 -4917.154 2.800
v 7197.520 -4904.174 2.800
v 7199.242 -4896.362 2.800
v 7100.057 -4881.670 2.800
v 7101.933 -4873.893 2.800
v 7003.171 -4857.292 2.800
v 7005.202 -4849.554 2.800
v 6907.281 -4831.014 2.800
v 6909.476 -4823.321 2.800
v 6812.157 -4802.771 2.800
v 6814.518 -4795.128 2.800
v 6717.894 -4772.502 2.800
v 6720.424 -4764.912 2.800
v 6624.500 -4740.209 2.800
v 6627.200 -4732.678 2.800
v 6531.944 -4705.826 2.800
v 6534.815 -4698.359 2.800
v 6440.288 -4669.379 2.800
v 6443.330 -4661.980 2.800
v 6349.514 -4630.836 2.800
v 6352.726 -4623.509 2.800
v 6259.608 -4590.202 2.800
v 6262.986 -4582.950 2.800
v 6170.662 -4547.512 2.800
v 6174.206 -4540.340 2.800
v 6082.531 -4502.736 2.800
v 6086.235 -4495.645 2.800
v 5995.361 -4455.945 2.800
v 5999.222 -4448.938 2.800
v 5908.986 -4407.132 2.800
v 5912.998 -4400.211 2.800
v 5823.447 -4356.317 2.800
v 5827.604 -4349.482 2.800
v 5738.720 -4303.629 2.800
v 5743.015 -4296.880 2.800
v 5654.486 -4248.867 2.800
v 5658.908 -4242.199 2.800
v 5571.210 -4192.556 2.800
v 5575.755 -4185.973 2.800
v 5487.334 -4133.688 2.800
v 5491.972 -4127.169 2.800
v 5404.463 -4073.826 2.800
v 5409.196 -4067.377 2.800
v 5318.850 -4010.495 2.800
v 5323.616 -4004.070 2.800
v 5233.912 -3947.070 2.800
v 5238.718 -3940.675 2.800
v 5144.741 -3880.323 2.800
v 5149.508 -3873.898 2.800
v 5056.386 -3814.838 2.800
v 5061.134 -3808.399 2.800
v 4961.274 -3746.000 2.800
v 4965.893 -3739.468 2.800
v 4865.911 -3679.673 2.800
v 4870.418 -3673.063 2.800
v 4766.209 -3613.485 2.800
v 4770.549 -3606.764 2.800
v 4665.143 -3549.885 2.800
v 4669.318 -3543.061 2.800
v 4560.873 -3488.150 2.800
v 4564.851 -3481.210 2.800
v 4454.647 -3429.251 2.800
v 4458.421 -3422.197 2.800
v 4345.807 -3373.210 2.800
v 4349.358 -3366.042 2.800
v 4234.755 -3320.386 2.800
v 4238.071 -3313.105 2.800
v 4121.600 -3271.135 2.800
v 4124.670 -3263.747 2.800
v 4006.218 -3225.518 2.800
v 4009.027 -3218.027 2.800
v 3889.243 -3183.989 2.800
v 3891.786 -3176.404 2.800
v 3770.314 -3146.503 2.800
v 3772.578 -3138.830 2.800
v 3650.171 -3113.399 2.800
v 3652.155 -3105.648 2.800
v 3528.613 -3084.663 2.800
v 3530.309 -3076.845 2.800
v 3406.186 -3060.452 2.800
v 3407.594 -3052.577 2.800
v 3282.922 -3040.755 2.800
v 3284.039 -3032.834 2.800
v 3159.301 -3025.613 2.800
v 3160.131 -3017.656 2.800
v 3035.288 -3014.940 2.800
v 3035.831 -3006.958 2.800
v 2911.586 -3008.700 2.800
v 2911.851 -3000.704 2.800
v 2787.739 -3006.740 2.800
v 2787.728 -2998.740 2.800
v 2665.058 -3008.891 2.800
v 2664.791 -3000.895 2.800
v 2542.295 -3015.043 2.800
v 2541.769 -3007.060 2.800
v 2422.137 -3024.588 2.800
v 2421.395 -3016.622 2.800
v 2302.316 -3037.490 2.800
v 2301.360 -3029.547 2.800
v 2187.133 -3052.380 2.800
v 2186.042 -3044.454 2.800
v 2070.961 -3069.524 2.800
v 2069.713 -3061.622 2.800
v 1954.750 -3089.177 2.800
v 1953.337 -3081.303 2.800
v 1837.930 -3111.488 2.800
v 1836.333 -3103.649 2.800
v 1719.974 -3137.251 2.800
v 1718.162 -3129.458 2.800
v 1602.738 -3166.191 2.800
v 1600.713 -3158.452 2.800
v 1485.906 -3198.577 2.800
v 1483.660 -3190.899 2.800
v 1369.877 -3234.348 2.800
v 1367.408 -3226.738 2.800
v 1254.789 -3273.560 2.800
v 1252.098 -3266.027 2.800
v 1140.807 -3316.186 2.800
v 1137.894 -3308.735 2.800
v 1028.077 -3362.216 2.800
v 1024.943 -3354.856 2.800
v 916.806 -3411.562 2.800
v 913.454 -3404.298 2.800
v 807.025 -3464.221 2.800
v 803.459 -3457.060 2.800
v 698.999 -3520.018 2.800
v 695.223 -3512.965 2.800
v 592.744 -3578.926 2.800
v 588.764 -3571.987 2.800
v 488.416 -3640.756 2.800
v 484.238 -3633.934 2.800
v 386.160 -3705.376 2.800
v 381.793 -3698.673 2.800
v 285.873 -3772.687 2.800
v 281.323 -3766.107 2.800
v 187.968 -3842.327 2.800
v 183.248 -3835.868 2.800
v 91.934 -3914.447 2.800
v 87.047 -3908.113 2.800
v -1.393 -3988.260 2.800
v -6.428 -3982.043 2.800
v -93.109 -4064.394 2.800
v -98.291 -4058.299 2.800
v -181.855 -4141.426 2.800
v -187.159 -4135.437 2.800
v -269.197 -4220.493 2.800
v -274.624 -4214.615 2.800
v -353.601 -4299.623 2.800
v -359.121 -4293.833 2.800
v -436.265 -4379.817 2.800
v -441.870 -4374.109 2.800
v -515.412 -4457.790 2.800
v -521.048 -4452.112 2.800
v -592.740 -4534.977 2.800
v -598.383 -4529.306 2.800
v -666.350 -4607.131 2.800
v -671.920 -4601.389 2.800
v -740.330 -4678.061 2.800
v -745.818 -4672.240 2.800
v -813.565 -4745.581 2.800
v -818.931 -4739.648 2.800
v -887.739 -4811.278 2.800
v -892.973 -4805.228 2.800
v -962.828 -4874.652 2.800
v -967.917 -4868.480 2.800
v -1038.722 -4935.635 2.800
v -1043.649 -4929.333 2.800
v -1116.048 -4994.451 2.800
v -1120.808 -4988.021 2.800
v -1194.192 -5050.618 2.800
v -1198.767 -5044.055 2.800
v -1273.969 -5104.575 2.800
v -1278.356 -5097.885 2.800
v -1354.665 -5155.789 2.800
v -1358.850 -5148.970 2.800
v -1436.896 -5204.596 2.800
v -1440.875 -5197.655 2.800
v -1520.206 -5250.668 2.800
v -1523.969 -5243.609 2.800
v -1604.897 -5294.162 2.800
v -1608.441 -5286.990 2.800
v -1690.745 -5334.929 2.800
v -1694.064 -5327.650 2.800
v -1777.882 -5373.036 2.800
v -1780.973 -5365.657 2.800
v -1866.135 -5408.405 2.800
v -1868.995 -5400.933 2.800
v -1955.660 -5441.113 2.800
v -1958.290 -5433.558 2.800
v -2046.144 -5471.071 2.800
v -2048.543 -5463.439 2.800
v -2137.973 -5498.445 2.800
v -2140.146 -5490.746 2.800
v -2230.533 -5523.082 2.800
v -2232.478 -5515.322 2.800
v -2324.521 -5545.269 2.800
v -2326.251 -5537.458 2.800
v -2419.218 -5564.835 2.800
v -2420.733 -5556.979 2.800
v -2515.385 -5582.184 2.800
v -2516.702 -5574.293 2.800
v -2612.969 -5597.232 2.800
v -2614.107 -5589.314 2.800
v -2713.648 -5610.916 2.800
v -2714.657 -5602.980 2.800
v -2814.763 -5622.909 2.800
v -2815.648 -5614.958 2.800
v -2917.745 -5633.765 2.800
v -2918.536 -5625.804 2.800
v -3019.795 -5643.192 2.800
v -3020.473 -5635.221 2.800
v -3122.578 -5651.229 2.800
v -3123.154 -5643.250 2.800
v -3222.005 -5657.483 2.800
v -3222.416 -5649.493 2.800
v -3320.684 -5661.366 2.800
v -3320.912 -5653.369 2.800
v -3416.845 -5662.830 2.800
v -3416.844 -5654.830 2.800
v -3512.662 -5661.398 2.800
v -3512.426 -5653.402 2.800
v -3607.045 -5657.124 2.800
v -3606.550 -5649.139 2.800
v -3701.325 -5649.768 2.800
v -3700.573 -5641.804 2.800
v -3794.308 -5639.373 2.800
v -3793.281 -5631.439 2.800
v -3886.860 -5625.778 2.800
v -3885.559 -5617.884 2.800
v -3978.288 -5609.016 2.800
v -3976.704 -5601.175 2.800
v -4068.967 -5589.000 2.800
v -4067.101 -5581.221 2.800
v -4158.571 -5565.751 2.800
v -4156.420 -5558.045 2.800
v -4247.240 -5539.227 2.800
v -4244.807 -5531.606 2.800
v -4334.768 -5509.472 2.800
v -4332.053 -5501.947 2.800
v -4421.304 -5476.443 2.800
v -4418.315 -5469.023 2.800
v -4506.536 -5440.266 2.800
v -4503.276 -5432.961 2.800
v -4590.767 -5400.856 2.800
v -4587.248 -5393.672 2.800
v -4673.621 -5358.397 2.800
v -4669.848 -5351.343 2.800
v -4755.393 -5312.843 2.800
v -4751.379 -5305.923 2.800
v -4835.909 -5264.286 2.800
v -4831.665 -5257.504 2.800
v -4915.174 -5212.901 2.800
v -4910.712 -5206.260 2.800
v -4993.518 -5158.467 2.800
v -4988.857 -5151.965 2.800
v -5070.349 -5101.645 2.800
v -5065.495 -5095.285 2.800
v -5147.168 -5041.370 2.800
v -5142.155 -5035.136 2.800
v -5221.903 -4979.580 2.800
v -5216.724 -4973.482 2.800
v -5299.708 -4912.403 2.800
v -5294.447 -4906.376 2.800
v -5375.893 -4844.787 2.800
v -5370.539 -4838.843 2.800
v -5455.315 -4772.865 2.800
v -5449.940 -4766.939 2.800
v -5533.828 -4701.215 2.800
v -5528.421 -4695.319 2.800
v -5613.147 -4628.293 2.800
v -5607.727 -4622.409 2.800
v -5692.118 -4555.317 2.800
v -5686.682 -4549.447 2.800
v -5771.568 -4481.676 2.800
v -5766.127 -4475.812 2.800
v -5850.924 -4407.962 2.800
v -5845.477 -4402.102 2.800
v -5930.639 -4333.902 2.800
v -5925.194 -4328.041 2.800
v -6010.424 -4259.795 2.800
v -6004.982 -4253.931 2.800
v -6090.512 -4185.557 2.800
v -6085.077 -4179.688 2.800
v -6170.796 -4111.303 2.800
v -6165.369 -4105.425 2.800
v -6251.358 -4037.076 2.800
v -6245.942 -4031.188 2.800
v -6332.223 -3962.864 2.800
v -6326.822 -3956.963 2.800
v -6413.356 -3888.805 2.800
v -6407.970 -3882.890 2.800
v -6494.892 -3814.790 2.800
v -6489.526 -3808.857 2.800
v -6576.694 -3741.038 2.800
v -6571.346 -3735.088 2.800
v -6658.999 -3667.356 2.800
v -6653.675 -3661.385 2.800
v -6741.567 -3594.040 2.800
v -6736.267 -3588.047 2.800
v -6824.739 -3520.823 2.800
v -6819.468 -3514.806 2.800
v -6908.186 -3448.060 2.800
v -6902.943 -3442.018 2.800
v -6992.318 -3375.450 2.800
v -6987.108 -3369.379 2.800
v -7076.781 -3303.347 2.800
v -7071.603 -3297.248 2.800
v -7161.976 -3231.486 2.800
v -7156.837 -3225.355 2.800
v -7247.593 -3160.168 2.800
v -7242.492 -3154.004 2.800
v -7333.871 -3089.268 2.800
v -7328.812 -3083.071 2.800
v -7420.748 -3018.848 2.800
v -7415.734 -3012.614 2.800
v -7507.966 -2949.238 2.800
v -7502.992 -2942.972 2.800
v -7597.219 -2879.072 2.800
v -7592.316 -2872.751 2.800
v -7688.345 -2809.514 2.800
v -7683.527 -2803.127 2.800
v -7783.749 -2739.000 2.800
v -7779.078 -2732.505 2.800
v -7883.601 -2669.531 2.800
v -7879.123 -2662.901 2.800
v -7986.932 -2602.113 2.800
v -7982.679 -2595.338 2.800
v -8093.417 -2537.938 2.800
v -8089.409 -2531.015 2.800
v -8203.545 -2476.966 2.800
v -8199.811 -2469.891 2.800
v -8316.081 -2420.365 2.800
v -8312.629 -2413.148 2.800
v -8432.117 -2367.852 2.800
v -8428.976 -2360.495 2.800
v -8550.385 -2320.300 2.800
v -8547.562 -2312.814 2.800
v -8671.449 -2277.717 2.800
v -8668.964 -2270.112 2.800
v -8794.462 -2240.563 2.800
v -8792.323 -2232.854 2.800
v -8919.402 -2208.988 2.800
v -8917.621 -2201.189 2.800
v -9045.619 -2183.196 2.800
v -9044.199 -2175.323 2.800
v -9172.965 -2163.240 2.800
v -9171.909 -2155.310 2.800
v -9300.684 -2149.154 2.800
v -9299.988 -2141.184 2.800
v -9428.741 -2140.866 2.800
v -9428.401 -2132.874 2.800
v -9556.429 -2138.208 2.800
v -9556.438 -2130.208 2.800
v -9683.427 -2141.030 2.800
v -9683.770 -2133.038 2.800
v -9809.699 -2149.007 2.800
v -9810.368 -2141.035 2.800
v -9934.193 -2161.841 2.800
v -9935.159 -2153.900 2.800
v -10057.980 -2179.262 2.800
v -10059.242 -2171.362 2.800
v -10178.793 -2200.596 2.800
v -10180.306 -2192.740 2.800
v -10299.305 -2225.964 2.800
v -10301.077 -2218.162 2.800
v -10415.278 -2253.781 2.800
v -10417.237 -2246.025 2.800
v -10530.815 -2284.713 2.800
v -10532.967 -2277.008 2.800
v -10638.820 -2315.331 2.800
v -10641.035 -2307.644 2.800
v -10746.989 -2347.174 2.800
v -10749.274 -2339.507 2.800
v -10851.506 -2378.274 2.800
v -10853.798 -2370.609 2.800
v -10954.773 -2409.193 2.800
v -10957.048 -2401.523 2.800
v -11054.884 -2438.211 2.800
v -11057.082 -2430.518 2.800
v -11153.462 -2465.751 2.800
v -11155.547 -2458.027 2.800
v -11249.571 -2490.490 2.800
v -11251.489 -2482.723 2.800
v -11345.399 -2513.042 2.800
v -11347.134 -2505.233 2.800
v -11440.875 -2532.944 2.800
v -11442.411 -2525.093 2.800
v -11535.623 -2550.140 2.800
v -11536.936 -2542.249 2.800
v -11630.629 -2564.536 2.800
v -11631.714 -2556.610 2.800
v -11724.687 -2575.925 2.800
v -11725.520 -2567.968 2.800
v -11819.173 -2584.320 2.800
v -11819.753 -2576.342 2.800
v -11912.732 -2589.521 2.800
v -11913.039 -2581.527 2.800
v -12006.383 -2591.531 2.800
v -12006.415 -2583.532 2.800
v -12099.306 -2590.224 2.800
v -12099.050 -2582.228 2.800
v -12191.919 -2585.592 2.800
v -12191.372 -2577.611 2.800
v -12283.943 -2577.549 2.800
v -12283.099 -2569.594 2.800
v -12375.311 -2566.116 2.800
v -12374.165 -2558.198 2.800
v -12466.127 -2551.208 2.800
v -12464.682 -2543.339 2.800
v -12555.960 -2532.905 2.800
v -12554.210 -2525.099 2.800
v -12645.186 -2511.101 2.800
v -12643.137 -2503.368 2.800
v -12733.165 -2485.924 2.800
v -12730.814 -2478.277 2.800
v -12820.102 -2457.350 2.800
v -12817.453 -2449.802 2.800
v -12905.624 -2425.354 2.800
v -12902.678 -2417.917 2.800
v -12988.380 -2390.597 2.800
v -12985.117 -2383.294 2.800
v -13066.759 -2353.140 2.800
v -13063.135 -2346.008 2.800
v -13144.493 -2311.308 2.800
v -13140.540 -2304.354 2.800
v -13219.577 -2266.214 2.800
v -13215.294 -2259.457 2.800
v -13294.911 -2216.125 2.800
v -13290.349 -2209.553 2.800
v -13368.323 -2162.934 2.800
v -13363.495 -2156.555 2.800
v -13439.943 -2106.424 2.800
v -13434.865 -2100.243 2.800
v -13509.048 -2047.261 2.800
v -13503.723 -2041.290 2.800
v -13575.821 -1985.268 2.800
v -13570.261 -1979.516 2.800
v -13639.948 -1920.730 2.800
v -13634.160 -1915.207 2.800
v -13701.344 -1853.709 2.800
v -13695.337 -1848.426 2.800
v -13759.871 -1784.348 2.800
v -13753.653 -1779.316 2.800
v -13815.439 -1712.707 2.800
v -13809.018 -1707.935 2.800
v -13867.825 -1639.075 2.800
v -13861.211 -1634.576 2.800
v -13917.116 -1563.263 2.800
v -13910.320 -1559.043 2.800
v -13962.808 -1486.000 2.800
v -13955.836 -1482.078 2.800
v -14005.244 -1406.712 2.800
v -13998.109 -1403.093 2.800
v -14043.715 -1326.331 2.800
v -14036.426 -1323.034 2.800
v -14077.977 -1245.814 2.800
v -14070.537 -1242.873 2.800
v -14106.860 -1166.074 2.800
v -14099.272 -1163.543 2.800
v -14130.057 -1089.051 2.800
v -14122.321 -1087.015 2.800
v -14146.579 -1014.739 2.800
v -14138.713 -1013.283 2.800
v -14157.587 -939.956 2.800
v -14149.632 -939.098 2.800
v -14162.579 -865.773 2.800
v -14154.582 -865.541 2.800
v -14162.057 -788.832 2.800
v -14154.065 -789.179 2.800
v -14155.884 -712.582 2.800
v -14147.939 -713.515 2.800
v -14144.171 -636.315 2.800
v -14136.314 -637.817 2.800
v -14127.119 -562.055 2.800
v -14119.394 -564.135 2.800
v -14104.713 -489.806 2.800
v -14097.166 -492.463 2.800
v -14077.090 -419.971 2.800
v -14069.771 -423.197 2.800
v -14044.115 -352.290 2.800
v -14037.062 -356.065 2.800
v -14006.081 -287.338 2.800
v -13999.336 -291.640 2.800
v -13962.741 -224.630 2.800
v -13956.332 -229.419 2.800
v -13914.394 -164.674 2.800
v -13908.350 -169.914 2.800
v -13861.182 -107.426 2.800
v -13855.516 -113.074 2.800
v -13802.821 -52.665 2.800
v -13797.537 -58.671 2.800
v -13740.497 -1.310 2.800
v -13735.606 -7.641 2.800
v -13673.439 47.393 2.800
v -13668.930 40.785 2.800
v -13602.887 92.586 2.800
v -13598.761 85.732 2.800
v -13528.889 134.499 2.800
v -13525.139 127.433 2.800
v -13450.925 173.356 2.800
v -13447.527 166.113 2.800
v -13370.804 208.696 2.800
v -13367.758 201.298 2.800
v -13284.781 242.053 2.800
v -13282.016 234.546 2.800
v -13195.892 273.225 2.800
v -13193.378 265.630 2.800
v -13105.519 301.515 2.800
v -13103.249 293.845 2.800
v -13014.253 326.974 2.800
v -13012.227 319.235 2.800
v -12921.805 349.640 2.800
v -12920.018 341.842 2.800
v -12828.860 369.396 2.800
v -12827.319 361.546 2.800
v -12734.994 386.351 2.800
v -12733.691 378.458 2.800
v -12640.710 400.420 2.800
v -12639.649 392.491 2.800
v -12545.770 411.685 2.800
v -12544.947 403.727 2.800
v -12450.439 420.106 2.800
v -12449.853 412.128 2.800
v -12354.697 425.752 2.800
v -12354.343 417.760 2.800
v -12258.549 428.615 2.800
v -12258.424 420.616 2.800
v -12162.232 428.767 2.800
v -12162.334 420.768 2.800
v -12065.442 426.213 2.800
v -12065.760 418.219 2.800
v -11968.745 421.053 2.800
v -11969.279 413.071 2.800
v -11871.446 413.281 2.800
v -11872.182 405.315 2.800
v -11774.502 403.047 2.800
v -11775.442 395.102 2.800
v -11676.871 390.328 2.800
v -11677.996 382.408 2.800
v -11579.618 375.304 2.800
v -11580.930 367.412 2.800
v -11481.723 357.983 2.800
v -11483.202 350.121 2.800
v -11383.936 338.504 2.800
v -11385.576 330.673 2.800
v -11285.649 317.025 2.800
v -11287.434 309.226 2.800
v -11186.605 293.456 2.800
v -11188.512 285.686 2.800
v -11086.516 268.309 2.800
v -11088.520 260.564 2.800
v -10984.844 241.448 2.800
v -10986.911 233.720 2.800
v -10881.465 213.665 2.800
v -10883.562 205.944 2.800
v -10777.598 185.284 2.800
v -10779.712 177.569 2.800
v -10673.306 156.666 2.800
v -10675.430 148.953 2.800
v -10568.269 127.739 2.800
v -10570.390 120.025 2.800
v -10463.186 98.907 2.800
v -10465.301 91.191 2.800
v -10357.062 69.953 2.800
v -10359.155 62.231 2.800
v -10251.089 41.363 2.800
v -10253.162 33.636 2.800
v -10143.585 12.818 2.800
v -10145.614 5.079 2.800
v -10036.377 -15.074 2.800
v -10038.369 -22.822 2.800
v -9926.644 -42.703 2.800
v -9928.557 -50.471 2.800
v -9816.973 -69.274 2.800
v -9818.813 -77.060 2.800
v -9703.166 -95.076 2.800
v -9704.864 -102.893 2.800
v -9589.304 -118.820 2.800
v -9590.865 -126.666 2.800
v -9473.312 -140.605 2.800
v -9474.707 -148.482 2.800
v -9356.885 -159.963 2.800
v -9358.111 -167.869 2.800
v -9239.375 -176.800 2.800
v -9240.420 -184.732 2.800
v -9121.289 -190.979 2.800
v -9122.149 -198.933 2.800
v -9002.584 -202.354 2.800
v -9003.252 -210.326 2.800
v -8883.369 -210.874 2.800
v -8883.840 -218.860 2.800
v -8763.864 -216.419 2.800
v -8764.135 -224.414 2.800
v -8644.009 -218.964 2.800
v -8644.077 -226.964 2.800
v -8524.126 -218.441 2.800
v -8523.988 -226.440 2.800
v -8404.140 -214.835 2.800
v -8403.796 -222.827 2.800
v -8284.314 -208.125 2.800
v -8283.764 -216.106 2.800
v -8164.676 -198.319 2.800
v -8163.919 -206.283 2.800
v -8045.392 -185.429 2.800
v -8044.431 -193.371 2.800
v -7926.551 -169.500 2.800
v -7925.387 -177.415 2.800
v -7808.317 -150.573 2.800
v -7806.953 -158.456 2.800
v -7690.700 -128.723 2.800
v -7689.140 -136.570 2.800
v -7574.021 -104.050 2.800
v -7572.273 -111.857 2.800
v -7458.027 -76.619 2.800
v -7456.092 -84.381 2.800
v -7343.472 -46.689 2.800
v -7341.366 -54.407 2.800
v -7229.451 -14.187 2.800
v -7227.171 -21.855 2.800
v -7117.961 20.110 2.800
v -7115.543 12.484 2.800
v -7006.562 56.681 2.800
v -7003.996 49.104 2.800
v -6899.340 93.725 2.800
v -6896.692 86.176 2.800
v -6791.958 132.167 2.800
v -6789.217 124.650 2.800
v -6686.552 171.118 2.800
v -6683.749 163.625 2.800
v -6581.212 211.085 2.800
v -6578.341 203.618 2.800
v -6476.676 251.754 2.800
v -6473.746 244.310 2.800
v -6372.348 293.307 2.800
v -6369.357 285.887 2.800
v -6268.423 335.696 2.800
v -6265.373 328.301 2.800
v -6164.567 379.047 2.800
v -6161.452 371.679 2.800
v -6061.158 423.342 2.800
v -6057.979 416.001 2.800
v -5956.770 469.217 2.800
v -5953.502 461.915 2.800
v -5854.469 515.700 2.800
v -5851.140 508.425 2.800
v -5743.578 568.163 2.800
v -5740.019 560.998 2.800
v -5629.650 628.307 2.800
v -5625.766 621.314 2.800
v -5515.051 695.939 2.800
v -5510.783 689.173 2.800
v -5402.615 771.728 2.800
v -5397.939 765.236 2.800
v -5290.646 858.945 2.800
v -5285.492 852.826 2.800
v -5181.961 958.648 2.800
v -5176.285 953.010 2.800
v -5078.492 1074.422 2.800
v -5072.250 1069.419 2.800
v -4982.830 1211.571 2.800
v -4975.976 1207.446 2.800
v -4902.781 1371.997 2.800
v -4895.352 1369.029 2.800
v -4848.808 1552.096 2.800
v -4840.965 1550.519 2.800
v -4829.141 1743.490 2.800
v -4821.141 1743.436 2.800
v -4845.989 1933.363 2.800
v -4838.120 1934.803 2.800
v -4893.636 2108.705 2.800
v -4886.116 2111.433 2.800
v -4962.280 2263.413 2.800
v -4955.209 2267.154 2.800
v -5043.636 2397.909 2.800
v -5037.023 2402.410 2.800
v -5134.934 2518.473 2.800
v -5128.789 2523.594 2.800
v -5230.678 2624.645 2.800
v -5224.952 2630.232 2.800
v -5329.999 2719.744 2.800
v -5324.653 2725.695 2.800
v -5434.321 2807.464 2.800
v -5429.361 2813.741 2.800
v -5534.808 2883.543 2.800
v -5530.099 2890.011 2.800
v -5639.371 2956.065 2.800
v -5634.940 2962.727 2.800
v -5738.739 3020.477 2.800
v -5734.458 3027.235 2.800
v -5841.164 3083.507 2.800
v -5837.062 3090.376 2.800
v -5945.648 3143.957 2.800
v -5941.736 3150.935 2.800
v -6052.009 3201.661 2.800
v -6048.295 3208.747 2.800
v -6160.830 3256.618 2.800
v -6157.331 3263.813 2.800
v -6271.114 3308.237 2.800
v -6267.831 3315.532 2.800
v -6383.055 3356.585 2.800
v -6379.994 3363.976 2.800
v -6496.329 3401.507 2.800
v -6493.491 3408.987 2.800
v -6610.966 3443.025 2.800
v -6608.356 3450.587 2.800
v -6726.621 3481.023 2.800
v -6724.238 3488.659 2.800
v -6843.430 3515.575 2.800
v -6841.276 3523.279 2.800
v -6960.900 3546.576 2.800
v -6958.971 3554.340 2.800
v -7079.293 3574.132 2.800
v -7077.593 3581.949 2.800
v -7198.055 3598.192 2.800
v -7196.579 3606.055 2.800
v -7317.386 3618.840 2.800
v -7316.133 3626.741 2.800
v -7436.892 3636.124 2.800
v -7435.857 3644.057 2.800
v -7556.567 3650.091 2.800
v -7555.745 3658.049 2.800
v -7676.293 3660.878 2.800
v -7675.681 3668.855 2.800
v -7795.751 3668.517 2.800
v -7795.340 3676.506 2.800
v -7915.214 3673.200 2.800
v -7915.001 3681.197 2.800
v -8033.910 3674.986 2.800
v -8033.879 3682.986 2.800
v -8152.668 3674.077 2.800
v -8152.821 3682.076 2.800
v -8270.026 3670.633 2.800
v -8270.337 3678.627 2.800
v -8387.637 3664.792 2.800
v -8388.114 3672.778 2.800
v -8503.038 3656.958 2.800
v -8503.642 3664.935 2.800
v -8618.724 3647.126 2.800
v -8619.463 3655.091 2.800
v -8730.795 3636.224 2.800
v -8731.604 3644.183 2.800
v -8843.103 3624.185 2.800
v -8843.990 3632.135 2.800
v -8953.043 3611.689 2.800
v -8953.964 3619.635 2.800
v -9063.167 3598.607 2.800
v -9064.129 3606.549 2.800
v -9172.493 3585.201 2.800
v -9173.480 3593.139 2.800
v -9281.723 3571.418 2.800
v -9282.735 3579.354 2.800
v -9390.595 3557.396 2.800
v -9391.628 3565.329 2.800
v -9499.307 3543.121 2.800
v -9500.356 3551.051 2.800
v -9607.845 3528.667 2.800
v -9608.909 3536.596 2.800
v -9716.201 3514.042 2.800
v -9717.276 3521.970 2.800
v -9824.480 3499.289 2.800
v -9825.565 3507.215 2.800
v -9932.563 3484.428 2.800
v -9933.656 3492.353 2.800
v -10040.630 3469.479 2.800
v -10041.730 3477.403 2.800
v -10148.485 3454.479 2.800
v -10149.588 3462.403 2.800
v -10256.370 3439.427 2.800
v -10257.478 3447.350 2.800
v -10364.026 3424.376 2.800
v -10365.133 3432.299 2.800
v -10471.734 3409.311 2.800
v -10472.842 3417.233 2.800
v -10579.208 3394.298 2.800
v -10580.313 3402.222 2.800
v -10686.722 3379.317 2.800
v -10687.824 3387.241 2.800
v -10794.010 3364.445 2.800
v -10795.105 3372.369 2.800
v -10901.288 3349.662 2.800
v -10902.375 3357.587 2.800
v -11008.353 3335.059 2.800
v -11009.428 3342.986 2.800
v -11115.298 3320.627 2.800
v -11116.360 3328.556 2.800
v -11222.076 3306.473 2.800
v -11223.120 3314.405 2.800
v -11328.385 3292.640 2.800
v -11329.401 3300.575 2.800
v -11434.647 3279.265 2.800
v -11435.634 3287.204 2.800
v -11539.317 3266.572 2.800
v -11540.246 3274.518 2.800
v -11643.319 3254.959 2.800
v -11644.173 3262.913 2.800
v -11746.079 3244.502 2.800
v -11746.835 3252.466 2.800
v -11848.592 3235.478 2.800
v -11849.243 3243.452 2.800
v -11950.128 3227.955 2.800
v -11950.653 3235.938 2.800
v -12051.797 3222.065 2.800
v -12052.197 3230.055 2.800
v -12152.494 3217.908 2.800
v -12152.750 3225.903 2.800
v -12253.433 3215.557 2.800
v -12253.548 3223.556 2.800
v -12353.470 3215.106 2.800
v -12353.426 3223.106 2.800
v -12453.616 3216.612 2.800
v -12453.416 3224.609 2.800
v -12553.001 3220.151 2.800
v -12552.633 3228.142 2.800
v -12652.256 3225.769 2.800
v -12651.718 3233.751 2.800
v -12750.871 3233.536 2.800
v -12750.154 3241.504 2.800
v -12849.120 3243.478 2.800
v -12848.222 3251.428 2.800
v -12946.800 3255.676 2.800
v -12945.717 3263.602 2.800
v -13043.861 3270.118 2.800
v -13042.587 3278.016 2.800
v -13140.395 3286.917 2.800
v -13138.928 3294.781 2.800
v -13235.992 3306.000 2.800
v -13234.323 3313.824 2.800
v -13331.107 3327.550 2.800
v -13329.239 3335.329 2.800
v -13424.777 3351.374 2.800
v -13422.697 3359.099 2.800
v -13518.095 3377.816 2.800
v -13515.810 3385.482 2.800
v -13609.074 3406.468 2.800
v -13606.557 3414.061 2.800
v -13699.527 3437.767 2.800
v -13696.785 3445.283 2.800
v -13781.897 3469.954 2.800
v -13778.810 3477.335 2.800
v -13863.753 3506.271 2.800
v -13860.347 3513.510 2.800
v -13942.798 3545.743 2.800
v -13939.059 3552.816 2.800
v -14019.632 3588.676 2.800
v -14015.562 3595.564 2.800
v -14094.131 3635.141 2.800
v -14089.738 3641.827 2.800
v -14163.940 3683.624 2.800
v -14159.193 3690.063 2.800
v -14230.351 3735.505 2.800
v -14225.252 3741.670 2.800
v -14289.497 3787.749 2.800
v -14283.992 3793.553 2.800
v -14344.498 3843.452 2.800
v -14338.602 3848.861 2.800
v -14391.055 3898.693 2.800
v -14384.731 3903.593 2.800
v -14430.257 3954.092 2.800
v -14423.505 3958.381 2.800
v -14461.562 4009.372 2.800
v -14454.402 4012.944 2.800
v -14483.397 4060.574 2.800
v -14475.859 4063.256 2.800
v -14496.913 4107.628 2.800
v -14489.082 4109.261 2.800
v -14502.853 4151.431 2.800
v -14494.867 4151.898 2.800
v -14501.971 4189.751 2.800
v -14494.014 4188.935 2.800
v -14495.206 4226.529 2.800
v -14487.485 4224.434 2.800
v -14481.094 4265.948 2.800
v -14473.782 4262.705 2.800
v -14459.180 4306.553 2.800
v -14452.403 4302.302 2.800
v -14428.310 4349.353 2.800
v -14422.128 4344.274 2.800
v -14386.174 4395.313 2.800
v -14380.563 4389.610 2.800
v -14337.129 4438.771 2.800
v -14332.108 4432.544 2.800
v -14281.267 4479.837 2.800
v -14276.823 4473.185 2.800
v -14217.303 4518.958 2.800
v -14213.385 4511.983 2.800
v -14149.287 4553.747 2.800
v -14145.894 4546.503 2.800
v -14074.570 4586.031 2.800
v -14071.632 4578.590 2.800
v -13995.140 4614.677 2.800
v -13992.619 4607.084 2.800
v -13911.804 4640.188 2.800
v -13909.660 4632.481 2.800
v -13823.074 4662.836 2.800
v -13821.234 4655.050 2.800
v -13732.550 4682.559 2.800
v -13730.995 4674.712 2.800
v -13636.887 4700.069 2.800
v -13635.538 4692.184 2.800
v -13541.080 4715.129 2.800
v -13539.941 4707.211 2.800
v -13440.636 4728.556 2.800
v -13439.632 4720.619 2.800
vt 0.00000 0.00000
vt 1.00000 0.00000
vt 0.00000 0.18117
vt 1.00000 0.18117
vt 0.00000 0.36235
vt 1.00000 0.36235
vt 0.00000 0.54352
vt 1.00000 0.54352
vt 0.00000 0.72469
vt 1.00000 0.72469
vt 0.00000 0.90587
vt 1.00000 0.90587
vt 0.00000 1.08704
vt 1.00000 1.08704
vt 0.00000 1.26821
vt 1.00000 1.26821
vt 0.00000 1.44939
vt 1.00000 1.44939
vt 0.00000 1.63056
vt 1.00000 1.63056
vt 0.00000 1.81174
vt 1.00000 1.81174
vt 0.00000 1.99291
vt 1.00000 1.99291
vt 0.00000 2.17408
vt 1.00000 2.17408
vt 0.00000 2.35526
vt 1.00000 2.35526
vt 0.00000 2.53643
vt 1.00000 2.53643
vt 0.00000 2.71760
vt 1.00000 2.71760
vt 0.00000 2.89878
vt 1.00000 2.89878
vt 0.00000 3.07995
vt 1.00000 3.07995
vt 0.00000 3.26112
vt 1.00000 3.26112
vt 0.00000 3.44230
vt 1.00000 3.44230
vt 0.00000 3.62347
vt 1.00000 3.62347
vt 0.00000 3.80464
vt 1.00000 3.80464
vt 0.00000 3.98582
vt 1.00000 3.98582
vt 0.00000 4.16699
vt 1.00000 4.16699
vt 0.00000 4.34817
vt 1.00000 4.34817
vt 0.00000 4.52934
vt 1.00000 4.52934
vt 0.00000 4.71051
vt 1.00000 4.71051
vt 0.00000 4.89169
vt 1.00000 4.89169
vt 0.00000 5.07286
vt 1.00000 5.07286
vt 0.00000 5.25403
vt 1.00000 5.25403
vt 0.00000 5.43521
vt 1.00000 5.43521
vt 0.00000 5.61638
vt 1.00000 5.61638
vt 0.00000 5.79755
vt 1.00000 5.79755
vt 0.00000 5.97873
vt 1.00000 5.97873
vt 0.00000 6.15990
vt 1.00000 6.15990
vt 0.00000 6.34107
vt 1.00000 6.34107
vt 0.00000 6.52225
vt 1.00000 6.52225
vt 0.00000 6.70342
vt 1.00000 6.70342
vt 0.00000 6.88459
vt 1.00000 6.88459
vt 0.00000 7.06577
vt 1.00000 7.06577
vt 0.00000 7.24694
vt 1.00000 7.24694
vt 0.00000 7.42812
vt 1.00000 7.42812
vt 0.00000 7.60929
vt 1.00000 7.60929
vt 0.00000 7.79046
vt 1.00000 7.79046
vt 0.00000 7.97164
vt 1.00000 7.97164
vt 0.00000 8.15281
vt 1.00000 8.15281
vt 0.00000 8.33398
vt 1.00000 8.33398
vt 0.00000 8.51516
vt 1.00000 8.51516
vt 0.00000 8.69633
vt 1.00000 8.69633
vt 0.00000 8.87750
vt 1.00000 8.87750
vt 0.00000 9.05868
vt 1.00000 9.05868
vt 0.00000 9.23985
vt 1.00000 9.23985
vt 0.00000 9.42102
vt 1.00000 9.42102
vt 0.00000 9.60220
vt 1.00000 9.60220
vt 0.00000 9.78337
vt 1.00000 9.78337
vt 0.00000 9.96454
vt 1.00000 9.96454
vt 0.00000 10.14572
vt 1.00000 10.14572
vt 0.00000 10.32689
vt 1.00000 10.32689
vt 0.00000 10.50807
vt 1.00000 10.50807
vt 0.00000 10.68924
vt 1.00000 10.68924
vt 0.00000 10.87041
vt 1.00000 10.87041
vt 0.00000 11.05159
vt 1.00000 11.05159
vt 0.00000 11.23276
vt 1.00000 11.23276
vt 0.00000 11.41393
vt 1.00000 11.41393
vt 0.00000 11.59511
vt 1.00000 11.59511
vt 0.00000 11.77628
vt 1.00000 11.77628
vt 0.00000 11.95745
vt 1.00000 11.95745
vt 0.00000 12.13863
vt 1.00000 12.13863
vt 0.00000 12.31980
vt 1.00000 12.31980
vt 0.00000 12.50097
vt 1.00000 12.50097
vt 0.00000 12.68215
vt 1.00000 12.68215
vt 0.00000 12.86332
vt 1.00000 12.86332
vt 0.00000 13.04449
vt 1.00000 13.04449
vt 0.00000 13.22567
vt 1.00000 13.22567
vt 0.00000 13.40684
vt 1.00000 13.40684
vt 0.00000 13.58802
vt 1.00000 13.58802
vt 0.00000 13.76919
vt 1.00000 13.76919
vt 0.00000 13.95036
vt 1.00000 13.95036
vt 0.00000 14.13154
vt 1.00000 14.13154
vt 0.00000 14.31271
vt 1.00000 14.31271
vt 0.00000 14.49388
vt 1.00000 14.49388
vt 0.00000 14.67506
vt 1.00000 14.67506
vt 0.00000 14.85623
vt 1.00000 14.85623
vt 0.00000 15.03740
vt 1.00000 15.03740
vt 0.00000 15.21858
vt 1.00000 15.21858
vt 0.00000 15.39975
vt 1.00000 15.39975
vt 0.00000 15.58092
vt 1.00000 15.58092
vt 0.00000 15.76210
vt 1.00000 15.76210
vt 0.00000 15.94327
vt 1.00000 15.94327
vt 0.00000 16.12444
vt 1.00000 16.12444
vt 0.00000 16.30562
vt 1.00000 16.30562
vt 0.00000 16.48679
vt 1.00000 16.48679
vt 0.00000 16.66796
vt 1.00000 16.66796
vt 0.00000 16.84914
vt 1.00000 16.84914
vt 0.00000 17.03031
vt 1.00000 17.03031
vt 0.00000 17.21149
vt 1.00000 17.21149
vt 0.00000 17.39266
vt 1.00000 17.39266
vt 0.00000 17.57383
vt 1.00000 17.57383
vt 0.00000 17.75501
vt 1.00000 17.75501
vt 0.00000 17.93618
vt 1.00000 17.93618
vt 0.00000 18.11735
vt 1.00000 18.11735
vt 0.00000 18.29853
vt 1.00000 18.29853
vt 0.00000 18.47970
vt 1.00000 18.47970
vt 0.00000 18.66088
vt 1.00000 18.66088
vt 0.00000 18.84205
vt 1.00000 18.84205
vt 0.00000 19.02322
vt 1.00000 19.02322
vt 0.00000 19.20440
vt 1.00000 19.20440
vt 0.00000 19.38557
vt 1.00000 19.38557
vt 0.00000 19.56674
vt 1.00000 19.56674
vt 0.00000 19.74792
vt 1.00000 19.74792
vt 0.00000 19.92909
vt 1.00000 19.92909
vt 0.00000 20.11026
vt 1.00000 20.11026
vt 0.00000 20.29144
vt 1.00000 20.29144
vt 0.00000 20.47261
vt 1.00000 20.47261
vt 0.00000 20.65378
vt 1.00000 20.65378
vt 0.00000 20.83496
vt 1.00000 20.83496
vt 0.00000 21.01613
vt 1.00000 21.01613
vt 0.00000 21.19730
vt 1.00000 21.19730
vt 0.00000 21.37848
vt 1.00000 21.37848
vt 0.00000 21.55965
vt 1.00000 21.55965
vt 0.00000 21.74083
vt 1.00000 21.74083
vt 0.00000 21.92200
vt 1.00000 21.92200
vt 0.00000 22.10317
vt 1.00000 22.10317
vt 0.00000 22.28435
vt 1.00000 22.28435
vt 0.00000 22.46552
vt 1.00000 22.46552
vt 0.00000 22.64669
vt 1.00000 22.64669
vt 0.00000 22.82787
vt 1.00000 22.82787
vt 0.00000 23.00904
vt 1.00000 23.00904
vt 0.00000 23.19021
vt 1.00000 23.19021
vt 0.00000 23.37139
vt 1.00000 23.37139
vt 0.00000 23.55256
vt 1.00000 23.55256
vt 0.00000 23.73373
vt 1.00000 23.73373
vt 0.00000 23.91491
vt 1.00000 23.91491
vt 0.00000 24.09608
vt 1.00000 24.09608
vt 0.00000 24.27725
vt 1.00000 24.27725
vt 0.00000 24.45843
vt 1.00000 24.45843
vt 0.00000 24.63960
vt 1.00000 24.63960
vt 0.00000 24.82078
vt 1.00000 24.82078
vt 0.00000 25.00195
vt 1.00000 25.00195
vt 0.00000 25.18312
vt 1.00000 25.18312
vt 0.00000 25.36430
vt 1.00000 25.36430
vt 0.00000 25.54547
vt 1.00000 25.54547
vt 0.00000 25.72664
vt 1.00000 25.72664
vt 0.00000 25.90782
vt 1.00000 25.90782
vt 0.00000 26.08899
vt 1.00000 26.08899
vt 0.00000 26.27016
vt 1.00000 26.27016
vt 0.00000 26.45134
vt 1.00000 26.45134
vt 0.00000 26.63251
vt 1.00000 26.63251
vt 0.00000 26.81368
vt 1.00000 26.81368
vt 0.00000 26.99486
vt 1.00000 26.99486
vt 0.00000 27.17603
vt 1.00000 27.17603
vt 0.00000 27.35720
vt 1.00000 27.35720
vt 0.00000 27.53838
vt 1.00000 27.53838
vt 0.00000 27.71955
vt 1.00000 27.71955
vt 0.00000 27.90072
vt 1.00000 27.90072
vt 0.00000 28.08190
vt 1.00000 28.08190
vt 0.00000 28.26307
vt 1.00000 28.26307
vt 0.00000 28.44425
vt 1.00000 28.44425
vt 0.00000 28.62542
vt 1.00000 28.62542
vt 0.00000 28.80659
vt 1.00000 28.80659
vt 0.00000 28.98777
vt 1.00000 28.98777
vt 0.00000 29.16894
vt 1.00000 29.16894
vt 0.00000 29.35011
vt 1.00000 29.35011
vt 0.00000 29.53129
vt 1.00000 29.53129
vt 0.00000 29.71246
vt 1.00000 29.71246
vt 0.00000 29.89363
vt 1.00000 29.89363
vt 0.00000 30.07481
vt 1.00000 30.07481
vt 0.00000 30.25598
vt 1.00000 30.25598
vt 0.00000 30.43715
vt 1.00000 30.43715
vt 0.00000 30.61833
vt 1.00000 30.61833
vt 0.00000 30.79950
vt 1.00000 30.79950
vt 0.00000 30.98067
vt 1.00000 30.98067
vt 0.00000 31.16185
vt 1.00000 31.16185
vt 0.00000 31.34302
vt 1.00000 31.34302
vt 0.00000 31.52420
vt 1.00000 31.52420
vt 0.00000 31.70537
vt 1.00000 31.70537
vt 0.00000 31.88654
vt 1.00000 31.88654
vt 0.00000 32.06772
vt 1.00000 32.06772
vt 0.00000 32.24889
vt 1.00000 32.24889
vt 0.00000 32.43007
vt 1.00000 32.43007
vt 0.00000 32.61124
vt 1.00000 32.61124
vt 0.00000 32.79241
vt 1.00000 32.79241
vt 0.00000 32.97358
vt 1.00000 32.97358
vt 0.00000 33.15476
vt 1.00000 33.15476
vt 0.00000 33.33593
vt 1.00000 33.33593
vt 0.00000 33.51711
vt 1.00000 33.51711
vt 0.00000 33.69828
vt 1.00000 33.69828
vt 0.00000 33.87945
vt 1.00000 33.87945
vt 0.00000 34.06063
vt 1.00000 34.06063
vt 0.00000 34.24180
vt 1.00000 34.24180
vt 0.00000 34.42297
vt 1.00000 34.42297
vt 0.00000 34.60415
vt 1.00000 34.60415
vt 0.00000 34.78532
vt 1.00000 34.78532
vt 0.00000 34.96649
vt 1.00000 34.96649
vt 0.00000 35.14767
vt 1.00000 35.14767
vt 0.00000 35.32884
vt 1.00000 35.32884
vt 0.00000 35.51001
vt 1.00000 35.51001
vt 0.00000 35.69119
vt 1.00000 35.69119
vt 0.00000 35.87236
vt 1.00000 35.87236
vt 0.00000 36.05354
vt 1.00000 36.05354
vt 0.00000 36.23471
vt 1.00000 36.23471
vt 0.00000 36.41588
vt 1.00000 36.41588
vt 0.00000 36.59705
vt 1.00000 36.59705
vt 0.00000 36.77823
vt 1.00000 36.77823
vt 0.00000 36.95940
vt 1.00000 36.95940
vt 0.00000 37.14058
vt 1.00000 37.14058
vt 0.00000 37.32175
vt 1.00000 37.32175
vt 0.00000 37.50292
vt 1.00000 37.50292
vt 0.00000 37.68410
vt 1.00000 37.68410
vt 0.00000 37.86527
vt 1.00000 37.86527
vt 0.00000 38.04644
vt 1.00000 38.04644
vt 0.00000 38.22762
vt 1.00000 38.22762
vt 0.00000 38.40879
vt 1.00000 38.40879
vt 0.00000 38.58997
vt 1.00000 38.58997
vt 0.00000 38.77114
vt 1.00000 38.77114
vt 0.00000 38.95231
vt 1.00000 38.95231
vt 0.00000 39.13348
vt 1.00000 39.13348
vt 0.00000 39.31466
vt 1.00000 39.31466
vt 0.00000 39.49583
vt 1.00000 39.49583
vt 0.00000 39.67701
vt 1.00000 39.67701
vt 0.00000 39.85818
vt 1.00000 39.85818
vt 0.00000 40.03935
vt 1.00000 40.03935
vt 0.00000 40.22053
vt 1.00000 40.22053
vt 0.00000 40.40170
vt 1.00000 40.40170
vt 0.00000 40.58287
vt 1.00000 40.58287
vt 0.00000 40.76405
vt 1.00000 40.76405
vt 0.00000 40.94522
vt 1.00000 40.94522
vt 0.00000 41.12639
vt 1.00000 41.12639
vt 0.00000 41.30757
vt 1.00000 41.30757
vt 0.00000 41.48874
vt 1.00000 41.48874
vt 0.00000 41.66991
vt 1.00000 41.66991
vt 0.00000 41.85109
vt 1.00000 41.85109
vt 0.00000 42.03226
vt 1.00000 42.03226
vt 0.00000 42.21344
vt 1.00000 42.21344
vt 0.00000 42.39461
vt 1.00000 42.39461
vt 0.00000 42.57578
vt 1.00000 42.57578
vt 0.00000 42.75695
vt 1.00000 42.75695
vt 0.00000 42.93813
vt 1.00000 42.93813
vt 0.00000 43.11930
vt 1.00000 43.11930
vt 0.00000 43.30048
vt 1.00000 43.30048
vt 0.00000 43.48165
vt 1.00000 43.48165
vt 0.00000 43.66282
vt 1.00000 43.66282
vt 0.00000 43.84400
vt 1.00000 43.84400
vt 0.00000 44.02517
vt 1.00000 44.02517
vt 0.00000 44.20634
vt 1.00000 44.20634
vt 0.00000 44.38752
vt 1.00000 44.38752
vt 0.00000 44.56869
vt 1.00000 44.56869
vt 0.00000 44.74986
vt 1.00000 44.74986
vt 0.00000 44.93104
vt 1.00000 44.93104
vt 0.00000 45.11221
vt 1.00000 45.11221
vt 0.00000 45.29338
vt 1.00000 45.29338
vt 0.00000 45.47456
vt 1.00000 45.47456
vt 0.00000 45.65573
vt 1.00000 45.65573
vt 0.00000 45.83691
vt 1.00000 45.83691
vt 0.00000 46.01808
vt 1.00000 46.01808
vt 0.00000 46.19925
vt 1.00000 46.19925
vt 0.00000 46.38042
vt 1.00000 46.38042
vt 0.00000 46.56160
vt 1.00000 46.56160
vt 0.00000 46.74277
vt 1.00000 46.74277
vt 0.00000 46.92395
vt 1.00000 46.92395
vt 0.00000 47.10512
vt 1.00000 47.10512
vt 0.00000 47.28629
vt 1.00000 47.28629
vt 0.00000 47.46747
vt 1.00000 47.46747
vt 0.00000 47.64864
vt 1.00000 47.64864
vt 0.00000 47.82981
vt 1.00000 47.82981
vt 0.00000 48.01099
vt 1.00000 48.01099
vt 0.00000 48.19216
vt 1.00000 48.19216
vt 0.00000 48.37334
vt 1.00000 48.37334
vt 0.00000 48.55451
vt 1.00000 48.55451
vt 0.00000 48.73568
vt 1.00000 48.73568
vt 0.00000 48.91685
vt 1.00000 48.91685
vt 0.00000 49.09803
vt 1.00000 49.09803
vt 0.00000 49.27920
vt 1.00000 49.27920
vt 0.00000 49.46038
vt 1.00000 49.46038
vt 0.00000 49.64155
vt 1.00000 49.64155
vt 0.00000 49.82272
vt 1.00000 49.82272
vt 0.00000 50.00390
vt 1.00000 50.00390
vt 0.00000 50.18507
vt 1.00000 50.18507
vt 0.00000 50.36625
vt 1.00000 50.36625
vt 0.00000 50.54742
vt 1.00000 50.54742
vt 0.00000 50.72859
vt 1.00000 50.72859
vt 0.00000 50.90976
vt 1.00000 50.90976
vt 0.00000 51.09094
vt 1.00000 51.09094
vt 0.00000 51.27211
vt 1.00000 51.27211
vt 0.00000 51.45329
vt 1.00000 51.45329
vt 0.00000 51.63446
vt 1.00000 51.63446
vt 0.00000 51.81563
vt 1.00000 51.81563
vt 0.00000 51.99681
vt 1.00000 51.99681
vt 0.00000 52.17798
vt 1.00000 52.17798
vt 0.00000 52.35915
vt 1.00000 52.35915
vt 0.00000 52.54033
vt 1.00000 52.54033
vt 0.00000 52.72150
vt 1.00000 52.72150
vt 0.00000 52.90268
vt 1.00000 52.90268
vt 0.00000 53.08385
vt 1.00000 53.08385
vt 0.00000 53.26502
vt 1.00000 53.26502
vt 0.00000 53.44619
vt 1.00000 53.44619
vt 0.00000 53.62737
vt 1.00000 53.62737
vt 0.00000 53.80854
vt 1.00000 53.80854
vt 0.00000 53.98972
vt 1.00000 53.98972
vt 0.00000 54.17089
vt 1.00000 54.17089
vt 0.00000 54.35206
vt 1.00000 54.35206
vt 0.00000 54.53324
vt 1.00000 54.53324
vt 0.00000 54.71441
vt 1.00000 54.71441
vt 0.00000 54.89558
vt 1.00000 54.89558
vt 0.00000 55.07676
vt 1.00000 55.07676
vt 0.00000 55.25793
vt 1.00000 55.25793
vt 0.00000 55.43910
vt 1.00000 55.43910
vt 0.00000 55.62028
vt 1.00000 55.62028
vt 0.00000 55.80145
vt 1.00000 55.80145
vt 0.00000 55.98262
vt 1.00000 55.98262
vt 0.00000 56.16380
vt 1.00000 56.16380
vt 0.00000 56.34497
vt 1.00000 56.34497
vt 0.00000 56.52615
vt 1.00000 56.52615
vt 0.00000 56.70732
vt 1.00000 56.70732
vt 0.00000 56.88849
vt 1.00000 56.88849
vt 0.00000 57.06966
vt 1.00000 57.06966
vt 0.00000 57.25084
vt 1.00000 57.25084
vt 0.00000 57.43201
vt 1.00000 57.43201
vt 0.00000 57.61319
vt 1.00000 57.61319
vt 0.00000 57.79436
vt 1.00000 57.79436
vt 0.00000 57.97553
vt 1.00000 57.97553
vt 0.00000 58.15671
vt 1.00000 58.15671
vt 0.00000 58.33788
vt 1.00000 58.33788
vt 0.00000 58.51905
vt 1.00000 58.51905
vt 0.00000 58.70023
vt 1.00000 58.70023
vt 0.00000 58.88140
vt 1.00000 58.88140
vt 0.00000 59.06257
vt 1.00000 59.06257
vt 0.00000 59.24375
vt 1.00000 59.24375
vt 0.00000 59.42492
vt 1.00000 59.42492
vt 0.00000 59.60609
vt 1.00000 59.60609
vt 0.00000 59.78727
vt 1.00000 59.78727
vt 0.00000 59.96844
vt 1.00000 59.96844
vt 0.00000 60.14962
vt 1.00000 60.14962
vt 0.00000 60.33079
vt 1.00000 60.33079
vt 0.00000 60.51196
vt 1.00000 60.51196
vt 0.00000 60.69313
vt 1.00000 60.69313
vt 0.00000 60.87431
vt 1.00000 60.87431
vt 0.00000 61.05548
vt 1.00000 61.05548
vt 0.00000 61.23666
vt 1.00000 61.23666
vt 0.00000 61.41783
vt 1.00000 61.41783
vt 0.00000 61.59900
vt 1.00000 61.59900
vt 0.00000 61.78018
vt 1.00000 61.78018
vt 0.00000 61.96135
vt 1.00000 61.96135
vt 0.00000 62.14252
vt 1.00000 62.14252
vt 0.00000 62.32370
vt 1.00000 62.32370
vt 0.00000 62.50487
vt 1.00000 62.50487
vt 0.00000 62.68605
vt 1.00000 62.68605
vt 0.00000 62.86722
vt 1.00000 62.86722
vt 0.00000 63.04839
vt 1.00000 63.04839
vt 0.00000 63.22956
vt 1.00000 63.22956
vt 0.00000 63.41074
vt 1.00000 63.41074
vt 0.00000 63.59191
vt 1.00000 63.59191
vt 0.00000 63.77309
vt 1.00000 63.77309
vt 0.00000 63.95426
vt 1.00000 63.95426
vt 0.00000 64.13544
vt 1.00000 64.13544
vt 0.00000 64.31660
vt 1.00000 64.31660
vt 0.00000 64.49778
vt 1.00000 64.49778
vt 0.00000 64.67896
vt 1.00000 64.67896
vt 0.00000 64.86013
vt 1.00000 64.86013
vt 0.00000 65.04130
vt 1.00000 65.04130
vt 0.00000 65.22247
vt 1.00000 65.22247
vt 0.00000 65.40365
vt 1.00000 65.40365
vt 0.00000 65.58482
vt 1.00000 65.58482
vt 0.00000 65.76600
vt 1.00000 65.76600
vt 0.00000 65.94717
vt 1.00000 65.94717
vt 0.00000 66.12834
vt 1.00000 66.12834
vt 0.00000 66.30952
vt 1.00000 66.30952
vt 0.00000 66.49069
vt 1.00000 66.49069
vt 0.00000 66.67186
vt 1.00000 66.67186
vt 0.00000 66.85303
vt 1.00000 66.85303
vt 0.00000 67.03421
vt 1.00000 67.03421
vt 0.00000 67.21539
vt 1.00000 67.21539
vt 0.00000 67.39656
vt 1.00000 67.39656
vt 0.00000 67.57773
vt 1.00000 67.57773
vt 0.00000 67.75890
vt 1.00000 67.75890
vt 0.00000 67.94008
vt 1.00000 67.94008
vt 0.00000 68.12125
vt 1.00000 68.12125
vt 0.00000 68.30242
vt 1.00000 68.30242
vt 0.00000 68.48360
vt 1.00000 68.48360
vt 0.00000 68.66477
vt 1.00000 68.66477
vt 0.00000 68.84595
vt 1.00000 68.84595
vt 0.00000 69.02712
vt 1.00000 69.02712
vt 0.00000 69.20829
vt 1.00000 69.20829
vt 0.00000 69.38947
vt 1.00000 69.38947
vt 0.00000 69.57064
vt 1.00000 69.57064
vt 0.00000 69.75182
vt 1.00000 69.75182
vt 0.00000 69.93298
vt 1.00000 69.93298
vt 0.00000 70.11416
vt 1.00000 70.11416
vt 0.00000 70.29533
vt 1.00000 70.29533
vt 0.00000 70.47651
vt 1.00000 70.47651
vt 0.00000 70.65768
vt 1.00000 70.65768
vt 0.00000 70.83885
vt 1.00000 70.83885
vt 0.00000 71.02003
vt 1.00000 71.02003
vt 0.00000 71.20120
vt 1.00000 71.20120
vt 0.00000 71.38238
vt 1.00000 71.38238
vt 0.00000 71.56355
vt 1.00000 71.56355
vt 0.00000 71.74472
vt 1.00000 71.74472
vt 0.00000 71.92590
vt 1.00000 71.92590
vt 0.00000 72.10707
vt 1.00000 72.10707
vt 0.00000 72.28825
vt 1.00000 72.28825
vt 0.00000 72.46941
vt 1.00000 72.46941
vt 0.00000 72.65059
vt 1.00000 72.65059
vt 0.00000 72.83176
vt 1.00000 72.83176
vt 0.00000 73.01294
vt 1.00000 73.01294
vt 0.00000 73.19411
vt 1.00000 73.19411
vt 0.00000 73.37528
vt 1.00000 73.37528
vt 0.00000 73.55646
vt 1.00000 73.55646
vt 0.00000 73.73763
vt 1.00000 73.73763
vt 0.00000 73.91881
vt 1.00000 73.91881
vt 0.00000 74.09998
vt 1.00000 74.09998
vt 0.00000 74.28115
vt 1.00000 74.28115
vt 0.00000 74.46233
vt 1.00000 74.46233
vt 0.00000 74.64350
vt 1.00000 74.64350
vt 0.00000 74.82467
vt 1.00000 74.82467
vt 0.00000 75.00584
vt 1.00000 75.00584
vt 0.00000 75.18702
vt 1.00000 75.18702
vt 0.00000 75.36819
vt 1.00000 75.36819
vt 0.00000 75.54937
vt 1.00000 75.54937
vt 0.00000 75.73054
vt 1.00000 75.73054
vt 0.00000 75.91171
vt 1.00000 75.91171
vt 0.00000 76.09289
vt 1.00000 76.09289
vt 0.00000 76.27406
vt 1.00000 76.27406
vt 0.00000 76.45523
vt 1.00000 76.45523
vt 0.00000 76.63641
vt 1.00000 76.63641
vt 0.00000 76.81758
vt 1.00000 76.81758
vt 0.00000 76.99876
vt 1.00000 76.99876
vt 0.00000 77.17993
vt 1.00000 77.17993
vt 0.00000 77.36110
vt 1.00000 77.36110
vt 0.00000 77.54227
vt 1.00000 77.54227
vt 0.00000 77.72345
vt 1.00000 77.72345
vt 0.00000 77.90462
vt 1.00000 77.90462
vt 0.00000 78.08579
vt 1.00000 78.08579
vt 0.00000 78.26697
vt 1.00000 78.26697
vt 0.00000 78.44814
vt 1.00000 78.44814
vt 0.00000 78.62932
vt 1.00000 78.62932
vt 0.00000 78.81049
vt 1.00000 78.81049
vt 0.00000 78.99166
vt 1.00000 78.99166
vt 0.00000 79.17284
vt 1.00000 79.17284
vt 0.00000 79.35401
vt 1.00000 79.35401
vt 0.00000 79.53519
vt 1.00000 79.53519
vt 0.00000 79.71635
vt 1.00000 79.71635
vt 0.00000 79.89753
vt 1.00000 79.89753
vt 0.00000 80.07870
vt 1.00000 80.07870
vt 0.00000 80.25988
vt 1.00000 80.25988
vt 0.00000 80.44106
vt 1.00000 80.44106
vt 0.00000 80.62222
vt 1.00000 80.62222
vt 0.00000 80.80340
vt 1.00000 80.80340
vt 0.00000 80.98457
vt 1.00000 80.98457
vt 0.00000 81.16575
vt 1.00000 81.16575
vt 0.00000 81.34692
vt 1.00000 81.34692
vt 0.00000 81.52809
vt 1.00000 81.52809
vt 0.00000 81.70927
vt 1.00000 81.70927
vt 0.00000 81.89044
vt 1.00000 81.89044
vt 0.00000 82.07162
vt 1.00000 82.07162
vt 0.00000 82.25278
vt 1.00000 82.25278
vt 0.00000 82.43396
vt 1.00000 82.43396
vt 0.00000 82.61514
vt 1.00000 82.61514
vt 0.00000 82.79631
vt 1.00000 82.79631
vt 0.00000 82.97748
vt 1.00000 82.97748
vt 0.00000 83.15865
vt 1.00000 83.15865
vt 0.00000 83.33983
vt 1.00000 83.33983
vt 0.00000 83.52100
vt 1.00000 83.52100
vt 0.00000 83.70218
vt 1.00000 83.70218
vt 0.00000 83.88335
vt 1.00000 83.88335
vt 0.00000 84.06452
vt 1.00000 84.06452
vt 0.00000 84.24570
vt 1.00000 84.24570
vt 0.00000 84.42687
vt 1.00000 84.42687
vt 0.00000 84.60804
vt 1.00000 84.60804
vt 0.00000 84.78922
vt 1.00000 84.78922
vt 0.00000 84.97039
vt 1.00000 84.97039
vt 0.00000 85.15157
vt 1.00000 85.15157
vt 0.00000 85.33274
vt 1.00000 85.33274
vt 0.00000 85.51391
vt 1.00000 85.51391
vt 0.00000 85.69508
vt 1.00000 85.69508
vt 0.00000 85.87626
vt 1.00000 85.87626
vt 0.00000 86.05743
vt 1.00000 86.05743
vt 0.00000 86.23860
vt 1.00000 86.23860
vt 0.00000 86.41978
vt 1.00000 86.41978
vt 0.00000 86.60095
vt 1.00000 86.60095
vt 0.00000 86.78213
vt 1.00000 86.78213
vt 0.00000 86.96330
vt 1.00000 86.96330
vt 0.00000 87.14447
vt 1.00000 87.14447
vt 0.00000 87.32565
vt 1.00000 87.32565
vt 0.00000 87.50682
vt 1.00000 87.50682
vt 0.00000 87.68800
vt 1.00000 87.68800
vt 0.00000 87.86916
vt 1.00000 87.86916
vt 0.00000 88.05034
vt 1.00000 88.05034
vt 0.00000 88.23151
vt 1.00000 88.23151
vt 0.00000 88.41269
vt 1.00000 88.41269
vt 0.00000 88.59386
vt 1.00000 88.59386
vt 0.00000 88.77503
vt 1.00000 88.77503
vt 0.00000 88.95621
vt 1.00000 88.95621
vt 0.00000 89.13738
vt 1.00000 89.13738
vt 0.00000 89.31856
vt 1.00000 89.31856
vt 0.00000 89.49973
vt 1.00000 89.49973
vt 0.00000 89.68090
vt 1.00000 89.68090
vt 0.00000 89.86208
vt 1.00000 89.86208
vt 0.00000 90.04325
vt 1.00000 90.04325
vt 0.00000 90.22443
vt 1.00000 90.22443
vt 0.00000 90.40559
vt 1.00000 90.40559
vt 0.00000 90.58677
vt 1.00000 90.58677
vt 0.00000 90.76794
vt 1.00000 90.76794
vt 0.00000 90.94912
vt 1.00000 90.94912
vt 0.00000 91.13029
vt 1.00000 91.13029
vt 0.00000 91.31146
vt 1.00000 91.31146
vt 0.00000 91.49264
vt 1.00000 91.49264
vt 0.00000 91.67381
vt 1.00000 91.67381
vt 0.00000 91.85499
vt 1.00000 91.85499
vt 0.00000 92.03616
vt 1.00000 92.03616
vt 0.00000 92.21733
vt 1.00000 92.21733
vt 0.00000 92.39851
vt 1.00000 92.39851
vt 0.00000 92.57968
vt 1.00000 92.57968
vt 0.00000 92.76085
vt 1.00000 92.76085
vt 0.00000 92.94202
vt 1.00000 92.94202
vt 0.00000 93.12320
vt 1.00000 93.12320
vt 0.00000 93.30437
vt 1.00000 93.30437
vt 0.00000 93.48555
vt 1.00000 93.48555
vt 0.00000 93.66672
vt 1.00000 93.66672
vt 0.00000 93.84789
vt 1.00000 93.84789
vt 0.00000 94.02907
vt 1.00000 94.02907
vt 0.00000 94.21024
vt 1.00000 94.21024
vt 0.00000 94.39141
vt 1.00000 94.39141
vt 0.00000 94.57259
vt 1.00000 94.57259
vt 0.00000 94.75376
vt 1.00000 94.75376
vt 0.00000 94.93494
vt 1.00000 94.93494
vt 0.00000 95.11611
vt 1.00000 95.11611
vt 0.00000 95.29728
vt 1.00000 95.29728
vt 0.00000 95.47845
vt 1.00000 95.47845
vt 0.00000 95.65963
vt 1.00000 95.65963
vt 0.00000 95.84081
vt 1.00000 95.84081
vt 0.00000 96.02197
vt 1.00000 96.02197
vt 0.00000 96.20315
vt 1.00000 96.20315
vt 0.00000 96.38432
vt 1.00000 96.38432
vt 0.00000 96.56550
vt 1.00000 96.56550
vt 0.00000 96.74667
vt 1.00000 96.74667
vt 0.00000 96.92784
vt 1.00000 96.92784
vt 0.00000 97.10902
vt 1.00000 97.10902
vt 0.00000 97.29019
vt 1.00000 97.29019
vt 0.00000 97.47137
vt 1.00000 97.47137
vt 0.00000 97.65253
vt 1.00000 97.65253
vt 0.00000 97.83371
vt 1.00000 97.83371
vt 0.00000 98.01488
vt 1.00000 98.01488
vt 0.00000 98.19606
vt 1.00000 98.19606
vt 0.00000 98.37724
vt 1.00000 98.37724
vt 0.00000 98.55840
vt 1.00000 98.55840
vt 0.00000 98.73958
vt 1.00000 98.73958
vt 0.00000 98.92075
vt 1.00000 98.92075
vt 0.00000 99.10193
vt 1.00000 99.10193
vt 0.00000 99.28310
vt 1.00000 99.28310
vt 0.00000 99.46427
vt 1.00000 99.46427
vt 0.00000 99.64545
vt 1.00000 99.64545
vt 0.00000 99.82662
vt 1.00000 99.82662
vt 0.00000 100.00780
vt 1.00000 100.00780
vt 0.00000 100.18896
vt 1.00000 100.18896
vt 0.00000 100.37014
vt 1.00000 100.37014
vt 0.00000 100.55132
vt 1.00000 100.55132
vt 0.00000 100.73249
vt 1.00000 100.73249
vt 0.00000 100.91367
vt 1.00000 100.91367
vt 0.00000 101.09483
vt 1.00000 101.09483
vt 0.00000 101.27601
vt 1.00000 101.27601
vt 0.00000 101.45718
vt 1.00000 101.45718
vt 0.00000 101.63836
vt 1.00000 101.63836
vt 0.00000 101.81953
vt 1.00000 101.81953
vt 0.00000 102.00070
vt 1.00000 102.00070
vt 0.00000 102.18188
vt 1.00000 102.18188
vt 0.00000 102.36305
vt 1.00000 102.36305
vt 0.00000 102.54423
vt 1.00000 102.54423
vt 0.00000 102.72540
vt 1.00000 102.72540
vt 0.00000 102.90657
vt 1.00000 102.90657
vt 0.00000 103.08775
vt 1.00000 103.08775
vt 0.00000 103.26892
vt 1.00000 103.26892
vt 0.00000 103.45009
vt 1.00000 103.45009
vt 0.00000 103.63126
vt 1.00000 103.63126
vt 0.00000 103.81244
vt 1.00000 103.81244
vt 0.00000 103.99361
vt 1.00000 103.99361
vt 0.00000 104.17479
vt 1.00000 104.17479
vt 0.00000 104.35596
vt 1.00000 104.35596
vt 0.00000 104.53713
vt 1.00000 104.53713
vt 0.00000 104.71831
vt 1.00000 104.71831
vt 0.00000 104.89948
vt 1.00000 104.89948
vt 0.00000 105.08065
vt 1.00000 105.08065
vt 0.00000 105.26183
vt 1.00000 105.26183
vt 0.00000 105.44300
vt 1.00000 105.44300
vt 0.00000 105.62418
vt 1.00000 105.62418
vt 0.00000 105.80535
vt 1.00000 105.80535
vt 0.00000 105.98652
vt 1.00000 105.98652
vt 0.00000 106.16769
vt 1.00000 106.16769
vt 0.00000 106.34887
vt 1.00000 106.34887
vt 0.00000 106.53004
vt 1.00000 106.53004
vt 0.00000 106.71121
vt 1.00000 106.71121
vt 0.00000 106.89239
vt 1.00000 106.89239
vt 0.00000 107.07356
vt 1.00000 107.07356
vt 0.00000 107.25474
vt 1.00000 107.25474
vt 0.00000 107.43591
vt 1.00000 107.43591
vt 0.00000 107.61708
vt 1.00000 107.61708
vt 0.00000 107.79826
vt 1.00000 107.79826
vt 0.00000 107.97943
vt 1.00000 107.97943
vt 0.00000 108.16061
vt 1.00000 108.16061
vt 0.00000 108.34177
vt 1.00000 108.34177
vt 0.00000 108.52295
vt 1.00000 108.52295
vt 0.00000 108.70412
vt 1.00000 108.70412
vt 0.00000 108.88530
vt 1.00000 108.88530
vt 0.00000 109.06647
vt 1.00000 109.06647
vt 0.00000 109.24764
vt 1.00000 109.24764
vt 0.00000 109.42882
vt 1.00000 109.42882
vt 0.00000 109.60999
vt 1.00000 109.60999
vt 0.00000 109.79117
vt 1.00000 109.79117
vt 0.00000 109.97234
vt 1.00000 109.97234
vt 0.00000 110.15351
vt 1.00000 110.15351
vt 0.00000 110.33469
vt 1.00000 110.33469
vt 0.00000 110.51586
vt 1.00000 110.51586
vt 0.00000 110.69704
vt 1.00000 110.69704
vt 0.00000 110.87820
vt 1.00000 110.87820
vt 0.00000 111.05938
vt 1.00000 111.05938
vt 0.00000 111.24055
vt 1.00000 111.24055
vt 0.00000 111.42173
vt 1.00000 111.42173
vt 0.00000 111.60290
vt 1.00000 111.60290
vt 0.00000 111.78407
vt 1.00000 111.78407
vt 0.00000 111.96525
vt 1.00000 111.96525
vt 0.00000 112.14642
vt 1.00000 112.14642
vt 0.00000 112.32760
vt 1.00000 112.32760
vt 0.00000 112.50877
vt 1.00000 112.50877
vt 0.00000 112.68994
vt 1.00000 112.68994
vt 0.00000 112.87112
vt 1.00000 112.87112
vt 0.00000 113.05229
vt 1.00000 113.05229
vt 0.00000 113.23346
vt 1.00000 113.23346
vt 0.00000 113.41463
vt 1.00000 113.41463
vt 0.00000 113.59581
vt 1.00000 113.59581
vt 0.00000 113.77699
vt 1.00000 113.77699
vt 0.00000 113.95816
vt 1.00000 113.95816
vt 0.00000 114.13933
vt 1.00000 114.13933
vt 0.00000 114.32050
vt 1.00000 114.32050
vt 0.00000 114.50168
vt 1.00000 114.50168
vt 0.00000 114.68285
vt 1.00000 114.68285
vt 0.00000 114.86402
vt 1.00000 114.86402
vt 0.00000 115.04520
vt 1.00000 115.04520
vt 0.00000 115.22637
vt 1.00000 115.22637
vt 0.00000 115.40755
vt 1.00000 115.40755
vt 0.00000 115.58872
vt 1.00000 115.58872
vt 0.00000 115.76989
vt 1.00000 115.76989
vt 0.00000 115.95107
vt 1.00000 115.95107
vt 0.00000 116.13224
vt 1.00000 116.13224
vt 0.00000 116.31342
vt 1.00000 116.31342
vt 0.00000 116.49458
vt 1.00000 116.49458
vt 0.00000 116.67576
vt 1.00000 116.67576
vt 0.00000 116.85693
vt 1.00000 116.85693
vt 0.00000 117.03811
vt 1.00000 117.03811
vt 0.00000 117.21928
vt 1.00000 117.21928
vt 0.00000 117.40045
vt 1.00000 117.40045
vt 0.00000 117.58163
vt 1.00000 117.58163
vt 0.00000 117.76280
vt 1.00000 117.76280
vt 0.00000 117.94398
vt 1.00000 117.94398
vt 0.00000 118.12514
vt 1.00000 118.12514
vt 0.00000 118.30632
vt 1.00000 118.30632
vt 0.00000 118.48750
vt 1.00000 118.48750
vt 0.00000 118.66867
vt 1.00000 118.66867
vt 0.00000 118.84985
vt 1.00000 118.84985
vt 0.00000 119.03101
vt 1.00000 119.03101
vt 0.00000 119.21219
vt 1.00000 119.21219
vt 0.00000 119.39336
vt 1.00000 119.39336
vt 0.00000 119.57454
vt 1.00000 119.57454
vt 0.00000 119.75571
vt 1.00000 119.75571
vt 0.00000 119.93688
vt 1.00000 119.93688
vt 0.00000 120.11806
vt 1.00000 120.11806
vt 0.00000 120.29923
vt 1.00000 120.29923
vt 0.00000 120.48041
vt 1.00000 120.48041
vt 0.00000 120.66158
vt 1.00000 120.66158
vt 0.00000 120.84275
vt 1.00000 120.84275
vt 0.00000 121.02393
vt 1.00000 121.02393
vt 0.00000 121.20510
vt 1.00000 121.20510
vt 0.00000 121.38627
vt 1.00000 121.38627
vt 0.00000 121.56744
vt 1.00000 121.56744
vt 0.00000 121.74862
vt 1.00000 121.74862
vt 0.00000 121.92979
vt 1.00000 121.92979
vt 0.00000 122.11097
vt 1.00000 122.11097
vt 0.00000 122.29214
vt 1.00000 122.29214
vt 0.00000 122.47331
vt 1.00000 122.47331
vt 0.00000 122.65449
vt 1.00000 122.65449
vt 0.00000 122.83566
vt 1.00000 122.83566
vt 0.00000 123.01683
vt 1.00000 123.01683
vt 0.00000 123.19801
vt 1.00000 123.19801
vt 0.00000 123.37918
vt 1.00000 123.37918
vt 0.00000 123.56036
vt 1.00000 123.56036
vt 0.00000 123.74153
vt 1.00000 123.74153
vt 0.00000 123.92270
vt 1.00000 123.92270
vt 0.00000 124.10387
vt 1.00000 124.10387
vt 0.00000 124.28505
vt 1.00000 124.28505
vt 0.00000 124.46622
vt 1.00000 124.46622
vt 0.00000 124.64739
vt 1.00000 124.64739
vt 0.00000 124.82857
vt 1.00000 124.82857
vt 0.00000 125.00974
vt 1.00000 125.00974
vt 0.00000 125.19092
vt 1.00000 125.19092
vt 0.00000 125.37209
vt 1.00000 125.37209
vt 0.00000 125.55326
vt 1.00000 125.55326
vt 0.00000 125.73444
vt 1.00000 125.73444
vt 0.00000 125.91561
vt 1.00000 125.91561
vt 0.00000 126.09679
vt 1.00000 126.09679
vt 0.00000 126.27795
vt 1.00000 126.27795
vt 0.00000 126.45913
vt 1.00000 126.45913
vt 0.00000 126.64030
vt 1.00000 126.64030
vt 0.00000 126.82148
vt 1.00000 126.82148
vt 0.00000 127.00266
vt 1.00000 127.00266
vt 0.00000 127.18382
vt 1.00000 127.18382
vt 0.00000 127.36500
vt 1.00000 127.36500
vt 0.00000 127.54617
vt 1.00000 127.54617
vt 0.00000 127.72735
vt 1.00000 127.72735
vt 0.00000 127.90852
vt 1.00000 127.90852
vt 0.00000 128.08969
vt 1.00000 128.08969
vt 0.00000 128.27087
vt 1.00000 128.27087
vt 0.00000 128.45204
vt 1.00000 128.45204
vt 0.00000 128.63321
vt 1.00000 128.63321
vt 0.00000 128.81439
vt 1.00000 128.81439
vt 0.00000 128.99556
vt 1.00000 128.99556
vt 0.00000 129.17673
vt 1.00000 129.17673
vt 0.00000 129.35791
vt 1.00000 129.35791
vt 0.00000 129.53908
vt 1.00000 129.53908
vt 0.00000 129.72026
vt 1.00000 129.72026
vt 0.00000 129.90143
vt 1.00000 129.90143
vt 0.00000 130.08260
vt 1.00000 130.08260
vt 0.00000 130.26378
vt 1.00000 130.26378
vt 0.00000 130.44495
vt 1.00000 130.44495
vt 0.00000 130.62613
vt 1.00000 130.62613
vt 0.00000 130.80730
vt 1.00000 130.80730
vt 0.00000 130.98846
vt 1.00000 130.98846
vt 0.00000 131.16965
vt 1.00000 131.16965
vt 0.00000 131.35081
vt 1.00000 131.35081
vt 0.00000 131.53200
vt 1.00000 131.53200
vt 0.00000 131.71317
vt 1.00000 131.71317
vt 0.00000 131.89433
vt 1.00000 131.89433
vt 0.00000 132.07552
vt 1.00000 132.07552
vt 0.00000 132.25668
vt 1.00000 132.25668
vt 0.00000 132.43785
vt 1.00000 132.43785
vt 0.00000 132.61903
vt 1.00000 132.61903
vt 0.00000 132.80020
vt 1.00000 132.80020
vt 0.00000 132.98138
vt 1.00000 132.98138
vt 0.00000 133.16255
vt 1.00000 133.16255
vt 0.00000 133.34372
vt 1.00000 133.34372
vt 0.00000 133.52490
vt 1.00000 133.52490
vt 0.00000 133.70607
vt 1.00000 133.70607
vt 0.00000 133.88725
vt 1.00000 133.88725
vt 0.00000 134.06842
vt 1.00000 134.06842
vt 0.00000 134.24959
vt 1.00000 134.24959
vt 0.00000 134.43077
vt 1.00000 134.43077
vt 0.00000 134.61194
vt 1.00000 134.61194
vt 0.00000 134.79312
vt 1.00000 134.79312
vt 0.00000 134.97429
vt 1.00000 134.97429
vt 0.00000 135.15546
vt 1.00000 135.15546
vt 0.00000 135.33664
vt 1.00000 135.33664
vt 0.00000 135.51781
vt 1.00000 135.51781
vt 0.00000 135.69897
vt 1.00000 135.69897
vt 0.00000 135.88016
vt 1.00000 135.88016
vt 0.00000 136.06133
vt 1.00000 136.06133
vt 0.00000 136.24251
vt 1.00000 136.24251
vt 0.00000 136.42368
vt 1.00000 136.42368
vt 0.00000 136.60484
vt 1.00000 136.60484
vt 0.00000 136.78603
vt 1.00000 136.78603
vt 0.00000 136.96719
vt 1.00000 136.96719
vt 0.00000 137.14838
vt 1.00000 137.14838
vt 0.00000 137.32954
vt 1.00000 137.32954
vt 0.00000 137.51071
vt 1.00000 137.51071
vt 0.00000 137.69189
vt 1.00000 137.69189
vt 0.00000 137.87306
vt 1.00000 137.87306
vt 0.00000 138.05424
vt 1.00000 138.05424
vt 0.00000 138.23541
vt 1.00000 138.23541
vt 0.00000 138.41658
vt 1.00000 138.41658
vt 0.00000 138.59776
vt 1.00000 138.59776
vt 0.00000 138.77893
vt 1.00000 138.77893
vt 0.00000 138.96010
vt 1.00000 138.96010
vt 0.00000 139.14128
vt 1.00000 139.14128
vt 0.00000 139.32245
vt 1.00000 139.32245
vt 0.00000 139.50363
vt 1.00000 139.50363
vt 0.00000 139.68480
vt 1.00000 139.68480
vt 0.00000 139.86597
vt 1.00000 139.86597
vt 0.00000 140.04715
vt 1.00000 140.04715
vt 0.00000 140.22832
vt 1.00000 140.22832
vt 0.00000 140.40950
vt 1.00000 140.40950
vt 0.00000 140.59067
vt 1.00000 140.59067
vt 0.00000 140.77184
vt 1.00000 140.77184
vt 0.00000 140.95302
vt 1.00000 140.95302
vt 0.00000 141.13419
vt 1.00000 141.13419
vt 0.00000 141.31537
vt 1.00000 141.31537
vt 0.00000 141.49654
vt 1.00000 141.49654
vt 0.00000 141.67770
vt 1.00000 141.67770
vt 0.00000 141.85889
vt 1.00000 141.85889
vt 0.00000 142.04005
vt 1.00000 142.04005
vt 0.00000 142.22122
vt 1.00000 142.22122
vt 0.00000 142.40240
vt 1.00000 142.40240
vt 0.00000 142.58357
vt 1.00000 142.58357
vt 0.00000 142.76476
vt 1.00000 142.76476
vt 0.00000 142.94592
vt 1.00000 142.94592
vt 0.00000 143.12709
vt 1.00000 143.12709
vt 0.00000 143.30827
vt 1.00000 143.30827
vt 0.00000 143.48944
vt 1.00000 143.48944
vt 0.00000 143.67062
vt 1.00000 143.67062
vt 0.00000 143.85179
vt 1.00000 143.85179
vt 0.00000 144.03296
vt 1.00000 144.03296
vt 0.00000 144.21414
vt 1.00000 144.21414
vt 0.00000 144.39531
vt 1.00000 144.39531
vt 0.00000 144.57649
vt 1.00000 144.57649
vt 0.00000 144.75766
vt 1.00000 144.75766
vt 0.00000 144.93883
vt 1.00000 144.93883
vt 0.00000 145.12001
vt 1.00000 145.12001
vt 0.00000 145.30118
vt 1.00000 145.30118
vt 0.00000 145.48235
vt 1.00000 145.48235
vt 0.00000 145.66353
vt 1.00000 145.66353
vt 0.00000 145.84470
vt 1.00000 145.84470
vt 0.00000 146.02588
vt 1.00000 146.02588
vt 0.00000 146.20705
vt 1.00000 146.20705
vt 0.00000 146.38821
vt 1.00000 146.38821
vt 0.00000 146.56940
vt 1.00000 146.56940
vt 0.00000 146.75056
vt 1.00000 146.75056
vt 0.00000 146.93175
vt 1.00000 146.93175
vt 0.00000 147.11292
vt 1.00000 147.11292
vt 0.00000 147.29408
vt 1.00000 147.29408
vt 0.00000 147.47527
vt 1.00000 147.47527
vt 0.00000 147.65643
vt 1.00000 147.65643
vt 0.00000 147.83762
vt 1.00000 147.83762
vt 0.00000 148.01878
vt 1.00000 148.01878
vt 0.00000 148.19995
vt 1.00000 148.19995
vt 0.00000 148.38113
vt 1.00000 148.38113
vt 0.00000 148.56230
vt 1.00000 148.56230
vt 0.00000 148.74347
vt 1.00000 148.74347
vt 0.00000 148.92465
vt 1.00000 148.92465
vt 0.00000 149.10582
vt 1.00000 149.10582
vt 0.00000 149.28700
vt 1.00000 149.28700
vt 0.00000 149.46817
vt 1.00000 149.46817
vt 0.00000 149.64934
vt 1.00000 149.64934
vt 0.00000 149.83052
vt 1.00000 149.83052
vt 0.00000 150.01169
vt 1.00000 150.01169
vt 0.00000 150.19287
vt 1.00000 150.19287
vt 0.00000 150.37404
vt 1.00000 150.37404
vt 0.00000 150.55521
vt 1.00000 150.55521
vt 0.00000 150.73639
vt 1.00000 150.73639
vt 0.00000 150.91756
vt 1.00000 150.91756
vt 0.00000 151.09874
vt 1.00000 151.09874
vt 0.00000 151.27991
vt 1.00000 151.27991
vt 0.00000 151.46107
vt 1.00000 151.46107
vt 0.00000 151.64226
vt 1.00000 151.64226
vt 0.00000 151.82343
vt 1.00000 151.82343
vt 0.00000 152.00459
vt 1.00000 152.00459
vt 0.00000 152.18578
vt 1.00000 152.18578
vt 0.00000 152.36694
vt 1.00000 152.36694
vt 0.00000 152.54813
vt 1.00000 152.54813
vt 0.00000 152.72929
vt 1.00000 152.72929
vt 0.00000 152.91046
vt 1.00000 152.91046
vt 0.00000 153.09164
vt 1.00000 153.09164
vt 0.00000 153.27281
vt 1.00000 153.27281
vt 0.00000 153.45399
vt 1.00000 153.45399
vt 0.00000 153.63516
vt 1.00000 153.63516
vt 0.00000 153.81633
vt 1.00000 153.81633
vt 0.00000 153.99751
vt 1.00000 153.99751
vt 0.00000 154.17868
vt 1.00000 154.17868
vt 0.00000 154.35986
vt 1.00000 154.35986
vt 0.00000 154.54103
vt 1.00000 154.54103
vt 0.00000 154.72220
vt 1.00000 154.72220
vt 0.00000 154.90338
vt 1.00000 154.90338
vt 0.00000 155.08455
vt 1.00000 155.08455
vt 0.00000 155.26572
vt 1.00000 155.26572
vt 0.00000 155.44690
vt 1.00000 155.44690
vt 0.00000 155.62807
vt 1.00000 155.62807
vt 0.00000 155.80925
vt 1.00000 155.80925
vt 0.00000 155.99042
vt 1.00000 155.99042
vt 0.00000 156.17159
vt 1.00000 156.17159
vt 0.00000 156.35277
vt 1.00000 156.35277
vt 0.00000 156.53394
vt 1.00000 156.53394
vt 0.00000 156.71512
vt 1.00000 156.71512
vt 0.00000 156.89629
vt 1.00000 156.89629
vt 0.00000 157.07745
vt 1.00000 157.07745
vt 0.00000 157.25864
vt 1.00000 157.25864
vt 0.00000 157.43980
vt 1.00000 157.43980
vt 0.00000 157.62099
vt 1.00000 157.62099
vt 0.00000 157.80215
vt 1.00000 157.80215
vt 0.00000 157.98332
vt 1.00000 157.98332
vt 0.00000 158.16451
vt 1.00000 158.16451
vt 0.00000 158.34567
vt 1.00000 158.34567
vt 0.00000 158.52686
vt 1.00000 158.52686
vt 0.00000 158.70802
vt 1.00000 158.70802
vt 0.00000 158.88919
vt 1.00000 158.88919
vt 0.00000 159.07037
vt 1.00000 159.07037
vt 0.00000 159.25154
vt 1.00000 159.25154
vt 0.00000 159.43271
vt 1.00000 159.43271
vt 0.00000 159.61389
vt 1.00000 159.61389
vt 0.00000 159.79506
vt 1.00000 159.79506
vt 0.00000 159.97624
vt 1.00000 159.97624
vt 0.00000 160.15741
vt 1.00000 160.15741
vt 0.00000 160.33858
vt 1.00000 160.33858
vt 0.00000 160.51976
vt 1.00000 160.51976
vt 0.00000 160.70093
vt 1.00000 160.70093
vt 0.00000 160.88211
vt 1.00000 160.88211
vt 0.00000 161.06328
vt 1.00000 161.06328
vt 0.00000 161.24445
vt 1.00000 161.24445
vt 0.00000 161.42563
vt 1.00000 161.42563
vt 0.00000 161.60680
vt 1.00000 161.60680
vt 0.00000 161.78798
vt 1.00000 161.78798
vt 0.00000 161.96915
vt 1.00000 161.96915
vt 0.00000 162.15031
vt 1.00000 162.15031
vt 0.00000 162.33150
vt 1.00000 162.33150
vt 0.00000 162.51266
vt 1.00000 162.51266
vt 0.00000 162.69383
vt 1.00000 162.69383
vt 0.00000 162.87502
vt 1.00000 162.87502
vt 0.00000 163.05618
vt 1.00000 163.05618
vt 0.00000 163.23737
vt 1.00000 163.23737
vt 0.00000 163.41853
vt 1.00000 163.41853
vt 0.00000 163.59970
vt 1.00000 163.59970
vt 0.00000 163.78088
vt 1.00000 163.78088
vt 0.00000 163.96205
vt 1.00000 163.96205
vt 0.00000 164.14323
vt 1.00000 164.14323
vt 0.00000 164.32440
vt 1.00000 164.32440
vt 0.00000 164.50557
vt 1.00000 164.50557
vt 0.00000 164.68675
vt 1.00000 164.68675
vt 0.00000 164.86792
vt 1.00000 164.86792
vt 0.00000 165.04910
vt 1.00000 165.04910
vt 0.00000 165.23027
vt 1.00000 165.23027
vt 0.00000 165.41144
vt 1.00000 165.41144
vt 0.00000 165.59262
vt 1.00000 165.59262
vt 0.00000 165.77379
vt 1.00000 165.77379
vt 0.00000 165.95496
vt 1.00000 165.95496
vt 0.00000 166.13614
vt 1.00000 166.13614
vt 0.00000 166.31731
vt 1.00000 166.31731
vt 0.00000 166.49849
vt 1.00000 166.49849
vt 0.00000 166.67966
vt 1.00000 166.67966
vt 0.00000 166.86082
vt 1.00000 166.86082
vt 0.00000 167.04201
vt 1.00000 167.04201
vt 0.00000 167.22318
vt 1.00000 167.22318
vt 0.00000 167.40436
vt 1.00000 167.40436
vt 0.00000 167.58553
vt 1.00000 167.58553
vt 0.00000 167.76669
vt 1.00000 167.76669
vt 0.00000 167.94788
vt 1.00000 167.94788
vt 0.00000 168.12904
vt 1.00000 168.12904
vt 0.00000 168.31023
vt 1.00000 168.31023
vt 0.00000 168.49139
vt 1.00000 168.49139
vt 0.00000 168.67256
vt 1.00000 168.67256
vt 0.00000 168.85374
vt 1.00000 168.85374
vt 0.00000 169.03491
vt 1.00000 169.03491
vt 0.00000 169.21608
vt 1.00000 169.21608
vt 0.00000 169.39726
vt 1.00000 169.39726
vt 0.00000 169.57843
vt 1.00000 169.57843
vt 0.00000 169.75961
vt 1.00000 169.75961
vt 0.00000 169.94078
vt 1.00000 169.94078
vt 0.00000 170.12195
vt 1.00000 170.12195
vt 0.00000 170.30313
vt 1.00000 170.30313
vt 0.00000 170.48430
vt 1.00000 170.48430
vt 0.00000 170.66548
vt 1.00000 170.66548
vt 0.00000 170.84665
vt 1.00000 170.84665
vt 0.00000 171.02782
vt 1.00000 171.02782
vt 0.00000 171.20900
vt 1.00000 171.20900
vt 0.00000 171.39017
vt 1.00000 171.39017
vt 0.00000 171.57135
vt 1.00000 171.57135
vt 0.00000 171.75252
vt 1.00000 171.75252
vt 0.00000 171.93369
vt 1.00000 171.93369
vt 0.00000 172.11487
vt 1.00000 172.11487
vt 0.00000 172.29604
vt 1.00000 172.29604
vt 0.00000 172.47720
vt 1.00000 172.47720
vt 0.00000 172.65839
vt 1.00000 172.65839
vt 0.00000 172.83955
vt 1.00000 172.83955
vt 0.00000 173.02074
vt 1.00000 173.02074
vt 0.00000 173.20190
vt 1.00000 173.20190
vt 0.00000 173.38307
vt 1.00000 173.38307
vt 0.00000 173.56425
vt 1.00000 173.56425
vt 0.00000 173.74542
vt 1.00000 173.74542
vt 0.00000 173.92661
vt 1.00000 173.92661
vt 0.00000 174.10777
vt 1.00000 174.10777
vt 0.00000 174.28894
vt 1.00000 174.28894
vt 0.00000 174.47012
vt 1.00000 174.47012
vt 0.00000 174.65129
vt 1.00000 174.65129
vt 0.00000 174.83247
vt 1.00000 174.83247
vt 0.00000 175.01364
vt 1.00000 175.01364
vt 0.00000 175.19481
vt 1.00000 175.19481
vt 0.00000 175.37599
vt 1.00000 175.37599
vt 0.00000 175.55716
vt 1.00000 175.55716
vt 0.00000 175.73833
vt 1.00000 175.73833
vt 0.00000 175.91951
vt 1.00000 175.91951
vt 0.00000 176.10068
vt 1.00000 176.10068
vt 0.00000 176.28186
vt 1.00000 176.28186
vt 0.00000 176.46303
vt 1.00000 176.46303
vt 0.00000 176.64420
vt 1.00000 176.64420
vt 0.00000 176.82538
vt 1.00000 176.82538
vt 0.00000 177.00655
vt 1.00000 177.00655
vt 0.00000 177.18773
vt 1.00000 177.18773
vt 0.00000 177.36890
vt 1.00000 177.36890
vt 0.00000 177.55006
vt 1.00000 177.55006
vt 0.00000 177.73125
vt 1.00000 177.73125
vt 0.00000 177.91241
vt 1.00000 177.91241
vt 0.00000 178.09360
vt 1.00000 178.09360
vt 0.00000 178.27477
vt 1.00000 178.27477
vt 0.00000 178.45593
vt 1.00000 178.45593
vt 0.00000 178.63712
vt 1.00000 178.63712
vt 0.00000 178.81828
vt 1.00000 178.81828
vt 0.00000 178.99945
vt 1.00000 178.99945
vt 0.00000 179.18063
vt 1.00000 179.18063
vt 0.00000 179.36180
vt 1.00000 179.36180
vt 0.00000 179.54298
vt 1.00000 179.54298
vt 0.00000 179.72415
vt 1.00000 179.72415
vt 0.00000 179.90532
vt 1.00000 179.90532
vt 0.00000 180.08650
vt 1.00000 180.08650
vt 0.00000 180.26767
vt 1.00000 180.26767
vt 0.00000 180.44885
vt 1.00000 180.44885
vt 0.00000 180.63002
vt 1.00000 180.63002
vt 0.00000 180.81119
vt 1.00000 180.81119
vt 0.00000 180.99237
vt 1.00000 180.99237
vt 0.00000 181.17354
vt 1.00000 181.17354
vt 0.00000 181.35472
vt 1.00000 181.35472
vt 0.00000 181.53589
vt 1.00000 181.53589
vt 0.00000 181.71706
vt 1.00000 181.71706
vt 0.00000 181.89824
vt 1.00000 181.89824
vt 0.00000 182.07941
vt 1.00000 182.07941
vt 0.00000 182.26057
vt 1.00000 182.26057
vt 0.00000 182.44176
vt 1.00000 182.44176
vt 0.00000 182.62292
vt 1.00000 182.62292
vt 0.00000 182.80411
vt 1.00000 182.80411
vt 0.00000 182.98528
vt 1.00000 182.98528
vt 0.00000 183.16644
vt 1.00000 183.16644
vt 0.00000 183.34763
vt 1.00000 183.34763
vt 0.00000 183.52879
vt 1.00000 183.52879
vt 0.00000 183.70998
vt 1.00000 183.70998
vt 0.00000 183.89114
vt 1.00000 183.89114
vt 0.00000 184.07231
vt 1.00000 184.07231
vt 0.00000 184.25349
vt 1.00000 184.25349
vt 0.00000 184.43466
vt 1.00000 184.43466
vt 0.00000 184.61584
vt 1.00000 184.61584
vt 0.00000 184.79701
vt 1.00000 184.79701
vt 0.00000 184.97818
vt 1.00000 184.97818
vt 0.00000 185.15936
vt 1.00000 185.15936
vt 0.00000 185.34053
vt 1.00000 185.34053
vt 0.00000 185.52170
vt 1.00000 185.52170
vt 0.00000 185.70288
vt 1.00000 185.70288
vt 0.00000 185.88405
vt 1.00000 185.88405
vt 0.00000 186.06523
vt 1.00000 186.06523
vt 0.00000 186.24640
vt 1.00000 186.24640
vt 0.00000 186.42757
vt 1.00000 186.42757
vt 0.00000 186.60875
vt 1.00000 186.60875
vt 0.00000 186.78992
vt 1.00000 186.78992
vt 0.00000 186.97110
vt 1.00000 186.97110
vt 0.00000 187.15227
vt 1.00000 187.15227
vt 0.00000 187.33344
vt 1.00000 187.33344
vt 0.00000 187.51462
vt 1.00000 187.51462
vt 0.00000 187.69579
vt 1.00000 187.69579
vt 0.00000 187.87697
vt 1.00000 187.87697
vt 0.00000 188.05814
vt 1.00000 188.05814
vt 0.00000 188.23930
vt 1.00000 188.23930
vt 0.00000 188.42049
vt 1.00000 188.42049
vt 0.00000 188.60165
vt 1.00000 188.60165
vt 0.00000 188.78282
vt 1.00000 188.78282
vt 0.00000 188.96400
vt 1.00000 188.96400
vt 0.00000 189.14517
vt 1.00000 189.14517
vt 0.00000 189.32635
vt 1.00000 189.32635
vt 0.00000 189.50752
vt 1.00000 189.50752
vt 0.00000 189.68869
vt 1.00000 189.68869
vt 0.00000 189.86987
vt 1.00000 189.86987
vt 0.00000 190.05104
vt 1.00000 190.05104
vt 0.00000 190.23222
vt 1.00000 190.23222
vt 0.00000 190.41339
vt 1.00000 190.41339
vt 0.00000 190.59456
vt 1.00000 190.59456
vt 0.00000 190.77574
vt 1.00000 190.77574
vt 0.00000 190.95691
vt 1.00000 190.95691
vt 0.00000 191.13809
vt 1.00000 191.13809
vt 0.00000 191.31926
vt 1.00000 191.31926
vt 0.00000 191.50043
vt 1.00000 191.50043
vt 0.00000 191.68161
vt 1.00000 191.68161
vt 0.00000 191.86278
vt 1.00000 191.86278
vt 0.00000 192.04395
vt 1.00000 192.04395
vt 0.00000 192.22513
vt 1.00000 192.22513
vt 0.00000 192.40630
vt 1.00000 192.40630
vt 0.00000 192.58748
vt 1.00000 192.58748
vt 0.00000 192.76865
vt 1.00000 192.76865
vt 0.00000 192.94981
vt 1.00000 192.94981
vt 0.00000 193.13100
vt 1.00000 193.13100
vt 0.00000 193.31216
vt 1.00000 193.31216
vt 0.00000 193.49335
vt 1.00000 193.49335
vt 0.00000 193.67451
vt 1.00000 193.67451
vt 0.00000 193.85568
vt 1.00000 193.85568
vt 0.00000 194.03687
vt 1.00000 194.03687
vt 0.00000 194.21803
vt 1.00000 194.21803
vt 0.00000 194.39922
vt 1.00000 194.39922
vt 0.00000 194.58038
vt 1.00000 194.58038
vt 0.00000 194.76155
vt 1.00000 194.76155
vt 0.00000 194.94273
vt 1.00000 194.94273
vt 0.00000 195.12390
vt 1.00000 195.12390
vt 0.00000 195.30507
vt 1.00000 195.30507
vt 0.00000 195.48625
vt 1.00000 195.48625
vt 0.00000 195.66742
vt 1.00000 195.66742
vt 0.00000 195.84860
vt 1.00000 195.84860
vt 0.00000 196.02977
vt 1.00000 196.02977
vt 0.00000 196.21094
vt 1.00000 196.21094
vt 0.00000 196.39212
vt 1.00000 196.39212
vt 0.00000 196.57329
vt 1.00000 196.57329
vt 0.00000 196.75447
vt 1.00000 196.75447
vt 0.00000 196.93564
vt 1.00000 196.93564
vt 0.00000 197.11681
vt 1.00000 197.11681
vt 0.00000 197.29799
vt 1.00000 197.29799
vt 0.00000 197.47916
vt 1.00000 197.47916
vt 0.00000 197.66034
vt 1.00000 197.66034
vt 0.00000 197.84151
vt 1.00000 197.84151
vt 0.00000 198.02267
vt 1.00000 198.02267
vt 0.00000 198.20386
vt 1.00000 198.20386
vt 0.00000 198.38503
vt 1.00000 198.38503
vt 0.00000 198.56621
vt 1.00000 198.56621
vt 0.00000 198.74738
vt 1.00000 198.74738
vt 0.00000 198.92854
vt 1.00000 198.92854
vt 0.00000 199.10973
vt 1.00000 199.10973
vt 0.00000 199.29089
vt 1.00000 199.29089
f 2203/2203 2204/2204 2205/2205
f 2204/2204 2206/2206 2205/2205
f 2205/2205 2206/2206 2207/2207
f 2206/2206 2208/2208 2207/2207
f 2207/2207 2208/2208 2209/2209
f 2208/2208 2210/2210 2209/2209
f 2209/2209 2210/2210 2211/2211
f 2210/2210 2212/2212 2211/2211
f 2211/2211 2212/2212 2213/2213
f 2212/2212 2214/2214 2213/2213
f 2213/2213 2214/2214 2215/2215
f 2214/2214 2216/2216 2215/2215
f 2215/2215 2216/2216 2217/2217
f 2216/2216 2218/2218 2217/2217
f 2217/2217 2218/2218 2219/2219
f 2218/2218 2220/2220 2219/2219
f 2219/2219 2220/2220 2221/2221
f 2220/2220 2222/2222 2221/2221
f 2221/2221 2222/2222 2223/2223
f 2222/2222 2224/2224 2223/2223
f 2223/2223 2224/2224 2225/2225
f 2224/2224 2226/2226 2225/2225
f 2225/2225 2226/2226 2227/2227
f 2226/2226 2228/2228 2227/2227
f 2227/2227 2228/2228 2229/2229
f 2228/2228 2230/2230 2229/2229
f 2229/2229 2230/2230 2231/2231
f 2230/2230 2232/2232 2231/2231
f 2231/2231 2232/2232 2233/2233
f 2232/2232 2234/2234 2233/2233
f 2233/2233 2234/2234 2235/2235
f 2234/2234 2236/2236 2235/2235
f 2235/2235 2236/2236 2237/2237
f 2236/2236 2238/2238 2237/2237
f 2237/2237 2238/2238 2239/2239
f 2238/2238 2240/2240 2239/2239
f 2239/2239 2240/2240 2241/2241
f 2240/2240 2242/2242 2241/2241
f 2241/2241 2242/2242 2243/2243
f 2242/2242 2244/2244 2243/2243
f 2243/2243 2244/2244 2245/2245
f 2244/2244 2246/2246 2245/2245
f 2245/2245 2246/2246 2247/2247
f 2246/2246 2248/2248 2247/2247
f 2247/2247 2248/2248 2249/2249
f 2248/2248 2250/2250 2249/2249
f 2249/2249 2250/2250 2251/2251
f 2250/2250 2252/2252 2251/2251
f 2251/2251 2252/2252 2253/2253
f 2252/2252 2254/2254 2253/2253
f 2253/2253 2254/2254 2255/2255
f 2254/2254 2256/2256 2255/2255
f 2255/2255 2256/2256 2257/2257
f 2256/2256 2258/2258 2257/2257
f 2257/2257 2258/2258 2259/2259
f 2258/2258 2260/2260 2259/2259
f 2259/2259 2260/2260 2261/2261
f 2260/2260 2262/2262 2261/2261
f 2261/2261 2262/2262 2263/2263
f 2262/2262 2264/2264 2263/2263
f 2263/2263 2264/2264 2265/2265
f 2264/2264 2266/2266 2265/2265
f 2265/2265 2266/2266 2267/2267
f 2266/2266 2268/2268 2267/2267
f 2267/2267 2268/2268 2269/2269
f 2268/2268 2270/2270 2269/2269
f 2269/2269 2270/2270 2271/2271
f 2270/2270 2272/2272 2271/2271
f 2271/2271 2272/2272 2273/2273
f 2272/2272 2274/2274 2273/2273
f 2273/2273 2274/2274 2275/2275
f 2274/2274 2276/2276 2275/2275
f 2275/2275 2276/2276 2277/2277
f 2276/2276 2278/2278 2277/2277
f 2277/2277 2278/2278 2279/2279
f 2278/2278 2280/2280 2279/2279
f 2279/2279 2280/2280 2281/2281
f 2280/2280 2282/2282 2281/2281
f 2281/2281 2282/2282 2283/2283
f 2282/2282 2284/2284 2283/2283
f 2283/2283 2284/2284 2285/2285
f 2284/2284 2286/2286 2285/2285
f 2285/2285 2286/2286 2287/2287
f 2286/2286 2288/2288 2287/2287
f 2287/2287 2288/2288 2289/2289
f 2288/2288 2290/2290 2289/2289
f 2289/2289 2290/2290 2291/2291
f 2290/2290 2292/2292 2291/2291
f 2291/2291 2292/2292 2293/2293
f 2292/2292 2294/2294 2293/2293
f 2293/2293 2294/2294 2295/2295
f 2294/2294 2296/2296 2295/2295
f 2295/2295 2296/2296 2297/2297
f 2296/2296 2298/2298 2297/2297
f 2297/2297 2298/2298 2299/2299
f 2298/2298 2300/2300 2299/2299
f 2299/2299 2300/2300 2301/2301
f 2300/2300 2302/2302 2301/2301
f 2301/2301 2302/2302 2303/2303
f 2302/2302 2304/2304 2303/2303
f 2303/2303 2304/2304 2305/2305
f 2304/2304 2306/2306 2305/2305
f 2305/2305 2306/2306 2307/2307
f 2306/2306 2308/2308 2307/2307
f 2307/2307 2308/2308 2309/2309
f 2308/2308 2310/2310 2309/2309
f 2309/2309 2310/2310 2311/2311
f 2310/2310 2312/2312 2311/2311
f 2311/2311 2312/2312 2313/2313
f 2312/2312 2314/2314 2313/2313
f 2313/2313 2314/2314 2315/2315
f 2314/2314 2316/2316 2315/2315
f 2315/2315 2316/2316 2317/2317
f 2316/2316 2318/2318 2317/2317
f 2317/2317 2318/2318 2319/2319
f 2318/2318 2320/2320 2319/2319
f 2319/2319 2320/2320 2321/2321
f 2320/2320 2322/2322 2321/2321
f 2321/2321 2322/2322 2323/2323
f 2322/2322 2324/2324 2323/2323
f 2323/2323 2324/2324 2325/2325
f 2324/2324 2326/2326 2325/2325
f 2325/2325 2326/2326 2327/2327
f 2326/2326 2328/2328 2327/2327
f 2327/2327 2328/2328 2329/2329
f 2328/2328 2330/2330 2329/2329
f 2329/2329 2330/2330 2331/2331
f 2330/2330 2332/2332 2331/2331
f 2331/2331 2332/2332 2333/2333
f 2332/2332 2334/2334 2333/2333
f 2333/2333 2334/2334 2335/2335
f 2334/2334 2336/2336 2335/2335
f 2335/2335 2336/2336 2337/2337
f 2336/2336 2338/2338 2337/2337
f 2337/2337 2338/2338 2339/2339
f 2338/2338 2340/2340 2339/2339
f 2339/2339 2340/2340 2341/2341
f 2340/2340 2342/2342 2341/2341
f 2341/2341 2342/2342 2343/2343
f 2342/2342 2344/2344 2343/2343
f 2343/2343 2344/2344 2345/2345
f 2344/2344 2346/2346 2345/2345
f 2345/2345 2346/2346 2347/2347
f 2346/2346 2348/2348 2347/2347
f 2347/2347 2348/2348 2349/2349
f 2348/2348 2350/2350 2349/2349
f 2349/2349 2350/2350 2351/2351
f 2350/2350 2352/2352 2351/2351
f 2351/2351 2352/2352 2353/2353
f 2352/2352 2354/2354 2353/2353
f 2353/2353 2354/2354 2355/2355
f 2354/2354 2356/2356 2355/2355
f 2355/2355 2356/2356 2357/2357
f 2356/2356 2358/2358 2357/2357
f 2357/2357 2358/2358 2359/2359
f 2358/2358 2360/2360 2359/2359
f 2359/2359 2360/2360 2361/2361
f 2360/2360 2362/2362 2361/2361
f 2361/2361 2362/2362 2363/2363
f 2362/2362 2364/2364 2363/2363
f 2363/2363 2364/2364 2365/2365
f 2364/2364 2366/2366 2365/2365
f 2365/2365 2366/2366 2367/2367
f 2366/2366 2368/2368 2367/2367
f 2367/2367 2368/2368 2369/2369
f 2368/2368 2370/2370 2369/2369
f 2369/2369 2370/2370 2371/2371
f 2370/2370 2372/2372 2371/2371
f 2371/2371 2372/2372 2373/2373
f 2372/2372 2374/2374 2373/2373
f 2373/2373 2374/2374 2375/2375
f 2374/2374 2376/2376 2375/2375
f 2375/2375 2376/2376 2377/2377
f 2376/2376 2378/2378 2377/2377
f 2377/2377 2378/2378 2379/2379
f 2378/2378 2380/2380 2379/2379
f 2379/2379 2380/2380 2381/2381
f 2380/2380 2382/2382 2381/2381
f 2381/2381 2382/2382 2383/2383
f 2382/2382 2384/2384 2383/2383
f 2383/2383 2384/2384 2385/2385
f 2384/2384 2386/2386 2385/2385
f 2385/2385 2386/2386 2387/2387
f 2386/2386 2388/2388 2387/2387
f 2387/2387 2388/2388 2389/2389
f 2388/2388 2390/2390 2389/2389
f 2389/2389 2390/2390 2391/2391
f 2390/2390 2392/2392 2391/2391
f 2391/2391 2392/2392 2393/2393
f 2392/2392 2394/2394 2393/2393
f 2393/2393 2394/2394 2395/2395
f 2394/2394 2396/2396 2395/2395
f 2395/2395 2396/2396 2397/2397
f 2396/2396 2398/2398 2397/2397
f 2397/2397 2398/2398 2399/2399
f 2398/2398 2400/2400 2399/2399
f 2399/2399 2400/2400 2401/2401
f 2400/2400 2402/2402 2401/2401
f 2401/2401 2402/2402 2403/2403
f 2402/2402 2404/2404 2403/2403
f 2403/2403 2404/2404 2405/2405
f 2404/2404 2406/2406 2405/2405
f 2405/2405 2406/2406 2407/2407
f 2406/2406 2408/2408 2407/2407
f 2407/2407 2408/2408 2409/2409
f 2408/2408 2410/2410 2409/2409
f 2409/2409 2410/2410 2411/2411
f 2410/2410 2412/2412 2411/2411
f 2411/2411 2412/2412 2413/2413
f 2412/2412 2414/2414 2413/2413
f 2413/2413 2414/2414 2415/2415
f 2414/2414 2416/2416 2415/2415
f 2415/2415 2416/2416 2417/2417
f 2416/2416 2418/2418 2417/2417
f 2417/2417 2418/2418 2419/2419
f 2418/2418 2420/2420 2419/2419
f 2419/2419 2420/2420 2421/2421
f 2420/2420 2422/2422 2421/2421
f 2421/2421 2422/2422 2423/2423
f 2422/2422 2424/2424 2423/2423
f 2423/2423 2424/2424 2425/2425
f 2424/2424 2426/2426 2425/2425
f 2425/2425 2426/2426 2427/2427
f 2426/2426 2428/2428 2427/2427
f 2427/2427 2428/2428 2429/2429
f 2428/2428 2430/2430 2429/2429
f 2429/2429 2430/2430 2431/2431
f 2430/2430 2432/2432 2431/2431
f 2431/2431 2432/2432 2433/2433
f 2432/2432 2434/2434 2433/2433
f 2433/2433 2434/2434 2435/2435
f 2434/2434 2436/2436 2435/2435
f 2435/2435 2436/2436 2437/2437
f 2436/2436 2438/2438 2437/2437
f 2437/2437 2438/2438 2439/2439
f 2438/2438 2440/2440 2439/2439
f 2439/2439 2440/2440 2441/2441
f 2440/2440 2442/2442 2441/2441
f 2441/2441 2442/2442 2443/2443
f 2442/2442 2444/2444 2443/2443
f 2443/2443 2444/2444 2445/2445
f 2444/2444 2446/2446 2445/2445
f 2445/2445 2446/2446 2447/2447
f 2446/2446 2448/2448 2447/2447
f 2447/2447 2448/2448 2449/2449
f 2448/2448 2450/2450 2449/2449
f 2449/2449 2450/2450 2451/2451
f 2450/2450 2452/2452 2451/2451
f 2451/2451 2452/2452 2453/2453
f 2452/2452 2454/2454 2453/2453
f 2453/2453 2454/2454 2455/2455
f 2454/2454 2456/2456 2455/2455
f 2455/2455 2456/2456 2457/2457
f 2456/2456 2458/2458 2457/2457
f 2457/2457 2458/2458 2459/2459
f 2458/2458 2460/2460 2459/2459
f 2459/2459 2460/2460 2461/2461
f 2460/2460 2462/2462 2461/2461
f 2461/2461 2462/2462 2463/2463
f 2462/2462 2464/2464 2463/2463
f 2463/2463 2464/2464 2465/2465
f 2464/2464 2466/2466 2465/2465
f 2465/2465 2466/2466 2467/2467
f 2466/2466 2468/2468 2467/2467
f 2467/2467 2468/2468 2469/2469
f 2468/2468 2470/2470 2469/2469
f 2469/2469 2470/2470 2471/2471
f 2470/2470 2472/2472 2471/2471
f 2471/2471 2472/2472 2473/2473
f 2472/2472 2474/2474 2473/2473
f 2473/2473 2474/2474 2475/2475
f 2474/2474 2476/2476 2475/2475
f 2475/2475 2476/2476 2477/2477
f 2476/2476 2478/2478 2477/2477
f 2477/2477 2478/2478 2479/2479
f 2478/2478 2480/2480 2479/2479
f 2479/2479 2480/2480 2481/2481
f 2480/2480 2482/2482 2481/2481
f 2481/2481 2482/2482 2483/2483
f 2482/2482 2484/2484 2483/2483
f 2483/2483 2484/2484 2485/2485
f 2484/2484 2486/2486 2485/2485
f 2485/2485 2486/2486 2487/2487
f 2486/2486 2488/2488 2487/2487
f 2487/2487 2488/2488 2489/2489
f 2488/2488 2490/2490 2489/2489
f 2489/2489 2490/2490 2491/2491
f 2490/2490 2492/2492 2491/2491
f 2491/2491 2492/2492 2493/2493
f 2492/2492 2494/2494 2493/2493
f 2493/2493 2494/2494 2495/2495
f 2494/2494 2496/2496 2495/2495
f 2495/2495 2496/2496 2497/2497
f 2496/2496 2498/2498 2497/2497
f 2497/2497 2498/2498 2499/2499
f 2498/2498 2500/2500 2499/2499
f 2499/2499 2500/2500 2501/2501
f 2500/2500 2502/2502 2501/2501
f 2501/2501 2502/2502 2503/2503
f 2502/2502 2504/2504 2503/2503
f 2503/2503 2504/2504 2505/2505
f 2504/2504 2506/2506 2505/2505
f 2505/2505 2506/2506 2507/2507
f 2506/2506 2508/2508 2507/2507
f 2507/2507 2508/2508 2509/2509
f 2508/2508 2510/2510 2509/2509
f 2509/2509 2510/2510 2511/2511
f 2510/2510 2512/2512 2511/2511
f 2511/2511 2512/2512 2513/2513
f 2512/2512 2514/2514 2513/2513
f 2513/2513 2514/2514 2515/2515
f 2514/2514 2516/2516 2515/2515
f 2515/2515 2516/2516 2517/2517
f 2516/2516 2518/2518 2517/2517
f 2517/2517 2518/2518 2519/2519
f 2518/2518 2520/2520 2519/2519
f 2519/2519 2520/2520 2521/2521
f 2520/2520 2522/2522 2521/2521
f 2521/2521 2522/2522 2523/2523
f 2522/2522 2524/2524 2523/2523
f 2523/2523 2524/2524 2525/2525
f 2524/2524 2526/2526 2525/2525
f 2525/2525 2526/2526 2527/2527
f 2526/2526 2528/2528 2527/2527
f 2527/2527 2528/2528 2529/2529
f 2528/2528 2530/2530 2529/2529
f 2529/2529 2530/2530 2531/2531
f 2530/2530 2532/2532 2531/2531
f 2531/2531 2532/2532 2533/2533
f 2532/2532 2534/2534 2533/2533
f 2533/2533 2534/2534 2535/2535
f 2534/2534 2536/2536 2535/2535
f 2535/2535 2536/2536 2537/2537
f 2536/2536 2538/2538 2537/2537
f 2537/2537 2538/2538 2539/2539
f 2538/2538 2540/2540 2539/2539
f 2539/2539 2540/2540 2541/2541
f 2540/2540 2542/2542 2541/2541
f 2541/2541 2542/2542 2543/2543
f 2542/2542 2544/2544 2543/2543
f 2543/2543 2544/2544 2545/2545
f 2544/2544 2546/2546 2545/2545
f 2545/2545 2546/2546 2547/2547
f 2546/2546 2548/2548 2547/2547
f 2547/2547 2548/2548 2549/2549
f 2548/2548 2550/2550 2549/2549
f 2549/2549 2550/2550 2551/2551
f 2550/2550 2552/2552 2551/2551
f 2551/2551 2552/2552 2553/2553
f 2552/2552 2554/2554 2553/2553
f 2553/2553 2554/2554 2555/2555
f 2554/2554 2556/2556 2555/2555
f 2555/2555 2556/2556 2557/2557
f 2556/2556 2558/2558 2557/2557
f 2557/2557 2558/2558 2559/2559
f 2558/2558 2560/2560 2559/2559
f 2559/2559 2560/2560 2561/2561
f 2560/2560 2562/2562 2561/2561
f 2561/2561 2562/2562 2563/2563
f 2562/2562 2564/2564 2563/2563
f 2563/2563 2564/2564 2565/2565
f 2564/2564 2566/2566 2565/2565
f 2565/2565 2566/2566 2567/2567
f 2566/2566 2568/2568 2567/2567
f 2567/2567 2568/2568 2569/2569
f 2568/2568 2570/2570 2569/2569
f 2569/2569 2570/2570 2571/2571
f 2570/2570 2572/2572 2571/2571
f 2571/2571 2572/2572 2573/2573
f 2572/2572 2574/2574 2573/2573
f 2573/2573 2574/2574 2575/2575
f 2574/2574 2576/2576 2575/2575
f 2575/2575 2576/2576 2577/2577
f 2576/2576 2578/2578 2577/2577
f 2577/2577 2578/2578 2579/2579
f 2578/2578 2580/2580 2579/2579
f 2579/2579 2580/2580 2581/2581
f 2580/2580 2582/2582 2581/2581
f 2581/2581 2582/2582 2583/2583
f 2582/2582 2584/2584 2583/2583
f 2583/2583 2584/2584 2585/2585
f 2584/2584 2586/2586 2585/2585
f 2585/2585 2586/2586 2587/2587
f 2586/2586 2588/2588 2587/2587
f 2587/2587 2588/2588 2589/2589
f 2588/2588 2590/2590 2589/2589
f 2589/2589 2590/2590 2591/2591
f 2590/2590 2592/2592 2591/2591
f 2591/2591 2592/2592 2593/2593
f 2592/2592 2594/2594 2593/2593
f 2593/2593 2594/2594 2595/2595
f 2594/2594 2596/2596 2595/2595
f 2595/2595 2596/2596 2597/2597
f 2596/2596 2598/2598 2597/2597
f 2597/2597 2598/2598 2599/2599
f 2598/2598 2600/2600 2599/2599
f 2599/2599 2600/2600 2601/2601
f 2600/2600 2602/2602 2601/2601
f 2601/2601 2602/2602 2603/2603
f 2602/2602 2604/2604 2603/2603
f 2603/2603 2604/2604 2605/2605
f 2604/2604 2606/2606 2605/2605
f 2605/2605 2606/2606 2607/2607
f 2606/2606 2608/2608 2607/2607
f 2607/2607 2608/2608 2609/2609
f 2608/2608 2610/2610 2609/2609
f 2609/2609 2610/2610 2611/2611
f 2610/2610 2612/2612 2611/2611
f 2611/2611 2612/2612 2613/2613
f 2612/2612 2614/2614 2613/2613
f 2613/2613 2614/2614 2615/2615
f 2614/2614 2616/2616 2615/2615
f 2615/2615 2616/2616 2617/2617
f 2616/2616 2618/2618 2617/2617
f 2617/2617 2618/2618 2619/2619
f 2618/2618 2620/2620 2619/2619
f 2619/2619 2620/2620 2621/2621
f 2620/2620 2622/2622 2621/2621
f 2621/2621 2622/2622 2623/2623
f 2622/2622 2624/2624 2623/2623
f 2623/2623 2624/2624 2625/2625
f 2624/2624 2626/2626 2625/2625
f 2625/2625 2626/2626 2627/2627
f 2626/2626 2628/2628 2627/2627
f 2627/2627 2628/2628 2629/2629
f 2628/2628 2630/2630 2629/2629
f 2629/2629 2630/2630 2631/2631
f 2630/2630 2632/2632 2631/2631
f 2631/2631 2632/2632 2633/2633
f 2632/2632 2634/2634 2633/2633
f 2633/2633 2634/2634 2635/2635
f 2634/2634 2636/2636 2635/2635
f 2635/2635 2636/2636 2637/2637
f 2636/2636 2638/2638 2637/2637
f 2637/2637 2638/2638 2639/2639
f 2638/2638 2640/2640 2639/2639
f 2639/2639 2640/2640 2641/2641
f 2640/2640 2642/2642 2641/2641
f 2641/2641 2642/2642 2643/2643
f 2642/2642 2644/2644 2643/2643
f 2643/2643 2644/2644 2645/2645
f 2644/2644 2646/2646 2645/2645
f 2645/2645 2646/2646 2647/2647
f 2646/2646 2648/2648 2647/2647
f 2647/2647 2648/2648 2649/2649
f 2648/2648 2650/2650 2649/2649
f 2649/2649 2650/2650 2651/2651
f 2650/2650 2652/2652 2651/2651
f 2651/2651 2652/2652 2653/2653
f 2652/2652 2654/2654 2653/2653
f 2653/2653 2654/2654 2655/2655
f 2654/2654 2656/2656 2655/2655
f 2655/2655 2656/2656 2657/2657
f 2656/2656 2658/2658 2657/2657
f 2657/2657 2658/2658 2659/2659
f 2658/2658 2660/2660 2659/2659
f 2659/2659 2660/2660 2661/2661
f 2660/2660 2662/2662 2661/2661
f 2661/2661 2662/2662 2663/2663
f 2662/2662 2664/2664 2663/2663
f 2663/2663 2664/2664 2665/2665
f 2664/2664 2666/2666 2665/2665
f 2665/2665 2666/2666 2667/2667
f 2666/2666 2668/2668 2667/2667
f 2667/2667 2668/2668 2669/2669
f 2668/2668 2670/2670 2669/2669
f 2669/2669 2670/2670 2671/2671
f 2670/2670 2672/2672 2671/2671
f 2671/2671 2672/2672 2673/2673
f 2672/2672 2674/2674 2673/2673
f 2673/2673 2674/2674 2675/2675
f 2674/2674 2676/2676 2675/2675
f 2675/2675 2676/2676 2677/2677
f 2676/2676 2678/2678 2677/2677
f 2677/2677 2678/2678 2679/2679
f 2678/2678 2680/2680 2679/2679
f 2679/2679 2680/2680 2681/2681
f 2680/2680 2682/2682 2681/2681
f 2681/2681 2682/2682 2683/2683
f 2682/2682 2684/2684 2683/2683
f 2683/2683 2684/2684 2685/2685
f 2684/2684 2686/2686 2685/2685
f 2685/2685 2686/2686 2687/2687
f 2686/2686 2688/2688 2687/2687
f 2687/2687 2688/2688 2689/2689
f 2688/2688 2690/2690 2689/2689
f 2689/2689 2690/2690 2691/2691
f 2690/2690 2692/2692 2691/2691
f 2691/2691 2692/2692 2693/2693
f 2692/2692 2694/2694 2693/2693
f 2693/2693 2694/2694 2695/2695
f 2694/2694 2696/2696 2695/2695
f 2695/2695 2696/2696 2697/2697
f 2696/2696 2698/2698 2697/2697
f 2697/2697 2698/2698 2699/2699
f 2698/2698 2700/2700 2699/2699
f 2699/2699 2700/2700 2701/2701
f 2700/2700 2702/2702 2701/2701
f 2701/2701 2702/2702 2703/2703
f 2702/2702 2704/2704 2703/2703
f 2703/2703 2704/2704 2705/2705
f 2704/2704 2706/2706 2705/2705
f 2705/2705 2706/2706 2707/2707
f 2706/2706 2708/2708 2707/2707
f 2707/2707 2708/2708 2709/2709
f 2708/2708 2710/2710 2709/2709
f 2709/2709 2710/2710 2711/2711
f 2710/2710 2712/2712 2711/2711
f 2711/2711 2712/2712 2713/2713
f 2712/2712 2714/2714 2713/2713
f 2713/2713 2714/2714 2715/2715
f 2714/2714 2716/2716 2715/2715
f 2715/2715 2716/2716 2717/2717
f 2716/2716 2718/2718 2717/2717
f 2717/2717 2718/2718 2719/2719
f 2718/2718 2720/2720 2719/2719
f 2719/2719 2720/2720 2721/2721
f 2720/2720 2722/2722 2721/2721
f 2721/2721 2722/2722 2723/2723
f 2722/2722 2724/2724 2723/2723
f 2723/2723 2724/2724 2725/2725
f 2724/2724 2726/2726 2725/2725
f 2725/2725 2726/2726 2727/2727
f 2726/2726 2728/2728 2727/2727
f 2727/2727 2728/2728 2729/2729
f 2728/2728 2730/2730 2729/2729
f 2729/2729 2730/2730 2731/2731
f 2730/2730 2732/2732 2731/2731
f 2731/2731 2732/2732 2733/2733
f 2732/2732 2734/2734 2733/2733
f 2733/2733 2734/2734 2735/2735
f 2734/2734 2736/2736 2735/2735
f 2735/2735 2736/2736 2737/2737
f 2736/2736 2738/2738 2737/2737
f 2737/2737 2738/2738 2739/2739
f 2738/2738 2740/2740 2739/2739
f 2739/2739 2740/2740 2741/2741
f 2740/2740 2742/2742 2741/2741
f 2741/2741 2742/2742 2743/2743
f 2742/2742 2744/2744 2743/2743
f 2743/2743 2744/2744 2745/2745
f 2744/2744 2746/2746 2745/2745
f 2745/2745 2746/2746 2747/2747
f 2746/2746 2748/2748 2747/2747
f 2747/2747 2748/2748 2749/2749
f 2748/2748 2750/2750 2749/2749
f 2749/2749 2750/2750 2751/2751
f 2750/2750 2752/2752 2751/2751
f 2751/2751 2752/2752 2753/2753
f 2752/2752 2754/2754 2753/2753
f 2753/2753 2754/2754 2755/2755
f 2754/2754 2756/2756 2755/2755
f 2755/2755 2756/2756 2757/2757
f 2756/2756 2758/2758 2757/2757
f 2757/2757 2758/2758 2759/2759
f 2758/2758 2760/2760 2759/2759
f 2759/2759 2760/2760 2761/2761
f 2760/2760 2762/2762 2761/2761
f 2761/2761 2762/2762 2763/2763
f 2762/2762 2764/2764 2763/2763
f 2763/2763 2764/2764 2765/2765
f 2764/2764 2766/2766 2765/2765
f 2765/2765 2766/2766 2767/2767
f 2766/2766 2768/2768 2767/2767
f 2767/2767 2768/2768 2769/2769
f 2768/2768 2770/2770 2769/2769
f 2769/2769 2770/2770 2771/2771
f 2770/2770 2772/2772 2771/2771
f 2771/2771 2772/2772 2773/2773
f 2772/2772 2774/2774 2773/2773
f 2773/2773 2774/2774 2775/2775
f 2774/2774 2776/2776 2775/2775
f 2775/2775 2776/2776 2777/2777
f 2776/2776 2778/2778 2777/2777
f 2777/2777 2778/2778 2779/2779
f 2778/2778 2780/2780 2779/2779
f 2779/2779 2780/2780 2781/2781
f 2780/2780 2782/2782 2781/2781
f 2781/2781 2782/2782 2783/2783
f 2782/2782 2784/2784 2783/2783
f 2783/2783 2784/2784 2785/2785
f 2784/2784 2786/2786 2785/2785
f 2785/2785 2786/2786 2787/2787
f 2786/2786 2788/2788 2787/2787
f 2787/2787 2788/2788 2789/2789
f 2788/2788 2790/2790 2789/2789
f 2789/2789 2790/2790 2791/2791
f 2790/2790 2792/2792 2791/2791
f 2791/2791 2792/2792 2793/2793
f 2792/2792 2794/2794 2793/2793
f 2793/2793 2794/2794 2795/2795
f 2794/2794 2796/2796 2795/2795
f 2795/2795 2796/2796 2797/2797
f 2796/2796 2798/2798 2797/2797
f 2797/2797 2798/2798 2799/2799
f 2798/2798 2800/2800 2799/2799
f 2799/2799 2800/2800 2801/2801
f 2800/2800 2802/2802 2801/2801
f 2801/2801 2802/2802 2803/2803
f 2802/2802 2804/2804 2803/2803
f 2803/2803 2804/2804 2805/2805
f 2804/2804 2806/2806 2805/2805
f 2805/2805 2806/2806 2807/2807
f 2806/2806 2808/2808 2807/2807
f 2807/2807 2808/2808 2809/2809
f 2808/2808 2810/2810 2809/2809
f 2809/2809 2810/2810 2811/2811
f 2810/2810 2812/2812 2811/2811
f 2811/2811 2812/2812 2813/2813
f 2812/2812 2814/2814 2813/2813
f 2813/2813 2814/2814 2815/2815
f 2814/2814 2816/2816 2815/2815
f 2815/2815 2816/2816 2817/2817
f 2816/2816 2818/2818 2817/2817
f 2817/2817 2818/2818 2819/2819
f 2818/2818 2820/2820 2819/2819
f 2819/2819 2820/2820 2821/2821
f 2820/2820 2822/2822 2821/2821
f 2821/2821 2822/2822 2823/2823
f 2822/2822 2824/2824 2823/2823
f 2823/2823 2824/2824 2825/2825
f 2824/2824 2826/2826 2825/2825
f 2825/2825 2826/2826 2827/2827
f 2826/2826 2828/2828 2827/2827
f 2827/2827 2828/2828 2829/2829
f 2828/2828 2830/2830 2829/2829
f 2829/2829 2830/2830 2831/2831
f 2830/2830 2832/2832 2831/2831
f 2831/2831 2832/2832 2833/2833
f 2832/2832 2834/2834 2833/2833
f 2833/2833 2834/2834 2835/2835
f 2834/2834 2836/2836 2835/2835
f 2835/2835 2836/2836 2837/2837
f 2836/2836 2838/2838 2837/2837
f 2837/2837 2838/2838 2839/2839
f 2838/2838 2840/2840 2839/2839
f 2839/2839 2840/2840 2841/2841
f 2840/2840 2842/2842 2841/2841
f 2841/2841 2842/2842 2843/2843
f 2842/2842 2844/2844 2843/2843
f 2843/2843 2844/2844 2845/2845
f 2844/2844 2846/2846 2845/2845
f 2845/2845 2846/2846 2847/2847
f 2846/2846 2848/2848 2847/2847
f 2847/2847 2848/2848 2849/2849
f 2848/2848 2850/2850 2849/2849
f 2849/2849 2850/2850 2851/2851
f 2850/2850 2852/2852 2851/2851
f 2851/2851 2852/2852 2853/2853
f 2852/2852 2854/2854 2853/2853
f 2853/2853 2854/2854 2855/2855
f 2854/2854 2856/2856 2855/2855
f 2855/2855 2856/2856 2857/2857
f 2856/2856 2858/2858 2857/2857
f 2857/2857 2858/2858 2859/2859
f 2858/2858 2860/2860 2859/2859
f 2859/2859 2860/2860 2861/2861
f 2860/2860 2862/2862 2861/2861
f 2861/2861 2862/2862 2863/2863
f 2862/2862 2864/2864 2863/2863
f 2863/2863 2864/2864 2865/2865
f 2864/2864 2866/2866 2865/2865
f 2865/2865 2866/2866 2867/2867
f 2866/2866 2868/2868 2867/2867
f 2867/2867 2868/2868 2869/2869
f 2868/2868 2870/2870 2869/2869
f 2869/2869 2870/2870 2871/2871
f 2870/2870 2872/2872 2871/2871
f 2871/2871 2872/2872 2873/2873
f 2872/2872 2874/2874 2873/2873
f 2873/2873 2874/2874 2875/2875
f 2874/2874 2876/2876 2875/2875
f 2875/2875 2876/2876 2877/2877
f 2876/2876 2878/2878 2877/2877
f 2877/2877 2878/2878 2879/2879
f 2878/2878 2880/2880 2879/2879
f 2879/2879 2880/2880 2881/2881
f 2880/2880 2882/2882 2881/2881
f 2881/2881 2882/2882 2883/2883
f 2882/2882 2884/2884 2883/2883
f 2883/2883 2884/2884 2885/2885
f 2884/2884 2886/2886 2885/2885
f 2885/2885 2886/2886 2887/2887
f 2886/2886 2888/2888 2887/2887
f 2887/2887 2888/2888 2889/2889
f 2888/2888 2890/2890 2889/2889
f 2889/2889 2890/2890 2891/2891
f 2890/2890 2892/2892 2891/2891
f 2891/2891 2892/2892 2893/2893
f 2892/2892 2894/2894 2893/2893
f 2893/2893 2894/2894 2895/2895
f 2894/2894 2896/2896 2895/2895
f 2895/2895 2896/2896 2897/2897
f 2896/2896 2898/2898 2897/2897
f 2897/2897 2898/2898 2899/2899
f 2898/2898 2900/2900 2899/2899
f 2899/2899 2900/2900 2901/2901
f 2900/2900 2902/2902 2901/2901
f 2901/2901 2902/2902 2903/2903
f 2902/2902 2904/2904 2903/2903
f 2903/2903 2904/2904 2905/2905
f 2904/2904 2906/2906 2905/2905
f 2905/2905 2906/2906 2907/2907
f 2906/2906 2908/2908 2907/2907
f 2907/2907 2908/2908 2909/2909
f 2908/2908 2910/2910 2909/2909
f 2909/2909 2910/2910 2911/2911
f 2910/2910 2912/2912 2911/2911
f 2911/2911 2912/2912 2913/2913
f 2912/2912 2914/2914 2913/2913
f 2913/2913 2914/2914 2915/2915
f 2914/2914 2916/2916 2915/2915
f 2915/2915 2916/2916 2917/2917
f 2916/2916 2918/2918 2917/2917
f 2917/2917 2918/2918 2919/2919
f 2918/2918 2920/2920 2919/2919
f 2919/2919 2920/2920 2921/2921
f 2920/2920 2922/2922 2921/2921
f 2921/2921 2922/2922 2923/2923
f 2922/2922 2924/2924 2923/2923
f 2923/2923 2924/2924 2925/2925
f 2924/2924 2926/2926 2925/2925
f 2925/2925 2926/2926 2927/2927
f 2926/2926 2928/2928 2927/2927
f 2927/2927 2928/2928 2929/2929
f 2928/2928 2930/2930 2929/2929
f 2929/2929 2930/2930 2931/2931
f 2930/2930 2932/2932 2931/2931
f 2931/2931 2932/2932 2933/2933
f 2932/2932 2934/2934 2933/2933
f 2933/2933 2934/2934 2935/2935
f 2934/2934 2936/2936 2935/2935
f 2935/2935 2936/2936 2937/2937
f 2936/2936 2938/2938 2937/2937
f 2937/2937 2938/2938 2939/2939
f 2938/2938 2940/2940 2939/2939
f 2939/2939 2940/2940 2941/2941
f 2940/2940 2942/2942 2941/2941
f 2941/2941 2942/2942 2943/2943
f 2942/2942 2944/2944 2943/2943
f 2943/2943 2944/2944 2945/2945
f 2944/2944 2946/2946 2945/2945
f 2945/2945 2946/2946 2947/2947
f 2946/2946 2948/2948 2947/2947
f 2947/2947 2948/2948 2949/2949
f 2948/2948 2950/2950 2949/2949
f 2949/2949 2950/2950 2951/2951
f 2950/2950 2952/2952 2951/2951
f 2951/2951 2952/2952 2953/2953
f 2952/2952 2954/2954 2953/2953
f 2953/2953 2954/2954 2955/2955
f 2954/2954 2956/2956 2955/2955
f 2955/2955 2956/2956 2957/2957
f 2956/2956 2958/2958 2957/2957
f 2957/2957 2958/2958 2959/2959
f 2958/2958 2960/2960 2959/2959
f 2959/2959 2960/2960 2961/2961
f 2960/2960 2962/2962 2961/2961
f 2961/2961 2962/2962 2963/2963
f 2962/2962 2964/2964 2963/2963
f 2963/2963 2964/2964 2965/2965
f 2964/2964 2966/2966 2965/2965
f 2965/2965 2966/2966 2967/2967
f 2966/2966 2968/2968 2967/2967
f 2967/2967 2968/2968 2969/2969
f 2968/2968 2970/2970 2969/2969
f 2969/2969 2970/2970 2971/2971
f 2970/2970 2972/2972 2971/2971
f 2971/2971 2972/2972 2973/2973
f 2972/2972 2974/2974 2973/2973
f 2973/2973 2974/2974 2975/2975
f 2974/2974 2976/2976 2975/2975
f 2975/2975 2976/2976 2977/2977
f 2976/2976 2978/2978 2977/2977
f 2977/2977 2978/2978 2979/2979
f 2978/2978 2980/2980 2979/2979
f 2979/2979 2980/2980 2981/2981
f 2980/2980 2982/2982 2981/2981
f 2981/2981 2982/2982 2983/2983
f 2982/2982 2984/2984 2983/2983
f 2983/2983 2984/2984 2985/2985
f 2984/2984 2986/2986 2985/2985
f 2985/2985 2986/2986 2987/2987
f 2986/2986 2988/2988 2987/2987
f 2987/2987 2988/2988 2989/2989
f 2988/2988 2990/2990 2989/2989
f 2989/2989 2990/2990 2991/2991
f 2990/2990 2992/2992 2991/2991
f 2991/2991 2992/2992 2993/2993
f 2992/2992 2994/2994 2993/2993
f 2993/2993 2994/2994 2995/2995
f 2994/2994 2996/2996 2995/2995
f 2995/2995 2996/2996 2997/2997
f 2996/2996 2998/2998 2997/2997
f 2997/2997 2998/2998 2999/2999
f 2998/2998 3000/3000 2999/2999
f 2999/2999 3000/3000 3001/3001
f 3000/3000 3002/3002 3001/3001
f 3001/3001 3002/3002 3003/3003
f 3002/3002 3004/3004 3003/3003
f 3003/3003 3004/3004 3005/3005
f 3004/3004 3006/3006 3005/3005
f 3005/3005 3006/3006 3007/3007
f 3006/3006 3008/3008 3007/3007
f 3007/3007 3008/3008 3009/3009
f 3008/3008 3010/3010 3009/3009
f 3009/3009 3010/3010 3011/3011
f 3010/3010 3012/3012 3011/3011
f 3011/3011 3012/3012 3013/3013
f 3012/3012 3014/3014 3013/3013
f 3013/3013 3014/3014 3015/3015
f 3014/3014 3016/3016 3015/3015
f 3015/3015 3016/3016 3017/3017
f 3016/3016 3018/3018 3017/3017
f 3017/3017 3018/3018 3019/3019
f 3018/3018 3020/3020 3019/3019
f 3019/3019 3020/3020 3021/3021
f 3020/3020 3022/3022 3021/3021
f 3021/3021 3022/3022 3023/3023
f 3022/3022 3024/3024 3023/3023
f 3023/3023 3024/3024 3025/3025
f 3024/3024 3026/3026 3025/3025
f 3025/3025 3026/3026 3027/3027
f 3026/3026 3028/3028 3027/3027
f 3027/3027 3028/3028 3029/3029
f 3028/3028 3030/3030 3029/3029
f 3029/3029 3030/3030 3031/3031
f 3030/3030 3032/3032 3031/3031
f 3031/3031 3032/3032 3033/3033
f 3032/3032 3034/3034 3033/3033
f 3033/3033 3034/3034 3035/3035
f 3034/3034 3036/3036 3035/3035
f 3035/3035 3036/3036 3037/3037
f 3036/3036 3038/3038 3037/3037
f 3037/3037 3038/3038 3039/3039
f 3038/3038 3040/3040 3039/3039
f 3039/3039 3040/3040 3041/3041
f 3040/3040 3042/3042 3041/3041
f 3041/3041 3042/3042 3043/3043
f 3042/3042 3044/3044 3043/3043
f 3043/3043 3044/3044 3045/3045
f 3044/3044 3046/3046 3045/3045
f 3045/3045 3046/3046 3047/3047
f 3046/3046 3048/3048 3047/3047
f 3047/3047 3048/3048 3049/3049
f 3048/3048 3050/3050 3049/3049
f 3049/3049 3050/3050 3051/3051
f 3050/3050 3052/3052 3051/3051
f 3051/3051 3052/3052 3053/3053
f 3052/3052 3054/3054 3053/3053
f 3053/3053 3054/3054 3055/3055
f 3054/3054 3056/3056 3055/3055
f 3055/3055 3056/3056 3057/3057
f 3056/3056 3058/3058 3057/3057
f 3057/3057 3058/3058 3059/3059
f 3058/3058 3060/3060 3059/3059
f 3059/3059 3060/3060 3061/3061
f 3060/3060 3062/3062 3061/3061
f 3061/3061 3062/3062 3063/3063
f 3062/3062 3064/3064 3063/3063
f 3063/3063 3064/3064 3065/3065
f 3064/3064 3066/3066 3065/3065
f 3065/3065 3066/3066 3067/3067
f 3066/3066 3068/3068 3067/3067
f 3067/3067 3068/3068 3069/3069
f 3068/3068 3070/3070 3069/3069
f 3069/3069 3070/3070 3071/3071
f 3070/3070 3072/3072 3071/3071
f 3071/3071 3072/3072 3073/3073
f 3072/3072 3074/3074 3073/3073
f 3073/3073 3074/3074 3075/3075
f 3074/3074 3076/3076 3075/3075
f 3075/3075 3076/3076 3077/3077
f 3076/3076 3078/3078 3077/3077
f 3077/3077 3078/3078 3079/3079
f 3078/3078 3080/3080 3079/3079
f 3079/3079 3080/3080 3081/3081
f 3080/3080 3082/3082 3081/3081
f 3081/3081 3082/3082 3083/3083
f 3082/3082 3084/3084 3083/3083
f 3083/3083 3084/3084 3085/3085
f 3084/3084 3086/3086 3085/3085
f 3085/3085 3086/3086 3087/3087
f 3086/3086 3088/3088 3087/3087
f 3087/3087 3088/3088 3089/3089
f 3088/3088 3090/3090 3089/3089
f 3089/3089 3090/3090 3091/3091
f 3090/3090 3092/3092 3091/3091
f 3091/3091 3092/3092 3093/3093
f 3092/3092 3094/3094 3093/3093
f 3093/3093 3094/3094 3095/3095
f 3094/3094 3096/3096 3095/3095
f 3095/3095 3096/3096 3097/3097
f 3096/3096 3098/3098 3097/3097
f 3097/3097 3098/3098 3099/3099
f 3098/3098 3100/3100 3099/3099
f 3099/3099 3100/3100 3101/3101
f 3100/3100 3102/3102 3101/3101
f 3101/3101 3102/3102 3103/3103
f 3102/3102 3104/3104 3103/3103
f 3103/3103 3104/3104 3105/3105
f 3104/3104 3106/3106 3105/3105
f 3105/3105 3106/3106 3107/3107
f 3106/3106 3108/3108 3107/3107
f 3107/3107 3108/3108 3109/3109
f 3108/3108 3110/3110 3109/3109
f 3109/3109 3110/3110 3111/3111
f 3110/3110 3112/3112 3111/3111
f 3111/3111 3112/3112 3113/3113
f 3112/3112 3114/3114 3113/3113
f 3113/3113 3114/3114 3115/3115
f 3114/3114 3116/3116 3115/3115
f 3115/3115 3116/3116 3117/3117
f 3116/3116 3118/3118 3117/3117
f 3117/3117 3118/3118 3119/3119
f 3118/3118 3120/3120 3119/3119
f 3119/3119 3120/3120 3121/3121
f 3120/3120 3122/3122 3121/3121
f 3121/3121 3122/3122 3123/3123
f 3122/3122 3124/3124 3123/3123
f 3123/3123 3124/3124 3125/3125
f 3124/3124 3126/3126 3125/3125
f 3125/3125 3126/3126 3127/3127
f 3126/3126 3128/3128 3127/3127
f 3127/3127 3128/3128 3129/3129
f 3128/3128 3130/3130 3129/3129
f 3129/3129 3130/3130 3131/3131
f 3130/3130 3132/3132 3131/3131
f 3131/3131 3132/3132 3133/3133
f 3132/3132 3134/3134 3133/3133
f 3133/3133 3134/3134 3135/3135
f 3134/3134 3136/3136 3135/3135
f 3135/3135 3136/3136 3137/3137
f 3136/3136 3138/3138 3137/3137
f 3137/3137 3138/3138 3139/3139
f 3138/3138 3140/3140 3139/3139
f 3139/3139 3140/3140 3141/3141
f 3140/3140 3142/3142 3141/3141
f 3141/3141 3142/3142 3143/3143
f 3142/3142 3144/3144 3143/3143
f 3143/3143 3144/3144 3145/3145
f 3144/3144 3146/3146 3145/3145
f 3145/3145 3146/3146 3147/3147
f 3146/3146 3148/3148 3147/3147
f 3147/3147 3148/3148 3149/3149
f 3148/3148 3150/3150 3149/3149
f 3149/3149 3150/3150 3151/3151
f 3150/3150 3152/3152 3151/3151
f 3151/3151 3152/3152 3153/3153
f 3152/3152 3154/3154 3153/3153
f 3153/3153 3154/3154 3155/3155
f 3154/3154 3156/3156 3155/3155
f 3155/3155 3156/3156 3157/3157
f 3156/3156 3158/3158 3157/3157
f 3157/3157 3158/3158 3159/3159
f 3158/3158 3160/3160 3159/3159
f 3159/3159 3160/3160 3161/3161
f 3160/3160 3162/3162 3161/3161
f 3161/3161 3162/3162 3163/3163
f 3162/3162 3164/3164 3163/3163
f 3163/3163 3164/3164 3165/3165
f 3164/3164 3166/3166 3165/3165
f 3165/3165 3166/3166 3167/3167
f 3166/3166 3168/3168 3167/3167
f 3167/3167 3168/3168 3169/3169
f 3168/3168 3170/3170 3169/3169
f 3169/3169 3170/3170 3171/3171
f 3170/3170 3172/3172 3171/3171
f 3171/3171 3172/3172 3173/3173
f 3172/3172 3174/3174 3173/3173
f 3173/3173 3174/3174 3175/3175
f 3174/3174 3176/3176 3175/3175
f 3175/3175 3176/3176 3177/3177
f 3176/3176 3178/3178 3177/3177
f 3177/3177 3178/3178 3179/3179
f 3178/3178 3180/3180 3179/3179
f 3179/3179 3180/3180 3181/3181
f 3180/3180 3182/3182 3181/3181
f 3181/3181 3182/3182 3183/3183
f 3182/3182 3184/3184 3183/3183
f 3183/3183 3184/3184 3185/3185
f 3184/3184 3186/3186 3185/3185
f 3185/3185 3186/3186 3187/3187
f 3186/3186 3188/3188 3187/3187
f 3187/3187 3188/3188 3189/3189
f 3188/3188 3190/3190 3189/3189
f 3189/3189 3190/3190 3191/3191
f 3190/3190 3192/3192 3191/3191
f 3191/3191 3192/3192 3193/3193
f 3192/3192 3194/3194 3193/3193
f 3193/3193 3194/3194 3195/3195
f 3194/3194 3196/3196 3195/3195
f 3195/3195 3196/3196 3197/3197
f 3196/3196 3198/3198 3197/3197
f 3197/3197 3198/3198 3199/3199
f 3198/3198 3200/3200 3199/3199
f 3199/3199 3200/3200 3201/3201
f 3200/3200 3202/3202 3201/3201
f 3201/3201 3202/3202 3203/3203
f 3202/3202 3204/3204 3203/3203
f 3203/3203 3204/3204 3205/3205
f 3204/3204 3206/3206 3205/3205
f 3205/3205 3206/3206 3207/3207
f 3206/3206 3208/3208 3207/3207
f 3207/3207 3208/3208 3209/3209
f 3208/3208 3210/3210 3209/3209
f 3209/3209 3210/3210 3211/3211
f 3210/3210 3212/3212 3211/3211
f 3211/3211 3212/3212 3213/3213
f 3212/3212 3214/3214 3213/3213
f 3213/3213 3214/3214 3215/3215
f 3214/3214 3216/3216 3215/3215
f 3215/3215 3216/3216 3217/3217
f 3216/3216 3218/3218 3217/3217
f 3217/3217 3218/3218 3219/3219
f 3218/3218 3220/3220 3219/3219
f 3219/3219 3220/3220 3221/3221
f 3220/3220 3222/3222 3221/3221
f 3221/3221 3222/3222 3223/3223
f 3222/3222 3224/3224 3223/3223
f 3223/3223 3224/3224 3225/3225
f 3224/3224 3226/3226 3225/3225
f 3225/3225 3226/3226 3227/3227
f 3226/3226 3228/3228 3227/3227
f 3227/3227 3228/3228 3229/3229
f 3228/3228 3230/3230 3229/3229
f 3229/3229 3230/3230 3231/3231
f 3230/3230 3232/3232 3231/3231
f 3231/3231 3232/3232 3233/3233
f 3232/3232 3234/3234 3233/3233
f 3233/3233 3234/3234 3235/3235
f 3234/3234 3236/3236 3235/3235
f 3235/3235 3236/3236 3237/3237
f 3236/3236 3238/3238 3237/3237
f 3237/3237 3238/3238 3239/3239
f 3238/3238 3240/3240 3239/3239
f 3239/3239 3240/3240 3241/3241
f 3240/3240 3242/3242 3241/3241
f 3241/3241 3242/3242 3243/3243
f 3242/3242 3244/3244 3243/3243
f 3243/3243 3244/3244 3245/3245
f 3244/3244 3246/3246 3245/3245
f 3245/3245 3246/3246 3247/3247
f 3246/3246 3248/3248 3247/3247
f 3247/3247 3248/3248 3249/3249
f 3248/3248 3250/3250 3249/3249
f 3249/3249 3250/3250 3251/3251
f 3250/3250 3252/3252 3251/3251
f 3251/3251 3252/3252 3253/3253
f 3252/3252 3254/3254 3253/3253
f 3253/3253 3254/3254 3255/3255
f 3254/3254 3256/3256 3255/3255
f 3255/3255 3256/3256 3257/3257
f 3256/3256 3258/3258 3257/3257
f 3257/3257 3258/3258 3259/3259
f 3258/3258 3260/3260 3259/3259
f 3259/3259 3260/3260 3261/3261
f 3260/3260 3262/3262 3261/3261
f 3261/3261 3262/3262 3263/3263
f 3262/3262 3264/3264 3263/3263
f 3263/3263 3264/3264 3265/3265
f 3264/3264 3266/3266 3265/3265
f 3265/3265 3266/3266 3267/3267
f 3266/3266 3268/3268 3267/3267
f 3267/3267 3268/3268 3269/3269
f 3268/3268 3270/3270 3269/3269
f 3269/3269 3270/3270 3271/3271
f 3270/3270 3272/3272 3271/3271
f 3271/3271 3272/3272 3273/3273
f 3272/3272 3274/3274 3273/3273
f 3273/3273 3274/3274 3275/3275
f 3274/3274 3276/3276 3275/3275
f 3275/3275 3276/3276 3277/3277
f 3276/3276 3278/3278 3277/3277
f 3277/3277 3278/3278 3279/3279
f 3278/3278 3280/3280 3279/3279
f 3279/3279 3280/3280 3281/3281
f 3280/3280 3282/3282 3281/3281
f 3281/3281 3282/3282 3283/3283
f 3282/3282 3284/3284 3283/3283
f 3283/3283 3284/3284 3285/3285
f 3284/3284 3286/3286 3285/3285
f 3285/3285 3286/3286 3287/3287
f 3286/3286 3288/3288 3287/3287
f 3287/3287 3288/3288 3289/3289
f 3288/3288 3290/3290 3289/3289
f 3289/3289 3290/3290 3291/3291
f 3290/3290 3292/3292 3291/3291
f 3291/3291 3292/3292 3293/3293
f 3292/3292 3294/3294 3293/3293
f 3293/3293 3294/3294 3295/3295
f 3294/3294 3296/3296 3295/3295
f 3295/3295 3296/3296 3297/3297
f 3296/3296 3298/3298 3297/3297
f 3297/3297 3298/3298 3299/3299
f 3298/3298 3300/3300 3299/3299
f 3299/3299 3300/3300 3301/3301
f 3300/3300 3302/3302 3301/3301
f 3301/3301 3302/3302 3303/3303
f 3302/3302 3304/3304 3303/3303
f 3303/3303 3304/3304 3305/3305
f 3304/3304 3306/3306 3305/3305
f 3305/3305 3306/3306 3307/3307
f 3306/3306 3308/3308 3307/3307
f 3307/3307 3308/3308 3309/3309
f 3308/3308 3310/3310 3309/3309
f 3309/3309 3310/3310 3311/3311
f 3310/3310 3312/3312 3311/3311
f 3311/3311 3312/3312 3313/3313
f 3312/3312 3314/3314 3313/3313
f 3313/3313 3314/3314 3315/3315
f 3314/3314 3316/3316 3315/3315
f 3315/3315 3316/3316 3317/3317
f 3316/3316 3318/3318 3317/3317
f 3317/3317 3318/3318 3319/3319
f 3318/3318 3320/3320 3319/3319
f 3319/3319 3320/3320 3321/3321
f 3320/3320 3322/3322 3321/3321
f 3321/3321 3322/3322 3323/3323
f 3322/3322 3324/3324 3323/3323
f 3323/3323 3324/3324 3325/3325
f 3324/3324 3326/3326 3325/3325
f 3325/3325 3326/3326 3327/3327
f 3326/3326 3328/3328 3327/3327
f 3327/3327 3328/3328 3329/3329
f 3328/3328 3330/3330 3329/3329
f 3329/3329 3330/3330 3331/3331
f 3330/3330 3332/3332 3331/3331
f 3331/3331 3332/3332 3333/3333
f 3332/3332 3334/3334 3333/3333
f 3333/3333 3334/3334 3335/3335
f 3334/3334 3336/3336 3335/3335
f 3335/3335 3336/3336 3337/3337
f 3336/3336 3338/3338 3337/3337
f 3337/3337 3338/3338 3339/3339
f 3338/3338 3340/3340 3339/3339
f 3339/3339 3340/3340 3341/3341
f 3340/3340 3342/3342 3341/3341
f 3341/3341 3342/3342 3343/3343
f 3342/3342 3344/3344 3343/3343
f 3343/3343 3344/3344 3345/3345
f 3344/3344 3346/3346 3345/3345
f 3345/3345 3346/3346 3347/3347
f 3346/3346 3348/3348 3347/3347
f 3347/3347 3348/3348 3349/3349
f 3348/3348 3350/3350 3349/3349
f 3349/3349 3350/3350 3351/3351
f 3350/3350 3352/3352 3351/3351
f 3351/3351 3352/3352 3353/3353
f 3352/3352 3354/3354 3353/3353
f 3353/3353 3354/3354 3355/3355
f 3354/3354 3356/3356 3355/3355
f 3355/3355 3356/3356 3357/3357
f 3356/3356 3358/3358 3357/3357
f 3357/3357 3358/3358 3359/3359
f 3358/3358 3360/3360 3359/3359
f 3359/3359 3360/3360 3361/3361
f 3360/3360 3362/3362 3361/3361
f 3361/3361 3362/3362 3363/3363
f 3362/3362 3364/3364 3363/3363
f 3363/3363 3364/3364 3365/3365
f 3364/3364 3366/3366 3365/3365
f 3365/3365 3366/3366 3367/3367
f 3366/3366 3368/3368 3367/3367
f 3367/3367 3368/3368 3369/3369
f 3368/3368 3370/3370 3369/3369
f 3369/3369 3370/3370 3371/3371
f 3370/3370 3372/3372 3371/3371
f 3371/3371 3372/3372 3373/3373
f 3372/3372 3374/3374 3373/3373
f 3373/3373 3374/3374 3375/3375
f 3374/3374 3376/3376 3375/3375
f 3375/3375 3376/3376 3377/3377
f 3376/3376 3378/3378 3377/3377
f 3377/3377 3378/3378 3379/3379
f 3378/3378 3380/3380 3379/3379
f 3379/3379 3380/3380 3381/3381
f 3380/3380 3382/3382 3381/3381
f 3381/3381 3382/3382 3383/3383
f 3382/3382 3384/3384 3383/3383
f 3383/3383 3384/3384 3385/3385
f 3384/3384 3386/3386 3385/3385
f 3385/3385 3386/3386 3387/3387
f 3386/3386 3388/3388 3387/3387
f 3387/3387 3388/3388 3389/3389
f 3388/3388 3390/3390 3389/3389
f 3389/3389 3390/3390 3391/3391
f 3390/3390 3392/3392 3391/3391
f 3391/3391 3392/3392 3393/3393
f 3392/3392 3394/3394 3393/3393
f 3393/3393 3394/3394 3395/3395
f 3394/3394 3396/3396 3395/3395
f 3395/3395 3396/3396 3397/3397
f 3396/3396 3398/3398 3397/3397
f 3397/3397 3398/3398 3399/3399
f 3398/3398 3400/3400 3399/3399
f 3399/3399 3400/3400 3401/3401
f 3400/3400 3402/3402 3401/3401
f 3401/3401 3402/3402 3403/3403
f 3402/3402 3404/3404 3403/3403
f 3403/3403 3404/3404 3405/3405
f 3404/3404 3406/3406 3405/3405
f 3405/3405 3406/3406 3407/3407
f 3406/3406 3408/3408 3407/3407
f 3407/3407 3408/3408 3409/3409
f 3408/3408 3410/3410 3409/3409
f 3409/3409 3410/3410 3411/3411
f 3410/3410 3412/3412 3411/3411
f 3411/3411 3412/3412 3413/3413
f 3412/3412 3414/3414 3413/3413
f 3413/3413 3414/3414 3415/3415
f 3414/3414 3416/3416 3415/3415
f 3415/3415 3416/3416 3417/3417
f 3416/3416 3418/3418 3417/3417
f 3417/3417 3418/3418 3419/3419
f 3418/3418 3420/3420 3419/3419
f 3419/3419 3420/3420 3421/3421
f 3420/3420 3422/3422 3421/3421
f 3421/3421 3422/3422 3423/3423
f 3422/3422 3424/3424 3423/3423
f 3423/3423 3424/3424 3425/3425
f 3424/3424 3426/3426 3425/3425
f 3425/3425 3426/3426 3427/3427
f 3426/3426 3428/3428 3427/3427
f 3427/3427 3428/3428 3429/3429
f 3428/3428 3430/3430 3429/3429
f 3429/3429 3430/3430 3431/3431
f 3430/3430 3432/3432 3431/3431
f 3431/3431 3432/3432 3433/3433
f 3432/3432 3434/3434 3433/3433
f 3433/3433 3434/3434 3435/3435
f 3434/3434 3436/3436 3435/3435
f 3435/3435 3436/3436 3437/3437
f 3436/3436 3438/3438 3437/3437
f 3437/3437 3438/3438 3439/3439
f 3438/3438 3440/3440 3439/3439
f 3439/3439 3440/3440 3441/3441
f 3440/3440 3442/3442 3441/3441
f 3441/3441 3442/3442 3443/3443
f 3442/3442 3444/3444 3443/3443
f 3443/3443 3444/3444 3445/3445
f 3444/3444 3446/3446 3445/3445
f 3445/3445 3446/3446 3447/3447
f 3446/3446 3448/3448 3447/3447
f 3447/3447 3448/3448 3449/3449
f 3448/3448 3450/3450 3449/3449
f 3449/3449 3450/3450 3451/3451
f 3450/3450 3452/3452 3451/3451
f 3451/3451 3452/3452 3453/3453
f 3452/3452 3454/3454 3453/3453
f 3453/3453 3454/3454 3455/3455
f 3454/3454 3456/3456 3455/3455
f 3455/3455 3456/3456 3457/3457
f 3456/3456 3458/3458 3457/3457
f 3457/3457 3458/3458 3459/3459
f 3458/3458 3460/3460 3459/3459
f 3459/3459 3460/3460 3461/3461
f 3460/3460 3462/3462 3461/3461
f 3461/3461 3462/3462 3463/3463
f 3462/3462 3464/3464 3463/3463
f 3463/3463 3464/3464 3465/3465
f 3464/3464 3466/3466 3465/3465
f 3465/3465 3466/3466 3467/3467
f 3466/3466 3468/3468 3467/3467
f 3467/3467 3468/3468 3469/3469
f 3468/3468 3470/3470 3469/3469
f 3469/3469 3470/3470 3471/3471
f 3470/3470 3472/3472 3471/3471
f 3471/3471 3472/3472 3473/3473
f 3472/3472 3474/3474 3473/3473
f 3473/3473 3474/3474 3475/3475
f 3474/3474 3476/3476 3475/3475
f 3475/3475 3476/3476 3477/3477
f 3476/3476 3478/3478 3477/3477
f 3477/3477 3478/3478 3479/3479
f 3478/3478 3480/3480 3479/3479
f 3479/3479 3480/3480 3481/3481
f 3480/3480 3482/3482 3481/3481
f 3481/3481 3482/3482 3483/3483
f 3482/3482 3484/3484 3483/3483
f 3483/3483 3484/3484 3485/3485
f 3484/3484 3486/3486 3485/3485
f 3485/3485 3486/3486 3487/3487
f 3486/3486 3488/3488 3487/3487
f 3487/3487 3488/3488 3489/3489
f 3488/3488 3490/3490 3489/3489
f 3489/3489 3490/3490 3491/3491
f 3490/3490 3492/3492 3491/3491
f 3491/3491 3492/3492 3493/3493
f 3492/3492 3494/3494 3493/3493
f 3493/3493 3494/3494 3495/3495
f 3494/3494 3496/3496 3495/3495
f 3495/3495 3496/3496 3497/3497
f 3496/3496 3498/3498 3497/3497
f 3497/3497 3498/3498 3499/3499
f 3498/3498 3500/3500 3499/3499
f 3499/3499 3500/3500 3501/3501
f 3500/3500 3502/3502 3501/3501
f 3501/3501 3502/3502 3503/3503
f 3502/3502 3504/3504 3503/3503
f 3503/3503 3504/3504 3505/3505
f 3504/3504 3506/3506 3505/3505
f 3505/3505 3506/3506 3507/3507
f 3506/3506 3508/3508 3507/3507
f 3507/3507 3508/3508 3509/3509
f 3508/3508 3510/3510 3509/3509
f 3509/3509 3510/3510 3511/3511
f 3510/3510 3512/3512 3511/3511
f 3511/3511 3512/3512 3513/3513
f 3512/3512 3514/3514 3513/3513
f 3513/3513 3514/3514 3515/3515
f 3514/3514 3516/3516 3515/3515
f 3515/3515 3516/3516 3517/3517
f 3516/3516 3518/3518 3517/3517
f 3517/3517 3518/3518 3519/3519
f 3518/3518 3520/3520 3519/3519
f 3519/3519 3520/3520 3521/3521
f 3520/3520 3522/3522 3521/3521
f 3521/3521 3522/3522 3523/3523
f 3522/3522 3524/3524 3523/3523
f 3523/3523 3524/3524 3525/3525
f 3524/3524 3526/3526 3525/3525
f 3525/3525 3526/3526 3527/3527
f 3526/3526 3528/3528 3527/3527
f 3527/3527 3528/3528 3529/3529
f 3528/3528 3530/3530 3529/3529
f 3529/3529 3530/3530 3531/3531
f 3530/3530 3532/3532 3531/3531
f 3531/3531 3532/3532 3533/3533
f 3532/3532 3534/3534 3533/3533
f 3533/3533 3534/3534 3535/3535
f 3534/3534 3536/3536 3535/3535
f 3535/3535 3536/3536 3537/3537
f 3536/3536 3538/3538 3537/3537
f 3537/3537 3538/3538 3539/3539
f 3538/3538 3540/3540 3539/3539
f 3539/3539 3540/3540 3541/3541
f 3540/3540 3542/3542 3541/3541
f 3541/3541 3542/3542 3543/3543
f 3542/3542 3544/3544 3543/3543
f 3543/3543 3544/3544 3545/3545
f 3544/3544 3546/3546 3545/3545
f 3545/3545 3546/3546 3547/3547
f 3546/3546 3548/3548 3547/3547
f 3547/3547 3548/3548 3549/3549
f 3548/3548 3550/3550 3549/3549
f 3549/3549 3550/3550 3551/3551
f 3550/3550 3552/3552 3551/3551
f 3551/3551 3552/3552 3553/3553
f 3552/3552 3554/3554 3553/3553
f 3553/3553 3554/3554 3555/3555
f 3554/3554 3556/3556 3555/3555
f 3555/3555 3556/3556 3557/3557
f 3556/3556 3558/3558 3557/3557
f 3557/3557 3558/3558 3559/3559
f 3558/3558 3560/3560 3559/3559
f 3559/3559 3560/3560 3561/3561
f 3560/3560 3562/3562 3561/3561
f 3561/3561 3562/3562 3563/3563
f 3562/3562 3564/3564 3563/3563
f 3563/3563 3564/3564 3565/3565
f 3564/3564 3566/3566 3565/3565
f 3565/3565 3566/3566 3567/3567
f 3566/3566 3568/3568 3567/3567
f 3567/3567 3568/3568 3569/3569
f 3568/3568 3570/3570 3569/3569
f 3569/3569 3570/3570 3571/3571
f 3570/3570 3572/3572 3571/3571
f 3571/3571 3572/3572 3573/3573
f 3572/3572 3574/3574 3573/3573
f 3573/3573 3574/3574 3575/3575
f 3574/3574 3576/3576 3575/3575
f 3575/3575 3576/3576 3577/3577
f 3576/3576 3578/3578 3577/3577
f 3577/3577 3578/3578 3579/3579
f 3578/3578 3580/3580 3579/3579
f 3579/3579 3580/3580 3581/3581
f 3580/3580 3582/3582 3581/3581
f 3581/3581 3582/3582 3583/3583
f 3582/3582 3584/3584 3583/3583
f 3583/3583 3584/3584 3585/3585
f 3584/3584 3586/3586 3585/3585
f 3585/3585 3586/3586 3587/3587
f 3586/3586 3588/3588 3587/3587
f 3587/3587 3588/3588 3589/3589
f 3588/3588 3590/3590 3589/3589
f 3589/3589 3590/3590 3591/3591
f 3590/3590 3592/3592 3591/3591
f 3591/3591 3592/3592 3593/3593
f 3592/3592 3594/3594 3593/3593
f 3593/3593 3594/3594 3595/3595
f 3594/3594 3596/3596 3595/3595
f 3595/3595 3596/3596 3597/3597
f 3596/3596 3598/3598 3597/3597
f 3597/3597 3598/3598 3599/3599
f 3598/3598 3600/3600 3599/3599
f 3599/3599 3600/3600 3601/3601
f 3600/3600 3602/3602 3601/3601
f 3601/3601 3602/3602 3603/3603
f 3602/3602 3604/3604 3603/3603
f 3603/3603 3604/3604 3605/3605
f 3604/3604 3606/3606 3605/3605
f 3605/3605 3606/3606 3607/3607
f 3606/3606 3608/3608 3607/3607
f 3607/3607 3608/3608 3609/3609
f 3608/3608 3610/3610 3609/3609
f 3609/3609 3610/3610 3611/3611
f 3610/3610 3612/3612 3611/3611
f 3611/3611 3612/3612 3613/3613
f 3612/3612 3614/3614 3613/3613
f 3613/3613 3614/3614 3615/3615
f 3614/3614 3616/3616 3615/3615
f 3615/3615 3616/3616 3617/3617
f 3616/3616 3618/3618 3617/3617
f 3617/3617 3618/3618 3619/3619
f 3618/3618 3620/3620 3619/3619
f 3619/3619 3620/3620 3621/3621
f 3620/3620 3622/3622 3621/3621
f 3621/3621 3622/3622 3623/3623
f 3622/3622 3624/3624 3623/3623
f 3623/3623 3624/3624 3625/3625
f 3624/3624 3626/3626 3625/3625
f 3625/3625 3626/3626 3627/3627
f 3626/3626 3628/3628 3627/3627
f 3627/3627 3628/3628 3629/3629
f 3628/3628 3630/3630 3629/3629
f 3629/3629 3630/3630 3631/3631
f 3630/3630 3632/3632 3631/3631
f 3631/3631 3632/3632 3633/3633
f 3632/3632 3634/3634 3633/3633
f 3633/3633 3634/3634 3635/3635
f 3634/3634 3636/3636 3635/3635
f 3635/3635 3636/3636 3637/3637
f 3636/3636 3638/3638 3637/3637
f 3637/3637 3638/3638 3639/3639
f 3638/3638 3640/3640 3639/3639
f 3639/3639 3640/3640 3641/3641
f 3640/3640 3642/3642 3641/3641
f 3641/3641 3642/3642 3643/3643
f 3642/3642 3644/3644 3643/3643
f 3643/3643 3644/3644 3645/3645
f 3644/3644 3646/3646 3645/3645
f 3645/3645 3646/3646 3647/3647
f 3646/3646 3648/3648 3647/3647
f 3647/3647 3648/3648 3649/3649
f 3648/3648 3650/3650 3649/3649
f 3649/3649 3650/3650 3651/3651
f 3650/3650 3652/3652 3651/3651
f 3651/3651 3652/3652 3653/3653
f 3652/3652 3654/3654 3653/3653
f 3653/3653 3654/3654 3655/3655
f 3654/3654 3656/3656 3655/3655
f 3655/3655 3656/3656 3657/3657
f 3656/3656 3658/3658 3657/3657
f 3657/3657 3658/3658 3659/3659
f 3658/3658 3660/3660 3659/3659
f 3659/3659 3660/3660 3661/3661
f 3660/3660 3662/3662 3661/3661
f 3661/3661 3662/3662 3663/3663
f 3662/3662 3664/3664 3663/3663
f 3663/3663 3664/3664 3665/3665
f 3664/3664 3666/3666 3665/3665
f 3665/3665 3666/3666 3667/3667
f 3666/3666 3668/3668 3667/3667
f 3667/3667 3668/3668 3669/3669
f 3668/3668 3670/3670 3669/3669
f 3669/3669 3670/3670 3671/3671
f 3670/3670 3672/3672 3671/3671
f 3671/3671 3672/3672 3673/3673
f 3672/3672 3674/3674 3673/3673
f 3673/3673 3674/3674 3675/3675
f 3674/3674 3676/3676 3675/3675
f 3675/3675 3676/3676 3677/3677
f 3676/3676 3678/3678 3677/3677
f 3677/3677 3678/3678 3679/3679
f 3678/3678 3680/3680 3679/3679
f 3679/3679 3680/3680 3681/3681
f 3680/3680 3682/3682 3681/3681
f 3681/3681 3682/3682 3683/3683
f 3682/3682 3684/3684 3683/3683
f 3683/3683 3684/3684 3685/3685
f 3684/3684 3686/3686 3685/3685
f 3685/3685 3686/3686 3687/3687
f 3686/3686 3688/3688 3687/3687
f 3687/3687 3688/3688 3689/3689
f 3688/3688 3690/3690 3689/3689
f 3689/3689 3690/3690 3691/3691
f 3690/3690 3692/3692 3691/3691
f 3691/3691 3692/3692 3693/3693
f 3692/3692 3694/3694 3693/3693
f 3693/3693 3694/3694 3695/3695
f 3694/3694 3696/3696 3695/3695
f 3695/3695 3696/3696 3697/3697
f 3696/3696 3698/3698 3697/3697
f 3697/3697 3698/3698 3699/3699
f 3698/3698 3700/3700 3699/3699
f 3699/3699 3700/3700 3701/3701
f 3700/3700 3702/3702 3701/3701
f 3701/3701 3702/3702 3703/3703
f 3702/3702 3704/3704 3703/3703
f 3703/3703 3704/3704 3705/3705
f 3704/3704 3706/3706 3705/3705
f 3705/3705 3706/3706 3707/3707
f 3706/3706 3708/3708 3707/3707
f 3707/3707 3708/3708 3709/3709
f 3708/3708 3710/3710 3709/3709
f 3709/3709 3710/3710 3711/3711
f 3710/3710 3712/3712 3711/3711
f 3711/3711 3712/3712 3713/3713
f 3712/3712 3714/3714 3713/3713
f 3713/3713 3714/3714 3715/3715
f 3714/3714 3716/3716 3715/3715
f 3715/3715 3716/3716 3717/3717
f 3716/3716 3718/3718 3717/3717
f 3717/3717 3718/3718 3719/3719
f 3718/3718 3720/3720 3719/3719
f 3719/3719 3720/3720 3721/3721
f 3720/3720 3722/3722 3721/3721
f 3721/3721 3722/3722 3723/3723
f 3722/3722 3724/3724 3723/3723
f 3723/3723 3724/3724 3725/3725
f 3724/3724 3726/3726 3725/3725
f 3725/3725 3726/3726 3727/3727
f 3726/3726 3728/3728 3727/3727
f 3727/3727 3728/3728 3729/3729
f 3728/3728 3730/3730 3729/3729
f 3729/3729 3730/3730 3731/3731
f 3730/3730 3732/3732 3731/3731
f 3731/3731 3732/3732 3733/3733
f 3732/3732 3734/3734 3733/3733
f 3733/3733 3734/3734 3735/3735
f 3734/3734 3736/3736 3735/3735
f 3735/3735 3736/3736 3737/3737
f 3736/3736 3738/3738 3737/3737
f 3737/3737 3738/3738 3739/3739
f 3738/3738 3740/3740 3739/3739
f 3739/3739 3740/3740 3741/3741
f 3740/3740 3742/3742 3741/3741
f 3741/3741 3742/3742 3743/3743
f 3742/3742 3744/3744 3743/3743
f 3743/3743 3744/3744 3745/3745
f 3744/3744 3746/3746 3745/3745
f 3745/3745 3746/3746 3747/3747
f 3746/3746 3748/3748 3747/3747
f 3747/3747 3748/3748 3749/3749
f 3748/3748 3750/3750 3749/3749
f 3749/3749 3750/3750 3751/3751
f 3750/3750 3752/3752 3751/3751
f 3751/3751 3752/3752 3753/3753
f 3752/3752 3754/3754 3753/3753
f 3753/3753 3754/3754 3755/3755
f 3754/3754 3756/3756 3755/3755
f 3755/3755 3756/3756 3757/3757
f 3756/3756 3758/3758 3757/3757
f 3757/3757 3758/3758 3759/3759
f 3758/3758 3760/3760 3759/3759
f 3759/3759 3760/3760 3761/3761
f 3760/3760 3762/3762 3761/3761
f 3761/3761 3762/3762 3763/3763
f 3762/3762 3764/3764 3763/3763
f 3763/3763 3764/3764 3765/3765
f 3764/3764 3766/3766 3765/3765
f 3765/3765 3766/3766 3767/3767
f 3766/3766 3768/3768 3767/3767
f 3767/3767 3768/3768 3769/3769
f 3768/3768 3770/3770 3769/3769
f 3769/3769 3770/3770 3771/3771
f 3770/3770 3772/3772 3771/3771
f 3771/3771 3772/3772 3773/3773
f 3772/3772 3774/3774 3773/3773
f 3773/3773 3774/3774 3775/3775
f 3774/3774 3776/3776 3775/3775
f 3775/3775 3776/3776 3777/3777
f 3776/3776 3778/3778 3777/3777
f 3777/3777 3778/3778 3779/3779
f 3778/3778 3780/3780 3779/3779
f 3779/3779 3780/3780 3781/3781
f 3780/3780 3782/3782 3781/3781
f 3781/3781 3782/3782 3783/3783
f 3782/3782 3784/3784 3783/3783
f 3783/3783 3784/3784 3785/3785
f 3784/3784 3786/3786 3785/3785
f 3785/3785 3786/3786 3787/3787
f 3786/3786 3788/3788 3787/3787
f 3787/3787 3788/3788 3789/3789
f 3788/3788 3790/3790 3789/3789
f 3789/3789 3790/3790 3791/3791
f 3790/3790 3792/3792 3791/3791
f 3791/3791 3792/3792 3793/3793
f 3792/3792 3794/3794 3793/3793
f 3793/3793 3794/3794 3795/3795
f 3794/3794 3796/3796 3795/3795
f 3795/3795 3796/3796 3797/3797
f 3796/3796 3798/3798 3797/3797
f 3797/3797 3798/3798 3799/3799
f 3798/3798 3800/3800 3799/3799
f 3799/3799 3800/3800 3801/3801
f 3800/3800 3802/3802 3801/3801
f 3801/3801 3802/3802 3803/3803
f 3802/3802 3804/3804 3803/3803
f 3803/3803 3804/3804 3805/3805
f 3804/3804 3806/3806 3805/3805
f 3805/3805 3806/3806 3807/3807
f 3806/3806 3808/3808 3807/3807
f 3807/3807 3808/3808 3809/3809
f 3808/3808 3810/3810 3809/3809
f 3809/3809 3810/3810 3811/3811
f 3810/3810 3812/3812 3811/3811
f 3811/3811 3812/3812 3813/3813
f 3812/3812 3814/3814 3813/3813
f 3813/3813 3814/3814 3815/3815
f 3814/3814 3816/3816 3815/3815
f 3815/3815 3816/3816 3817/3817
f 3816/3816 3818/3818 3817/3817
f 3817/3817 3818/3818 3819/3819
f 3818/3818 3820/3820 3819/3819
f 3819/3819 3820/3820 3821/3821
f 3820/3820 3822/3822 3821/3821
f 3821/3821 3822/3822 3823/3823
f 3822/3822 3824/3824 3823/3823
f 3823/3823 3824/3824 3825/3825
f 3824/3824 3826/3826 3825/3825
f 3825/3825 3826/3826 3827/3827
f 3826/3826 3828/3828 3827/3827
f 3827/3827 3828/3828 3829/3829
f 3828/3828 3830/3830 3829/3829
f 3829/3829 3830/3830 3831/3831
f 3830/3830 3832/3832 3831/3831
f 3831/3831 3832/3832 3833/3833
f 3832/3832 3834/3834 3833/3833
f 3833/3833 3834/3834 3835/3835
f 3834/3834 3836/3836 3835/3835
f 3835/3835 3836/3836 3837/3837
f 3836/3836 3838/3838 3837/3837
f 3837/3837 3838/3838 3839/3839
f 3838/3838 3840/3840 3839/3839
f 3839/3839 3840/3840 3841/3841
f 3840/3840 3842/3842 3841/3841
f 3841/3841 3842/3842 3843/3843
f 3842/3842 3844/3844 3843/3843
f 3843/3843 3844/3844 3845/3845
f 3844/3844 3846/3846 3845/3845
f 3845/3845 3846/3846 3847/3847
f 3846/3846 3848/3848 3847/3847
f 3847/3847 3848/3848 3849/3849
f 3848/3848 3850/3850 3849/3849
f 3849/3849 3850/3850 3851/3851
f 3850/3850 3852/3852 3851/3851
f 3851/3851 3852/3852 3853/3853
f 3852/3852 3854/3854 3853/3853
f 3853/3853 3854/3854 3855/3855
f 3854/3854 3856/3856 3855/3855
f 3855/3855 3856/3856 3857/3857
f 3856/3856 3858/3858 3857/3857
f 3857/3857 3858/3858 3859/3859
f 3858/3858 3860/3860 3859/3859
f 3859/3859 3860/3860 3861/3861
f 3860/3860 3862/3862 3861/3861
f 3861/3861 3862/3862 3863/3863
f 3862/3862 3864/3864 3863/3863
f 3863/3863 3864/3864 3865/3865
f 3864/3864 3866/3866 3865/3865
f 3865/3865 3866/3866 3867/3867
f 3866/3866 3868/3868 3867/3867
f 3867/3867 3868/3868 3869/3869
f 3868/3868 3870/3870 3869/3869
f 3869/3869 3870/3870 3871/3871
f 3870/3870 3872/3872 3871/3871
f 3871/3871 3872/3872 3873/3873
f 3872/3872 3874/3874 3873/3873
f 3873/3873 3874/3874 3875/3875
f 3874/3874 3876/3876 3875/3875
f 3875/3875 3876/3876 3877/3877
f 3876/3876 3878/3878 3877/3877
f 3877/3877 3878/3878 3879/3879
f 3878/3878 3880/3880 3879/3879
f 3879/3879 3880/3880 3881/3881
f 3880/3880 3882/3882 3881/3881
f 3881/3881 3882/3882 3883/3883
f 3882/3882 3884/3884 3883/3883
f 3883/3883 3884/3884 3885/3885
f 3884/3884 3886/3886 3885/3885
f 3885/3885 3886/3886 3887/3887
f 3886/3886 3888/3888 3887/3887
f 3887/3887 3888/3888 3889/3889
f 3888/3888 3890/3890 3889/3889
f 3889/3889 3890/3890 3891/3891
f 3890/3890 3892/3892 3891/3891
f 3891/3891 3892/3892 3893/3893
f 3892/3892 3894/3894 3893/3893
f 3893/3893 3894/3894 3895/3895
f 3894/3894 3896/3896 3895/3895
f 3895/3895 3896/3896 3897/3897
f 3896/3896 3898/3898 3897/3897
f 3897/3897 3898/3898 3899/3899
f 3898/3898 3900/3900 3899/3899
f 3899/3899 3900/3900 3901/3901
f 3900/3900 3902/3902 3901/3901
f 3901/3901 3902/3902 3903/3903
f 3902/3902 3904/3904 3903/3903
f 3903/3903 3904/3904 3905/3905
f 3904/3904 3906/3906 3905/3905
f 3905/3905 3906/3906 3907/3907
f 3906/3906 3908/3908 3907/3907
f 3907/3907 3908/3908 3909/3909
f 3908/3908 3910/3910 3909/3909
f 3909/3909 3910/3910 3911/3911
f 3910/3910 3912/3912 3911/3911
f 3911/3911 3912/3912 3913/3913
f 3912/3912 3914/3914 3913/3913
f 3913/3913 3914/3914 3915/3915
f 3914/3914 3916/3916 3915/3915
f 3915/3915 3916/3916 3917/3917
f 3916/3916 3918/3918 3917/3917
f 3917/3917 3918/3918 3919/3919
f 3918/3918 3920/3920 3919/3919
f 3919/3919 3920/3920 3921/3921
f 3920/3920 3922/3922 3921/3921
f 3921/3921 3922/3922 3923/3923
f 3922/3922 3924/3924 3923/3923
f 3923/3923 3924/3924 3925/3925
f 3924/3924 3926/3926 3925/3925
f 3925/3925 3926/3926 3927/3927
f 3926/3926 3928/3928 3927/3927
f 3927/3927 3928/3928 3929/3929
f 3928/3928 3930/3930 3929/3929
f 3929/3929 3930/3930 3931/3931
f 3930/3930 3932/3932 3931/3931
f 3931/3931 3932/3932 3933/3933
f 3932/3932 3934/3934 3933/3933
f 3933/3933 3934/3934 3935/3935
f 3934/3934 3936/3936 3935/3935
f 3935/3935 3936/3936 3937/3937
f 3936/3936 3938/3938 3937/3937
f 3937/3937 3938/3938 3939/3939
f 3938/3938 3940/3940 3939/3939
f 3939/3939 3940/3940 3941/3941
f 3940/3940 3942/3942 3941/3941
f 3941/3941 3942/3942 3943/3943
f 3942/3942 3944/3944 3943/3943
f 3943/3943 3944/3944 3945/3945
f 3944/3944 3946/3946 3945/3945
f 3945/3945 3946/3946 3947/3947
f 3946/3946 3948/3948 3947/3947
f 3947/3947 3948/3948 3949/3949
f 3948/3948 3950/3950 3949/3949
f 3949/3949 3950/3950 3951/3951
f 3950/3950 3952/3952 3951/3951
f 3951/3951 3952/3952 3953/3953
f 3952/3952 3954/3954 3953/3953
f 3953/3953 3954/3954 3955/3955
f 3954/3954 3956/3956 3955/3955
f 3955/3955 3956/3956 3957/3957
f 3956/3956 3958/3958 3957/3957
f 3957/3957 3958/3958 3959/3959
f 3958/3958 3960/3960 3959/3959
f 3959/3959 3960/3960 3961/3961
f 3960/3960 3962/3962 3961/3961
f 3961/3961 3962/3962 3963/3963
f 3962/3962 3964/3964 3963/3963
f 3963/3963 3964/3964 3965/3965
f 3964/3964 3966/3966 3965/3965
f 3965/3965 3966/3966 3967/3967
f 3966/3966 3968/3968 3967/3967
f 3967/3967 3968/3968 3969/3969
f 3968/3968 3970/3970 3969/3969
f 3969/3969 3970/3970 3971/3971
f 3970/3970 3972/3972 3971/3971
f 3971/3971 3972/3972 3973/3973
f 3972/3972 3974/3974 3973/3973
f 3973/3973 3974/3974 3975/3975
f 3974/3974 3976/3976 3975/3975
f 3975/3975 3976/3976 3977/3977
f 3976/3976 3978/3978 3977/3977
f 3977/3977 3978/3978 3979/3979
f 3978/3978 3980/3980 3979/3979
f 3979/3979 3980/3980 3981/3981
f 3980/3980 3982/3982 3981/3981
f 3981/3981 3982/3982 3983/3983
f 3982/3982 3984/3984 3983/3983
f 3983/3983 3984/3984 3985/3985
f 3984/3984 3986/3986 3985/3985
f 3985/3985 3986/3986 3987/3987
f 3986/3986 3988/3988 3987/3987
f 3987/3987 3988/3988 3989/3989
f 3988/3988 3990/3990 3989/3989
f 3989/3989 3990/3990 3991/3991
f 3990/3990 3992/3992 3991/3991
f 3991/3991 3992/3992 3993/3993
f 3992/3992 3994/3994 3993/3993
f 3993/3993 3994/3994 3995/3995
f 3994/3994 3996/3996 3995/3995
f 3995/3995 3996/3996 3997/3997
f 3996/3996 3998/3998 3997/3997
f 3997/3997 3998/3998 3999/3999
f 3998/3998 4000/4000 3999/3999
f 3999/3999 4000/4000 4001/4001
f 4000/4000 4002/4002 4001/4001
f 4001/4001 4002/4002 4003/4003
f 4002/4002 4004/4004 4003/4003
f 4003/4003 4004/4004 4005/4005
f 4004/4004 4006/4006 4005/4005
f 4005/4005 4006/4006 4007/4007
f 4006/4006 4008/4008 4007/4007
f 4007/4007 4008/4008 4009/4009
f 4008/4008 4010/4010 4009/4009
f 4009/4009 4010/4010 4011/4011
f 4010/4010 4012/4012 4011/4011
f 4011/4011 4012/4012 4013/4013
f 4012/4012 4014/4014 4013/4013
f 4013/4013 4014/4014 4015/4015
f 4014/4014 4016/4016 4015/4015
f 4015/4015 4016/4016 4017/4017
f 4016/4016 4018/4018 4017/4017
f 4017/4017 4018/4018 4019/4019
f 4018/4018 4020/4020 4019/4019
f 4019/4019 4020/4020 4021/4021
f 4020/4020 4022/4022 4021/4021
f 4021/4021 4022/4022 4023/4023
f 4022/4022 4024/4024 4023/4023
f 4023/4023 4024/4024 4025/4025
f 4024/4024 4026/4026 4025/4025
f 4025/4025 4026/4026 4027/4027
f 4026/4026 4028/4028 4027/4027
f 4027/4027 4028/4028 4029/4029
f 4028/4028 4030/4030 4029/4029
f 4029/4029 4030/4030 4031/4031
f 4030/4030 4032/4032 4031/4031
f 4031/4031 4032/4032 4033/4033
f 4032/4032 4034/4034 4033/4033
f 4033/4033 4034/4034 4035/4035
f 4034/4034 4036/4036 4035/4035
f 4035/4035 4036/4036 4037/4037
f 4036/4036 4038/4038 4037/4037
f 4037/4037 4038/4038 4039/4039
f 4038/4038 4040/4040 4039/4039
f 4039/4039 4040/4040 4041/4041
f 4040/4040 4042/4042 4041/4041
f 4041/4041 4042/4042 4043/4043
f 4042/4042 4044/4044 4043/4043
f 4043/4043 4044/4044 4045/4045
f 4044/4044 4046/4046 4045/4045
f 4045/4045 4046/4046 4047/4047
f 4046/4046 4048/4048 4047/4047
f 4047/4047 4048/4048 4049/4049
f 4048/4048 4050/4050 4049/4049
f 4049/4049 4050/4050 4051/4051
f 4050/4050 4052/4052 4051/4051
f 4051/4051 4052/4052 4053/4053
f 4052/4052 4054/4054 4053/4053
f 4053/4053 4054/4054 4055/4055
f 4054/4054 4056/4056 4055/4055
f 4055/4055 4056/4056 4057/4057
f 4056/4056 4058/4058 4057/4057
f 4057/4057 4058/4058 4059/4059
f 4058/4058 4060/4060 4059/4059
f 4059/4059 4060/4060 4061/4061
f 4060/4060 4062/4062 4061/4061
f 4061/4061 4062/4062 4063/4063
f 4062/4062 4064/4064 4063/4063
f 4063/4063 4064/4064 4065/4065
f 4064/4064 4066/4066 4065/4065
f 4065/4065 4066/4066 4067/4067
f 4066/4066 4068/4068 4067/4067
f 4067/4067 4068/4068 4069/4069
f 4068/4068 4070/4070 4069/4069
f 4069/4069 4070/4070 4071/4071
f 4070/4070 4072/4072 4071/4071
f 4071/4071 4072/4072 4073/4073
f 4072/4072 4074/4074 4073/4073
f 4073/4073 4074/4074 4075/4075
f 4074/4074 4076/4076 4075/4075
f 4075/4075 4076/4076 4077/4077
f 4076/4076 4078/4078 4077/4077
f 4077/4077 4078/4078 4079/4079
f 4078/4078 4080/4080 4079/4079
f 4079/4079 4080/4080 4081/4081
f 4080/4080 4082/4082 4081/4081
f 4081/4081 4082/4082 4083/4083
f 4082/4082 4084/4084 4083/4083
f 4083/4083 4084/4084 4085/4085
f 4084/4084 4086/4086 4085/4085
f 4085/4085 4086/4086 4087/4087
f 4086/4086 4088/4088 4087/4087
f 4087/4087 4088/4088 4089/4089
f 4088/4088 4090/4090 4089/4089
f 4089/4089 4090/4090 4091/4091
f 4090/4090 4092/4092 4091/4091
f 4091/4091 4092/4092 4093/4093
f 4092/4092 4094/4094 4093/4093
f 4093/4093 4094/4094 4095/4095
f 4094/4094 4096/4096 4095/4095
f 4095/4095 4096/4096 4097/4097
f 4096/4096 4098/4098 4097/4097
f 4097/4097 4098/4098 4099/4099
f 4098/4098 4100/4100 4099/4099
f 4099/4099 4100/4100 4101/4101
f 4100/4100 4102/4102 4101/4101
f 4101/4101 4102/4102 4103/4103
f 4102/4102 4104/4104 4103/4103
f 4103/4103 4104/4104 4105/4105
f 4104/4104 4106/4106 4105/4105
f 4105/4105 4106/4106 4107/4107
f 4106/4106 4108/4108 4107/4107
f 4107/4107 4108/4108 4109/4109
f 4108/4108 4110/4110 4109/4109
f 4109/4109 4110/4110 4111/4111
f 4110/4110 4112/4112 4111/4111
f 4111/4111 4112/4112 4113/4113
f 4112/4112 4114/4114 4113/4113
f 4113/4113 4114/4114 4115/4115
f 4114/4114 4116/4116 4115/4115
f 4115/4115 4116/4116 4117/4117
f 4116/4116 4118/4118 4117/4117
f 4117/4117 4118/4118 4119/4119
f 4118/4118 4120/4120 4119/4119
f 4119/4119 4120/4120 4121/4121
f 4120/4120 4122/4122 4121/4121
f 4121/4121 4122/4122 4123/4123
f 4122/4122 4124/4124 4123/4123
f 4123/4123 4124/4124 4125/4125
f 4124/4124 4126/4126 4125/4125
f 4125/4125 4126/4126 4127/4127
f 4126/4126 4128/4128 4127/4127
f 4127/4127 4128/4128 4129/4129
f 4128/4128 4130/4130 4129/4129
f 4129/4129 4130/4130 4131/4131
f 4130/4130 4132/4132 4131/4131
f 4131/4131 4132/4132 4133/4133
f 4132/4132 4134/4134 4133/4133
f 4133/4133 4134/4134 4135/4135
f 4134/4134 4136/4136 4135/4135
f 4135/4135 4136/4136 4137/4137
f 4136/4136 4138/4138 4137/4137
f 4137/4137 4138/4138 4139/4139
f 4138/4138 4140/4140 4139/4139
f 4139/4139 4140/4140 4141/4141
f 4140/4140 4142/4142 4141/4141
f 4141/4141 4142/4142 4143/4143
f 4142/4142 4144/4144 4143/4143
f 4143/4143 4144/4144 4145/4145
f 4144/4144 4146/4146 4145/4145
f 4145/4145 4146/4146 4147/4147
f 4146/4146 4148/4148 4147/4147
f 4147/4147 4148/4148 4149/4149
f 4148/4148 4150/4150 4149/4149
f 4149/4149 4150/4150 4151/4151
f 4150/4150 4152/4152 4151/4151
f 4151/4151 4152/4152 4153/4153
f 4152/4152 4154/4154 4153/4153
f 4153/4153 4154/4154 4155/4155
f 4154/4154 4156/4156 4155/4155
f 4155/4155 4156/4156 4157/4157
f 4156/4156 4158/4158 4157/4157
f 4157/4157 4158/4158 4159/4159
f 4158/4158 4160/4160 4159/4159
f 4159/4159 4160/4160 4161/4161
f 4160/4160 4162/4162 4161/4161
f 4161/4161 4162/4162 4163/4163
f 4162/4162 4164/4164 4163/4163
f 4163/4163 4164/4164 4165/4165
f 4164/4164 4166/4166 4165/4165
f 4165/4165 4166/4166 4167/4167
f 4166/4166 4168/4168 4167/4167
f 4167/4167 4168/4168 4169/4169
f 4168/4168 4170/4170 4169/4169
f 4169/4169 4170/4170 4171/4171
f 4170/4170 4172/4172 4171/4171
f 4171/4171 4172/4172 4173/4173
f 4172/4172 4174/4174 4173/4173
f 4173/4173 4174/4174 4175/4175
f 4174/4174 4176/4176 4175/4175
f 4175/4175 4176/4176 4177/4177
f 4176/4176 4178/4178 4177/4177
f 4177/4177 4178/4178 4179/4179
f 4178/4178 4180/4180 4179/4179
f 4179/4179 4180/4180 4181/4181
f 4180/4180 4182/4182 4181/4181
f 4181/4181 4182/4182 4183/4183
f 4182/4182 4184/4184 4183/4183
f 4183/4183 4184/4184 4185/4185
f 4184/4184 4186/4186 4185/4185
f 4185/4185 4186/4186 4187/4187
f 4186/4186 4188/4188 4187/4187
f 4187/4187 4188/4188 4189/4189
f 4188/4188 4190/4190 4189/4189
f 4189/4189 4190/4190 4191/4191
f 4190/4190 4192/4192 4191/4191
f 4191/4191 4192/4192 4193/4193
f 4192/4192 4194/4194 4193/4193
f 4193/4193 4194/4194 4195/4195
f 4194/4194 4196/4196 4195/4195
f 4195/4195 4196/4196 4197/4197
f 4196/4196 4198/4198 4197/4197
f 4197/4197 4198/4198 4199/4199
f 4198/4198 4200/4200 4199/4199
f 4199/4199 4200/4200 4201/4201
f 4200/4200 4202/4202 4201/4201
f 4201/4201 4202/4202 4203/4203
f 4202/4202 4204/4204 4203/4203
f 4203/4203 4204/4204 4205/4205
f 4204/4204 4206/4206 4205/4205
f 4205/4205 4206/4206 4207/4207
f 4206/4206 4208/4208 4207/4207
f 4207/4207 4208/4208 4209/4209
f 4208/4208 4210/4210 4209/4209
f 4209/4209 4210/4210 4211/4211
f 4210/4210 4212/4212 4211/4211
f 4211/4211 4212/4212 4213/4213
f 4212/4212 4214/4214 4213/4213
f 4213/4213 4214/4214 4215/4215
f 4214/4214 4216/4216 4215/4215
f 4215/4215 4216/4216 4217/4217
f 4216/4216 4218/4218 4217/4217
f 4217/4217 4218/4218 4219/4219
f 4218/4218 4220/4220 4219/4219
f 4219/4219 4220/4220 4221/4221
f 4220/4220 4222/4222 4221/4221
f 4221/4221 4222/4222 4223/4223
f 4222/4222 4224/4224 4223/4223
f 4223/4223 4224/4224 4225/4225
f 4224/4224 4226/4226 4225/4225
f 4225/4225 4226/4226 4227/4227
f 4226/4226 4228/4228 4227/4227
f 4227/4227 4228/4228 4229/4229
f 4228/4228 4230/4230 4229/4229
f 4229/4229 4230/4230 4231/4231
f 4230/4230 4232/4232 4231/4231
f 4231/4231 4232/4232 4233/4233
f 4232/4232 4234/4234 4233/4233
f 4233/4233 4234/4234 4235/4235
f 4234/4234 4236/4236 4235/4235
f 4235/4235 4236/4236 4237/4237
f 4236/4236 4238/4238 4237/4237
f 4237/4237 4238/4238 4239/4239
f 4238/4238 4240/4240 4239/4239
f 4239/4239 4240/4240 4241/4241
f 4240/4240 4242/4242 4241/4241
f 4241/4241 4242/4242 4243/4243
f 4242/4242 4244/4244 4243/4243
f 4243/4243 4244/4244 4245/4245
f 4244/4244 4246/4246 4245/4245
f 4245/4245 4246/4246 4247/4247
f 4246/4246 4248/4248 4247/4247
f 4247/4247 4248/4248 4249/4249
f 4248/4248 4250/4250 4249/4249
f 4249/4249 4250/4250 4251/4251
f 4250/4250 4252/4252 4251/4251
f 4251/4251 4252/4252 4253/4253
f 4252/4252 4254/4254 4253/4253
f 4253/4253 4254/4254 4255/4255
f 4254/4254 4256/4256 4255/4255
f 4255/4255 4256/4256 4257/4257
f 4256/4256 4258/4258 4257/4257
f 4257/4257 4258/4258 4259/4259
f 4258/4258 4260/4260 4259/4259
f 4259/4259 4260/4260 4261/4261
f 4260/4260 4262/4262 4261/4261
f 4261/4261 4262/4262 4263/4263
f 4262/4262 4264/4264 4263/4263
f 4263/4263 4264/4264 4265/4265
f 4264/4264 4266/4266 4265/4265
f 4265/4265 4266/4266 4267/4267
f 4266/4266 4268/4268 4267/4267
f 4267/4267 4268/4268 4269/4269
f 4268/4268 4270/4270 4269/4269
f 4269/4269 4270/4270 4271/4271
f 4270/4270 4272/4272 4271/4271
f 4271/4271 4272/4272 4273/4273
f 4272/4272 4274/4274 4273/4273
f 4273/4273 4274/4274 4275/4275
f 4274/4274 4276/4276 4275/4275
f 4275/4275 4276/4276 4277/4277
f 4276/4276 4278/4278 4277/4277
f 4277/4277 4278/4278 4279/4279
f 4278/4278 4280/4280 4279/4279
f 4279/4279 4280/4280 4281/4281
f 4280/4280 4282/4282 4281/4281
f 4281/4281 4282/4282 4283/4283
f 4282/4282 4284/4284 4283/4283
f 4283/4283 4284/4284 4285/4285
f 4284/4284 4286/4286 4285/4285
f 4285/4285 4286/4286 4287/4287
f 4286/4286 4288/4288 4287/4287
f 4287/4287 4288/4288 4289/4289
f 4288/4288 4290/4290 4289/4289
f 4289/4289 4290/4290 4291/4291
f 4290/4290 4292/4292 4291/4291
f 4291/4291 4292/4292 4293/4293
f 4292/4292 4294/4294 4293/4293
f 4293/4293 4294/4294 4295/4295
f 4294/4294 4296/4296 4295/4295
f 4295/4295 4296/4296 4297/4297
f 4296/4296 4298/4298 4297/4297
f 4297/4297 4298/4298 4299/4299
f 4298/4298 4300/4300 4299/4299
f 4299/4299 4300/4300 4301/4301
f 4300/4300 4302/4302 4301/4301
f 4301/4301 4302/4302 4303/4303
f 4302/4302 4304/4304 4303/4303
f 4303/4303 4304/4304 4305/4305
f 4304/4304 4306/4306 4305/4305
f 4305/4305 4306/4306 4307/4307
f 4306/4306 4308/4308 4307/4307
f 4307/4307 4308/4308 4309/4309
f 4308/4308 4310/4310 4309/4309
f 4309/4309 4310/4310 4311/4311
f 4310/4310 4312/4312 4311/4311
f 4311/4311 4312/4312 4313/4313
f 4312/4312 4314/4314 4313/4313
f 4313/4313 4314/4314 4315/4315
f 4314/4314 4316/4316 4315/4315
f 4315/4315 4316/4316 4317/4317
f 4316/4316 4318/4318 4317/4317
f 4317/4317 4318/4318 4319/4319
f 4318/4318 4320/4320 4319/4319
f 4319/4319 4320/4320 4321/4321
f 4320/4320 4322/4322 4321/4321
f 4321/4321 4322/4322 4323/4323
f 4322/4322 4324/4324 4323/4323
f 4323/4323 4324/4324 4325/4325
f 4324/4324 4326/4326 4325/4325
f 4325/4325 4326/4326 4327/4327
f 4326/4326 4328/4328 4327/4327
f 4327/4327 4328/4328 4329/4329
f 4328/4328 4330/4330 4329/4329
f 4329/4329 4330/4330 4331/4331
f 4330/4330 4332/4332 4331/4331
f 4331/4331 4332/4332 4333/4333
f 4332/4332 4334/4334 4333/4333
f 4333/4333 4334/4334 4335/4335
f 4334/4334 4336/4336 4335/4335
f 4335/4335 4336/4336 4337/4337
f 4336/4336 4338/4338 4337/4337
f 4337/4337 4338/4338 4339/4339
f 4338/4338 4340/4340 4339/4339
f 4339/4339 4340/4340 4341/4341
f 4340/4340 4342/4342 4341/4341
f 4341/4341 4342/4342 4343/4343
f 4342/4342 4344/4344 4343/4343
f 4343/4343 4344/4344 4345/4345
f 4344/4344 4346/4346 4345/4345
f 4345/4345 4346/4346 4347/4347
f 4346/4346 4348/4348 4347/4347
f 4347/4347 4348/4348 4349/4349
f 4348/4348 4350/4350 4349/4349
f 4349/4349 4350/4350 4351/4351
f 4350/4350 4352/4352 4351/4351
f 4351/4351 4352/4352 4353/4353
f 4352/4352 4354/4354 4353/4353
f 4353/4353 4354/4354 4355/4355
f 4354/4354 4356/4356 4355/4355
f 4355/4355 4356/4356 4357/4357
f 4356/4356 4358/4358 4357/4357
f 4357/4357 4358/4358 4359/4359
f 4358/4358 4360/4360 4359/4359
f 4359/4359 4360/4360 4361/4361
f 4360/4360 4362/4362 4361/4361
f 4361/4361 4362/4362 4363/4363
f 4362/4362 4364/4364 4363/4363
f 4363/4363 4364/4364 4365/4365
f 4364/4364 4366/4366 4365/4365
f 4365/4365 4366/4366 4367/4367
f 4366/4366 4368/4368 4367/4367
f 4367/4367 4368/4368 4369/4369
f 4368/4368 4370/4370 4369/4369
f 4369/4369 4370/4370 4371/4371
f 4370/4370 4372/4372 4371/4371
f 4371/4371 4372/4372 4373/4373
f 4372/4372 4374/4374 4373/4373
f 4373/4373 4374/4374 4375/4375
f 4374/4374 4376/4376 4375/4375
f 4375/4375 4376/4376 4377/4377
f 4376/4376 4378/4378 4377/4377
f 4377/4377 4378/4378 4379/4379
f 4378/4378 4380/4380 4379/4379
f 4379/4379 4380/4380 4381/4381
f 4380/4380 4382/4382 4381/4381
f 4381/4381 4382/4382 4383/4383
f 4382/4382 4384/4384 4383/4383
f 4383/4383 4384/4384 4385/4385
f 4384/4384 4386/4386 4385/4385
f 4385/4385 4386/4386 4387/4387
f 4386/4386 4388/4388 4387/4387
f 4387/4387 4388/4388 4389/4389
f 4388/4388 4390/4390 4389/4389
f 4389/4389 4390/4390 4391/4391
f 4390/4390 4392/4392 4391/4391
f 4391/4391 4392/4392 4393/4393
f 4392/4392 4394/4394 4393/4393
f 4393/4393 4394/4394 4395/4395
f 4394/4394 4396/4396 4395/4395
f 4395/4395 4396/4396 4397/4397
f 4396/4396 4398/4398 4397/4397
f 4397/4397 4398/4398 4399/4399
f 4398/4398 4400/4400 4399/4399
f 4399/4399 4400/4400 4401/4401
f 4400/4400 4402/4402 4401/4401
f 4401/4401 4402/4402 4403/4403
f 4402/4402 4404/4404 4403/4403
v -7271.543 5401.474 2.950
v -7272.091 5571.473 2.950
v -7271.543 5401.474 2.850
v -7272.091 5571.473 2.850
v -7278.091 5571.453 2.950
v -7277.543 5401.454 2.950
v -7278.091 5571.453 2.850
v -7277.543 5401.454 2.850
v -7278.091 5571.453 2.950
v -7272.091 5571.473 2.950
v -7277.543 5401.454 2.950
v -7271.543 5401.474 2.950
v -7277.543 5401.454 2.850
v -7271.543 5401.474 2.850
v -7278.091 5571.453 2.850
v -7272.091 5571.473 2.850
v -7277.543 5401.454 2.950
v -7271.543 5401.474 2.950
v -7277.543 5401.454 2.850
v -7271.543 5401.474 2.850
v -7272.091 5571.473 2.950
v -7278.091 5571.453 2.950
v -7272.091 5571.473 2.850
v -7278.091 5571.453 2.850
vt 0.00000 1.00000
vt 1.00000 1.00000
vt 0.00000 0.00000
vt 1.00000 0.00000
vt 0.00000 1.00000
vt 1.00000 1.00000
vt 0.00000 0.00000
vt 1.00000 0.00000
vt 0.00000 1.00000
vt 1.00000 1.00000
vt 0.00000 0.00000
vt 1.00000 0.00000
vt 0.00000 1.00000
vt 1.00000 1.00000
vt 0.00000 0.00000
vt 1.00000 0.00000
vt 0.00000 1.00000
vt 1.00000 1.00000
vt 0.00000 0.00000
vt 1.00000 0.00000
vt 0.00000 1.00000
vt 1.00000 1.00000
vt 0.00000 0.00000
vt 1.00000 0.00000
f 4405/4405 4407/4407 4406/4406
f 4407/4407 4408/4408 4406/4406
f 4409/4409 4411/4411 4410/4410
f 4411/4411 4412/4412 4410/4410
f 4413/4413 4415/4415 4414/4414
f 4415/4415 4416/4416 4414/4414
f 4417/4417 4419/4419 4418/4418
f 4419/4419 4420/4420 4418/4418
f 4421/4421 4423/4423 4422/4422
f 4423/4423 4424/4424 4422/4422
f 4425/4425 4427/4427 4426/4426
f 4427/4427 4428/4428 4426/4426
v -7075.082 5569.108 2.950
v -7075.101 5575.108 2.950
v -7075.082 5569.108 2.850
v -7075.101 5575.108 2.850
v -7275.100 5574.463 2.950
v -7275.081 5568.463 2.950
v -7275.100 5574.463 2.850
v -7275.081 5568.463 2.850
v -7275.100 5574.463 2.950
v -7075.101 5575.108 2.950
v -7275.081 5568.463 2.950
v -7075.082 5569.108 2.950
v -7275.081 5568.463 2.850
v -7075.082 5569.108 2.850
v -7275.100 5574.463 2.850
v -7075.101 5575.108 2.850
v -7275.081 5568.463 2.950
v -7075.082 5569.108 2.950
v -7275.081 5568.463 2.850
v -7075.082 5569.108 2.850
v -7075.101 5575.108 2.950
v -7275.100 5574.463 2.950
v -7075.101 5575.108 2.850
v -7275.100 5574.463 2.850
vt 0.00000 1.00000
vt 1.00000 1.00000
vt 0.00000 0.00000
vt 1.00000 0.00000
vt 0.00000 1.00000
vt 1.00000 1.00000
vt 0.00000 0.00000
vt 1.00000 0.00000
vt 0.00000 1.00000
vt 1.00000 1.00000
vt 0.00000 0.00000
vt 1.00000 0.00000
vt 0.00000 1.00000
vt 1.00000 1.00000
vt 0.00000 0.00000
vt 1.00000 0.00000
vt 0.00000 1.00000
vt 1.00000 1.00000
vt 0.00000 0.00000
vt 1.00000 0.00000
vt 0.00000 1.00000
vt 1.00000 1.00000
vt 0.00000 0.00000
vt 1.00000 0.00000
f 4429/4429 4431/4431 4430/4430
f 4431/4431 4432/4432 4430/4430
f 4433/4433 4435/4435 4434/4434
f 4435/4435 4436/4436 4434/4434
f 4437/4437 4439/4439 4438/4438
f 4439/4439 4440/4440 4438/4438
f 4441/4441 4443/4443 4442/4442
f 4443/4443 4444/4444 4442/4442
f 4445/4445 4447/4447 4446/4446
f 4447/4447 4448/4448 4446/4446
f 4449/4449 4451/4451 4450/4450
f 4451/4451 4452/4452 4450/4450
v -7074.534 5399.109 2.950
v -7074.553 5405.109 2.950
v -7074.534 5399.109 2.850
v -7074.553 5405.109 2.850
v -7274.552 5404.464 2.950
v -7274.533 5398.464 2.950
v -7274.552 5404.464 2.850
v -7274.533 5398.464 2.850
v -7274.552 5404.464 2.950
v -7074.553 5405.109 2.950
v -7274.533 5398.464 2.950
v -7074.534 5399.109 2.950
v -7274.533 5398.464 2.850
v -7074.534 5399.109 2.850
v -7274.552 5404.464 2.850
v -7074.553 5405.109 2.850
v -7274.533 5398.464 2.950
v -7074.534 5399.109 2.950
v -7274.533 5398.464 2.850
v -7074.534 5399.109 2.850
v -7074.553 5405.109 2.950
v -7274.552 5404.464 2.950
v -7074.553 5405.109 2.850
v -7274.552 5404.464 2.850
vt 0.00000 1.00000
vt 1.00000 1.00000
vt 0.00000 0.00000
vt 1.00000 0.00000
vt 0.00000 1.00000
vt 1.00000 1.00000
vt 0.00000 0.00000
vt 1.00000 0.00000
vt 0.00000 1.00000
vt 1.00000 1.00000
vt 0.00000 0.00000
vt 1.00000 0.00000
vt 0.00000 1.00000
vt 1.00000 1.00000
vt 0.00000 0.00000
vt 1.00000 0.00000
vt 0.00000 1.00000
vt 1.00000 1.00000
vt 0.00000 0.00000
vt 1.00000 0.00000
vt 0.00000 1.00000
vt 1.00000 1.00000
vt 0.00000 0.00000
vt 1.00000 0.00000
f 4453/4453 4455/4455 4454/4454
f 4455/4455 4456/4456 4454/4454
f 4457/4457 4459/4459 4458/4458
f 4459/4459 4460/4460 4458/4458
f 4461/4461 4463/4463 4462/4462
f 4463/4463 4464/4464 4462/4462
f 4465/4465 4467/4467 4466/4466
f 4467/4467 4468/4468 4466/4466
f 4469/4469 4471/4471 4470/4470
f 4471/4471 4472/4472 4470/4470
f 4473/4473 4475/4475 4474/4474
f 4475/4475 4476/4476 4474/4474
v -7270.254 5001.476 2.950
v -7270.801 5171.475 2.950
v -7270.254 5001.476 2.850
v -7270.801 5171.475 2.850
v -7276.801 5171.456 2.950
v -7276.254 5001.456 2.950
v -7276.801 5171.456 2.850
v -7276.254 5001.456 2.850
v -7276.801 5171.456 2.950
v -7270.801 5171.475 2.950
v -7276.254 5001.456 2.950
v -7270.254 5001.476 2.950
v -7276.254 5001.456 2.850
v -7270.254 5001.476 2.850
v -7276.801 5171.456 2.850
v -7270.801 5171.475 2.850
v -7276.254 5001.456 2.950
v -7270.254 5001.476 2.950
v -7276.254 5001.456 2.850
v -7270.254 5001.476 2.850
v -7270.801 5171.475 2.950
v -7276.801 5171.456 2.950
v -7270.801 5171.475 2.850
v -7276.801 5171.456 2.850
vt 0.00000 1.00000
vt 1.00000 1.00000
vt 0.00000 0.00000
vt 1.00000 0.00000
vt 0.00000 1.00000
vt 1.00000 1.00000
vt 0.00000 0.00000
vt 1.00000 0.00000
vt 0.00000 1.00000
vt 1.00000 1.00000
vt 0.00000 0.00000
vt 1.00000 0.00000
vt 0.00000 1.00000
vt 1.00000 1.00000
vt 0.00000 0.00000
vt 1.00000 0.00000
vt 0.00000 1.00000
vt 1.00000 1.00000
vt 0.00000 0.00000
vt 1.00000 0.00000
vt 0.00000 1.00000
vt 1.00000 1.00000
vt 0.00000 0.00000
vt 1.00000 0.00000
f 4477/4477 4479/4479 4478/4478
f 4479/4479 4480/4480 4478/4478
f 4481/4481 4483/4483 4482/4482
f 4483/4483 4484/4484 4482/4482
f 4485/4485 4487/4487 4486/4486
f 4487/4487 4488/4488 4486/4486
f 4489/4489 4491/4491 4490/4490
f 4491/4491 4492/4492 4490/4490
f 4493/4493 4495/4495 4494/4494
f 4495/4495 4496/4496 4494/4494
f 4497/4497 4499/4499 4498/4498
f 4499/4499 4500/4500 4498/4498
v -7073.793 5169.110 2.950
v -7073.812 5175.110 2.950
v -7073.793 5169.110 2.850
v -7073.812 5175.110 2.850
v -7273.811 5174.465 2.950
v -7273.792 5168.465 2.950
v -7273.811 5174.465 2.850
v -7273.792 5168.465 2.850
v -7273.811 5174.465 2.950
v -7073.812 5175.110 2.950
v -7273.792 5168.465 2.950
v -7073.793 5169.110 2.950
v -7273.792 5168.465 2.850
v -7073.793 5169.110 2.850
v -7273.811 5174.465 2.850
v -7073.812 5175.110 2.850
v -7273.792 5168.465 2.950
v -7073.793 5169.110 2.950
v -7273.792 5168.465 2.850
v -7073.793 5169.110 2.850
v -7073.812 5175.110 2.950
v -7273.811 5174.465 2.950
v -7073.812 5175.110 2.850
v -7273.811 5174.465 2.850
vt 0.00000 1.00000
vt 1.00000 1.00000
vt 0.00000 0.00000
vt 1.00000 0.00000
vt 0.00000 1.00000
vt 1.00000 1.00000
vt 0.00000 0.00000
vt 1.00000 0.00000
vt 0.00000 1.00000
vt 1.00000 1.00000
vt 0.00000 0.00000
vt 1.00000 0.00000
vt 0.00000 1.00000
vt 1.00000 1.00000
vt 0.00000 0.00000
vt 1.00000 0.00000
vt 0.00000 1.00000
vt 1.00000 1.00000
vt 0.00000 0.00000
vt 1.00000 0.00000
vt 0.00000 1.00000
vt 1.00000 1.00000
vt 0.00000 0.00000
vt 1.00000 0.00000
f 4501/4501 4503/4503 4502/4502
f 4503/4503 4504/4504 4502/4502
f 4505/4505 4507/4507 4506/4506
f 4507/4507 4508/4508 4506/4506
f 4509/4509 4511/4511 4510/4510
f 4511/4511 4512/4512 4510/4510
f 4513/4513 4515/4515 4514/4514
f 4515/4515 4516/4516 4514/4514
f 4517/4517 4519/4519 4518/4518
f 4519/4519 4520/4520 4518/4518
f 4521/4521 4523/4523 4522/4522
f 4523/4523 4524/4524 4522/4522
v -7073.245 4999.111 2.950
v -7073.264 5005.111 2.950
v -7073.245 4999.111 2.850
v -7073.264 5005.111 2.850
v -7273.263 5004.466 2.950
v -7273.244 4998.466 2.950
v -7273.263 5004.466 2.850
v -7273.244 4998.466 2.850
v -7273.263 5004.466 2.950
v -7073.264 5005.111 2.950
v -7273.244 4998.466 2.950
v -7073.245 4999.111 2.950
v -7273.244 4998.466 2.850
v -7073.245 4999.111 2.850
v -7273.263 5004.466 2.850
v -7073.264 5005.111 2.850
v -7273.244 4998.466 2.950
v -7073.245 4999.111 2.950
v -7273.244 4998.466 2.850
v -7073.245 4999.111 2.850
v -7073.264 5005.111 2.950
v -7273.263 5004.466 2.950
v -7073.264 5005.111 2.850
v -7273.263 5004.466 2.850
vt 0.00000 1.00000
vt 1.00000 1.00000
vt 0.00000 0.00000
vt 1.00000 0.00000
vt 0.00000 1.00000
vt 1.00000 1.00000
vt 0.00000 0.00000
vt 1.00000 0.00000
vt 0.00000 1.00000
vt 1.00000 1.00000
vt 0.00000 0.00000
vt 1.00000 0.00000
vt 0.00000 1.00000
vt 1.00000 1.00000
vt 0.00000 0.00000
vt 1.00000 0.00000
vt 0.00000 1.00000
vt 1.00000 1.00000
vt 0.00000 0.00000
vt 1.00000 0.00000
vt 0.00000 1.00000
vt 1.00000 1.00000
vt 0.00000 0.00000
vt 1.00000 0.00000
f 4525/4525 4527/4527 4526/4526
f 4527/4527 4528/4528 4526/4526
f 4529/4529 4531/4531 4530/4530
f 4531/4531 4532/4532 4530/4530
f 4533/4533 4535/4535 4534/4534
f 4535/4535 4536/4536 4534/4534
f 4537/4537 4539/4539 4538/4538
f 4539/4539 4540/4540 4538/4538
f 4541/4541 4543/4543 4542/4542
f 4543/4543 4544/4544 4542/4542
f 4545/4545 4547/4547 4546/4546
f 4547/4547 4548/4548 4546/4546
v -7771.624 5399.610 2.950
v -7772.296 5569.609 2.950
v -7771.624 5399.610 2.850
v -7772.296 5569.609 2.850
v -7778.296 5569.585 2.950
v -7777.623 5399.587 2.950
v -7778.296 5569.585 2.850
v -7777.623 5399.587 2.850
v -7778.296 5569.585 2.950
v -7772.296 5569.609 2.950
v -7777.623 5399.587 2.950
v -7771.624 5399.610 2.950
v -7777.623 5399.587 2.850
v -7771.624 5399.610 2.850
v -7778.296 5569.585 2.850
v -7772.296 5569.609 2.850
v -7777.623 5399.587 2.950
v -7771.624 5399.610 2.950
v -7777.623 5399.587 2.850
v -7771.624 5399.610 2.850
v -7772.296 5569.609 2.950
v -7778.296 5569.585 2.950
v -7772.296 5569.609 2.850
v -7778.296 5569.585 2.850
vt 0.00000 1.00000
vt 1.00000 1.00000
vt 0.00000 0.00000
vt 1.00000 0.00000
vt 0.00000 1.00000
vt 1.00000 1.00000
vt 0.00000 0.00000
vt 1.00000 0.00000
vt 0.00000 1.00000
vt 1.00000 1.00000
vt 0.00000 0.00000
vt 1.00000 0.00000
vt 0.00000 1.00000
vt 1.00000 1.00000
vt 0.00000 0.00000
vt 1.00000 0.00000
vt 0.00000 1.00000
vt 1.00000 1.00000
vt 0.00000 0.00000
vt 1.00000 0.00000
vt 0.00000 1.00000
vt 1.00000 1.00000
vt 0.00000 0.00000
vt 1.00000 0.00000
f 4549/4549 4551/4551 4550/4550
f 4551/4551 4552/4552 4550/4550
f 4553/4553 4555/4555 4554/4554
f 4555/4555 4556/4556 4554/4554
f 4557/4557 4559/4559 4558/4558
f 4559/4559 4560/4560 4558/4558
f 4561/4561 4563/4563 4562/4562
f 4563/4563 4564/4564 4562/4562
f 4565/4565 4567/4567 4566/4566
f 4567/4567 4568/4568 4566/4566
f 4569/4569 4571/4571 4570/4570
f 4571/4571 4572/4572 4570/4570
v -7575.286 5567.388 2.950
v -7575.309 5573.388 2.950
v -7575.286 5567.388 2.850
v -7575.309 5573.388 2.850
v -7775.308 5572.597 2.950
v -7775.284 5566.597 2.950
v -7775.308 5572.597 2.850
v -7775.284 5566.597 2.850
v -7775.308 5572.597 2.950
v -7575.309 5573.388 2.950
v -7775.284 5566.597 2.950
v -7575.286 5567.388 2.950
v -7775.284 5566.597 2.850
v -7575.286 5567.388 2.850
v -7775.308 5572.597 2.850
v -7575.309 5573.388 2.850
v -7775.284 5566.597 2.950
v -7575.286 5567.388 2.950
v -7775.284 5566.597 2.850
v -7575.286 5567.388 2.850
v -7575.309 5573.388 2.950
v -7775.308 5572.597 2.950
v -7575.309 5573.388 2.850
v -7775.308 5572.597 2.850
vt 0.00000 1.00000
vt 1.00000 1.00000
vt 0.00000 0.00000
vt 1.00000 0.00000
vt 0.00000 1.00000
vt 1.00000 1.00000
vt 0.00000 0.00000
vt 1.00000 0.00000
vt 0.00000 1.00000
vt 1.00000 1.00000
vt 0.00000 0.00000
vt 1.00000 0.00000
vt 0.00000 1.00000
vt 1.00000 1.00000
vt 0.00000 0.00000
vt 1.00000 0.00000
vt 0.00000 1.00000
vt 1.00000 1.00000
vt 0.00000 0.00000
vt 1.00000 0.00000
vt 0.00000 1.00000
vt 1.00000 1.00000
vt 0.00000 0.00000
vt 1.00000 0.00000
f 4573/4573 4575/4575 4574/4574
f 4575/4575 4576/4576 4574/4574
f 4577/4577 4579/4579 4578/4578
f 4579/4579 4580/4580 4578/4578
f 4581/4581 4583/4583 4582/4582
f 4583/4583 4584/4584 4582/4582
f 4585/4585 4587/4587 4586/4586
f 4587/4587 4588/4588 4586/4586
f 4589/4589 4591/4591 4590/4590
f 4591/4591 4592/4592 4590/4590
f 4593/4593 4595/4595 4594/4594
f 4595/4595 4596/4596 4594/4594
v -7574.613 5397.390 2.950
v -7574.637 5403.390 2.950
v -7574.613 5397.390 2.850
v -7574.637 5403.390 2.850
v -7774.635 5402.599 2.950
v -7774.612 5396.599 2.950
v -7774.635 5402.599 2.850
v -7774.612 5396.599 2.850
v -7774.635 5402.599 2.950
v -7574.637 5403.390 2.950
v -7774.612 5396.599 2.950
v -7574.613 5397.390 2.950
v -7774.612 5396.599 2.850
v -7574.613 5397.390 2.850
v -7774.635 5402.599 2.850
v -7574.637 5403.390 2.850
v -7774.612 5396.599 2.950
v -7574.613 5397.390 2.950
v -7774.612 5396.599 2.850
v -7574.613 5397.390 2.850
v -7574.637 5403.390 2.950
v -7774.635 5402.599 2.950
v -7574.637 5403.390 2.850
v -7774.635 5402.599 2.850
vt 0.00000 1.00000
vt 1.00000 1.00000
vt 0.00000 0.00000
vt 1.00000 0.00000
vt 0.00000 1.00000
vt 1.00000 1.00000
vt 0.00000 0.00000
vt 1.00000 0.00000
vt 0.00000 1.00000
vt 1.00000 1.00000
vt 0.00000 0.00000
vt 1.00000 0.00000
vt 0.00000 1.00000
vt 1.00000 1.00000
vt 0.00000 0.00000
vt 1.00000 0.00000
vt 0.00000 1.00000
vt 1.00000 1.00000
vt 0.00000 0.00000
vt 1.00000 0.00000
vt 0.00000 1.00000
vt 1.00000 1.00000
vt 0.00000 0.00000
vt 1.00000 0.00000
f 4597/4597 4599/4599 4598/4598
f 4599/4599 4600/4600 4598/4598
f 4601/4601 4603/4603 4602/4602
f 4603/4603 4604/4604 4602/4602
f 4605/4605 4607/4607 4606/4606
f 4607/4607 4608/4608 4606/4606
f 4609/4609 4611/4611 4610/4610
f 4611/4611 4612/4612 4610/4610
f 4613/4613 4615/4615 4614/4614
f 4615/4615 4616/4616 4614/4614
f 4617/4617 4619/4619 4618/4618
f 4619/4619 4620/4620 4618/4618
v -7770.041 4999.614 2.950
v -7770.714 5169.612 2.950
v -7770.041 4999.614 2.850
v -7770.714 5169.612 2.850
v -7776.714 5169.589 2.950
v -7776.041 4999.590 2.950
v -7776.714 5169.589 2.850
v -7776.041 4999.590 2.850
v -7776.714 5169.589 2.950
v -7770.714 5169.612 2.950
v -7776.041 4999.590 2.950
v -7770.041 4999.614 2.950
v -7776.041 4999.590 2.850
v -7770.041 4999.614 2.850
v -7776.714 5169.589 2.850
v -7770.714 5169.612 2.850
v -7776.041 4999.590 2.950
v -7770.041 4999.614 2.950
v -7776.041 4999.590 2.850
v -7770.041 4999.614 2.850
v -7770.714 5169.612 2.950
v -7776.714 5169.589 2.950
v -7770.714 5169.612 2.850
v -7776.714 5169.589 2.850
vt 0.00000 1.00000
vt 1.00000 1.00000
vt 0.00000 0.00000
vt 1.00000 0.00000
vt 0.00000 1.00000
vt 1.00000 1.00000
vt 0.00000 0.00000
vt 1.00000 0.00000
vt 0.00000 1.00000
vt 1.00000 1.00000
vt 0.00000 0.00000
vt 1.00000 0.00000
vt 0.00000 1.00000
vt 1.00000 1.00000
vt 0.00000 0.00000
vt 1.00000 0.00000
vt 0.00000 1.00000
vt 1.00000 1.00000
vt 0.00000 0.00000
vt 1.00000 0.00000
vt 0.00000 1.00000
vt 1.00000 1.00000
vt 0.00000 0.00000
vt 1.00000 0.00000
f 4621/4621 4623/4623 4622/4622
f 4623/4623 4624/4624 4622/4622
f 4625/4625 4627/4627 4626/4626
f 4627/4627 4628/4628 4626/4626
f 4629/4629 4631/4631 4630/4630
f 4631/4631 4632/4632 4630/4630
f 4633/4633 4635/4635 4634/4634
f 4635/4635 4636/4636 4634/4634
f 4637/4637 4639/4639 4638/4638
f 4639/4639 4640/4640 4638/4638
f 4641/4641 4643/4643 4642/4642
f 4643/4643 4644/4644 4642/4642
v -7573.703 5167.392 2.950
v -7573.727 5173.392 2.950
v -7573.703 5167.392 2.850
v -7573.727 5173.392 2.850
v -7773.726 5172.600 2.950
v -7773.702 5166.600 2.950
v -7773.726 5172.600 2.850
v -7773.702 5166.600 2.850
v -7773.726 5172.600 2.950
v -7573.727 5173.392 2.950
v -7773.702 5166.600 2.950
v -7573.703 5167.392 2.950
v -7773.702 5166.600 2.850
v -7573.703 5167.392 2.850
v -7773.726 5172.600 2.850
v -7573.727 5173.392 2.850
v -7773.702 5166.600 2.950
v -7573.703 5167.392 2.950
v -7773.702 5166.600 2.850
v -7573.703 5167.392 2.850
v -7573.727 5173.392 2.950
v -7773.726 5172.600 2.950
v -7573.727 5173.392 2.850
v -7773.726 5172.600 2.850
vt 0.00000 1.00000
vt 1.00000 1.00000
vt 0.00000 0.00000
vt 1.00000 0.00000
vt 0.00000 1.00000
vt 1.00000 1.00000
vt 0.00000 0.00000
vt 1.00000 0.00000
vt 0.00000 1.00000
vt 1.00000 1.00000
vt 0.00000 0.00000
vt 1.00000 0.00000
vt 0.00000 1.00000
vt 1.00000 1.00000
vt 0.00000 0.00000
vt 1.00000 0.00000
vt 0.00000 1.00000
vt 1.00000 1.00000
vt 0.00000 0.00000
vt 1.00000 0.00000
vt 0.00000 1.00000
vt 1.00000 1.00000
vt 0.00000 0.00000
vt 1.00000 0.00000
f 4645/4645 4647/4647 4646/4646
f 4647/4647 4648/4648 4646/4646
f 4649/4649 4651/4651 4650/4650
f 4651/4651 4652/4652 4650/4650
f 4653/4653 4655/4655 4654/4654
f 4655/4655 4656/4656 4654/4654
f 4657/4657 4659/4659 4658/4658
f 4659/4659 4660/4660 4658/4658
f 4661/4661 4663/4663 4662/4662
f 4663/4663 4664/4664 4662/4662
f 4665/4665 4667/4667 4666/4666
f 4667/4667 4668/4668 4666/4666
v -7573.031 4997.393 2.950
v -7573.055 5003.393 2.950
v -7573.031 4997.393 2.850
v -7573.055 5003.393 2.850
v -7773.053 5002.602 2.950
v -7773.029 4996.602 2.950
v -7773.053 5002.602 2.850
v -7773.029 4996.602 2.850
v -7773.053 5002.602 2.950
v -7573.055 5003.393 2.950
v -7773.029 4996.602 2.950
v -7573.031 4997.393 2.950
v -7773.029 4996.602 2.850
v -7573.031 4997.393 2.850
v -7773.053 5002.602 2.850
v -7573.055 5003.393 2.850
v -7773.029 4996.602 2.950
v -7573.031 4997.393 2.950
v -7773.029 4996.602 2.850
v -7573.031 4997.393 2.850
v -7573.055 5003.393 2.950
v -7773.053 5002.602 2.950
v -7573.055 5003.393 2.850
v -7773.053 5002.602 2.850
vt 0.00000 1.00000
vt 1.00000 1.00000
vt 0.00000 0.00000
vt 1.00000 0.00000
vt 0.00000 1.00000
vt 1.00000 1.00000
vt 0.00000 0.00000
vt 1.00000 0.00000
vt 0.00000 1.00000
vt 1.00000 1.00000
vt 0.00000 0.00000
vt 1.00000 0.00000
vt 0.00000 1.00000
vt 1.00000 1.00000
vt 0.00000 0.00000
vt 1.00000 0.00000
vt 0.00000 1.00000
vt 1.00000 1.00000
vt 0.00000 0.00000
vt 1.00000 0.00000
vt 0.00000 1.00000
vt 1.00000 1.00000
vt 0.00000 0.00000
vt 1.00000 0.00000
f 4669/4669 4671/4671 4670/4670
f 4671/4671 4672/4672 4670/4670
f 4673/4673 4675/4675 4674/4674
f 4675/4675 4676/4676 4674/4674
f 4677/4677 4679/4679 4678/4678
f 4679/4679 4680/4680 4678/4678
f 4681/4681 4683/4683 4682/4682
f 4683/4683 4684/4684 4682/4682
f 4685/4685 4687/4687 4686/4686
f 4687/4687 4688/4688 4686/4686
f 4689/4689 4691/4691 4690/4690
f 4691/4691 4692/4692 4690/4690
v -8271.712 5397.352 2.950
v -8272.524 5567.351 2.950
v -8271.712 5397.352 2.850
v -8272.524 5567.351 2.850
v -8278.524 5567.322 2.950
v -8277.712 5397.324 2.950
v -8278.524 5567.322 2.850
v -8277.712 5397.324 2.850
v -8278.524 5567.322 2.950
v -8272.524 5567.351 2.950
v -8277.712 5397.324 2.950
v -8271.712 5397.352 2.950
v -8277.712 5397.324 2.850
v -8271.712 5397.352 2.850
v -8278.524 5567.322 2.850
v -8272.524 5567.351 2.850
v -8277.712 5397.324 2.950
v -8271.712 5397.352 2.950
v -8277.712 5397.324 2.850
v -8271.712 5397.352 2.850
v -8272.524 5567.351 2.950
v -8278.524 5567.322 2.950
v -8272.524 5567.351 2.850
v -8278.524 5567.322 2.850
vt 0.00000 1.00000
vt 1.00000 1.00000
vt 0.00000 0.00000
vt 1.00000 0.00000
vt 0.00000 1.00000
vt 1.00000 1.00000
vt 0.00000 0.00000
vt 1.00000 0.00000
vt 0.00000 1.00000
vt 1.00000 1.00000
vt 0.00000 0.00000
vt 1.00000 0.00000
vt 0.00000 1.00000
vt 1.00000 1.00000
vt 0.00000 0.00000
vt 1.00000 0.00000
vt 0.00000 1.00000
vt 1.00000 1.00000
vt 0.00000 0.00000
vt 1.00000 0.00000
vt 0.00000 1.00000
vt 1.00000 1.00000
vt 0.00000 0.00000
vt 1.00000 0.00000
f 4693/4693 4695/4695 4694/4694
f 4695/4695 4696/4696 4694/4694
f 4697/4697 4699/4699 4698/4698
f 4699/4699 4700/4700 4698/4698
f 4701/4701 4703/4703 4702/4702
f 4703/4703 4704/4704 4702/4702
f 4705/4705 4707/4707 4706/4706
f 4707/4707 4708/4708 4706/4706
f 4709/4709 4711/4711 4710/4710
f 4711/4711 4712/4712 4710/4710
f 4713/4713 4715/4715 4714/4714
f 4715/4715 4716/4716 4714/4714
v -8075.512 5565.291 2.950
v -8075.540 5571.291 2.950
v -8075.512 5565.291 2.850
v -8075.540 5571.291 2.850
v -8275.538 5570.336 2.950
v -8275.509 5564.336 2.950
v -8275.538 5570.336 2.850
v -8275.509 5564.336 2.850
v -8275.538 5570.336 2.950
v -8075.540 5571.291 2.950
v -8275.509 5564.336 2.950
v -8075.512 5565.291 2.950
v -8275.509 5564.336 2.850
v -8075.512 5565.291 2.850
v -8275.538 5570.336 2.850
v -8075.540 5571.291 2.850
v -8275.509 5564.336 2.950
v -8075.512 5565.291 2.950
v -8275.509 5564.336 2.850
v -8075.512 5565.291 2.850
v -8075.540 5571.291 2.950
v -8275.538 5570.336 2.950
v -8075.540 5571.291 2.850
v -8275.538 5570.336 2.850
vt 0.00000 1.00000
vt 1.00000 1.00000
vt 0.00000 0.00000
vt 1.00000 0.00000
vt 0.00000 1.00000
vt 1.00000 1.00000
vt 0.00000 0.00000
vt 1.00000 0.00000
vt 0.00000 1.00000
vt 1.00000 1.00000
vt 0.00000 0.00000
vt 1.00000 0.00000
vt 0.00000 1.00000
vt 1.00000 1.00000
vt 0.00000 0.00000
vt 1.00000 0.00000
vt 0.00000 1.00000
vt 1.00000 1.00000
vt 0.00000 0.00000
vt 1.00000 0.00000
vt 0.00000 1.00000
vt 1.00000 1.00000
vt 0.00000 0.00000
vt 1.00000 0.00000
f 4717/4717 4719/4719 4718/4718
f 4719/4719 4720/4720 4718/4718
f 4721/4721 4723/4723 4722/4722
f 4723/4723 4724/4724 4722/4722
f 4725/4725 4727/4727 4726/4726
f 4727/4727 4728/4728 4726/4726
f 4729/4729 4731/4731 4730/4730
f 4731/4731 4732/4732 4730/4730
f 4733/4733 4735/4735 4734/4734
f 4735/4735 4736/4736 4734/4734
f 4737/4737 4739/4739 4738/4738
f 4739/4739 4740/4740 4738/4738
v -8074.700 5395.293 2.950
v -8074.729 5401.293 2.950
v -8074.700 5395.293 2.850
v -8074.729 5401.293 2.850
v -8274.727 5400.338 2.950
v -8274.698 5394.338 2.950
v -8274.727 5400.338 2.850
v -8274.698 5394.338 2.850
v -8274.727 5400.338 2.950
v -8074.729 5401.293 2.950
v -8274.698 5394.338 2.950
v -8074.700 5395.293 2.950
v -8274.698 5394.338 2.850
v -8074.700 5395.293 2.850
v -8274.727 5400.338 2.850
v -8074.729 5401.293 2.850
v -8274.698 5394.338 2.950
v -8074.700 5395.293 2.950
v -8274.698 5394.338 2.850
v -8074.700 5395.293 2.850
v -8074.729 5401.293 2.950
v -8274.727 5400.338 2.950
v -8074.729 5401.293 2.850
v -8274.727 5400.338 2.850
vt 0.00000 1.00000
vt 1.00000 1.00000
vt 0.00000 0.00000
vt 1.00000 0.00000
vt 0.00000 1.00000
vt 1.00000 1.00000
vt 0.00000 0.00000
vt 1.00000 0.00000
vt 0.00000 1.00000
vt 1.00000 1.00000
vt 0.00000 0.00000
vt 1.00000 0.00000
vt 0.00000 1.00000
vt 1.00000 1.00000
vt 0.00000 0.00000
vt 1.00000 0.00000
vt 0.00000 1.00000
vt 1.00000 1.00000
vt 0.00000 0.00000
vt 1.00000 0.00000
vt 0.00000 1.00000
vt 1.00000 1.00000
vt 0.00000 0.00000
vt 1.00000 0.00000
f 4741/4741 4743/4743 4742/4742
f 4743/4743 4744/4744 4742/4742
f 4745/4745 4747/4747 4746/4746
f 4747/4747 4748/4748 4746/4746
f 4749/4749 4751/4751 4750/4750
f 4751/4751 4752/4752 4750/4750
f 4753/4753 4755/4755 4754/4754
f 4755/4755 4756/4756 4754/4754
f 4757/4757 4759/4759 4758/4758
f 4759/4759 4760/4760 4758/4758
f 4761/4761 4763/4763 4762/4762
f 4763/4763 4764/4764 4762/4762
v -8269.803 4997.357 2.950
v -8270.615 5167.355 2.950
v -8269.803 4997.357 2.850
v -8270.615 5167.355 2.850
v -8276.615 5167.326 2.950
v -8275.803 4997.328 2.950
v -8276.615 5167.326 2.850
v -8275.803 4997.328 2.850
v -8276.615 5167.326 2.950
v -8270.615 5167.355 2.950
v -8275.803 4997.328 2.950
v -8269.803 4997.357 2.950
v -8275.803 4997.328 2.850
v -8269.803 4997.357 2.850
v -8276.615 5167.326 2.850
v -8270.615 5167.355 2.850
v -8275.803 4997.328 2.950
v -8269.803 4997.357 2.950
v -8275.803 4997.328 2.850
v -8269.803 4997.357 2.850
v -8270.615 5167.355 2.950
v -8276.615 5167.326 2.950
v -8270.615 5167.355 2.850
v -8276.615 5167.326 2.850
vt 0.00000 1.00000
vt 1.00000 1.00000
vt 0.00000 0.00000
vt 1.00000 0.00000
vt 0.00000 1.00000
vt 1.00000 1.00000
vt 0.00000 0.00000
vt 1.00000 0.00000
vt 0.00000 1.00000
vt 1.00000 1.00000
vt 0.00000 0.00000
vt 1.00000 0.00000
vt 0.00000 1.00000
vt 1.00000 1.00000
vt 0.00000 0.00000
vt 1.00000 0.00000
vt 0.00000 1.00000
vt 1.00000 1.00000
vt 0.00000 0.00000
vt 1.00000 0.00000
vt 0.00000 1.00000
vt 1.00000 1.00000
vt 0.00000 0.00000
vt 1.00000 0.00000
f 4765/4765 4767/4767 4766/4766
f 4767/4767 4768/4768 4766/4766
f 4769/4769 4771/4771 4770/4770
f 4771/4771 4772/4772 4770/4770
f 4773/4773 4775/4775 4774/4774
f 4775/4775 4776/4776 4774/4774
f 4777/4777 4779/4779 4778/4778
f 4779/4779 4780/4780 4778/4778
f 4781/4781 4783/4783 4782/4782
f 4783/4783 4784/4784 4782/4782
f 4785/4785 4787/4787 4786/4786
f 4787/4787 4788/4788 4786/4786
v -8073.603 5165.295 2.950
v -8073.631 5171.295 2.950
v -8073.603 5165.295 2.850
v -8073.631 5171.295 2.850
v -8273.629 5170.341 2.950
v -8273.600 5164.341 2.950
v -8273.629 5170.341 2.850
v -8273.600 5164.341 2.850
v -8273.629 5170.341 2.950
v -8073.631 5171.295 2.950
v -8273.600 5164.341 2.950
v -8073.603 5165.295 2.950
v -8273.600 5164.341 2.850
v -8073.603 5165.295 2.850
v -8273.629 5170.341 2.850
v -8073.631 5171.295 2.850
v -8273.600 5164.341 2.950
v -8073.603 5165.295 2.950
v -8273.600 5164.341 2.850
v -8073.603 5165.295 2.850
v -8073.631 5171.295 2.950
v -8273.629 5170.341 2.950
v -8073.631 5171.295 2.850
v -8273.629 5170.341 2.850
vt 0.00000 1.00000
vt 1.00000 1.00000
vt 0.00000 0.00000
vt 1.00000 0.00000
vt 0.00000 1.00000
vt 1.00000 1.00000
vt 0.00000 0.00000
vt 1.00000 0.00000
vt 0.00000 1.00000
vt 1.00000 1.00000
vt 0.00000 0.00000
vt 1.00000 0.00000
vt 0.00000 1.00000
vt 1.00000 1.00000
vt 0.00000 0.00000
vt 1.00000 0.00000
vt 0.00000 1.00000
vt 1.00000 1.00000
vt 0.00000 0.00000
vt 1.00000 0.00000
vt 0.00000 1.00000
vt 1.00000 1.00000
vt 0.00000 0.00000
vt 1.00000 0.00000
f 4789/4789 4791/4791 4790/4790
f 4791/4791 4792/4792 4790/4790
f 4793/4793 4795/4795 4794/4794
f 4795/4795 4796/4796 4794/4794
f 4797/4797 4799/4799 4798/4798
f 4799/4799 4800/4800 4798/4798
f 4801/4801 4803/4803 4802/4802
f 4803/4803 4804/4804 4802/4802
f 4805/4805 4807/4807 4806/4806
f 4807/4807 4808/4808 4806/4806
f 4809/4809 4811/4811 4810/4810
f 4811/4811 4812/4812 4810/4810
v -8072.791 4995.297 2.950
v -8072.820 5001.297 2.950
v -8072.791 4995.297 2.850
v -8072.820 5001.297 2.850
v -8272.818 5000.343 2.950
v -8272.789 4994.343 2.950
v -8272.818 5000.343 2.850
v -8272.789 4994.343 2.850
v -8272.818 5000.343 2.950
v -8072.820 5001.297 2.950
v -8272.789 4994.343 2.950
v -8072.791 4995.297 2.950
v -8272.789 4994.343 2.850
v -8072.791 4995.297 2.850
v -8272.818 5000.343 2.850
v -8072.820 5001.297 2.850
v -8272.789 4994.343 2.950
v -8072.791 4995.297 2.950
v -8272.789 4994.343 2.850
v -8072.791 4995.297 2.850
v -8072.820 5001.297 2.950
v -8272.818 5000.343 2.950
v -8072.820 5001.297 2.850
v -8272.818 5000.343 2.850
vt 0.00000 1.00000
vt 1.00000 1.00000
vt 0.00000 0.00000
vt 1.00000 0.00000
vt 0.00000 1.00000
vt 1.00000 1.00000
vt 0.00000 0.00000
vt 1.00000 0.00000
vt 0.00000 1.00000
vt 1.00000 1.00000
vt 0.00000 0.00000
vt 1.00000 0.00000
vt 0.00000 1.00000
vt 1.00000 1.00000
vt 0.00000 0.00000
vt 1.00000 0.00000
vt 0.00000 1.00000
vt 1.00000 1.00000
vt 0.00000 0.00000
vt 1.00000 0.00000
vt 0.00000 1.00000
vt 1.00000 1.00000
vt 0.00000 0.00000
vt 1.00000 0.00000
f 4813/4813 4815/4815 4814/4814
f 4815/4815 4816/4816 4814/4814
f 4817/4817 4819/4819 4818/4818
f 4819/4819 4820/4820 4818/4818
f 4821/4821 4823/4823 4822/4822
f 4823/4823 4824/4824 4822/4822
f 4825/4825 4827/4827 4826/4826
f 4827/4827 4828/4828 4826/4826
f 4829/4829 4831/4831 4830/4830
f 4831/4831 4832/4832 4830/4830
f 4833/4833 4835/4835 4834/4834
f 4835/4835 4836/4836 4834/4834
v -8771.811 5394.652 2.950
v -8772.778 5564.649 2.950
v -8771.811 5394.652 2.850
v -8772.778 5564.649 2.850
v -8778.778 5564.615 2.950
v -8777.811 5394.618 2.950
v -8778.778 5564.615 2.850
v -8777.811 5394.618 2.850
v -8778.778 5564.615 2.950
v -8772.778 5564.649 2.950
v -8777.811 5394.618 2.950
v -8771.811 5394.652 2.950
v -8777.811 5394.618 2.850
v -8771.811 5394.652 2.850
v -8778.778 5564.615 2.850
v -8772.778 5564.649 2.850
v -8777.811 5394.618 2.950
v -8771.811 5394.652 2.950
v -8777.811 5394.618 2.850
v -8771.811 5394.652 2.850
v -8772.778 5564.649 2.950
v -8778.778 5564.615 2.950
v -8772.778 5564.649 2.850
v -8778.778 5564.615 2.850
vt 0.00000 1.00000
vt 1.00000 1.00000
vt 0.00000 0.00000
vt 1.00000 0.00000
vt 0.00000 1.00000
vt 1.00000 1.00000
vt 0.00000 0.00000
vt 1.00000 0.00000
vt 0.00000 1.00000
vt 1.00000 1.00000
vt 0.00000 0.00000
vt 1.00000 0.00000
vt 0.00000 1.00000
vt 1.00000 1.00000
vt 0.00000 0.00000
vt 1.00000 0.00000
vt 0.00000 1.00000
vt 1.00000 1.00000
vt 0.00000 0.00000
vt 1.00000 0.00000
vt 0.00000 1.00000
vt 1.00000 1.00000
vt 0.00000 0.00000
vt 1.00000 0.00000
f 4837/4837 4839/4839 4838/4838
f 4839/4839 4840/4840 4838/4838
f 4841/4841 4843/4843 4842/4842
f 4843/4843 4844/4844 4842/4842
f 4845/4845 4847/4847 4846/4846
f 4847/4847 4848/4848 4846/4846
f 4849/4849 4851/4851 4850/4850
f 4851/4851 4852/4852 4850/4850
f 4853/4853 4855/4855 4854/4854
f 4855/4855 4856/4856 4854/4854
f 4857/4857 4859/4859 4858/4858
f 4859/4859 4860/4860 4858/4858
v -8575.764 5562.770 2.950
v -8575.798 5568.770 2.950
v -8575.764 5562.770 2.850
v -8575.798 5568.770 2.850
v -8775.795 5567.632 2.950
v -8775.761 5561.632 2.950
v -8775.795 5567.632 2.850
v -8775.761 5561.632 2.850
v -8775.795 5567.632 2.950
v -8575.798 5568.770 2.950
v -8775.761 5561.632 2.950
v -8575.764 5562.770 2.950
v -8775.761 5561.632 2.850
v -8575.764 5562.770 2.850
v -8775.795 5567.632 2.850
v -8575.798 5568.770 2.850
v -8775.761 5561.632 2.950
v -8575.764 5562.770 2.950
v -8775.761 5561.632 2.850
v -8575.764 5562.770 2.850
v -8575.798 5568.770 2.950
v -8775.795 5567.632 2.950
v -8575.798 5568.770 2.850
v -8775.795 5567.632 2.850
vt 0.00000 1.00000
vt 1.00000 1.00000
vt 0.00000 0.00000
vt 1.00000 0.00000
vt 0.00000 1.00000
vt 1.00000 1.00000
vt 0.00000 0.00000
vt 1.00000 0.00000
vt 0.00000 1.00000
vt 1.00000 1.00000
vt 0.00000 0.00000
vt 1.00000 0.00000
vt 0.00000 1.00000
vt 1.00000 1.00000
vt 0.00000 0.00000
vt 1.00000 0.00000
vt 0.00000 1.00000
vt 1.00000 1.00000
vt 0.00000 0.00000
vt 1.00000 0.00000
vt 0.00000 1.00000
vt 1.00000 1.00000
vt 0.00000 0.00000
vt 1.00000 0.00000
f 4861/4861 4863/4863 4862/4862
f 4863/4863 4864/4864 4862/4862
f 4865/4865 4867/4867 4866/4866
f 4867/4867 4868/4868 4866/4866
f 4869/4869 4871/4871 4870/4870
f 4871/4871 4872/4872 4870/4870
f 4873/4873 4875/4875 4874/4874
f 4875/4875 4876/4876 4874/4874
f 4877/4877 4879/4879 4878/4878
f 4879/4879 4880/4880 4878/4878
f 4881/4881 4883/4883 4882/4882
f 4883/4883 4884/4884 4882/4882
v -8574.797 5392.773 2.950
v -8574.831 5398.773 2.950
v -8574.797 5392.773 2.850
v -8574.831 5398.773 2.850
v -8774.828 5397.635 2.950
v -8774.794 5391.635 2.950
v -8774.828 5397.635 2.850
v -8774.794 5391.635 2.850
v -8774.828 5397.635 2.950
v -8574.831 5398.773 2.950
v -8774.794 5391.635 2.950
v -8574.797 5392.773 2.950
v -8774.794 5391.635 2.850
v -8574.797 5392.773 2.850
v -8774.828 5397.635 2.850
v -8574.831 5398.773 2.850
v -8774.794 5391.635 2.950
v -8574.797 5392.773 2.950
v -8774.794 5391.635 2.850
v -8574.797 5392.773 2.850
v -8574.831 5398.773 2.950
v -8774.828 5397.635 2.950
v -8574.831 5398.773 2.850
v -8774.828 5397.635 2.850
vt 0.00000 1.00000
vt 1.00000 1.00000
vt 0.00000 0.00000
vt 1.00000 0.00000
vt 0.00000 1.00000
vt 1.00000 1.00000
vt 0.00000 0.00000
vt 1.00000 0.00000
vt 0.00000 1.00000
vt 1.00000 1.00000
vt 0.00000 0.00000
vt 1.00000 0.00000
vt 0.00000 1.00000
vt 1.00000 1.00000
vt 0.00000 0.00000
vt 1.00000 0.00000
vt 0.00000 1.00000
vt 1.00000 1.00000
vt 0.00000 0.00000
vt 1.00000 0.00000
vt 0.00000 1.00000
vt 1.00000 1.00000
vt 0.00000 0.00000
vt 1.00000 0.00000
f 4885/4885 4887/4887 4886/4886
f 4887/4887 4888/4888 4886/4886
f 4889/4889 4891/4891 4890/4890
f 4891/4891 4892/4892 4890/4890
f 4893/4893 4895/4895 4894/4894
f 4895/4895 4896/4896 4894/4894
f 4897/4897 4899/4899 4898/4898
f 4899/4899 4900/4900 4898/4898
f 4901/4901 4903/4903 4902/4902
f 4903/4903 4904/4904 4902/4902
f 4905/4905 4907/4907 4906/4906
f 4907/4907 4908/4908 4906/4906
v -8769.534 4994.658 2.950
v -8770.502 5164.655 2.950
v -8769.534 4994.658 2.850
v -8770.502 5164.655 2.850
v -8776.502 5164.621 2.950
v -8775.534 4994.624 2.950
v -8776.502 5164.621 2.850
v -8775.534 4994.624 2.850
v -8776.502 5164.621 2.950
v -8770.502 5164.655 2.950
v -8775.534 4994.624 2.950
v -8769.534 4994.658 2.950
v -8775.534 4994.624 2.850
v -8769.534 4994.658 2.850
v -8776.502 5164.621 2.850
v -8770.502 5164.655 2.850
v -8775.534 4994.624 2.950
v -8769.534 4994.658 2.950
v -8775.534 4994.624 2.850
v -8769.534 4994.658 2.850
v -8770.502 5164.655 2.950
v -8776.502 5164.621 2.950
v -8770.502 5164.655 2.850
v -8776.502 5164.621 2.850
vt 0.00000 1.00000
vt 1.00000 1.00000
vt 0.00000 0.00000
vt 1.00000 0.00000
vt 0.00000 1.00000
vt 1.00000 1.00000
vt 0.00000 0.00000
vt 1.00000 0.00000
vt 0.00000 1.00000
vt 1.00000 1.00000
vt 0.00000 0.00000
vt 1.00000 0.00000
vt 0.00000 1.00000
vt 1.00000 1.00000
vt 0.00000 0.00000
vt 1.00000 0.00000
vt 0.00000 1.00000
vt 1.00000 1.00000
vt 0.00000 0.00000
vt 1.00000 0.00000
vt 0.00000 1.00000
vt 1.00000 1.00000
vt 0.00000 0.00000
vt 1.00000 0.00000
f 4909/4909 4911/4911 4910/4910
f 4911/4911 4912/4912 4910/4910
f 4913/4913 4915/4915 4914/4914
f 4915/4915 4916/4916 4914/4914
f 4917/4917 4919/4919 4918/4918
f 4919/4919 4920/4920 4918/4918
f 4921/4921 4923/4923 4922/4922
f 4923/4923 4924/4924 4922/4922
f 4925/4925 4927/4927 4926/4926
f 4927/4927 4928/4928 4926/4926
f 4929/4929 4931/4931 4930/4930
f 4931/4931 4932/4932 4930/4930
v -8573.488 5162.777 2.950
v -8573.522 5168.777 2.950
v -8573.488 5162.777 2.850
v -8573.522 5168.777 2.850
v -8773.519 5167.638 2.950
v -8773.485 5161.638 2.950
v -8773.519 5167.638 2.850
v -8773.485 5161.638 2.850
v -8773.519 5167.638 2.950
v -8573.522 5168.777 2.950
v -8773.485 5161.638 2.950
v -8573.488 5162.777 2.950
v -8773.485 5161.638 2.850
v -8573.488 5162.777 2.850
v -8773.519 5167.638 2.850
v -8573.522 5168.777 2.850
v -8773.485 5161.638 2.950
v -8573.488 5162.777 2.950
v -8773.485 5161.638 2.850
v -8573.488 5162.777 2.850
v -8573.522 5168.777 2.950
v -8773.519 5167.638 2.950
v -8573.522 5168.777 2.850
v -8773.519 5167.638 2.850
vt 0.00000 1.00000
vt 1.00000 1.00000
vt 0.00000 0.00000
vt 1.00000 0.00000
vt 0.00000 1.00000
vt 1.00000 1.00000
vt 0.00000 0.00000
vt 1.00000 0.00000
vt 0.00000 1.00000
vt 1.00000 1.00000
vt 0.00000 0.00000
vt 1.00000 0.00000
vt 0.00000 1.00000
vt 1.00000 1.00000
vt 0.00000 0.00000
vt 1.00000 0.00000
vt 0.00000 1.00000
vt 1.00000 1.00000
vt 0.00000 0.00000
vt 1.00000 0.00000
vt 0.00000 1.00000
vt 1.00000 1.00000
vt 0.00000 0.00000
vt 1.00000 0.00000
f 4933/4933 4935/4935 4934/4934
f 4935/4935 4936/4936 4934/4934
f 4937/4937 4939/4939 4938/4938
f 4939/4939 4940/4940 4938/4938
f 4941/4941 4943/4943 4942/4942
f 4943/4943 4944/4944 4942/4942
f 4945/4945 4947/4947 4946/4946
f 4947/4947 4948/4948 4946/4946
f 4949/4949 4951/4951 4950/4950
f 4951/4951 4952/4952 4950/4950
f 4953/4953 4955/4955 4954/4954
f 4955/4955 4956/4956 4954/4954
v -8572.520 4992.779 2.950
v -8572.555 4998.779 2.950
v -8572.520 4992.779 2.850
v -8572.555 4998.779 2.850
v -8772.551 4997.641 2.950
v -8772.517 4991.641 2.950
v -8772.551 4997.641 2.850
v -8772.517 4991.641 2.850
v -8772.551 4997.641 2.950
v -8572.555 4998.779 2.950
v -8772.517 4991.641 2.950
v -8572.520 4992.779 2.950
v -8772.517 4991.641 2.850
v -8572.520 4992.779 2.850
v -8772.551 4997.641 2.850
v -8572.555 4998.779 2.850
v -8772.517 4991.641 2.950
v -8572.520 4992.779 2.950
v -8772.517 4991.641 2.850
v -8572.520 4992.779 2.850
v -8572.555 4998.779 2.950
v -8772.551 4997.641 2.950
v -8572.555 4998.779 2.850
v -8772.551 4997.641 2.850
vt 0.00000 1.00000
vt 1.00000 1.00000
vt 0.00000 0.00000
vt 1.00000 0.00000
vt 0.00000 1.00000
vt 1.00000 1.00000
vt 0.00000 0.00000
vt 1.00000 0.00000
vt 0.00000 1.00000
vt 1.00000 1.00000
vt 0.00000 0.00000
vt 1.00000 0.00000
vt 0.00000 1.00000
vt 1.00000 1.00000
vt 0.00000 0.00000
vt 1.00000 0.00000
vt 0.00000 1.00000
vt 1.00000 1.00000
vt 0.00000 0.00000
vt 1.00000 0.00000
vt 0.00000 1.00000
vt 1.00000 1.00000
vt 0.00000 0.00000
vt 1.00000 0.00000
f 4957/4957 4959/4959 4958/4958
f 4959/4959 4960/4960 4958/4958
f 4961/4961 4963/4963 4962/4962
f 4963/4963 4964/4964 4962/4962
f 4965/4965 4967/4967 4966/4966
f 4967/4967 4968/4968 4966/4966
f 4969/4969 4971/4971 4970/4970
f 4971/4971 4972/4972 4970/4970
f 4973/4973 4975/4975 4974/4974
f 4975/4975 4976/4976 4974/4974
f 4977/4977 4979/4979 4978/4978
f 4979/4979 4980/4980 4978/4978
v -9271.923 5391.444 2.950
v -9273.071 5561.440 2.950
v -9271.923 5391.444 2.850
v -9273.071 5561.440 2.850
v -9279.071 5561.399 2.950
v -9277.922 5391.403 2.950
v -9279.071 5561.399 2.850
v -9277.922 5391.403 2.850
v -9279.071 5561.399 2.950
v -9273.071 5561.440 2.950
v -9277.922 5391.403 2.950
v -9271.923 5391.444 2.950
v -9277.922 5391.403 2.850
v -9271.923 5391.444 2.850
v -9279.071 5561.399 2.850
v -9273.071 5561.440 2.850
v -9277.922 5391.403 2.950
v -9271.923 5391.444 2.950
v -9277.922 5391.403 2.850
v -9271.923 5391.444 2.850
v -9273.071 5561.440 2.950
v -9279.071 5561.399 2.950
v -9273.071 5561.440 2.850
v -9279.071 5561.399 2.850
vt 0.00000 1.00000
vt 1.00000 1.00000
vt 0.00000 0.00000
vt 1.00000 0.00000
vt 0.00000 1.00000
vt 1.00000 1.00000
vt 0.00000 0.00000
vt 1.00000 0.00000
vt 0.00000 1.00000
vt 1.00000 1.00000
vt 0.00000 0.00000
vt 1.00000 0.00000
vt 0.00000 1.00000
vt 1.00000 1.00000
vt 0.00000 0.00000
vt 1.00000 0.00000
vt 0.00000 1.00000
vt 1.00000 1.00000
vt 0.00000 0.00000
vt 1.00000 0.00000
vt 0.00000 1.00000
vt 1.00000 1.00000
vt 0.00000 0.00000
vt 1.00000 0.00000
f 4981/4981 4983/4983 4982/4982
f 4983/4983 4984/4984 4982/4982
f 4985/4985 4987/4987 4986/4986
f 4987/4987 4988/4988 4986/4986
f 4989/4989 4991/4991 4990/4990
f 4991/4991 4992/4992 4990/4990
f 4993/4993 4995/4995 4994/4994
f 4995/4995 4996/4996 4994/4994
f 4997/4997 4999/4999 4998/4998
f 4999/4999 5000/5000 4998/4998
f 5001/5001 5003/5003 5002/5002
f 5003/5003 5004/5004 5002/5002
v -9076.055 5559.770 2.950
v -9076.096 5565.770 2.950
v -9076.055 5559.770 2.850
v -9076.096 5565.770 2.850
v -9276.091 5564.419 2.950
v -9276.050 5558.420 2.950
v -9276.091 5564.419 2.850
v -9276.050 5558.420 2.850
v -9276.091 5564.419 2.950
v -9076.096 5565.770 2.950
v -9276.050 5558.420 2.950
v -9076.055 5559.770 2.950
v -9276.050 5558.420 2.850
v -9076.055 5559.770 2.850
v -9276.091 5564.419 2.850
v -9076.096 5565.770 2.850
v -9276.050 5558.420 2.950
v -9076.055 5559.770 2.950
v -9276.050 5558.420 2.850
v -9076.055 5559.770 2.850
v -9076.096 5565.770 2.950
v -9276.091 5564.419 2.950
v -9076.096 5565.770 2.850
v -9276.091 5564.419 2.850
vt 0.00000 1.00000
vt 1.00000 1.00000
vt 0.00000 0.00000
vt 1.00000 0.00000
vt 0.00000 1.00000
vt 1.00000 1.00000
vt 0.00000 0.00000
vt 1.00000 0.00000
vt 0.00000 1.00000
vt 1.00000 1.00000
vt 0.00000 0.00000
vt 1.00000 0.00000
vt 0.00000 1.00000
vt 1.00000 1.00000
vt 0.00000 0.00000
vt 1.00000 0.00000
vt 0.00000 1.00000
vt 1.00000 1.00000
vt 0.00000 0.00000
vt 1.00000 0.00000
vt 0.00000 1.00000
vt 1.00000 1.00000
vt 0.00000 0.00000
vt 1.00000 0.00000
f 5005/5005 5007/5007 5006/5006
f 5007/5007 5008/5008 5006/5006
f 5009/5009 5011/5011 5010/5010
f 5011/5011 5012/5012 5010/5010
f 5013/5013 5015/5015 5014/5014
f 5015/5015 5016/5016 5014/5014
f 5017/5017 5019/5019 5018/5018
f 5019/5019 5020/5020 5018/5018
f 5021/5021 5023/5023 5022/5022
f 5023/5023 5024/5024 5022/5022
f 5025/5025 5027/5027 5026/5026
f 5027/5027 5028/5028 5026/5026
v -9074.907 5389.774 2.950
v -9074.947 5395.774 2.950
v -9074.907 5389.774 2.850
v -9074.947 5395.774 2.850
v -9274.943 5394.423 2.950
v -9274.902 5388.423 2.950
v -9274.943 5394.423 2.850
v -9274.902 5388.423 2.850
v -9274.943 5394.423 2.950
v -9074.947 5395.774 2.950
v -9274.902 5388.423 2.950
v -9074.907 5389.774 2.950
v -9274.902 5388.423 2.850
v -9074.907 5389.774 2.850
v -9274.943 5394.423 2.850
v -9074.947 5395.774 2.850
v -9274.902 5388.423 2.950
v -9074.907 5389.774 2.950
v -9274.902 5388.423 2.850
v -9074.907 5389.774 2.850
v -9074.947 5395.774 2.950
v -9274.943 5394.423 2.950
v -9074.947 5395.774 2.850
v -9274.943 5394.423 2.850
vt 0.00000 1.00000
vt 1.00000 1.00000
vt 0.00000 0.00000
vt 1.00000 0.00000
vt 0.00000 1.00000
vt 1.00000 1.00000
vt 0.00000 0.00000
vt 1.00000 0.00000
vt 0.00000 1.00000
vt 1.00000 1.00000
vt 0.00000 0.00000
vt 1.00000 0.00000
vt 0.00000 1.00000
vt 1.00000 1.00000
vt 0.00000 0.00000
vt 1.00000 0.00000
vt 0.00000 1.00000
vt 1.00000 1.00000
vt 0.00000 0.00000
vt 1.00000 0.00000
vt 0.00000 1.00000
vt 1.00000 1.00000
vt 0.00000 0.00000
vt 1.00000 0.00000
f 5029/5029 5031/5031 5030/5030
f 5031/5031 5032/5032 5030/5030
f 5033/5033 5035/5035 5034/5034
f 5035/5035 5036/5036 5034/5034
f 5037/5037 5039/5039 5038/5038
f 5039/5039 5040/5040 5038/5038
f 5041/5041 5043/5043 5042/5042
f 5043/5043 5044/5044 5042/5042
f 5045/5045 5047/5047 5046/5046
f 5047/5047 5048/5048 5046/5046
f 5049/5049 5051/5051 5050/5050
f 5051/5051 5052/5052 5050/5050
v -9269.221 4991.453 2.950
v -9270.369 5161.449 2.950
v -9269.221 4991.453 2.850
v -9270.369 5161.449 2.850
v -9276.369 5161.408 2.950
v -9275.221 4991.412 2.950
v -9276.369 5161.408 2.850
v -9275.221 4991.412 2.850
v -9276.369 5161.408 2.950
v -9270.369 5161.449 2.950
v -9275.221 4991.412 2.950
v -9269.221 4991.453 2.950
v -9275.221 4991.412 2.850
v -9269.221 4991.453 2.850
v -9276.369 5161.408 2.850
v -9270.369 5161.449 2.850
v -9275.221 4991.412 2.950
v -9269.221 4991.453 2.950
v -9275.221 4991.412 2.850
v -9269.221 4991.453 2.850
v -9270.369 5161.449 2.950
v -9276.369 5161.408 2.950
v -9270.369 5161.449 2.850
v -9276.369 5161.408 2.850
vt 0.00000 1.00000
vt 1.00000 1.00000
vt 0.00000 0.00000
vt 1.00000 0.00000
vt 0.00000 1.00000
vt 1.00000 1.00000
vt 0.00000 0.00000
vt 1.00000 0.00000
vt 0.00000 1.00000
vt 1.00000 1.00000
vt 0.00000 0.00000
vt 1.00000 0.00000
vt 0.00000 1.00000
vt 1.00000 1.00000
vt 0.00000 0.00000
vt 1.00000 0.00000
vt 0.00000 1.00000
vt 1.00000 1.00000
vt 0.00000 0.00000
vt 1.00000 0.00000
vt 0.00000 1.00000
vt 1.00000 1.00000
vt 0.00000 0.00000
vt 1.00000 0.00000
f 5053/5053 5055/5055 5054/5054
f 5055/5055 5056/5056 5054/5054
f 5057/5057 5059/5059 5058/5058
f 5059/5059 5060/5060 5058/5058
f 5061/5061 5063/5063 5062/5062
f 5063/5063 5064/5064 5062/5062
f 5065/5065 5067/5067 5066/5066
f 5067/5067 5068/5068 5066/5066
f 5069/5069 5071/5071 5070/5070
f 5071/5071 5072/5072 5070/5070
f 5073/5073 5075/5075 5074/5074
f 5075/5075 5076/5076 5074/5074
v -9073.353 5159.780 2.950
v -9073.394 5165.779 2.950
v -9073.353 5159.780 2.850
v -9073.394 5165.779 2.850
v -9273.389 5164.429 2.950
v -9273.349 5158.429 2.950
v -9273.389 5164.429 2.850
v -9273.349 5158.429 2.850
v -9273.389 5164.429 2.950
v -9073.394 5165.779 2.950
v -9273.349 5158.429 2.950
v -9073.353 5159.780 2.950
v -9273.349 5158.429 2.850
v -9073.353 5159.780 2.850
v -9273.389 5164.429 2.850
v -9073.394 5165.779 2.850
v -9273.349 5158.429 2.950
v -9073.353 5159.780 2.950
v -9273.349 5158.429 2.850
v -9073.353 5159.780 2.850
v -9073.394 5165.779 2.950
v -9273.389 5164.429 2.950
v -9073.394 5165.779 2.850
v -9273.389 5164.429 2.850
vt 0.00000 1.00000
vt 1.00000 1.00000
vt 0.00000 0.00000
vt 1.00000 0.00000
vt 0.00000 1.00000
vt 1.00000 1.00000
vt 0.00000 0.00000
vt 1.00000 0.00000
vt 0.00000 1.00000
vt 1.00000 1.00000
vt 0.00000 0.00000
vt 1.00000 0.00000
vt 0.00000 1.00000
vt 1.00000 1.00000
vt 0.00000 0.00000
vt 1.00000 0.00000
vt 0.00000 1.00000
vt 1.00000 1.00000
vt 0.00000 0.00000
vt 1.00000 0.00000
vt 0.00000 1.00000
vt 1.00000 1.00000
vt 0.00000 0.00000
vt 1.00000 0.00000
f 5077/5077 5079/5079 5078/5078
f 5079/5079 5080/5080 5078/5078
f 5081/5081 5083/5083 5082/5082
f 5083/5083 5084/5084 5082/5082
f 5085/5085 5087/5087 5086/5086
f 5087/5087 5088/5088 5086/5086
f 5089/5089 5091/5091 5090/5090
f 5091/5091 5092/5092 5090/5090
f 5093/5093 5095/5095 5094/5094
f 5095/5095 5096/5096 5094/5094
f 5097/5097 5099/5099 5098/5098
f 5099/5099 5100/5100 5098/5098
v -9072.205 4989.783 2.950
v -9072.246 4995.783 2.950
v -9072.205 4989.783 2.850
v -9072.246 4995.783 2.850
v -9272.241 4994.432 2.950
v -9272.201 4988.433 2.950
v -9272.241 4994.432 2.850
v -9272.201 4988.433 2.850
v -9272.241 4994.432 2.950
v -9072.246 4995.783 2.950
v -9272.201 4988.433 2.950
v -9072.205 4989.783 2.950
v -9272.201 4988.433 2.850
v -9072.205 4989.783 2.850
v -9272.241 4994.432 2.850
v -9072.246 4995.783 2.850
v -9272.201 4988.433 2.950
v -9072.205 4989.783 2.950
v -9272.201 4988.433 2.850
v -9072.205 4989.783 2.850
v -9072.246 4995.783 2.950
v -9272.241 4994.432 2.950
v -9072.246 4995.783 2.850
v -9272.241 4994.432 2.850
vt 0.00000 1.00000
vt 1.00000 1.00000
vt 0.00000 0.00000
vt 1.00000 0.00000
vt 0.00000 1.00000
vt 1.00000 1.00000
vt 0.00000 0.00000
vt 1.00000 0.00000
vt 0.00000 1.00000
vt 1.00000 1.00000
vt 0.00000 0.00000
vt 1.00000 0.00000
vt 0.00000 1.00000
vt 1.00000 1.00000
vt 0.00000 0.00000
vt 1.00000 0.00000
vt 0.00000 1.00000
vt 1.00000 1.00000
vt 0.00000 0.00000
vt 1.00000 0.00000
vt 0.00000 1.00000
vt 1.00000 1.00000
vt 0.00000 0.00000
vt 1.00000 0.00000
f 5101/5101 5103/5103 5102/5102
f 5103/5103 5104/5104 5102/5102
f 5105/5105 5107/5107 5106/5106
f 5107/5107 5108/5108 5106/5106
f 5109/5109 5111/5111 5110/5110
f 5111/5111 5112/5112 5110/5110
f 5113/5113 5115/5115 5114/5114
f 5115/5115 5116/5116 5114/5114
f 5117/5117 5119/5119 5118/5118
f 5119/5119 5120/5120 5118/5118
f 5121/5121 5123/5123 5122/5122
f 5123/5123 5124/5124 5122/5122
v -9772.050 5387.647 2.950
v -9773.408 5557.642 2.950
v -9772.050 5387.647 2.850
v -9773.408 5557.642 2.850
v -9779.407 5557.594 2.950
v -9778.050 5387.599 2.950
v -9779.407 5557.594 2.850
v -9778.050 5387.599 2.850
v -9779.407 5557.594 2.950
v -9773.408 5557.642 2.950
v -9778.050 5387.599 2.950
v -9772.050 5387.647 2.950
v -9778.050 5387.599 2.850
v -9772.050 5387.647 2.850
v -9779.407 5557.594 2.850
v -9773.408 5557.642 2.850
v -9778.050 5387.599 2.950
v -9772.050 5387.647 2.950
v -9778.050 5387.599 2.850
v -9772.050 5387.647 2.850
v -9773.408 5557.642 2.950
v -9779.407 5557.594 2.950
v -9773.408 5557.642 2.850
v -9779.407 5557.594 2.850
vt 0.00000 1.00000
vt 1.00000 1.00000
vt 0.00000 0.00000
vt 1.00000 0.00000
vt 0.00000 1.00000
vt 1.00000 1.00000
vt 0.00000 0.00000
vt 1.00000 0.00000
vt 0.00000 1.00000
vt 1.00000 1.00000
vt 0.00000 0.00000
vt 1.00000 0.00000
vt 0.00000 1.00000
vt 1.00000 1.00000
vt 0.00000 0.00000
vt 1.00000 0.00000
vt 0.00000 1.00000
vt 1.00000 1.00000
vt 0.00000 0.00000
vt 1.00000 0.00000
vt 0.00000 1.00000
vt 1.00000 1.00000
vt 0.00000 0.00000
vt 1.00000 0.00000
f 5125/5125 5127/5127 5126/5126
f 5127/5127 5128/5128 5126/5126
f 5129/5129 5131/5131 5130/5130
f 5131/5131 5132/5132 5130/5130
f 5133/5133 5135/5135 5134/5134
f 5135/5135 5136/5136 5134/5134
f 5137/5137 5139/5139 5138/5138
f 5139/5139 5140/5140 5138/5138
f 5141/5141 5143/5143 5142/5142
f 5143/5143 5144/5144 5142/5142
f 5145/5145 5147/5147 5146/5146
f 5147/5147 5148/5148 5146/5146
v -9576.390 5556.215 2.950
v -9576.438 5562.215 2.950
v -9576.390 5556.215 2.850
v -9576.438 5562.215 2.850
v -9776.431 5560.618 2.950
v -9776.383 5554.618 2.950
v -9776.431 5560.618 2.850
v -9776.383 5554.618 2.850
v -9776.431 5560.618 2.950
v -9576.438 5562.215 2.950
v -9776.383 5554.618 2.950
v -9576.390 5556.215 2.950
v -9776.383 5554.618 2.850
v -9576.390 5556.215 2.850
v -9776.431 5560.618 2.850
v -9576.438 5562.215 2.850
v -9776.383 5554.618 2.950
v -9576.390 5556.215 2.950
v -9776.383 5554.618 2.850
v -9576.390 5556.215 2.850
v -9576.438 5562.215 2.950
v -9776.431 5560.618 2.950
v -9576.438 5562.215 2.850
v -9776.431 5560.618 2.850
vt 0.00000 1.00000
vt 1.00000 1.00000
vt 0.00000 0.00000
vt 1.00000 0.00000
vt 0.00000 1.00000
vt 1.00000 1.00000
vt 0.00000 0.00000
vt 1.00000 0.00000
vt 0.00000 1.00000
vt 1.00000 1.00000
vt 0.00000 0.00000
vt 1.00000 0.00000
vt 0.00000 1.00000
vt 1.00000 1.00000
vt 0.00000 0.00000
vt 1.00000 0.00000
vt 0.00000 1.00000
vt 1.00000 1.00000
vt 0.00000 0.00000
vt 1.00000 0.00000
vt 0.00000 1.00000
vt 1.00000 1.00000
vt 0.00000 0.00000
vt 1.00000 0.00000
f 5149/5149 5151/5151 5150/5150
f 5151/5151 5152/5152 5150/5150
f 5153/5153 5155/5155 5154/5154
f 5155/5155 5156/5156 5154/5154
f 5157/5157 5159/5159 5158/5158
f 5159/5159 5160/5160 5158/5158
f 5161/5161 5163/5163 5162/5162
f 5163/5163 5164/5164 5162/5162
f 5165/5165 5167/5167 5166/5166
f 5167/5167 5168/5168 5166/5166
f 5169/5169 5171/5171 5170/5170
f 5171/5171 5172/5172 5170/5170
v -9575.032 5386.220 2.950
v -9575.080 5392.220 2.950
v -9575.032 5386.220 2.850
v -9575.080 5392.220 2.850
v -9775.074 5390.623 2.950
v -9775.026 5384.623 2.950
v -9775.074 5390.623 2.850
v -9775.026 5384.623 2.850
v -9775.074 5390.623 2.950
v -9575.080 5392.220 2.950
v -9775.026 5384.623 2.950
v -9575.032 5386.220 2.950
v -9775.026 5384.623 2.850
v -9575.032 5386.220 2.850
v -9775.074 5390.623 2.850
v -9575.080 5392.220 2.850
v -9775.026 5384.623 2.950
v -9575.032 5386.220 2.950
v -9775.026 5384.623 2.850
v -9575.032 5386.220 2.850
v -9575.080 5392.220 2.950
v -9775.074 5390.623 2.950
v -9575.080 5392.220 2.850
v -9775.074 5390.623 2.850
vt 0.00000 1.00000
vt 1.00000 1.00000
vt 0.00000 0.00000
vt 1.00000 0.00000
vt 0.00000 1.00000
vt 1.00000 1.00000
vt 0.00000 0.00000
vt 1.00000 0.00000
vt 0.00000 1.00000
vt 1.00000 1.00000
vt 0.00000 0.00000
vt 1.00000 0.00000
vt 0.00000 1.00000
vt 1.00000 1.00000
vt 0.00000 0.00000
vt 1.00000 0.00000
vt 0.00000 1.00000
vt 1.00000 1.00000
vt 0.00000 0.00000
vt 1.00000 0.00000
vt 0.00000 1.00000
vt 1.00000 1.00000
vt 0.00000 0.00000
vt 1.00000 0.00000
f 5173/5173 5175/5175 5174/5174
f 5175/5175 5176/5176 5174/5174
f 5177/5177 5179/5179 5178/5178
f 5179/5179 5180/5180 5178/5178
f 5181/5181 5183/5183 5182/5182
f 5183/5183 5184/5184 5182/5182
f 5185/5185 5187/5187 5186/5186
f 5187/5187 5188/5188 5186/5186
f 5189/5189 5191/5191 5190/5190
f 5191/5191 5192/5192 5190/5190
f 5193/5193 5195/5195 5194/5194
f 5195/5195 5196/5196 5194/5194
v -9768.855 4987.660 2.950
v -9770.213 5157.654 2.950
v -9768.855 4987.660 2.850
v -9770.213 5157.654 2.850
v -9776.213 5157.606 2.950
v -9774.855 4987.612 2.950
v -9776.213 5157.606 2.850
v -9774.855 4987.612 2.850
v -9776.213 5157.606 2.950
v -9770.213 5157.654 2.950
v -9774.855 4987.612 2.950
v -9768.855 4987.660 2.950
v -9774.855 4987.612 2.850
v -9768.855 4987.660 2.850
v -9776.213 5157.606 2.850
v -9770.213 5157.654 2.850
v -9774.855 4987.612 2.950
v -9768.855 4987.660 2.950
v -9774.855 4987.612 2.850
v -9768.855 4987.660 2.850
v -9770.213 5157.654 2.950
v -9776.213 5157.606 2.950
v -9770.213 5157.654 2.850
v -9776.213 5157.606 2.850
vt 0.00000 1.00000
vt 1.00000 1.00000
vt 0.00000 0.00000
vt 1.00000 0.00000
vt 0.00000 1.00000
vt 1.00000 1.00000
vt 0.00000 0.00000
vt 1.00000 0.00000
vt 0.00000 1.00000
vt 1.00000 1.00000
vt 0.00000 0.00000
vt 1.00000 0.00000
vt 0.00000 1.00000
vt 1.00000 1.00000
vt 0.00000 0.00000
vt 1.00000 0.00000
vt 0.00000 1.00000
vt 1.00000 1.00000
vt 0.00000 0.00000
vt 1.00000 0.00000
vt 0.00000 1.00000
vt 1.00000 1.00000
vt 0.00000 0.00000
vt 1.00000 0.00000
f 5197/5197 5199/5199 5198/5198
f 5199/5199 5200/5200 5198/5198
f 5201/5201 5203/5203 5202/5202
f 5203/5203 5204/5204 5202/5202
f 5205/5205 5207/5207 5206/5206
f 5207/5207 5208/5208 5206/5206
f 5209/5209 5211/5211 5210/5210
f 5211/5211 5212/5212 5210/5210
f 5213/5213 5215/5215 5214/5214
f 5215/5215 5216/5216 5214/5214
f 5217/5217 5219/5219 5218/5218
f 5219/5219 5220/5220 5218/5218
v -9573.195 5156.228 2.950
v -9573.243 5162.228 2.950
v -9573.195 5156.228 2.850
v -9573.243 5162.228 2.850
v -9773.237 5160.630 2.950
v -9773.189 5154.631 2.950
v -9773.237 5160.630 2.850
v -9773.189 5154.631 2.850
v -9773.237 5160.630 2.950
v -9573.243 5162.228 2.950
v -9773.189 5154.631 2.950
v -9573.195 5156.228 2.950
v -9773.189 5154.631 2.850
v -9573.195 5156.228 2.850
v -9773.237 5160.630 2.850
v -9573.243 5162.228 2.850
v -9773.189 5154.631 2.950
v -9573.195 5156.228 2.950
v -9773.189 5154.631 2.850
v -9573.195 5156.228 2.850
v -9573.243 5162.228 2.950
v -9773.237 5160.630 2.950
v -9573.243 5162.228 2.850
v -9773.237 5160.630 2.850
vt 0.00000 1.00000
vt 1.00000 1.00000
vt 0.00000 0.00000
vt 1.00000 0.00000
vt 0.00000 1.00000
vt 1.00000 1.00000
vt 0.00000 0.00000
vt 1.00000 0.00000
vt 0.00000 1.00000
vt 1.00000 1.00000
vt 0.00000 0.00000
vt 1.00000 0.00000
vt 0.00000 1.00000
vt 1.00000 1.00000
vt 0.00000 0.00000
vt 1.00000 0.00000
vt 0.00000 1.00000
vt 1.00000 1.00000
vt 0.00000 0.00000
vt 1.00000 0.00000
vt 0.00000 1.00000
vt 1.00000 1.00000
vt 0.00000 0.00000
vt 1.00000 0.00000
f 5221/5221 5223/5223 5222/5222
f 5223/5223 5224/5224 5222/5222
f 5225/5225 5227/5227 5226/5226
f 5227/5227 5228/5228 5226/5226
f 5229/5229 5231/5231 5230/5230
f 5231/5231 5232/5232 5230/5230
f 5233/5233 5235/5235 5234/5234
f 5235/5235 5236/5236 5234/5234
f 5237/5237 5239/5239 5238/5238
f 5239/5239 5240/5240 5238/5238
f 5241/5241 5243/5243 5242/5242
f 5243/5243 5244/5244 5242/5242
v -9571.838 4986.233 2.950
v -9571.886 4992.233 2.950
v -9571.838 4986.233 2.850
v -9571.886 4992.233 2.850
v -9771.879 4990.636 2.950
v -9771.831 4984.636 2.950
v -9771.879 4990.636 2.850
v -9771.831 4984.636 2.850
v -9771.879 4990.636 2.950
v -9571.886 4992.233 2.950
v -9771.831 4984.636 2.950
v -9571.838 4986.233 2.950
v -9771.831 4984.636 2.850
v -9571.838 4986.233 2.850
v -9771.879 4990.636 2.850
v -9571.886 4992.233 2.850
v -9771.831 4984.636 2.950
v -9571.838 4986.233 2.950
v -9771.831 4984.636 2.850
v -9571.838 4986.233 2.850
v -9571.886 4992.233 2.950
v -9771.879 4990.636 2.950
v -9571.886 4992.233 2.850
v -9771.879 4990.636 2.850
vt 0.00000 1.00000
vt 1.00000 1.00000
vt 0.00000 0.00000
vt 1.00000 0.00000
vt 0.00000 1.00000
vt 1.00000 1.00000
vt 0.00000 0.00000
vt 1.00000 0.00000
vt 0.00000 1.00000
vt 1.00000 1.00000
vt 0.00000 0.00000
vt 1.00000 0.00000
vt 0.00000 1.00000
vt 1.00000 1.00000
vt 0.00000 0.00000
vt 1.00000 0.00000
vt 0.00000 1.00000
vt 1.00000 1.00000
vt 0.00000 0.00000
vt 1.00000 0.00000
vt 0.00000 1.00000
vt 1.00000 1.00000
vt 0.00000 0.00000
vt 1.00000 0.00000
f 5245/5245 5247/5247 5246/5246
f 5247/5247 5248/5248 5246/5246
f 5249/5249 5251/5251 5250/5250
f 5251/5251 5252/5252 5250/5250
f 5253/5253 5255/5255 5254/5254
f 5255/5255 5256/5256 5254/5254
f 5257/5257 5259/5259 5258/5258
f 5259/5259 5260/5260 5258/5258
f 5261/5261 5263/5263 5262/5262
f 5263/5263 5264/5264 5262/5262
f 5265/5265 5267/5267 5266/5266
f 5267/5267 5268/5268 5266/5266
v -10272.202 5383.145 2.950
v -10273.815 5553.137 2.950
v -10272.202 5383.145 2.850
v -10273.815 5553.137 2.850
v -10279.815 5553.080 2.950
v -10278.202 5383.088 2.950
v -10279.815 5553.080 2.850
v -10278.202 5383.088 2.850
v -10279.815 5553.080 2.950
v -10273.815 5553.137 2.950
v -10278.202 5383.088 2.950
v -10272.202 5383.145 2.950
v -10278.202 5383.088 2.850
v -10272.202 5383.145 2.850
v -10279.815 5553.080 2.850
v -10273.815 5553.137 2.850
v -10278.202 5383.088 2.950
v -10272.202 5383.145 2.950
v -10278.202 5383.088 2.850
v -10272.202 5383.145 2.850
v -10273.815 5553.137 2.950
v -10279.815 5553.080 2.950
v -10273.815 5553.137 2.850
v -10279.815 5553.080 2.850
vt 0.00000 1.00000
vt 1.00000 1.00000
vt 0.00000 0.00000
vt 1.00000 0.00000
vt 0.00000 1.00000
vt 1.00000 1.00000
vt 0.00000 0.00000
vt 1.00000 0.00000
vt 0.00000 1.00000
vt 1.00000 1.00000
vt 0.00000 0.00000
vt 1.00000 0.00000
vt 0.00000 1.00000
vt 1.00000 1.00000
vt 0.00000 0.00000
vt 1.00000 0.00000
vt 0.00000 1.00000
vt 1.00000 1.00000
vt 0.00000 0.00000
vt 1.00000 0.00000
vt 0.00000 1.00000
vt 1.00000 1.00000
vt 0.00000 0.00000
vt 1.00000 0.00000
f 5269/5269 5271/5271 5270/5270
f 5271/5271 5272/5272 5270/5270
f 5273/5273 5275/5275 5274/5274
f 5275/5275 5276/5276 5274/5274
f 5277/5277 5279/5279 5278/5278
f 5279/5279 5280/5280 5278/5278
f 5281/5281 5283/5283 5282/5282
f 5283/5283 5284/5284 5282/5282
f 5285/5285 5287/5287 5286/5286
f 5287/5287 5288/5288 5286/5286
f 5289/5289 5291/5291 5290/5290
f 5291/5291 5292/5292 5290/5290
v -10076.795 5552.006 2.950
v -10076.852 5558.006 2.950
v -10076.795 5552.006 2.850
v -10076.852 5558.006 2.850
v -10276.843 5556.108 2.950
v -10276.786 5550.109 2.950
v -10276.843 5556.108 2.850
v -10276.786 5550.109 2.850
v -10276.843 5556.108 2.950
v -10076.852 5558.006 2.950
v -10276.786 5550.109 2.950
v -10076.795 5552.006 2.950
v -10276.786 5550.109 2.850
v -10076.795 5552.006 2.850
v -10276.843 5556.108 2.850
v -10076.852 5558.006 2.850
v -10276.786 5550.109 2.950
v -10076.795 5552.006 2.950
v -10276.786 5550.109 2.850
v -10076.795 5552.006 2.850
v -10076.852 5558.006 2.950
v -10276.843 5556.108 2.950
v -10076.852 5558.006 2.850
v -10276.843 5556.108 2.850
vt 0.00000 1.00000
vt 1.00000 1.00000
vt 0.00000 0.00000
vt 1.00000 0.00000
vt 0.00000 1.00000
vt 1.00000 1.00000
vt 0.00000 0.00000
vt 1.00000 0.00000
vt 0.00000 1.00000
vt 1.00000 1.00000
vt 0.00000 0.00000
vt 1.00000 0.00000
vt 0.00000 1.00000
vt 1.00000 1.00000
vt 0.00000 0.00000
vt 1.00000 0.00000
vt 0.00000 1.00000
vt 1.00000 1.00000
vt 0.00000 0.00000
vt 1.00000 0.00000
vt 0.00000 1.00000
vt 1.00000 1.00000
vt 0.00000 0.00000
vt 1.00000 0.00000
f 5293/5293 5295/5295 5294/5294
f 5295/5295 5296/5296 5294/5294
f 5297/5297 5299/5299 5298/5298
f 5299/5299 5300/5300 5298/5298
f 5301/5301 5303/5303 5302/5302
f 5303/5303 5304/5304 5302/5302
f 5305/5305 5307/5307 5306/5306
f 5307/5307 5308/5308 5306/5306
f 5309/5309 5311/5311 5310/5310
f 5311/5311 5312/5312 5310/5310
f 5313/5313 5315/5315 5314/5314
f 5315/5315 5316/5316 5314/5314
v -10075.183 5382.014 2.950
v -10075.239 5388.013 2.950
v -10075.183 5382.014 2.850
v -10075.239 5388.013 2.850
v -10275.230 5386.116 2.950
v -10275.174 5380.116 2.950
v -10275.230 5386.116 2.850
v -10275.174 5380.116 2.850
v -10275.230 5386.116 2.950
v -10075.239 5388.013 2.950
v -10275.174 5380.116 2.950
v -10075.183 5382.014 2.950
v -10275.174 5380.116 2.850
v -10075.183 5382.014 2.850
v -10275.230 5386.116 2.850
v -10075.239 5388.013 2.850
v -10275.174 5380.116 2.950
v -10075.183 5382.014 2.950
v -10275.174 5380.116 2.850
v -10075.183 5382.014 2.850
v -10075.239 5388.013 2.950
v -10275.230 5386.116 2.950
v -10075.239 5388.013 2.850
v -10275.230 5386.116 2.850
vt 0.00000 1.00000
vt 1.00000 1.00000
vt 0.00000 0.00000
vt 1.00000 0.00000
vt 0.00000 1.00000
vt 1.00000 1.00000
vt 0.00000 0.00000
vt 1.00000 0.00000
vt 0.00000 1.00000
vt 1.00000 1.00000
vt 0.00000 0.00000
vt 1.00000 0.00000
vt 0.00000 1.00000
vt 1.00000 1.00000
vt 0.00000 0.00000
vt 1.00000 0.00000
vt 0.00000 1.00000
vt 1.00000 1.00000
vt 0.00000 0.00000
vt 1.00000 0.00000
vt 0.00000 1.00000
vt 1.00000 1.00000
vt 0.00000 0.00000
vt 1.00000 0.00000
f 5317/5317 5319/5319 5318/5318
f 5319/5319 5320/5320 5318/5318
f 5321/5321 5323/5323 5322/5322
f 5323/5323 5324/5324 5322/5322
f 5325/5325 5327/5327 5326/5326
f 5327/5327 5328/5328 5326/5326
f 5329/5329 5331/5331 5330/5330
f 5331/5331 5332/5332 5330/5330
f 5333/5333 5335/5335 5334/5334
f 5335/5335 5336/5336 5334/5334
f 5337/5337 5339/5339 5338/5338
f 5339/5339 5340/5340 5338/5338
v -10268.408 4983.163 2.950
v -10270.020 5153.155 2.950
v -10268.408 4983.163 2.850
v -10270.020 5153.155 2.850
v -10276.020 5153.098 2.950
v -10274.407 4983.106 2.950
v -10276.020 5153.098 2.850
v -10274.407 4983.106 2.850
v -10276.020 5153.098 2.950
v -10270.020 5153.155 2.950
v -10274.407 4983.106 2.950
v -10268.408 4983.163 2.950
v -10274.407 4983.106 2.850
v -10268.408 4983.163 2.850
v -10276.020 5153.098 2.850
v -10270.020 5153.155 2.850
v -10274.407 4983.106 2.950
v -10268.408 4983.163 2.950
v -10274.407 4983.106 2.850
v -10268.408 4983.163 2.850
v -10270.020 5153.155 2.950
v -10276.020 5153.098 2.950
v -10270.020 5153.155 2.850
v -10276.020 5153.098 2.850
vt 0.00000 1.00000
vt 1.00000 1.00000
vt 0.00000 0.00000
vt 1.00000 0.00000
vt 0.00000 1.00000
vt 1.00000 1.00000
vt 0.00000 0.00000
vt 1.00000 0.00000
vt 0.00000 1.00000
vt 1.00000 1.00000
vt 0.00000 0.00000
vt 1.00000 0.00000
vt 0.00000 1.00000
vt 1.00000 1.00000
vt 0.00000 0.00000
vt 1.00000 0.00000
vt 0.00000 1.00000
vt 1.00000 1.00000
vt 0.00000 0.00000
vt 1.00000 0.00000
vt 0.00000 1.00000
vt 1.00000 1.00000
vt 0.00000 0.00000
vt 1.00000 0.00000
f 5341/5341 5343/5343 5342/5342
f 5343/5343 5344/5344 5342/5342
f 5345/5345 5347/5347 5346/5346
f 5347/5347 5348/5348 5346/5346
f 5349/5349 5351/5351 5350/5350
f 5351/5351 5352/5352 5350/5350
f 5353/5353 5355/5355 5354/5354
f 5355/5355 5356/5356 5354/5354
f 5357/5357 5359/5359 5358/5358
f 5359/5359 5360/5360 5358/5358
f 5361/5361 5363/5363 5362/5362
f 5363/5363 5364/5364 5362/5362
v -10073.001 5152.024 2.950
v -10073.058 5158.024 2.950
v -10073.001 5152.024 2.850
v -10073.058 5158.024 2.850
v -10273.049 5156.126 2.950
v -10272.992 5150.127 2.950
v -10273.049 5156.126 2.850
v -10272.992 5150.127 2.850
v -10273.049 5156.126 2.950
v -10073.058 5158.024 2.950
v -10272.992 5150.127 2.950
v -10073.001 5152.024 2.950
v -10272.992 5150.127 2.850
v -10073.001 5152.024 2.850
v -10273.049 5156.126 2.850
v -10073.058 5158.024 2.850
v -10272.992 5150.127 2.950
v -10073.001 5152.024 2.950
v -10272.992 5150.127 2.850
v -10073.001 5152.024 2.850
v -10073.058 5158.024 2.950
v -10273.049 5156.126 2.950
v -10073.058 5158.024 2.850
v -10273.049 5156.126 2.850
vt 0.00000 1.00000
vt 1.00000 1.00000
vt 0.00000 0.00000
vt 1.00000 0.00000
vt 0.00000 1.00000
vt 1.00000 1.00000
vt 0.00000 0.00000
vt 1.00000 0.00000
vt 0.00000 1.00000
vt 1.00000 1.00000
vt 0.00000 0.00000
vt 1.00000 0.00000
vt 0.00000 1.00000
vt 1.00000 1.00000
vt 0.00000 0.00000
vt 1.00000 0.00000
vt 0.00000 1.00000
vt 1.00000 1.00000
vt 0.00000 0.00000
vt 1.00000 0.00000
vt 0.00000 1.00000
vt 1.00000 1.00000
vt 0.00000 0.00000
vt 1.00000 0.00000
f 5365/5365 5367/5367 5366/5366
f 5367/5367 5368/5368 5366/5366
f 5369/5369 5371/5371 5370/5370
f 5371/5371 5372/5372 5370/5370
f 5373/5373 5375/5375 5374/5374
f 5375/5375 5376/5376 5374/5374
f 5377/5377 5379/5379 5378/5378
f 5379/5379 5380/5380 5378/5378
f 5381/5381 5383/5383 5382/5382
f 5383/5383 5384/5384 5382/5382
f 5385/5385 5387/5387 5386/5386
f 5387/5387 5388/5388 5386/5386
v -10071.388 4982.032 2.950
v -10071.445 4988.031 2.950
v -10071.388 4982.032 2.850
v -10071.445 4988.031 2.850
v -10271.436 4986.134 2.950
v -10271.379 4980.134 2.950
v -10271.436 4986.134 2.850
v -10271.379 4980.134 2.850
v -10271.436 4986.134 2.950
v -10071.445 4988.031 2.950
v -10271.379 4980.134 2.950
v -10071.388 4982.032 2.950
v -10271.379 4980.134 2.850
v -10071.388 4982.032 2.850
v -10271.436 4986.134 2.850
v -10071.445 4988.031 2.850
v -10271.379 4980.134 2.950
v -10071.388 4982.032 2.950
v -10271.379 4980.134 2.850
v -10071.388 4982.032 2.850
v -10071.445 4988.031 2.950
v -10271.436 4986.134 2.950
v -10071.445 4988.031 2.850
v -10271.436 4986.134 2.850
vt 0.00000 1.00000
vt 1.00000 1.00000
vt 0.00000 0.00000
vt 1.00000 0.00000
vt 0.00000 1.00000
vt 1.00000 1.00000
vt 0.00000 0.00000
vt 1.00000 0.00000
vt 0.00000 1.00000
vt 1.00000 1.00000
vt 0.00000 0.00000
vt 1.00000 0.00000
vt 0.00000 1.00000
vt 1.00000 1.00000
vt 0.00000 0.00000
vt 1.00000 0.00000
vt 0.00000 1.00000
vt 1.00000 1.00000
vt 0.00000 0.00000
vt 1.00000 0.00000
vt 0.00000 1.00000
vt 1.00000 1.00000
vt 0.00000 0.00000
vt 1.00000 0.00000
f 5389/5389 5391/5391 5390/5390
f 5391/5391 5392/5392 5390/5390
f 5393/5393 5395/5395 5394/5394
f 5395/5395 5396/5396 5394/5394
f 5397/5397 5399/5399 5398/5398
f 5399/5399 5400/5400 5398/5398
f 5401/5401 5403/5403 5402/5402
f 5403/5403 5404/5404 5402/5402
f 5405/5405 5407/5407 5406/5406
f 5407/5407 5408/5408 5406/5406
f 5409/5409 5411/5411 5410/5410
f 5411/5411 5412/5412 5410/5410
v -10772.387 5377.772 2.950
v -10774.316 5547.761 2.950
v -10772.387 5377.772 2.850
v -10774.316 5547.761 2.850
v -10780.316 5547.693 2.950
v -10778.387 5377.704 2.950
v -10780.316 5547.693 2.850
v -10778.387 5377.704 2.850
v -10780.316 5547.693 2.950
v -10774.316 5547.761 2.950
v -10778.387 5377.704 2.950
v -10772.387 5377.772 2.950
v -10778.387 5377.704 2.850
v -10772.387 5377.772 2.850
v -10780.316 5547.693 2.850
v -10774.316 5547.761 2.850
v -10778.387 5377.704 2.950
v -10772.387 5377.772 2.950
v -10778.387 5377.704 2.850
v -10772.387 5377.772 2.850
v -10774.316 5547.761 2.950
v -10780.316 5547.693 2.950
v -10774.316 5547.761 2.850
v -10780.316 5547.693 2.850
vt 0.00000 1.00000
vt 1.00000 1.00000
vt 0.00000 0.00000
vt 1.00000 0.00000
vt 0.00000 1.00000
vt 1.00000 1.00000
vt 0.00000 0.00000
vt 1.00000 0.00000
vt 0.00000 1.00000
vt 1.00000 1.00000
vt 0.00000 0.00000
vt 1.00000 0.00000
vt 0.00000 1.00000
vt 1.00000 1.00000
vt 0.00000 0.00000
vt 1.00000 0.00000
vt 0.00000 1.00000
vt 1.00000 1.00000
vt 0.00000 0.00000
vt 1.00000 0.00000
vt 0.00000 1.00000
vt 1.00000 1.00000
vt 0.00000 0.00000
vt 1.00000 0.00000
f 5413/5413 5415/5415 5414/5414
f 5415/5415 5416/5416 5414/5414
f 5417/5417 5419/5419 5418/5418
f 5419/5419 5420/5420 5418/5418
f 5421/5421 5423/5423 5422/5422
f 5423/5423 5424/5424 5422/5422
f 5425/5425 5427/5427 5426/5426
f 5427/5427 5428/5428 5426/5426
f 5429/5429 5431/5431 5430/5430
f 5431/5431 5432/5432 5430/5430
f 5433/5433 5435/5435 5434/5434
f 5435/5435 5436/5436 5434/5434
v -10577.295 5546.997 2.950
v -10577.363 5552.996 2.950
v -10577.295 5546.997 2.850
v -10577.363 5552.996 2.850
v -10777.350 5550.727 2.950
v -10777.282 5544.727 2.950
v -10777.350 5550.727 2.850
v -10777.282 5544.727 2.850
v -10777.350 5550.727 2.950
v -10577.363 5552.996 2.950
v -10777.282 5544.727 2.950
v -10577.295 5546.997 2.950
v -10777.282 5544.727 2.850
v -10577.295 5546.997 2.850
v -10777.350 5550.727 2.850
v -10577.363 5552.996 2.850
v -10777.282 5544.727 2.950
v -10577.295 5546.997 2.950
v -10777.282 5544.727 2.850
v -10577.295 5546.997 2.850
v -10577.363 5552.996 2.950
v -10777.350 5550.727 2.950
v -10577.363 5552.996 2.850
v -10777.350 5550.727 2.850
vt 0.00000 1.00000
vt 1.00000 1.00000
vt 0.00000 0.00000
vt 1.00000 0.00000
vt 0.00000 1.00000
vt 1.00000 1.00000
vt 0.00000 0.00000
vt 1.00000 0.00000
vt 0.00000 1.00000
vt 1.00000 1.00000
vt 0.00000 0.00000
vt 1.00000 0.00000
vt 0.00000 1.00000
vt 1.00000 1.00000
vt 0.00000 0.00000
vt 1.00000 0.00000
vt 0.00000 1.00000
vt 1.00000 1.00000
vt 0.00000 0.00000
vt 1.00000 0.00000
vt 0.00000 1.00000
vt 1.00000 1.00000
vt 0.00000 0.00000
vt 1.00000 0.00000
f 5437/5437 5439/5439 5438/5438
f 5439/5439 5440/5440 5438/5438
f 5441/5441 5443/5443 5442/5442
f 5443/5443 5444/5444 5442/5442
f 5445/5445 5447/5447 5446/5446
f 5447/5447 5448/5448 5446/5446
f 5449/5449 5451/5451 5450/5450
f 5451/5451 5452/5452 5450/5450
f 5453/5453 5455/5455 5454/5454
f 5455/5455 5456/5456 5454/5454
f 5457/5457 5459/5459 5458/5458
f 5459/5459 5460/5460 5458/5458
v -10575.366 5377.008 2.950
v -10575.434 5383.007 2.950
v -10575.366 5377.008 2.850
v -10575.434 5383.007 2.850
v -10775.421 5380.738 2.950
v -10775.353 5374.738 2.950
v -10775.421 5380.738 2.850
v -10775.353 5374.738 2.850
v -10775.421 5380.738 2.950
v -10575.434 5383.007 2.950
v -10775.353 5374.738 2.950
v -10575.366 5377.008 2.950
v -10775.353 5374.738 2.850
v -10575.366 5377.008 2.850
v -10775.421 5380.738 2.850
v -10575.434 5383.007 2.850
v -10775.353 5374.738 2.950
v -10575.366 5377.008 2.950
v -10775.353 5374.738 2.850
v -10575.366 5377.008 2.850
v -10575.434 5383.007 2.950
v -10775.421 5380.738 2.950
v -10575.434 5383.007 2.850
v -10775.421 5380.738 2.850
vt 0.00000 1.00000
vt 1.00000 1.00000
vt 0.00000 0.00000
vt 1.00000 0.00000
vt 0.00000 1.00000
vt 1.00000 1.00000
vt 0.00000 0.00000
vt 1.00000 0.00000
vt 0.00000 1.00000
vt 1.00000 1.00000
vt 0.00000 0.00000
vt 1.00000 0.00000
vt 0.00000 1.00000
vt 1.00000 1.00000
vt 0.00000 0.00000
vt 1.00000 0.00000
vt 0.00000 1.00000
vt 1.00000 1.00000
vt 0.00000 0.00000
vt 1.00000 0.00000
vt 0.00000 1.00000
vt 1.00000 1.00000
vt 0.00000 0.00000
vt 1.00000 0.00000
f 5461/5461 5463/5463 5462/5462
f 5463/5463 5464/5464 5462/5462
f 5465/5465 5467/5467 5466/5466
f 5467/5467 5468/5468 5466/5466
f 5469/5469 5471/5471 5470/5470
f 5471/5471 5472/5472 5470/5470
f 5473/5473 5475/5475 5474/5474
f 5475/5475 5476/5476 5474/5474
f 5477/5477 5479/5479 5478/5478
f 5479/5479 5480/5480 5478/5478
f 5481/5481 5483/5483 5482/5482
f 5483/5483 5484/5484 5482/5482
v -10767.849 4977.798 2.950
v -10769.778 5147.787 2.950
v -10767.849 4977.798 2.850
v -10769.778 5147.787 2.850
v -10775.777 5147.719 2.950
v -10773.848 4977.730 2.950
v -10775.777 5147.719 2.850
v -10773.848 4977.730 2.850
v -10775.777 5147.719 2.950
v -10769.778 5147.787 2.950
v -10773.848 4977.730 2.950
v -10767.849 4977.798 2.950
v -10773.848 4977.730 2.850
v -10767.849 4977.798 2.850
v -10775.777 5147.719 2.850
v -10769.778 5147.787 2.850
v -10773.848 4977.730 2.950
v -10767.849 4977.798 2.950
v -10773.848 4977.730 2.850
v -10767.849 4977.798 2.850
v -10769.778 5147.787 2.950
v -10775.777 5147.719 2.950
v -10769.778 5147.787 2.850
v -10775.777 5147.719 2.850
vt 0.00000 1.00000
vt 1.00000 1.00000
vt 0.00000 0.00000
vt 1.00000 0.00000
vt 0.00000 1.00000
vt 1.00000 1.00000
vt 0.00000 0.00000
vt 1.00000 0.00000
vt 0.00000 1.00000
vt 1.00000 1.00000
vt 0.00000 0.00000
vt 1.00000 0.00000
vt 0.00000 1.00000
vt 1.00000 1.00000
vt 0.00000 0.00000
vt 1.00000 0.00000
vt 0.00000 1.00000
vt 1.00000 1.00000
vt 0.00000 0.00000
vt 1.00000 0.00000
vt 0.00000 1.00000
vt 1.00000 1.00000
vt 0.00000 0.00000
vt 1.00000 0.00000
f 5485/5485 5487/5487 5486/5486
f 5487/5487 5488/5488 5486/5486
f 5489/5489 5491/5491 5490/5490
f 5491/5491 5492/5492 5490/5490
f 5493/5493 5495/5495 5494/5494
f 5495/5495 5496/5496 5494/5494
f 5497/5497 5499/5499 5498/5498
f 5499/5499 5500/5500 5498/5498
f 5501/5501 5503/5503 5502/5502
f 5503/5503 5504/5504 5502/5502
f 5505/5505 5507/5507 5506/5506
f 5507/5507 5508/5508 5506/5506
v -10572.756 5147.022 2.950
v -10572.824 5153.022 2.950
v -10572.756 5147.022 2.850
v -10572.824 5153.022 2.850
v -10772.811 5150.753 2.950
v -10772.743 5144.753 2.950
v -10772.811 5150.753 2.850
v -10772.743 5144.753 2.850
v -10772.811 5150.753 2.950
v -10572.824 5153.022 2.950
v -10772.743 5144.753 2.950
v -10572.756 5147.022 2.950
v -10772.743 5144.753 2.850
v -10572.756 5147.022 2.850
v -10772.811 5150.753 2.850
v -10572.824 5153.022 2.850
v -10772.743 5144.753 2.950
v -10572.756 5147.022 2.950
v -10772.743 5144.753 2.850
v -10572.756 5147.022 2.850
v -10572.824 5153.022 2.950
v -10772.811 5150.753 2.950
v -10572.824 5153.022 2.850
v -10772.811 5150.753 2.850
vt 0.00000 1.00000
vt 1.00000 1.00000
vt 0.00000 0.00000
vt 1.00000 0.00000
vt 0.00000 1.00000
vt 1.00000 1.00000
vt 0.00000 0.00000
vt 1.00000 0.00000
vt 0.00000 1.00000
vt 1.00000 1.00000
vt 0.00000 0.00000
vt 1.00000 0.00000
vt 0.00000 1.00000
vt 1.00000 1.00000
vt 0.00000 0.00000
vt 1.00000 0.00000
vt 0.00000 1.00000
vt 1.00000 1.00000
vt 0.00000 0.00000
vt 1.00000 0.00000
vt 0.00000 1.00000
vt 1.00000 1.00000
vt 0.00000 0.00000
vt 1.00000 0.00000
f 5509/5509 5511/5511 5510/5510
f 5511/5511 5512/5512 5510/5510
f 5513/5513 5515/5515 5514/5514
f 5515/5515 5516/5516 5514/5514
f 5517/5517 5519/5519 5518/5518
f 5519/5519 5520/5520 5518/5518
f 5521/5521 5523/5523 5522/5522
f 5523/5523 5524/5524 5522/5522
f 5525/5525 5527/5527 5526/5526
f 5527/5527 5528/5528 5526/5526
f 5529/5529 5531/5531 5530/5530
f 5531/5531 5532/5532 5530/5530
v -10570.827 4977.033 2.950
v -10570.895 4983.033 2.950
v -10570.827 4977.033 2.850
v -10570.895 4983.033 2.850
v -10770.883 4980.764 2.950
v -10770.814 4974.764 2.950
v -10770.883 4980.764 2.850
v -10770.814 4974.764 2.850
v -10770.883 4980.764 2.950
v -10570.895 4983.033 2.950
v -10770.814 4974.764 2.950
v -10570.827 4977.033 2.950
v -10770.814 4974.764 2.850
v -10570.827 4977.033 2.850
v -10770.883 4980.764 2.850
v -10570.895 4983.033 2.850
v -10770.814 4974.764 2.950
v -10570.827 4977.033 2.950
v -10770.814 4974.764 2.850
v -10570.827 4977.033 2.850
v -10570.895 4983.033 2.950
v -10770.883 4980.764 2.950
v -10570.895 4983.033 2.850
v -10770.883 4980.764 2.850
vt 0.00000 1.00000
vt 1.00000 1.00000
vt 0.00000 0.00000
vt 1.00000 0.00000
vt 0.00000 1.00000
vt 1.00000 1.00000
vt 0.00000 0.00000
vt 1.00000 0.00000
vt 0.00000 1.00000
vt 1.00000 1.00000
vt 0.00000 0.00000
vt 1.00000 0.00000
vt 0.00000 1.00000
vt 1.00000 1.00000
vt 0.00000 0.00000
vt 1.00000 0.00000
vt 0.00000 1.00000
vt 1.00000 1.00000
vt 0.00000 0.00000
vt 1.00000 0.00000
vt 0.00000 1.00000
vt 1.00000 1.00000
vt 0.00000 0.00000
vt 1.00000 0.00000
f 5533/5533 5535/5535 5534/5534
f 5535/5535 5536/5536 5534/5534
f 5537/5537 5539/5539 5538/5538
f 5539/5539 5540/5540 5538/5538
f 5541/5541 5543/5543 5542/5542
f 5543/5543 5544/5544 5542/5542
f 5545/5545 5547/5547 5546/5546
f 5547/5547 5548/5548 5546/5546
f 5549/5549 5551/5551 5550/5550
f 5551/5551 5552/5552 5550/5550
f 5553/5553 5555/5555 5554/5554
f 5555/5555 5556/5556 5554/5554
v -11272.628 5371.271 2.950
v -11274.976 5541.254 2.950
v -11272.628 5371.271 2.850
v -11274.976 5541.254 2.850
v -11280.976 5541.171 2.950
v -11278.628 5371.188 2.950
v -11280.976 5541.171 2.850
v -11278.628 5371.188 2.850
v -11280.976 5541.171 2.950
v -11274.976 5541.254 2.950
v -11278.628 5371.188 2.950
v -11272.628 5371.271 2.950
v -11278.628 5371.188 2.850
v -11272.628 5371.271 2.850
v -11280.976 5541.171 2.850
v -11274.976 5541.254 2.850
v -11278.628 5371.188 2.950
v -11272.628 5371.271 2.950
v -11278.628 5371.188 2.850
v -11272.628 5371.271 2.850
v -11274.976 5541.254 2.950
v -11280.976 5541.171 2.950
v -11274.976 5541.254 2.850
v -11280.976 5541.171 2.850
vt 0.00000 1.00000
vt 1.00000 1.00000
vt 0.00000 0.00000
vt 1.00000 0.00000
vt 0.00000 1.00000
vt 1.00000 1.00000
vt 0.00000 0.00000
vt 1.00000 0.00000
vt 0.00000 1.00000
vt 1.00000 1.00000
vt 0.00000 0.00000
vt 1.00000 0.00000
vt 0.00000 1.00000
vt 1.00000 1.00000
vt 0.00000 0.00000
vt 1.00000 0.00000
vt 0.00000 1.00000
vt 1.00000 1.00000
vt 0.00000 0.00000
vt 1.00000 0.00000
vt 0.00000 1.00000
vt 1.00000 1.00000
vt 0.00000 0.00000
vt 1.00000 0.00000
f 5557/5557 5559/5559 5558/5558
f 5559/5559 5560/5560 5558/5558
f 5561/5561 5563/5563 5562/5562
f 5563/5563 5564/5564 5562/5562
f 5565/5565 5567/5567 5566/5566
f 5567/5567 5568/5568 5566/5566
f 5569/5569 5571/5571 5570/5570
f 5571/5571 5572/5572 5570/5570
f 5573/5573 5575/5575 5574/5574
f 5575/5575 5576/5576 5574/5574
f 5577/5577 5579/5579 5578/5578
f 5579/5579 5580/5580 5578/5578
v -11077.954 5540.976 2.950
v -11078.037 5546.975 2.950
v -11077.954 5540.976 2.850
v -11078.037 5546.975 2.850
v -11278.018 5544.213 2.950
v -11277.935 5538.213 2.950
v -11278.018 5544.213 2.850
v -11277.935 5538.213 2.850
v -11278.018 5544.213 2.950
v -11078.037 5546.975 2.950
v -11277.935 5538.213 2.950
v -11077.954 5540.976 2.950
v -11277.935 5538.213 2.850
v -11077.954 5540.976 2.850
v -11278.018 5544.213 2.850
v -11078.037 5546.975 2.850
v -11277.935 5538.213 2.950
v -11077.954 5540.976 2.950
v -11277.935 5538.213 2.850
v -11077.954 5540.976 2.850
v -11078.037 5546.975 2.950
v -11278.018 5544.213 2.950
v -11078.037 5546.975 2.850
v -11278.018 5544.213 2.850
vt 0.00000 1.00000
vt 1.00000 1.00000
vt 0.00000 0.00000
vt 1.00000 0.00000
vt 0.00000 1.00000
vt 1.00000 1.00000
vt 0.00000 0.00000
vt 1.00000 0.00000
vt 0.00000 1.00000
vt 1.00000 1.00000
vt 0.00000 0.00000
vt 1.00000 0.00000
vt 0.00000 1.00000
vt 1.00000 1.00000
vt 0.00000 0.00000
vt 1.00000 0.00000
vt 0.00000 1.00000
vt 1.00000 1.00000
vt 0.00000 0.00000
vt 1.00000 0.00000
vt 0.00000 1.00000
vt 1.00000 1.00000
vt 0.00000 0.00000
vt 1.00000 0.00000
f 5581/5581 5583/5583 5582/5582
f 5583/5583 5584/5584 5582/5582
f 5585/5585 5587/5587 5586/5586
f 5587/5587 5588/5588 5586/5586
f 5589/5589 5591/5591 5590/5590
f 5591/5591 5592/5592 5590/5590
f 5593/5593 5595/5595 5594/5594
f 5595/5595 5596/5596 5594/5594
f 5597/5597 5599/5599 5598/5598
f 5599/5599 5600/5600 5598/5598
f 5601/5601 5603/5603 5602/5602
f 5603/5603 5604/5604 5602/5602
v -11075.606 5370.992 2.950
v -11075.689 5376.991 2.950
v -11075.606 5370.992 2.850
v -11075.689 5376.991 2.850
v -11275.670 5374.229 2.950
v -11275.587 5368.229 2.950
v -11275.670 5374.229 2.850
v -11275.587 5368.229 2.850
v -11275.670 5374.229 2.950
v -11075.689 5376.991 2.950
v -11275.587 5368.229 2.950
v -11075.606 5370.992 2.950
v -11275.587 5368.229 2.850
v -11075.606 5370.992 2.850
v -11275.670 5374.229 2.850
v -11075.689 5376.991 2.850
v -11275.587 5368.229 2.950
v -11075.606 5370.992 2.950
v -11275.587 5368.229 2.850
v -11075.606 5370.992 2.850
v -11075.689 5376.991 2.950
v -11275.670 5374.229 2.950
v -11075.689 5376.991 2.850
v -11275.670 5374.229 2.850
vt 0.00000 1.00000
vt 1.00000 1.00000
vt 0.00000 0.00000
vt 1.00000 0.00000
vt 0.00000 1.00000
vt 1.00000 1.00000
vt 0.00000 0.00000
vt 1.00000 0.00000
vt 0.00000 1.00000
vt 1.00000 1.00000
vt 0.00000 0.00000
vt 1.00000 0.00000
vt 0.00000 1.00000
vt 1.00000 1.00000
vt 0.00000 0.00000
vt 1.00000 0.00000
vt 0.00000 1.00000
vt 1.00000 1.00000
vt 0.00000 0.00000
vt 1.00000 0.00000
vt 0.00000 1.00000
vt 1.00000 1.00000
vt 0.00000 0.00000
vt 1.00000 0.00000
f 5605/5605 5607/5607 5606/5606
f 5607/5607 5608/5608 5606/5606
f 5609/5609 5611/5611 5610/5610
f 5611/5611 5612/5612 5610/5610
f 5613/5613 5615/5615 5614/5614
f 5615/5615 5616/5616 5614/5614
f 5617/5617 5619/5619 5618/5618
f 5619/5619 5620/5620 5618/5618
f 5621/5621 5623/5623 5622/5622
f 5623/5623 5624/5624 5622/5622
f 5625/5625 5627/5627 5626/5626
f 5627/5627 5628/5628 5626/5626
v -11267.104 4971.309 2.950
v -11269.452 5141.293 2.950
v -11267.104 4971.309 2.850
v -11269.452 5141.293 2.850
v -11275.451 5141.210 2.950
v -11273.103 4971.226 2.950
v -11275.451 5141.210 2.850
v -11273.103 4971.226 2.850
v -11275.451 5141.210 2.950
v -11269.452 5141.293 2.950
v -11273.103 4971.226 2.950
v -11267.104 4971.309 2.950
v -11273.103 4971.226 2.850
v -11267.104 4971.309 2.850
v -11275.451 5141.210 2.850
v -11269.452 5141.293 2.850
v -11273.103 4971.226 2.950
v -11267.104 4971.309 2.950
v -11273.103 4971.226 2.850
v -11267.104 4971.309 2.850
v -11269.452 5141.293 2.950
v -11275.451 5141.210 2.950
v -11269.452 5141.293 2.850
v -11275.451 5141.210 2.850
vt 0.00000 1.00000
vt 1.00000 1.00000
vt 0.00000 0.00000
vt 1.00000 0.00000
vt 0.00000 1.00000
vt 1.00000 1.00000
vt 0.00000 0.00000
vt 1.00000 0.00000
vt 0.00000 1.00000
vt 1.00000 1.00000
vt 0.00000 0.00000
vt 1.00000 0.00000
vt 0.00000 1.00000
vt 1.00000 1.00000
vt 0.00000 0.00000
vt 1.00000 0.00000
vt 0.00000 1.00000
vt 1.00000 1.00000
vt 0.00000 0.00000
vt 1.00000 0.00000
vt 0.00000 1.00000
vt 1.00000 1.00000
vt 0.00000 0.00000
vt 1.00000 0.00000
f 5629/5629 5631/5631 5630/5630
f 5631/5631 5632/5632 5630/5630
f 5633/5633 5635/5635 5634/5634
f 5635/5635 5636/5636 5634/5634
f 5637/5637 5639/5639 5638/5638
f 5639/5639 5640/5640 5638/5638
f 5641/5641 5643/5643 5642/5642
f 5643/5643 5644/5644 5642/5642
f 5645/5645 5647/5647 5646/5646
f 5647/5647 5648/5648 5646/5646
f 5649/5649 5651/5651 5650/5650
f 5651/5651 5652/5652 5650/5650
v -11072.429 5141.014 2.950
v -11072.512 5147.013 2.950
v -11072.429 5141.014 2.850
v -11072.512 5147.013 2.850
v -11272.493 5144.251 2.950
v -11272.410 5138.251 2.950
v -11272.493 5144.251 2.850
v -11272.410 5138.251 2.850
v -11272.493 5144.251 2.950
v -11072.512 5147.013 2.950
v -11272.410 5138.251 2.950
v -11072.429 5141.014 2.950
v -11272.410 5138.251 2.850
v -11072.429 5141.014 2.850
v -11272.493 5144.251 2.850
v -11072.512 5147.013 2.850
v -11272.410 5138.251 2.950
v -11072.429 5141.014 2.950
v -11272.410 5138.251 2.850
v -11072.429 5141.014 2.850
v -11072.512 5147.013 2.950
v -11272.493 5144.251 2.950
v -11072.512 5147.013 2.850
v -11272.493 5144.251 2.850
vt 0.00000 1.00000
vt 1.00000 1.00000
vt 0.00000 0.00000
vt 1.00000 0.00000
vt 0.00000 1.00000
vt 1.00000 1.00000
vt 0.00000 0.00000
vt 1.00000 0.00000
vt 0.00000 1.00000
vt 1.00000 1.00000
vt 0.00000 0.00000
vt 1.00000 0.00000
vt 0.00000 1.00000
vt 1.00000 1.00000
vt 0.00000 0.00000
vt 1.00000 0.00000
vt 0.00000 1.00000
vt 1.00000 1.00000
vt 0.00000 0.00000
vt 1.00000 0.00000
vt 0.00000 1.00000
vt 1.00000 1.00000
vt 0.00000 0.00000
vt 1.00000 0.00000
f 5653/5653 5655/5655 5654/5654
f 5655/5655 5656/5656 5654/5654
f 5657/5657 5659/5659 5658/5658
f 5659/5659 5660/5660 5658/5658
f 5661/5661 5663/5663 5662/5662
f 5663/5663 5664/5664 5662/5662
f 5665/5665 5667/5667 5666/5666
f 5667/5667 5668/5668 5666/5666
f 5669/5669 5671/5671 5670/5670
f 5671/5671 5672/5672 5670/5670
f 5673/5673 5675/5675 5674/5674
f 5675/5675 5676/5676 5674/5674
v -11070.081 4971.030 2.950
v -11070.164 4977.029 2.950
v -11070.081 4971.030 2.850
v -11070.164 4977.029 2.850
v -11270.145 4974.267 2.950
v -11270.062 4968.268 2.950
v -11270.145 4974.267 2.850
v -11270.062 4968.268 2.850
v -11270.145 4974.267 2.950
v -11070.164 4977.029 2.950
v -11270.062 4968.268 2.950
v -11070.081 4971.030 2.950
v -11270.062 4968.268 2.850
v -11070.081 4971.030 2.850
v -11270.145 4974.267 2.850
v -11070.164 4977.029 2.850
v -11270.062 4968.268 2.950
v -11070.081 4971.030 2.950
v -11270.062 4968.268 2.850
v -11070.081 4971.030 2.850
v -11070.164 4977.029 2.950
v -11270.145 4974.267 2.950
v -11070.164 4977.029 2.850
v -11270.145 4974.267 2.850
vt 0.00000 1.00000
vt 1.00000 1.00000
vt 0.00000 0.00000
vt 1.00000 0.00000
vt 0.00000 1.00000
vt 1.00000 1.00000
vt 0.00000 0.00000
vt 1.00000 0.00000
vt 0.00000 1.00000
vt 1.00000 1.00000
vt 0.00000 0.00000
vt 1.00000 0.00000
vt 0.00000 1.00000
vt 1.00000 1.00000
vt 0.00000 0.00000
vt 1.00000 0.00000
vt 0.00000 1.00000
vt 1.00000 1.00000
vt 0.00000 0.00000
vt 1.00000 0.00000
vt 0.00000 1.00000
vt 1.00000 1.00000
vt 0.00000 0.00000
vt 1.00000 0.00000
f 5677/5677 5679/5679 5678/5678
f 5679/5679 5680/5680 5678/5678
f 5681/5681 5683/5683 5682/5682
f 5683/5683 5684/5684 5682/5682
f 5685/5685 5687/5687 5686/5686
f 5687/5687 5688/5688 5686/5686
f 5689/5689 5691/5691 5690/5690
f 5691/5691 5692/5692 5690/5690
f 5693/5693 5695/5695 5694/5694
f 5695/5695 5696/5696 5694/5694
f 5697/5697 5699/5699 5698/5698
f 5699/5699 5700/5700 5698/5698
v -11772.975 5363.177 2.950
v -11775.934 5533.151 2.950
v -11772.975 5363.177 2.850
v -11775.934 5533.151 2.850
v -11781.933 5533.047 2.950
v -11778.975 5363.073 2.950
v -11781.933 5533.047 2.850
v -11778.975 5363.073 2.850
v -11781.933 5533.047 2.950
v -11775.934 5533.151 2.950
v -11778.975 5363.073 2.950
v -11772.975 5363.177 2.950
v -11778.975 5363.073 2.850
v -11772.975 5363.177 2.850
v -11781.933 5533.047 2.850
v -11775.934 5533.151 2.850
v -11778.975 5363.073 2.950
v -11772.975 5363.177 2.950
v -11778.975 5363.073 2.850
v -11772.975 5363.177 2.850
v -11775.934 5533.151 2.950
v -11781.933 5533.047 2.950
v -11775.934 5533.151 2.850
v -11781.933 5533.047 2.850
vt 0.00000 1.00000
vt 1.00000 1.00000
vt 0.00000 0.00000
vt 1.00000 0.00000
vt 0.00000 1.00000
vt 1.00000 1.00000
vt 0.00000 0.00000
vt 1.00000 0.00000
vt 0.00000 1.00000
vt 1.00000 1.00000
vt 0.00000 0.00000
vt 1.00000 0.00000
vt 0.00000 1.00000
vt 1.00000 1.00000
vt 0.00000 0.00000
vt 1.00000 0.00000
vt 0.00000 1.00000
vt 1.00000 1.00000
vt 0.00000 0.00000
vt 1.00000 0.00000
vt 0.00000 1.00000
vt 1.00000 1.00000
vt 0.00000 0.00000
vt 1.00000 0.00000
f 5701/5701 5703/5703 5702/5702
f 5703/5703 5704/5704 5702/5702
f 5705/5705 5707/5707 5706/5706
f 5707/5707 5708/5708 5706/5706
f 5709/5709 5711/5711 5710/5710
f 5711/5711 5712/5712 5710/5710
f 5713/5713 5715/5715 5714/5714
f 5715/5715 5716/5716 5714/5714
f 5717/5717 5719/5719 5718/5718
f 5719/5719 5720/5720 5718/5718
f 5721/5721 5723/5723 5722/5722
f 5723/5723 5724/5724 5722/5722
v -11578.911 5533.580 2.950
v -11579.016 5539.579 2.950
v -11578.911 5533.580 2.850
v -11579.016 5539.579 2.850
v -11778.985 5536.099 2.950
v -11778.881 5530.100 2.950
v -11778.985 5536.099 2.850
v -11778.881 5530.100 2.850
v -11778.985 5536.099 2.950
v -11579.016 5539.579 2.950
v -11778.881 5530.100 2.950
v -11578.911 5533.580 2.950
v -11778.881 5530.100 2.850
v -11578.911 5533.580 2.850
v -11778.985 5536.099 2.850
v -11579.016 5539.579 2.850
v -11778.881 5530.100 2.950
v -11578.911 5533.580 2.950
v -11778.881 5530.100 2.850
v -11578.911 5533.580 2.850
v -11579.016 5539.579 2.950
v -11778.985 5536.099 2.950
v -11579.016 5539.579 2.850
v -11778.985 5536.099 2.850
vt 0.00000 1.00000
vt 1.00000 1.00000
vt 0.00000 0.00000
vt 1.00000 0.00000
vt 0.00000 1.00000
vt 1.00000 1.00000
vt 0.00000 0.00000
vt 1.00000 0.00000
vt 0.00000 1.00000
vt 1.00000 1.00000
vt 0.00000 0.00000
vt 1.00000 0.00000
vt 0.00000 1.00000
vt 1.00000 1.00000
vt 0.00000 0.00000
vt 1.00000 0.00000
vt 0.00000 1.00000
vt 1.00000 1.00000
vt 0.00000 0.00000
vt 1.00000 0.00000
vt 0.00000 1.00000
vt 1.00000 1.00000
vt 0.00000 0.00000
vt 1.00000 0.00000
f 5725/5725 5727/5727 5726/5726
f 5727/5727 5728/5728 5726/5726
f 5729/5729 5731/5731 5730/5730
f 5731/5731 5732/5732 5730/5730
f 5733/5733 5735/5735 5734/5734
f 5735/5735 5736/5736 5734/5734
f 5737/5737 5739/5739 5738/5738
f 5739/5739 5740/5740 5738/5738
f 5741/5741 5743/5743 5742/5742
f 5743/5743 5744/5744 5742/5742
f 5745/5745 5747/5747 5746/5746
f 5747/5747 5748/5748 5746/5746
v -11575.953 5363.606 2.950
v -11576.058 5369.605 2.950
v -11575.953 5363.606 2.850
v -11576.058 5369.605 2.850
v -11776.027 5366.125 2.950
v -11775.923 5360.125 2.950
v -11776.027 5366.125 2.850
v -11775.923 5360.125 2.850
v -11776.027 5366.125 2.950
v -11576.058 5369.605 2.950
v -11775.923 5360.125 2.950
v -11575.953 5363.606 2.950
v -11775.923 5360.125 2.850
v -11575.953 5363.606 2.850
v -11776.027 5366.125 2.850
v -11576.058 5369.605 2.850
v -11775.923 5360.125 2.950
v -11575.953 5363.606 2.950
v -11775.923 5360.125 2.850
v -11575.953 5363.606 2.850
v -11576.058 5369.605 2.950
v -11776.027 5366.125 2.950
v -11576.058 5369.605 2.850
v -11776.027 5366.125 2.850
vt 0.00000 1.00000
vt 1.00000 1.00000
vt 0.00000 0.00000
vt 1.00000 0.00000
vt 0.00000 1.00000
vt 1.00000 1.00000
vt 0.00000 0.00000
vt 1.00000 0.00000
vt 0.00000 1.00000
vt 1.00000 1.00000
vt 0.00000 0.00000
vt 1.00000 0.00000
vt 0.00000 1.00000
vt 1.00000 1.00000
vt 0.00000 0.00000
vt 1.00000 0.00000
vt 0.00000 1.00000
vt 1.00000 1.00000
vt 0.00000 0.00000
vt 1.00000 0.00000
vt 0.00000 1.00000
vt 1.00000 1.00000
vt 0.00000 0.00000
vt 1.00000 0.00000
f 5749/5749 5751/5751 5750/5750
f 5751/5751 5752/5752 5750/5750
f 5753/5753 5755/5755 5754/5754
f 5755/5755 5756/5756 5754/5754
f 5757/5757 5759/5759 5758/5758
f 5759/5759 5760/5760 5758/5758
f 5761/5761 5763/5763 5762/5762
f 5763/5763 5764/5764 5762/5762
f 5765/5765 5767/5767 5766/5766
f 5767/5767 5768/5768 5766/5766
f 5769/5769 5771/5771 5770/5770
f 5771/5771 5772/5772 5770/5770
v -11766.015 4963.238 2.950
v -11768.973 5133.212 2.950
v -11766.015 4963.238 2.850
v -11768.973 5133.212 2.850
v -11774.972 5133.108 2.950
v -11772.014 4963.133 2.950
v -11774.972 5133.108 2.850
v -11772.014 4963.133 2.850
v -11774.972 5133.108 2.950
v -11768.973 5133.212 2.950
v -11772.014 4963.133 2.950
v -11766.015 4963.238 2.950
v -11772.014 4963.133 2.850
v -11766.015 4963.238 2.850
v -11774.972 5133.108 2.850
v -11768.973 5133.212 2.850
v -11772.014 4963.133 2.950
v -11766.015 4963.238 2.950
v -11772.014 4963.133 2.850
v -11766.015 4963.238 2.850
v -11768.973 5133.212 2.950
v -11774.972 5133.108 2.950
v -11768.973 5133.212 2.850
v -11774.972 5133.108 2.850
vt 0.00000 1.00000
vt 1.00000 1.00000
vt 0.00000 0.00000
vt 1.00000 0.00000
vt 0.00000 1.00000
vt 1.00000 1.00000
vt 0.00000 0.00000
vt 1.00000 0.00000
vt 0.00000 1.00000
vt 1.00000 1.00000
vt 0.00000 0.00000
vt 1.00000 0.00000
vt 0.00000 1.00000
vt 1.00000 1.00000
vt 0.00000 0.00000
vt 1.00000 0.00000
vt 0.00000 1.00000
vt 1.00000 1.00000
vt 0.00000 0.00000
vt 1.00000 0.00000
vt 0.00000 1.00000
vt 1.00000 1.00000
vt 0.00000 0.00000
vt 1.00000 0.00000
f 5773/5773 5775/5775 5774/5774
f 5775/5775 5776/5776 5774/5774
f 5777/5777 5779/5779 5778/5778
f 5779/5779 5780/5780 5778/5778
f 5781/5781 5783/5783 5782/5782
f 5783/5783 5784/5784 5782/5782
f 5785/5785 5787/5787 5786/5786
f 5787/5787 5788/5788 5786/5786
f 5789/5789 5791/5791 5790/5790
f 5791/5791 5792/5792 5790/5790
f 5793/5793 5795/5795 5794/5794
f 5795/5795 5796/5796 5794/5794
v -11571.951 5133.640 2.950
v -11572.055 5139.640 2.950
v -11571.951 5133.640 2.850
v -11572.055 5139.640 2.850
v -11772.025 5136.159 2.950
v -11771.921 5130.160 2.950
v -11772.025 5136.159 2.850
v -11771.921 5130.160 2.850
v -11772.025 5136.159 2.950
v -11572.055 5139.640 2.950
v -11771.921 5130.160 2.950
v -11571.951 5133.640 2.950
v -11771.921 5130.160 2.850
v -11571.951 5133.640 2.850
v -11772.025 5136.159 2.850
v -11572.055 5139.640 2.850
v -11771.921 5130.160 2.950
v -11571.951 5133.640 2.950
v -11771.921 5130.160 2.850
v -11571.951 5133.640 2.850
v -11572.055 5139.640 2.950
v -11772.025 5136.159 2.950
v -11572.055 5139.640 2.850
v -11772.025 5136.159 2.850
vt 0.00000 1.00000
vt 1.00000 1.00000
vt 0.00000 0.00000
vt 1.00000 0.00000
vt 0.00000 1.00000
vt 1.00000 1.00000
vt 0.00000 0.00000
vt 1.00000 0.00000
vt 0.00000 1.00000
vt 1.00000 1.00000
vt 0.00000 0.00000
vt 1.00000 0.00000
vt 0.00000 1.00000
vt 1.00000 1.00000
vt 0.00000 0.00000
vt 1.00000 0.00000
vt 0.00000 1.00000
vt 1.00000 1.00000
vt 0.00000 0.00000
vt 1.00000 0.00000
vt 0.00000 1.00000
vt 1.00000 1.00000
vt 0.00000 0.00000
vt 1.00000 0.00000
f 5797/5797 5799/5799 5798/5798
f 5799/5799 5800/5800 5798/5798
f 5801/5801 5803/5803 5802/5802
f 5803/5803 5804/5804 5802/5802
f 5805/5805 5807/5807 5806/5806
f 5807/5807 5808/5808 5806/5806
f 5809/5809 5811/5811 5810/5810
f 5811/5811 5812/5812 5810/5810
f 5813/5813 5815/5815 5814/5814
f 5815/5815 5816/5816 5814/5814
f 5817/5817 5819/5819 5818/5818
f 5819/5819 5820/5820 5818/5818
v -11568.993 4963.666 2.950
v -11569.097 4969.665 2.950
v -11568.993 4963.666 2.850
v -11569.097 4969.665 2.850
v -11769.067 4966.185 2.950
v -11768.963 4960.186 2.950
v -11769.067 4966.185 2.850
v -11768.963 4960.186 2.850
v -11769.067 4966.185 2.950
v -11569.097 4969.665 2.950
v -11768.963 4960.186 2.950
v -11568.993 4963.666 2.950
v -11768.963 4960.186 2.850
v -11568.993 4963.666 2.850
v -11769.067 4966.185 2.850
v -11569.097 4969.665 2.850
v -11768.963 4960.186 2.950
v -11568.993 4963.666 2.950
v -11768.963 4960.186 2.850
v -11568.993 4963.666 2.850
v -11569.097 4969.665 2.950
v -11769.067 4966.185 2.950
v -11569.097 4969.665 2.850
v -11769.067 4966.185 2.850
vt 0.00000 1.00000
vt 1.00000 1.00000
vt 0.00000 0.00000
vt 1.00000 0.00000
vt 0.00000 1.00000
vt 1.00000 1.00000
vt 0.00000 0.00000
vt 1.00000 0.00000
vt 0.00000 1.00000
vt 1.00000 1.00000
vt 0.00000 0.00000
vt 1.00000 0.00000
vt 0.00000 1.00000
vt 1.00000 1.00000
vt 0.00000 0.00000
vt 1.00000 0.00000
vt 0.00000 1.00000
vt 1.00000 1.00000
vt 0.00000 0.00000
vt 1.00000 0.00000
vt 0.00000 1.00000
vt 1.00000 1.00000
vt 0.00000 0.00000
vt 1.00000 0.00000
f 5821/5821 5823/5823 5822/5822
f 5823/5823 5824/5824 5822/5822
f 5825/5825 5827/5827 5826/5826
f 5827/5827 5828/5828 5826/5826
f 5829/5829 5831/5831 5830/5830
f 5831/5831 5832/5832 5830/5830
f 5833/5833 5835/5835 5834/5834
f 5835/5835 5836/5836 5834/5834
f 5837/5837 5839/5839 5838/5838
f 5839/5839 5840/5840 5838/5838
f 5841/5841 5843/5843 5842/5842
f 5843/5843 5844/5844 5842/5842
v -6324.812 5589.047 3.050
v -6324.972 5664.047 3.050
v -6324.812 5589.047 2.950
v -6324.972 5664.047 2.950
v -6384.971 5663.919 3.050
v -6384.812 5588.919 3.050
v -6384.971 5663.919 2.950
v -6384.812 5588.919 2.950
v -6384.971 5663.919 3.050
v -6324.972 5664.047 3.050
v -6384.812 5588.919 3.050
v -6324.812 5589.047 3.050
v -6384.812 5588.919 2.950
v -6324.812 5589.047 2.950
v -6384.971 5663.919 2.950
v -6324.972 5664.047 2.950
v -6384.812 5588.919 3.050
v -6324.812 5589.047 3.050
v -6384.812 5588.919 2.950
v -6324.812 5589.047 2.950
v -6324.972 5664.047 3.050
v -6384.971 5663.919 3.050
v -6324.972 5664.047 2.950
v -6384.971 5663.919 2.950
vt 0.00000 1.00000
vt 1.00000 1.00000
vt 0.00000 0.00000
vt 1.00000 0.00000
vt 0.00000 1.00000
vt 1.00000 1.00000
vt 0.00000 0.00000
vt 1.00000 0.00000
vt 0.00000 1.00000
vt 1.00000 1.00000
vt 0.00000 0.00000
vt 1.00000 0.00000
vt 0.00000 1.00000
vt 1.00000 1.00000
vt 0.00000 0.00000
vt 1.00000 0.00000
vt 0.00000 1.00000
vt 1.00000 1.00000
vt 0.00000 0.00000
vt 1.00000 0.00000
vt 0.00000 1.00000
vt 1.00000 1.00000
vt 0.00000 0.00000
vt 1.00000 0.00000
f 5845/5845 5847/5847 5846/5846
f 5847/5847 5848/5848 5846/5846
f 5849/5849 5851/5851 5850/5850
f 5851/5851 5852/5852 5850/5850
f 5853/5853 5855/5855 5854/5854
f 5855/5855 5856/5856 5854/5854
f 5857/5857 5859/5859 5858/5858
f 5859/5859 5860/5860 5858/5858
f 5861/5861 5863/5863 5862/5862
f 5863/5863 5864/5864 5862/5862
f 5865/5865 5867/5867 5866/5866
f 5867/5867 5868/5868 5866/5866
v -6324.494 5439.047 3.050
v -6324.653 5514.047 3.050
v -6324.494 5439.047 2.950
v -6324.653 5514.047 2.950
v -6384.653 5513.920 3.050
v -6384.494 5438.920 3.050
v -6384.653 5513.920 2.950
v -6384.494 5438.920 2.950
v -6384.653 5513.920 3.050
v -6324.653 5514.047 3.050
v -6384.494 5438.920 3.050
v -6324.494 5439.047 3.050
v -6384.494 5438.920 2.950
v -6324.494 5439.047 2.950
v -6384.653 5513.920 2.950
v -6324.653 5514.047 2.950
v -6384.494 5438.920 3.050
v -6324.494 5439.047 3.050
v -6384.494 5438.920 2.950
v -6324.494 5439.047 2.950
v -6324.653 5514.047 3.050
v -6384.653 5513.920 3.050
v -6324.653 5514.047 2.950
v -6384.653 5513.920 2.950
vt 0.00000 1.00000
vt 1.00000 1.00000
vt 0.00000 0.00000
vt 1.00000 0.00000
vt 0.00000 1.00000
vt 1.00000 1.00000
vt 0.00000 0.00000
vt 1.00000 0.00000
vt 0.00000 1.00000
vt 1.00000 1.00000
vt 0.00000 0.00000
vt 1.00000 0.00000
vt 0.00000 1.00000
vt 1.00000 1.00000
vt 0.00000 0.00000
vt 1.00000 0.00000
vt 0.00000 1.00000
vt 1.00000 1.00000
vt 0.00000 0.00000
vt 1.00000 0.00000
vt 0.00000 1.00000
vt 1.00000 1.00000
vt 0.00000 0.00000
vt 1.00000 0.00000
f 5869/5869 5871/5871 5870/5870
f 5871/5871 5872/5872 5870/5870
f 5873/5873 5875/5875 5874/5874
f 5875/5875 5876/5876 5874/5874
f 5877/5877 5879/5879 5878/5878
f 5879/5879 5880/5880 5878/5878
f 5881/5881 5883/5883 5882/5882
f 5883/5883 5884/5884 5882/5882
f 5885/5885 5887/5887 5886/5886
f 5887/5887 5888/5888 5886/5886
f 5889/5889 5891/5891 5890/5890
f 5891/5891 5892/5892 5890/5890
v -6324.176 5289.047 3.050
v -6324.335 5364.047 3.050
v -6324.176 5289.047 2.950
v -6324.335 5364.047 2.950
v -6384.335 5363.920 3.050
v -6384.175 5288.920 3.050
v -6384.335 5363.920 2.950
v -6384.175 5288.920 2.950
v -6384.335 5363.920 3.050
v -6324.335 5364.047 3.050
v -6384.175 5288.920 3.050
v -6324.176 5289.047 3.050
v -6384.175 5288.920 2.950
v -6324.176 5289.047 2.950
v -6384.335 5363.920 2.950
v -6324.335 5364.047 2.950
v -6384.175 5288.920 3.050
v -6324.176 5289.047 3.050
v -6384.175 5288.920 2.950
v -6324.176 5289.047 2.950
v -6324.335 5364.047 3.050
v -6384.335 5363.920 3.050
v -6324.335 5364.047 2.950
v -6384.335 5363.920 2.950
vt 0.00000 1.00000
vt 1.00000 1.00000
vt 0.00000 0.00000
vt 1.00000 0.00000
vt 0.00000 1.00000
vt 1.00000 1.00000
vt 0.00000 0.00000
vt 1.00000 0.00000
vt 0.00000 1.00000
vt 1.00000 1.00000
vt 0.00000 0.00000
vt 1.00000 0.00000
vt 0.00000 1.00000
vt 1.00000 1.00000
vt 0.00000 0.00000
vt 1.00000 0.00000
vt 0.00000 1.00000
vt 1.00000 1.00000
vt 0.00000 0.00000
vt 1.00000 0.00000
vt 0.00000 1.00000
vt 1.00000 1.00000
vt 0.00000 0.00000
vt 1.00000 0.00000
f 5893/5893 5895/5895 5894/5894
f 5895/5895 5896/5896 5894/5894
f 5897/5897 5899/5899 5898/5898
f 5899/5899 5900/5900 5898/5898
f 5901/5901 5903/5903 5902/5902
f 5903/5903 5904/5904 5902/5902
f 5905/5905 5907/5907 5906/5906
f 5907/5907 5908/5908 5906/5906
f 5909/5909 5911/5911 5910/5910
f 5911/5911 5912/5912 5910/5910
f 5913/5913 5915/5915 5914/5914
f 5915/5915 5916/5916 5914/5914
v -6323.857 5139.048 3.050
v -6324.016 5214.048 3.050
v -6323.857 5139.048 2.950
v -6324.016 5214.048 2.950
v -6384.016 5213.920 3.050
v -6383.857 5138.920 3.050
v -6384.016 5213.920 2.950
v -6383.857 5138.920 2.950
v -6384.016 5213.920 3.050
v -6324.016 5214.048 3.050
v -6383.857 5138.920 3.050
v -6323.857 5139.048 3.050
v -6383.857 5138.920 2.950
v -6323.857 5139.048 2.950
v -6384.016 5213.920 2.950
v -6324.016 5214.048 2.950
v -6383.857 5138.920 3.050
v -6323.857 5139.048 3.050
v -6383.857 5138.920 2.950
v -6323.857 5139.048 2.950
v -6324.016 5214.048 3.050
v -6384.016 5213.920 3.050
v -6324.016 5214.048 2.950
v -6384.016 5213.920 2.950
vt 0.00000 1.00000
vt 1.00000 1.00000
vt 0.00000 0.00000
vt 1.00000 0.00000
vt 0.00000 1.00000
vt 1.00000 1.00000
vt 0.00000 0.00000
vt 1.00000 0.00000
vt 0.00000 1.00000
vt 1.00000 1.00000
vt 0.00000 0.00000
vt 1.00000 0.00000
vt 0.00000 1.00000
vt 1.00000 1.00000
vt 0.00000 0.00000
vt 1.00000 0.00000
vt 0.00000 1.00000
vt 1.00000 1.00000
vt 0.00000 0.00000
vt 1.00000 0.00000
vt 0.00000 1.00000
vt 1.00000 1.00000
vt 0.00000 0.00000
vt 1.00000 0.00000
f 5917/5917 5919/5919 5918/5918
f 5919/5919 5920/5920 5918/5918
f 5921/5921 5923/5923 5922/5922
f 5923/5923 5924/5924 5922/5922
f 5925/5925 5927/5927 5926/5926
f 5927/5927 5928/5928 5926/5926
f 5929/5929 5931/5931 5930/5930
f 5931/5931 5932/5932 5930/5930
f 5933/5933 5935/5935 5934/5934
f 5935/5935 5936/5936 5934/5934
f 5937/5937 5939/5939 5938/5938
f 5939/5939 5940/5940 5938/5938
v -6323.539 4989.048 3.050
v -6323.698 5064.048 3.050
v -6323.539 4989.048 2.950
v -6323.698 5064.048 2.950
v -6383.698 5063.921 3.050
v -6383.539 4988.921 3.050
v -6383.698 5063.921 2.950
v -6383.539 4988.921 2.950
v -6383.698 5063.921 3.050
v -6323.698 5064.048 3.050
v -6383.539 4988.921 3.050
v -6323.539 4989.048 3.050
v -6383.539 4988.921 2.950
v -6323.539 4989.048 2.950
v -6383.698 5063.921 2.950
v -6323.698 5064.048 2.950
v -6383.539 4988.921 3.050
v -6323.539 4989.048 3.050
v -6383.539 4988.921 2.950
v -6323.539 4989.048 2.950
v -6323.698 5064.048 3.050
v -6383.698 5063.921 3.050
v -6323.698 5064.048 2.950
v -6383.698 5063.921 2.950
vt 0.00000 1.00000
vt 1.00000 1.00000
vt 0.00000 0.00000
vt 1.00000 0.00000
vt 0.00000 1.00000
vt 1.00000 1.00000
vt 0.00000 0.00000
vt 1.00000 0.00000
vt 0.00000 1.00000
vt 1.00000 1.00000
vt 0.00000 0.00000
vt 1.00000 0.00000
vt 0.00000 1.00000
vt 1.00000 1.00000
vt 0.00000 0.00000
vt 1.00000 0.00000
vt 0.00000 1.00000
vt 1.00000 1.00000
vt 0.00000 0.00000
vt 1.00000 0.00000
vt 0.00000 1.00000
vt 1.00000 1.00000
vt 0.00000 0.00000
vt 1.00000 0.00000
f 5941/5941 5943/5943 5942/5942
f 5943/5943 5944/5944 5942/5942
f 5945/5945 5947/5947 5946/5946
f 5947/5947 5948/5948 5946/5946
f 5949/5949 5951/5951 5950/5950
f 5951/5951 5952/5952 5950/5950
f 5953/5953 5955/5955 5954/5954
f 5955/5955 5956/5956 5954/5954
f 5957/5957 5959/5959 5958/5958
f 5959/5959 5960/5960 5958/5958
f 5961/5961 5963/5963 5962/5962
f 5963/5963 5964/5964 5962/5962
v -6323.221 4839.048 3.050
v -6323.380 4914.048 3.050
v -6323.221 4839.048 2.950
v -6323.380 4914.048 2.950
v -6383.380 4913.921 3.050
v -6383.220 4838.921 3.050
v -6383.380 4913.921 2.950
v -6383.220 4838.921 2.950
v -6383.380 4913.921 3.050
v -6323.380 4914.048 3.050
v -6383.220 4838.921 3.050
v -6323.221 4839.048 3.050
v -6383.220 4838.921 2.950
v -6323.221 4839.048 2.950
v -6383.380 4913.921 2.950
v -6323.380 4914.048 2.950
v -6383.220 4838.921 3.050
v -6323.221 4839.048 3.050
v -6383.220 4838.921 2.950
v -6323.221 4839.048 2.950
v -6323.380 4914.048 3.050
v -6383.380 4913.921 3.050
v -6323.380 4914.048 2.950
v -6383.380 4913.921 2.950
vt 0.00000 1.00000
vt 1.00000 1.00000
vt 0.00000 0.00000
vt 1.00000 0.00000
vt 0.00000 1.00000
vt 1.00000 1.00000
vt 0.00000 0.00000
vt 1.00000 0.00000
vt 0.00000 1.00000
vt 1.00000 1.00000
vt 0.00000 0.00000
vt 1.00000 0.00000
vt 0.00000 1.00000
vt 1.00000 1.00000
vt 0.00000 0.00000
vt 1.00000 0.00000
vt 0.00000 1.00000
vt 1.00000 1.00000
vt 0.00000 0.00000
vt 1.00000 0.00000
vt 0.00000 1.00000
vt 1.00000 1.00000
vt 0.00000 0.00000
vt 1.00000 0.00000
f 5965/5965 5967/5967 5966/5966
f 5967/5967 5968/5968 5966/5966
f 5969/5969 5971/5971 5970/5970
f 5971/5971 5972/5972 5970/5970
f 5973/5973 5975/5975 5974/5974
f 5975/5975 5976/5976 5974/5974
f 5977/5977 5979/5979 5978/5978
f 5979/5979 5980/5980 5978/5978
f 5981/5981 5983/5983 5982/5982
f 5983/5983 5984/5984 5982/5982
f 5985/5985 5987/5987 5986/5986
f 5987/5987 5988/5988 5986/5986
v -6264.972 5664.174 3.050
v -6265.131 5739.174 3.050
v -6264.972 5664.174 2.950
v -6265.131 5739.174 2.950
v -6325.131 5739.046 3.050
v -6324.972 5664.047 3.050
v -6325.131 5739.046 2.950
v -6324.972 5664.047 2.950
v -6325.131 5739.046 3.050
v -6265.131 5739.174 3.050
v -6324.972 5664.047 3.050
v -6264.972 5664.174 3.050
v -6324.972 5664.047 2.950
v -6264.972 5664.174 2.950
v -6325.131 5739.046 2.950
v -6265.131 5739.174 2.950
v -6324.972 5664.047 3.050
v -6264.972 5664.174 3.050
v -6324.972 5664.047 2.950
v -6264.972 5664.174 2.950
v -6265.131 5739.174 3.050
v -6325.131 5739.046 3.050
v -6265.131 5739.174 2.950
v -6325.131 5739.046 2.950
vt 0.00000 1.00000
vt 1.00000 1.00000
vt 0.00000 0.00000
vt 1.00000 0.00000
vt 0.00000 1.00000
vt 1.00000 1.00000
vt 0.00000 0.00000
vt 1.00000 0.00000
vt 0.00000 1.00000
vt 1.00000 1.00000
vt 0.00000 0.00000
vt 1.00000 0.00000
vt 0.00000 1.00000
vt 1.00000 1.00000
vt 0.00000 0.00000
vt 1.00000 0.00000
vt 0.00000 1.00000
vt 1.00000 1.00000
vt 0.00000 0.00000
vt 1.00000 0.00000
vt 0.00000 1.00000
vt 1.00000 1.00000
vt 0.00000 0.00000
vt 1.00000 0.00000
f 5989/5989 5991/5991 5990/5990
f 5991/5991 5992/5992 5990/5990
f 5993/5993 5995/5995 5994/5994
f 5995/5995 5996/5996 5994/5994
f 5997/5997 5999/5999 5998/5998
f 5999/5999 6000/6000 5998/5998
f 6001/6001 6003/6003 6002/6002
f 6003/6003 6004/6004 6002/6002
f 6005/6005 6007/6007 6006/6006
f 6007/6007 6008/6008 6006/6006
f 6009/6009 6011/6011 6010/6010
f 6011/6011 6012/6012 6010/6010
v -6264.653 5514.174 3.050
v -6264.812 5589.174 3.050
v -6264.653 5514.174 2.950
v -6264.812 5589.174 2.950
v -6324.812 5589.047 3.050
v -6324.653 5514.047 3.050
v -6324.812 5589.047 2.950
v -6324.653 5514.047 2.950
v -6324.812 5589.047 3.050
v -6264.812 5589.174 3.050
v -6324.653 5514.047 3.050
v -6264.653 5514.174 3.050
v -6324.653 5514.047 2.950
v -6264.653 5514.174 2.950
v -6324.812 5589.047 2.950
v -6264.812 5589.174 2.950
v -6324.653 5514.047 3.050
v -6264.653 5514.174 3.050
v -6324.653 5514.047 2.950
v -6264.653 5514.174 2.950
v -6264.812 5589.174 3.050
v -6324.812 5589.047 3.050
v -6264.812 5589.174 2.950
v -6324.812 5589.047 2.950
vt 0.00000 1.00000
vt 1.00000 1.00000
vt 0.00000 0.00000
vt 1.00000 0.00000
vt 0.00000 1.00000
vt 1.00000 1.00000
vt 0.00000 0.00000
vt 1.00000 0.00000
vt 0.00000 1.00000
vt 1.00000 1.00000
vt 0.00000 0.00000
vt 1.00000 0.00000
vt 0.00000 1.00000
vt 1.00000 1.00000
vt 0.00000 0.00000
vt 1.00000 0.00000
vt 0.00000 1.00000
vt 1.00000 1.00000
vt 0.00000 0.00000
vt 1.00000 0.00000
vt 0.00000 1.00000
vt 1.00000 1.00000
vt 0.00000 0.00000
vt 1.00000 0.00000
f 6013/6013 6015/6015 6014/6014
f 6015/6015 6016/6016 6014/6014
f 6017/6017 6019/6019 6018/6018
f 6019/6019 6020/6020 6018/6018
f 6021/6021 6023/6023 6022/6022
f 6023/6023 6024/6024 6022/6022
f 6025/6025 6027/6027 6026/6026
f 6027/6027 6028/6028 6026/6026
f 6029/6029 6031/6031 6030/6030
f 6031/6031 6032/6032 6030/6030
f 6033/6033 6035/6035 6034/6034
f 6035/6035 6036/6036 6034/6034
v -6264.335 5364.175 3.050
v -6264.494 5439.174 3.050
v -6264.335 5364.175 2.950
v -6264.494 5439.174 2.950
v -6324.494 5439.047 3.050
v -6324.335 5364.047 3.050
v -6324.494 5439.047 2.950
v -6324.335 5364.047 2.950
v -6324.494 5439.047 3.050
v -6264.494 5439.174 3.050
v -6324.335 5364.047 3.050
v -6264.335 5364.175 3.050
v -6324.335 5364.047 2.950
v -6264.335 5364.175 2.950
v -6324.494 5439.047 2.950
v -6264.494 5439.174 2.950
v -6324.335 5364.047 3.050
v -6264.335 5364.175 3.050
v -6324.335 5364.047 2.950
v -6264.335 5364.175 2.950
v -6264.494 5439.174 3.050
v -6324.494 5439.047 3.050
v -6264.494 5439.174 2.950
v -6324.494 5439.047 2.950
vt 0.00000 1.00000
vt 1.00000 1.00000
vt 0.00000 0.00000
vt 1.00000 0.00000
vt 0.00000 1.00000
vt 1.00000 1.00000
vt 0.00000 0.00000
vt 1.00000 0.00000
vt 0.00000 1.00000
vt 1.00000 1.00000
vt 0.00000 0.00000
vt 1.00000 0.00000
vt 0.00000 1.00000
vt 1.00000 1.00000
vt 0.00000 0.00000
vt 1.00000 0.00000
vt 0.00000 1.00000
vt 1.00000 1.00000
vt 0.00000 0.00000
vt 1.00000 0.00000
vt 0.00000 1.00000
vt 1.00000 1.00000
vt 0.00000 0.00000
vt 1.00000 0.00000
f 6037/6037 6039/6039 6038/6038
f 6039/6039 6040/6040 6038/6038
f 6041/6041 6043/6043 6042/6042
f 6043/6043 6044/6044 6042/6042
f 6045/6045 6047/6047 6046/6046
f 6047/6047 6048/6048 6046/6046
f 6049/6049 6051/6051 6050/6050
f 6051/6051 6052/6052 6050/6050
f 6053/6053 6055/6055 6054/6054
f 6055/6055 6056/6056 6054/6054
f 6057/6057 6059/6059 6058/6058
f 6059/6059 6060/6060 6058/6058
v -6264.017 5214.175 3.050
v -6264.176 5289.175 3.050
v -6264.017 5214.175 2.950
v -6264.176 5289.175 2.950
v -6324.176 5289.047 3.050
v -6324.016 5214.048 3.050
v -6324.176 5289.047 2.950
v -6324.016 5214.048 2.950
v -6324.176 5289.047 3.050
v -6264.176 5289.175 3.050
v -6324.016 5214.048 3.050
v -6264.017 5214.175 3.050
v -6324.016 5214.048 2.950
v -6264.017 5214.175 2.950
v -6324.176 5289.047 2.950
v -6264.176 5289.175 2.950
v -6324.016 5214.048 3.050
v -6264.017 5214.175 3.050
v -6324.016 5214.048 2.950
v -6264.017 5214.175 2.950
v -6264.176 5289.175 3.050
v -6324.176 5289.047 3.050
v -6264.176 5289.175 2.950
v -6324.176 5289.047 2.950
vt 0.00000 1.00000
vt 1.00000 1.00000
vt 0.00000 0.00000
vt 1.00000 0.00000
vt 0.00000 1.00000
vt 1.00000 1.00000
vt 0.00000 0.00000
vt 1.00000 0.00000
vt 0.00000 1.00000
vt 1.00000 1.00000
vt 0.00000 0.00000
vt 1.00000 0.00000
vt 0.00000 1.00000
vt 1.00000 1.00000
vt 0.00000 0.00000
vt 1.00000 0.00000
vt 0.00000 1.00000
vt 1.00000 1.00000
vt 0.00000 0.00000
vt 1.00000 0.00000
vt 0.00000 1.00000
vt 1.00000 1.00000
vt 0.00000 0.00000
vt 1.00000 0.00000
f 6061/6061 6063/6063 6062/6062
f 6063/6063 6064/6064 6062/6062
f 6065/6065 6067/6067 6066/6066
f 6067/6067 6068/6068 6066/6066
f 6069/6069 6071/6071 6070/6070
f 6071/6071 6072/6072 6070/6070
f 6073/6073 6075/6075 6074/6074
f 6075/6075 6076/6076 6074/6074
f 6077/6077 6079/6079 6078/6078
f 6079/6079 6080/6080 6078/6078
f 6081/6081 6083/6083 6082/6082
f 6083/6083 6084/6084 6082/6082
v -6263.698 5064.175 3.050
v -6263.857 5139.175 3.050
v -6263.698 5064.175 2.950
v -6263.857 5139.175 2.950
v -6323.857 5139.048 3.050
v -6323.698 5064.048 3.050
v -6323.857 5139.048 2.950
v -6323.698 5064.048 2.950
v -6323.857 5139.048 3.050
v -6263.857 5139.175 3.050
v -6323.698 5064.048 3.050
v -6263.698 5064.175 3.050
v -6323.698 5064.048 2.950
v -6263.698 5064.175 2.950
v -6323.857 5139.048 2.950
v -6263.857 5139.175 2.950
v -6323.698 5064.048 3.050
v -6263.698 5064.175 3.050
v -6323.698 5064.048 2.950
v -6263.698 5064.175 2.950
v -6263.857 5139.175 3.050
v -6323.857 5139.048 3.050
v -6263.857 5139.175 2.950
v -6323.857 5139.048 2.950
vt 0.00000 1.00000
vt 1.00000 1.00000
vt 0.00000 0.00000
vt 1.00000 0.00000
vt 0.00000 1.00000
vt 1.00000 1.00000
vt 0.00000 0.00000
vt 1.00000 0.00000
vt 0.00000 1.00000
vt 1.00000 1.00000
vt 0.00000 0.00000
vt 1.00000 0.00000
vt 0.00000 1.00000
vt 1.00000 1.00000
vt 0.00000 0.00000
vt 1.00000 0.00000
vt 0.00000 1.00000
vt 1.00000 1.00000
vt 0.00000 0.00000
vt 1.00000 0.00000
vt 0.00000 1.00000
vt 1.00000 1.00000
vt 0.00000 0.00000
vt 1.00000 0.00000
f 6085/6085 6087/6087 6086/6086
f 6087/6087 6088/6088 6086/6086
f 6089/6089 6091/6091 6090/6090
f 6091/6091 6092/6092 6090/6090
f 6093/6093 6095/6095 6094/6094
f 6095/6095 6096/6096 6094/6094
f 6097/6097 6099/6099 6098/6098
f 6099/6099 6100/6100 6098/6098
f 6101/6101 6103/6103 6102/6102
f 6103/6103 6104/6104 6102/6102
f 6105/6105 6107/6107 6106/6106
f 6107/6107 6108/6108 6106/6106
v -6263.380 4914.176 3.050
v -6263.539 4989.175 3.050
v -6263.380 4914.176 2.950
v -6263.539 4989.175 2.950
v -6323.539 4989.048 3.050
v -6323.380 4914.048 3.050
v -6323.539 4989.048 2.950
v -6323.380 4914.048 2.950
v -6323.539 4989.048 3.050
v -6263.539 4989.175 3.050
v -6323.380 4914.048 3.050
v -6263.380 4914.176 3.050
v -6323.380 4914.048 2.950
v -6263.380 4914.176 2.950
v -6323.539 4989.048 2.950
v -6263.539 4989.175 2.950
v -6323.380 4914.048 3.050
v -6263.380 4914.176 3.050
v -6323.380 4914.048 2.950
v -6263.380 4914.176 2.950
v -6263.539 4989.175 3.050
v -6323.539 4989.048 3.050
v -6263.539 4989.175 2.950
v -6323.539 4989.048 2.950
vt 0.00000 1.00000
vt 1.00000 1.00000
vt 0.00000 0.00000
vt 1.00000 0.00000
vt 0.00000 1.00000
vt 1.00000 1.00000
vt 0.00000 0.00000
vt 1.00000 0.00000
vt 0.00000 1.00000
vt 1.00000 1.00000
vt 0.00000 0.00000
vt 1.00000 0.00000
vt 0.00000 1.00000
vt 1.00000 1.00000
vt 0.00000 0.00000
vt 1.00000 0.00000
vt 0.00000 1.00000
vt 1.00000 1.00000
vt 0.00000 0.00000
vt 1.00000 0.00000
vt 0.00000 1.00000
vt 1.00000 1.00000
vt 0.00000 0.00000
vt 1.00000 0.00000
f 6109/6109 6111/6111 6110/6110
f 6111/6111 6112/6112 6110/6110
f 6113/6113 6115/6115 6114/6114
f 6115/6115 6116/6116 6114/6114
f 6117/6117 6119/6119 6118/6118
f 6119/6119 6120/6120 6118/6118
f 6121/6121 6123/6123 6122/6122
f 6123/6123 6124/6124 6122/6122
f 6125/6125 6127/6127 6126/6126
f 6127/6127 6128/6128 6126/6126
f 6129/6129 6131/6131 6130/6130
f 6131/6131 6132/6132 6130/6130