# RoadToF1 authored geometry. Centimetres, Z up.
v 0.000 -33.680 30.000
v 0.000 -34.920 36.000
v 0.000 -34.300 48.000
v 0.000 -36.780 60.000
v 0.000 -34.610 66.000
v 2.731 -33.513 30.000
v 3.121 -34.729 36.000
v 2.926 -34.121 48.000
v 3.707 -36.554 60.000
v 3.024 -34.425 66.000
v 5.358 -33.019 30.000
v 6.123 -34.165 36.000
v 5.740 -33.592 48.000
v 7.271 -35.883 60.000
v 5.932 -33.878 66.000
v 7.778 -32.217 30.000
v 8.889 -33.248 36.000
v 8.334 -32.733 48.000
v 10.556 -34.795 60.000
v 8.611 -32.990 66.000
v 9.899 -31.138 30.000
v 11.314 -32.014 36.000
v 10.607 -31.576 48.000
v 13.435 -33.330 60.000
v 10.960 -31.795 66.000
v 11.641 -29.822 30.000
v 13.304 -30.511 36.000
v 12.472 -30.167 48.000
v 15.798 -31.545 60.000
v 12.888 -30.339 66.000
v 12.934 -28.322 30.000
v 14.782 -28.796 36.000
v 13.858 -28.559 48.000
v 17.554 -29.508 60.000
v 14.320 -28.678 66.000
v 13.731 -26.693 30.000
v 15.693 -26.935 36.000
v 14.712 -26.814 48.000
v 18.635 -27.298 60.000
v 15.202 -26.875 66.000
v 14.000 -25.000 30.000
v 16.000 -25.000 36.000
v 15.000 -25.000 48.000
v 19.000 -25.000 60.000
v 15.500 -25.000 66.000
v 13.731 -23.307 30.000
v 15.693 -23.065 36.000
v 14.712 -23.186 48.000
v 18.635 -22.702 60.000
v 15.202 -23.125 66.000
v 12.934 -21.678 30.000
v 14.782 -21.204 36.000
v 13.858 -21.441 48.000
v 17.554 -20.492 60.000
v 14.320 -21.322 66.000
v 11.641 -20.178 30.000
v 13.304 -19.489 36.000
v 12.472 -19.833 48.000
v 15.798 -18.455 60.000
v 12.888 -19.661 66.000
v 9.899 -18.862 30.000
v 11.314 -17.986 36.000
v 10.607 -18.424 48.000
v 13.435 -16.670 60.000
v 10.960 -18.205 66.000
v 7.778 -17.783 30.000
v 8.889 -16.752 36.000
v 8.334 -17.267 48.000
v 10.556 -15.205 60.000
v 8.611 -17.010 66.000
v 5.358 -16.981 30.000
v 6.123 -15.835 36.000
v 5.740 -16.408 48.000
v 7.271 -14.117 60.000
v 5.932 -16.122 66.000
v 2.731 -16.487 30.000
v 3.121 -15.271 36.000
v 2.926 -15.879 48.000
v 3.707 -13.446 60.000
v 3.024 -15.575 66.000
v 0.000 -16.320 30.000
v 0.000 -15.080 36.000
v 0.000 -15.700 48.000
v 0.000 -13.220 60.000
v 0.000 -15.390 66.000
v -2.731 -16.487 30.000
v -3.121 -15.271 36.000
v -2.926 -15.879 48.000
v -3.707 -13.446 60.000
v -3.024 -15.575 66.000
v -5.358 -16.981 30.000
v -6.123 -15.835 36.000
v -5.740 -16.408 48.000
v -7.271 -14.117 60.000
v -5.932 -16.122 66.000
v -7.778 -17.783 30.000
v -8.889 -16.752 36.000
v -8.334 -17.267 48.000
v -10.556 -15.205 60.000
v -8.611 -17.010 66.000
v -9.899 -18.862 30.000
v -11.314 -17.986 36.000
v -10.607 -18.424 48.000
v -13.435 -16.670 60.000
v -10.960 -18.205 66.000
v -11.641 -20.178 30.000
v -13.304 -19.489 36.000
v -12.472 -19.833 48.000
v -15.798 -18.455 60.000
v -12.888 -19.661 66.000
v -12.934 -21.678 30.000
v -14.782 -21.204 36.000
v -13.858 -21.441 48.000
v -17.554 -20.492 60.000
v -14.320 -21.322 66.000
v -13.731 -23.307 30.000
v -15.693 -23.065 36.000
v -14.712 -23.186 48.000
v -18.635 -22.702 60.000
v -15.202 -23.125 66.000
v -14.000 -25.000 30.000
v -16.000 -25.000 36.000
v -15.000 -25.000 48.000
v -19.000 -25.000 60.000
v -15.500 -25.000 66.000
v -13.731 -26.693 30.000
v -15.693 -26.935 36.000
v -14.712 -26.814 48.000
v -18.635 -27.298 60.000
v -15.202 -26.875 66.000
v -12.934 -28.322 30.000
v -14.782 -28.796 36.000
v -13.858 -28.559 48.000
v -17.554 -29.508 60.000
v -14.320 -28.678 66.000
v -11.641 -29.822 30.000
v -13.304 -30.511 36.000
v -12.472 -30.167 48.000
v -15.798 -31.545 60.000
v -12.888 -30.339 66.000
v -9.899 -31.138 30.000
v -11.314 -32.014 36.000
v -10.607 -31.576 48.000
v -13.435 -33.330 60.000
v -10.960 -31.795 66.000
v -7.778 -32.217 30.000
v -8.889 -33.248 36.000
v -8.334 -32.733 48.000
v -10.556 -34.795 60.000
v -8.611 -32.990 66.000
v -5.358 -33.019 30.000
v -6.123 -34.165 36.000
v -5.740 -33.592 48.000
v -7.271 -35.883 60.000
v -5.932 -33.878 66.000
v -2.731 -33.513 30.000
v -3.121 -34.729 36.000
v -2.926 -34.121 48.000
v -3.707 -36.554 60.000
v -3.024 -34.425 66.000
v -0.000 -33.680 30.000
v -0.000 -34.920 36.000
v -0.000 -34.300 48.000
v -0.000 -36.780 60.000
v -0.000 -34.610 66.000
vt 0.00000 0.00000
vt 0.00000 0.25000
vt 0.00000 0.50000
vt 0.00000 0.75000
vt 0.00000 1.00000
vt 0.03125 0.00000
vt 0.03125 0.25000
vt 0.03125 0.50000
vt 0.03125 0.75000
vt 0.03125 1.00000
vt 0.06250 0.00000
vt 0.06250 0.25000
vt 0.06250 0.50000
vt 0.06250 0.75000
vt 0.06250 1.00000
vt 0.09375 0.00000
vt 0.09375 0.25000
vt 0.09375 0.50000
vt 0.09375 0.75000
vt 0.09375 1.00000
vt 0.12500 0.00000
vt 0.12500 0.25000
vt 0.12500 0.50000
vt 0.12500 0.75000
vt 0.12500 1.00000
vt 0.15625 0.00000
vt 0.15625 0.25000
vt 0.15625 0.50000
vt 0.15625 0.75000
vt 0.15625 1.00000
vt 0.18750 0.00000
vt 0.18750 0.25000
vt 0.18750 0.50000
vt 0.18750 0.75000
vt 0.18750 1.00000
vt 0.21875 0.00000
vt 0.21875 0.25000
vt 0.21875 0.50000
vt 0.21875 0.75000
vt 0.21875 1.00000
vt 0.25000 0.00000
vt 0.25000 0.25000
vt 0.25000 0.50000
vt 0.25000 0.75000
vt 0.25000 1.00000
vt 0.28125 0.00000
vt 0.28125 0.25000
vt 0.28125 0.50000
vt 0.28125 0.75000
vt 0.28125 1.00000
vt 0.31250 0.00000
vt 0.31250 0.25000
vt 0.31250 0.50000
vt 0.31250 0.75000
vt 0.31250 1.00000
vt 0.34375 0.00000
vt 0.34375 0.25000
vt 0.34375 0.50000
vt 0.34375 0.75000
vt 0.34375 1.00000
vt 0.37500 0.00000
vt 0.37500 0.25000
vt 0.37500 0.50000
vt 0.37500 0.75000
vt 0.37500 1.00000
vt 0.40625 0.00000
vt 0.40625 0.25000
vt 0.40625 0.50000
vt 0.40625 0.75000
vt 0.40625 1.00000
vt 0.43750 0.00000
vt 0.43750 0.25000
vt 0.43750 0.50000
vt 0.43750 0.75000
vt 0.43750 1.00000
vt 0.46875 0.00000
vt 0.46875 0.25000
vt 0.46875 0.50000
vt 0.46875 0.75000
vt 0.46875 1.00000
vt 0.50000 0.00000
vt 0.50000 0.25000
vt 0.50000 0.50000
vt 0.50000 0.75000
vt 0.50000 1.00000
vt 0.53125 0.00000
vt 0.53125 0.25000
vt 0.53125 0.50000
vt 0.53125 0.75000
vt 0.53125 1.00000
vt 0.56250 0.00000
vt 0.56250 0.25000
vt 0.56250 0.50000
vt 0.56250 0.75000
vt 0.56250 1.00000
vt 0.59375 0.00000
vt 0.59375 0.25000
vt 0.59375 0.50000
vt 0.59375 0.75000
vt 0.59375 1.00000
vt 0.62500 0.00000
vt 0.62500 0.25000
vt 0.62500 0.50000
vt 0.62500 0.75000
vt 0.62500 1.00000
vt 0.65625 0.00000
vt 0.65625 0.25000
vt 0.65625 0.50000
vt 0.65625 0.75000
vt 0.65625 1.00000
vt 0.68750 0.00000
vt 0.68750 0.25000
vt 0.68750 0.50000
vt 0.68750 0.75000
vt 0.68750 1.00000
vt 0.71875 0.00000
vt 0.71875 0.25000
vt 0.71875 0.50000
vt 0.71875 0.75000
vt 0.71875 1.00000
vt 0.75000 0.00000
vt 0.75000 0.25000
vt 0.75000 0.50000
vt 0.75000 0.75000
vt 0.75000 1.00000
vt 0.78125 0.00000
vt 0.78125 0.25000
vt 0.78125 0.50000
vt 0.78125 0.75000
vt 0.78125 1.00000
vt 0.81250 0.00000
vt 0.81250 0.25000
vt 0.81250 0.50000
vt 0.81250 0.75000
vt 0.81250 1.00000
vt 0.84375 0.00000
vt 0.84375 0.25000
vt 0.84375 0.50000
vt 0.84375 0.75000
vt 0.84375 1.00000
vt 0.87500 0.00000
vt 0.87500 0.25000
vt 0.87500 0.50000
vt 0.87500 0.75000
vt 0.87500 1.00000
vt 0.90625 0.00000
vt 0.90625 0.25000
vt 0.90625 0.50000
vt 0.90625 0.75000
vt 0.90625 1.00000
vt 0.93750 0.00000
vt 0.93750 0.25000
vt 0.93750 0.50000
vt 0.93750 0.75000
vt 0.93750 1.00000
vt 0.96875 0.00000
vt 0.96875 0.25000
vt 0.96875 0.50000
vt 0.96875 0.75000
vt 0.96875 1.00000
vt 1.00000 0.00000
vt 1.00000 0.25000
vt 1.00000 0.50000
vt 1.00000 0.75000
vt 1.00000 1.00000
f 1/1 6/6 2/2
f 7/7 2/2 6/6
f 2/2 7/7 3/3
f 8/8 3/3 7/7
f 3/3 8/8 4/4
f 9/9 4/4 8/8
f 4/4 9/9 5/5
f 10/10 5/5 9/9
f 6/6 11/11 7/7
f 12/12 7/7 11/11
f 7/7 12/12 8/8
f 13/13 8/8 12/12
f 8/8 13/13 9/9
f 14/14 9/9 13/13
f 9/9 14/14 10/10
f 15/15 10/10 14/14
f 11/11 16/16 12/12
f 17/17 12/12 16/16
f 12/12 17/17 13/13
f 18/18 13/13 17/17
f 13/13 18/18 14/14
f 19/19 14/14 18/18
f 14/14 19/19 15/15
f 20/20 15/15 19/19
f 16/16 21/21 17/17
f 22/22 17/17 21/21
f 17/17 22/22 18/18
f 23/23 18/18 22/22
f 18/18 23/23 19/19
f 24/24 19/19 23/23
f 19/19 24/24 20/20
f 25/25 20/20 24/24
f 21/21 26/26 22/22
f 27/27 22/22 26/26
f 22/22 27/27 23/23
f 28/28 23/23 27/27
f 23/23 28/28 24/24
f 29/29 24/24 28/28
f 24/24 29/29 25/25
f 30/30 25/25 29/29
f 26/26 31/31 27/27
f 32/32 27/27 31/31
f 27/27 32/32 28/28
f 33/33 28/28 32/32
f 28/28 33/33 29/29
f 34/34 29/29 33/33
f 29/29 34/34 30/30
f 35/35 30/30 34/34
f 31/31 36/36 32/32
f 37/37 32/32 36/36
f 32/32 37/37 33/33
f 38/38 33/33 37/37
f 33/33 38/38 34/34
f 39/39 34/34 38/38
f 34/34 39/39 35/35
f 40/40 35/35 39/39
f 36/36 41/41 37/37
f 42/42 37/37 41/41
f 37/37 42/42 38/38
f 43/43 38/38 42/42
f 38/38 43/43 39/39
f 44/44 39/39 43/43
f 39/39 44/44 40/40
f 45/45 40/40 44/44
f 41/41 46/46 42/42
f 47/47 42/42 46/46
f 42/42 47/47 43/43
f 48/48 43/43 47/47
f 43/43 48/48 44/44
f 49/49 44/44 48/48
f 44/44 49/49 45/45
f 50/50 45/45 49/49
f 46/46 51/51 47/47
f 52/52 47/47 51/51
f 47/47 52/52 48/48
f 53/53 48/48 52/52
f 48/48 53/53 49/49
f 54/54 49/49 53/53
f 49/49 54/54 50/50
f 55/55 50/50 54/54
f 51/51 56/56 52/52
f 57/57 52/52 56/56
f 52/52 57/57 53/53
f 58/58 53/53 57/57
f 53/53 58/58 54/54
f 59/59 54/54 58/58
f 54/54 59/59 55/55
f 60/60 55/55 59/59
f 56/56 61/61 57/57
f 62/62 57/57 61/61
f 57/57 62/62 58/58
f 63/63 58/58 62/62
f 58/58 63/63 59/59
f 64/64 59/59 63/63
f 59/59 64/64 60/60
f 65/65 60/60 64/64
f 61/61 66/66 62/62
f 67/67 62/62 66/66
f 62/62 67/67 63/63
f 68/68 63/63 67/67
f 63/63 68/68 64/64
f 69/69 64/64 68/68
f 64/64 69/69 65/65
f 70/70 65/65 69/69
f 66/66 71/71 67/67
f 72/72 67/67 71/71
f 67/67 72/72 68/68
f 73/73 68/68 72/72
f 68/68 73/73 69/69
f 74/74 69/69 73/73
f 69/69 74/74 70/70
f 75/75 70/70 74/74
f 71/71 76/76 72/72
f 77/77 72/72 76/76
f 72/72 77/77 73/73
f 78/78 73/73 77/77
f 73/73 78/78 74/74
f 79/79 74/74 78/78
f 74/74 79/79 75/75
f 80/80 75/75 79/79
f 76/76 81/81 77/77
f 82/82 77/77 81/81
f 77/77 82/82 78/78
f 83/83 78/78 82/82
f 78/78 83/83 79/79
f 84/84 79/79 83/83
f 79/79 84/84 80/80
f 85/85 80/80 84/84
f 81/81 86/86 82/82
f 87/87 82/82 86/86
f 82/82 87/87 83/83
f 88/88 83/83 87/87
f 83/83 88/88 84/84
f 89/89 84/84 88/88
f 84/84 89/89 85/85
f 90/90 85/85 89/89
f 86/86 91/91 87/87
f 92/92 87/87 91/91
f 87/87 92/92 88/88
f 93/93 88/88 92/92
f 88/88 93/93 89/89
f 94/94 89/89 93/93
f 89/89 94/94 90/90
f 95/95 90/90 94/94
f 91/91 96/96 92/92
f 97/97 92/92 96/96
f 92/92 97/97 93/93
f 98/98 93/93 97/97
f 93/93 98/98 94/94
f 99/99 94/94 98/98
f 94/94 99/99 95/95
f 100/100 95/95 99/99
f 96/96 101/101 97/97
f 102/102 97/97 101/101
f 97/97 102/102 98/98
f 103/103 98/98 102/102
f 98/98 103/103 99/99
f 104/104 99/99 103/103
f 99/99 104/104 100/100
f 105/105 100/100 104/104
f 101/101 106/106 102/102
f 107/107 102/102 106/106
f 102/102 107/107 103/103
f 108/108 103/103 107/107
f 103/103 108/108 104/104
f 109/109 104/104 108/108
f 104/104 109/109 105/105
f 110/110 105/105 109/109
f 106/106 111/111 107/107
f 112/112 107/107 111/111
f 107/107 112/112 108/108
f 113/113 108/108 112/112
f 108/108 113/113 109/109
f 114/114 109/109 113/113
f 109/109 114/114 110/110
f 115/115 110/110 114/114
f 111/111 116/116 112/112
f 117/117 112/112 116/116
f 112/112 117/117 113/113
f 118/118 113/113 117/117
f 113/113 118/118 114/114
f 119/119 114/114 118/118
f 114/114 119/119 115/115
f 120/120 115/115 119/119
f 116/116 121/121 117/117
f 122/122 117/117 121/121
f 117/117 122/122 118/118
f 123/123 118/118 122/122
f 118/118 123/123 119/119
f 124/124 119/119 123/123
f 119/119 124/124 120/120
f 125/125 120/120 124/124
f 121/121 126/126 122/122
f 127/127 122/122 126/126
f 122/122 127/127 123/123
f 128/128 123/123 127/127
f 123/123 128/128 124/124
f 129/129 124/124 128/128
f 124/124 129/129 125/125
f 130/130 125/125 129/129
f 126/126 131/131 127/127
f 132/132 127/127 131/131
f 127/127 132/132 128/128
f 133/133 128/128 132/132
f 128/128 133/133 129/129
f 134/134 129/129 133/133
f 129/129 134/134 130/130
f 135/135 130/130 134/134
f 131/131 136/136 132/132
f 137/137 132/132 136/136
f 132/132 137/137 133/133
f 138/138 133/133 137/137
f 133/133 138/138 134/134
f 139/139 134/134 138/138
f 134/134 139/139 135/135
f 140/140 135/135 139/139
f 136/136 141/141 137/137
f 142/142 137/137 141/141
f 137/137 142/142 138/138
f 143/143 138/138 142/142
f 138/138 143/143 139/139
f 144/144 139/139 143/143
f 139/139 144/144 140/140
f 145/145 140/140 144/144
f 141/141 146/146 142/142
f 147/147 142/142 146/146
f 142/142 147/147 143/143
f 148/148 143/143 147/147
f 143/143 148/148 144/144
f 149/149 144/144 148/148
f 144/144 149/149 145/145
f 150/150 145/145 149/149
f 146/146 151/151 147/147
f 152/152 147/147 151/151
f 147/147 152/152 148/148
f 153/153 148/148 152/152
f 148/148 153/153 149/149
f 154/154 149/149 153/153
f 149/149 154/154 150/150
f 155/155 150/150 154/154
f 151/151 156/156 152/152
f 157/157 152/152 156/156
f 152/152 157/157 153/153
f 158/158 153/153 157/157
f 153/153 158/158 154/154
f 159/159 154/154 158/158
f 154/154 159/159 155/155
f 160/160 155/155 159/159
f 156/156 161/161 157/157
f 162/162 157/157 161/161
f 157/157 162/162 158/158
f 163/163 158/158 162/162
f 158/158 163/163 159/159
f 164/164 159/159 163/163
f 159/159 164/164 160/160
f 165/165 160/160 164/164
v 0.000 -26.000 71.000
v 0.000 -26.000 71.000
v 0.000 -26.000 71.000
v 0.000 -26.000 71.000
v 0.000 -26.000 71.000
v 0.000 -26.000 71.000
v 0.000 -26.000 71.000
v 0.000 -26.000 71.000
v 0.000 -26.000 71.000
v 0.000 -26.000 71.000
v 0.000 -26.000 71.000
v 0.000 -26.000 71.000
v 0.000 -26.000 71.000
v 0.000 -26.000 71.000
v 0.000 -26.000 71.000
v 0.000 -26.000 71.000
v 0.000 -26.000 71.000
v 0.000 -26.000 71.000
v 0.000 -26.000 71.000
v 0.000 -26.000 71.000
v 0.000 -26.000 71.000
v 0.000 -26.000 71.000
v 0.000 -26.000 71.000
v 0.000 -26.000 71.000
v 0.000 -26.000 71.000
v 0.000 -26.000 71.000
v 0.000 -26.000 71.000
v 0.000 -26.000 71.000
v 0.000 -26.000 71.000
v 0.000 -26.000 71.000
v 0.000 -26.000 71.000
v 0.000 -26.000 71.000
v 0.000 -26.000 71.000
v -2.972 -26.000 70.902
v -2.915 -26.320 70.902
v -2.746 -26.629 70.902
v -2.471 -26.913 70.902
v -2.102 -27.161 70.902
v -1.651 -27.366 70.902
v -1.137 -27.518 70.902
v -0.580 -27.611 70.902
v -0.000 -27.643 70.902
v 0.580 -27.611 70.902
v 1.137 -27.518 70.902
v 1.651 -27.366 70.902
v 2.102 -27.161 70.902
v 2.471 -26.913 70.902
v 2.746 -26.629 70.902
v 2.915 -26.320 70.902
v 2.972 -26.000 70.902
v 2.915 -25.680 70.902
v 2.746 -25.371 70.902
v 2.471 -25.087 70.902
v 2.102 -24.839 70.902
v 1.651 -24.634 70.902
v 1.137 -24.482 70.902
v 0.580 -24.389 70.902
v 0.000 -24.357 70.902
v -0.580 -24.389 70.902
v -1.137 -24.482 70.902
v -1.651 -24.634 70.902
v -2.102 -24.839 70.902
v -2.471 -25.087 70.902
v -2.746 -25.371 70.902
v -2.915 -25.680 70.902
v -2.972 -26.000 70.902
v -5.871 -26.000 70.608
v -5.759 -26.633 70.608
v -5.424 -27.242 70.608
v -4.882 -27.803 70.608
v -4.152 -28.294 70.608
v -3.262 -28.698 70.608
v -2.247 -28.998 70.608
v -1.145 -29.182 70.608
v -0.000 -29.245 70.608
v 1.145 -29.182 70.608
v 2.247 -28.998 70.608
v 3.262 -28.698 70.608
v 4.152 -28.294 70.608
v 4.882 -27.803 70.608
v 5.424 -27.242 70.608
v 5.759 -26.633 70.608
v 5.871 -26.000 70.608
v 5.759 -25.367 70.608
v 5.424 -24.758 70.608
v 4.882 -24.197 70.608
v 4.152 -23.706 70.608
v 3.262 -23.302 70.608
v 2.247 -23.002 70.608
v 1.145 -22.818 70.608
v 0.000 -22.755 70.608
v -1.145 -22.818 70.608
v -2.247 -23.002 70.608
v -3.262 -23.302 70.608
v -4.152 -23.706 70.608
v -4.882 -24.197 70.608
v -5.424 -24.758 70.608
v -5.759 -25.367 70.608
v -5.871 -26.000 70.608
v -8.626 -26.000 70.128
v -8.460 -26.930 70.128
v -7.969 -27.824 70.128
v -7.172 -28.648 70.128
v -6.099 -29.371 70.128
v -4.792 -29.964 70.128
v -3.301 -30.404 70.128
v -1.683 -30.675 70.128
v -0.000 -30.767 70.128
v 1.683 -30.675 70.128
v 3.301 -30.404 70.128
v 4.792 -29.964 70.128
v 6.099 -29.371 70.128
v 7.172 -28.648 70.128
v 7.969 -27.824 70.128
v 8.460 -26.930 70.128
v 8.626 -26.000 70.128
v 8.460 -25.070 70.128
v 7.969 -24.176 70.128
v 7.172 -23.352 70.128
v 6.099 -22.629 70.128
v 4.792 -22.036 70.128
v 3.301 -21.596 70.128
v 1.683 -21.325 70.128
v 0.000 -21.233 70.128
v -1.683 -21.325 70.128
v -3.301 -21.596 70.128
v -4.792 -22.036 70.128
v -6.099 -22.629 70.128
v -7.172 -23.352 70.128
v -7.969 -24.176 70.128
v -8.460 -25.070 70.128
v -8.626 -26.000 70.128
v -11.168 -26.000 69.472
v -10.953 -27.204 69.472
v -10.318 -28.362 69.472
v -9.286 -29.429 69.472
v -7.897 -30.364 69.472
v -6.205 -31.132 69.472
v -4.274 -31.702 69.472
v -2.179 -32.053 69.472
v -0.000 -32.172 69.472
v 2.179 -32.053 69.472
v 4.274 -31.702 69.472
v 6.205 -31.132 69.472
v 7.897 -30.364 69.472
v 9.286 -29.429 69.472
v 10.318 -28.362 69.472
v 10.953 -27.204 69.472
v 11.168 -26.000 69.472
v 10.953 -24.796 69.472
v 10.318 -23.638 69.472
v 9.286 -22.571 69.472
v 7.897 -21.636 69.472
v 6.205 -20.868 69.472
v 4.274 -20.298 69.472
v 2.179 -19.947 69.472
v 0.000 -19.828 69.472
v -2.179 -19.947 69.472
v -4.274 -20.298 69.472
v -6.205 -20.868 69.472
v -7.897 -21.636 69.472
v -9.286 -22.571 69.472
v -10.318 -23.638 69.472
v -10.953 -24.796 69.472
v -11.168 -26.000 69.472
v -13.435 -26.000 68.657
v -13.177 -27.448 68.657
v -12.412 -28.841 68.657
v -11.171 -30.125 68.657
v -9.500 -31.250 68.657
v -7.464 -32.173 68.657
v -5.141 -32.859 68.657
v -2.621 -33.282 68.657
v -0.000 -33.425 68.657
v 2.621 -33.282 68.657
v 5.141 -32.859 68.657
v 7.464 -32.173 68.657
v 9.500 -31.250 68.657
v 11.171 -30.125 68.657
v 12.412 -28.841 68.657
v 13.177 -27.448 68.657
v 13.435 -26.000 68.657
v 13.177 -24.552 68.657
v 12.412 -23.159 68.657
v 11.171 -21.875 68.657
v 9.500 -20.750 68.657
v 7.464 -19.827 68.657
v 5.141 -19.141 68.657
v 2.621 -18.718 68.657
v 0.000 -18.575 68.657
v -2.621 -18.718 68.657
v -5.141 -19.141 68.657
v -7.464 -19.827 68.657
v -9.500 -20.750 68.657
v -11.171 -21.875 68.657
v -12.412 -23.159 68.657
v -13.177 -24.552 68.657
v -13.435 -26.000 68.657
v -15.371 -26.000 67.702
v -15.076 -27.657 67.702
v -14.201 -29.251 67.702
v -12.781 -30.719 67.702
v -10.869 -32.007 67.702
v -8.540 -33.063 67.702
v -5.882 -33.848 67.702
v -2.999 -34.331 67.702
v -0.000 -34.495 67.702
v 2.999 -34.331 67.702
v 5.882 -33.848 67.702
v 8.540 -33.063 67.702
v 10.869 -32.007 67.702
v 12.781 -30.719 67.702
v 14.201 -29.251 67.702
v 15.076 -27.657 67.702
v 15.371 -26.000 67.702
v 15.076 -24.343 67.702
v 14.201 -22.749 67.702
v 12.781 -21.281 67.702
v 10.869 -19.993 67.702
v 8.540 -18.937 67.702
v 5.882 -18.152 67.702
v 2.999 -17.669 67.702
v 0.000 -17.505 67.702
v -2.999 -17.669 67.702
v -5.882 -18.152 67.702
v -8.540 -18.937 67.702
v -10.869 -19.993 67.702
v -12.781 -21.281 67.702
v -14.201 -22.749 67.702
v -15.076 -24.343 67.702
v -15.371 -26.000 67.702
v -16.929 -26.000 66.632
v -16.604 -27.825 66.632
v -15.640 -29.580 66.632
v -14.076 -31.198 66.632
v -11.971 -32.615 66.632
v -9.405 -33.779 66.632
v -6.478 -34.643 66.632
v -3.303 -35.176 66.632
v -0.000 -35.356 66.632
v 3.303 -35.176 66.632
v 6.478 -34.643 66.632
v 9.405 -33.779 66.632
v 11.971 -32.615 66.632
v 14.076 -31.198 66.632
v 15.640 -29.580 66.632
v 16.604 -27.825 66.632
v 16.929 -26.000 66.632
v 16.604 -24.175 66.632
v 15.640 -22.420 66.632
v 14.076 -20.802 66.632
v 11.971 -19.385 66.632
v 9.405 -18.221 66.632
v 6.478 -17.357 66.632
v 3.303 -16.824 66.632
v 0.000 -16.644 66.632
v -3.303 -16.824 66.632
v -6.478 -17.357 66.632
v -9.405 -18.221 66.632
v -11.971 -19.385 66.632
v -14.076 -20.802 66.632
v -15.640 -22.420 66.632
v -16.604 -24.175 66.632
v -16.929 -26.000 66.632
v -18.070 -26.000 65.472
v -17.723 -27.948 65.472
v -16.695 -29.822 65.472
v -15.025 -31.548 65.472
v -12.777 -33.061 65.472
v -10.039 -34.303 65.472
v -6.915 -35.226 65.472
v -3.525 -35.794 65.472
v -0.000 -35.986 65.472
v 3.525 -35.794 65.472
v 6.915 -35.226 65.472
v 10.039 -34.303 65.472
v 12.777 -33.061 65.472
v 15.025 -31.548 65.472
v 16.695 -29.822 65.472
v 17.723 -27.948 65.472
v 18.070 -26.000 65.472
v 17.723 -24.052 65.472
v 16.695 -22.178 65.472
v 15.025 -20.452 65.472
v 12.777 -18.939 65.472
v 10.039 -17.697 65.472
v 6.915 -16.774 65.472
v 3.525 -16.206 65.472
v 0.000 -16.014 65.472
v -3.525 -16.206 65.472
v -6.915 -16.774 65.472
v -10.039 -17.697 65.472
v -12.777 -18.939 65.472
v -15.025 -20.452 65.472
v -16.695 -22.178 65.472
v -17.723 -24.052 65.472
v -18.070 -26.000 65.472
v -18.766 -26.000 64.251
v -18.405 -28.023 64.251
v -17.338 -29.969 64.251
v -15.603 -31.762 64.251
v -13.270 -33.333 64.251
v -10.426 -34.623 64.251
v -7.181 -35.581 64.251
v -3.661 -36.171 64.251
v -0.000 -36.371 64.251
v 3.661 -36.171 64.251
v 7.181 -35.581 64.251
v 10.426 -34.623 64.251
v 13.270 -33.333 64.251
v 15.603 -31.762 64.251
v 17.338 -29.969 64.251
v 18.405 -28.023 64.251
v 18.766 -26.000 64.251
v 18.405 -23.977 64.251
v 17.338 -22.031 64.251
v 15.603 -20.238 64.251
v 13.270 -18.667 64.251
v 10.426 -17.377 64.251
v 7.181 -16.419 64.251
v 3.661 -15.829 64.251
v 0.000 -15.629 64.251
v -3.661 -15.829 64.251
v -7.181 -16.419 64.251
v -10.426 -17.377 64.251
v -13.270 -18.667 64.251
v -15.603 -20.238 64.251
v -17.338 -22.031 64.251
v -18.405 -23.977 64.251
v -18.766 -26.000 64.251
v -19.000 -26.000 63.000
v -18.635 -28.048 63.000
v -17.554 -30.018 63.000
v -15.798 -31.833 63.000
v -13.435 -33.425 63.000
v -10.556 -34.730 63.000
v -7.271 -35.701 63.000
v -3.707 -36.298 63.000
v -0.000 -36.500 63.000
v 3.707 -36.298 63.000
v 7.271 -35.701 63.000
v 10.556 -34.730 63.000
v 13.435 -33.425 63.000
v 15.798 -31.833 63.000
v 17.554 -30.018 63.000
v 18.635 -28.048 63.000
v 19.000 -26.000 63.000
v 18.635 -23.952 63.000
v 17.554 -21.982 63.000
v 15.798 -20.167 63.000
v 13.435 -18.575 63.000
v 10.556 -17.270 63.000
v 7.271 -16.299 63.000
v 3.707 -15.702 63.000
v 0.000 -15.500 63.000
v -3.707 -15.702 63.000
v -7.271 -16.299 63.000
v -10.556 -17.270 63.000
v -13.435 -18.575 63.000
v -15.798 -20.167 63.000
v -17.554 -21.982 63.000
v -18.635 -23.952 63.000
v -19.000 -26.000 63.000
v -18.766 -26.000 61.749
v -18.405 -28.023 61.749
v -17.338 -29.969 61.749
v -15.603 -31.762 61.749
v -13.270 -33.333 61.749
v -10.426 -34.623 61.749
v -7.181 -35.581 61.749
v -3.661 -36.171 61.749
v -0.000 -36.371 61.749
v 3.661 -36.171 61.749
v 7.181 -35.581 61.749
v 10.426 -34.623 61.749
v 13.270 -33.333 61.749
v 15.603 -31.762 61.749
v 17.338 -29.969 61.749
v 18.405 -28.023 61.749
v 18.766 -26.000 61.749
v 18.405 -23.977 61.749
v 17.338 -22.031 61.749
v 15.603 -20.238 61.749
v 13.270 -18.667 61.749
v 10.426 -17.377 61.749
v 7.181 -16.419 61.749
v 3.661 -15.829 61.749
v 0.000 -15.629 61.749
v -3.661 -15.829 61.749
v -7.181 -16.419 61.749
v -10.426 -17.377 61.749
v -13.270 -18.667 61.749
v -15.603 -20.238 61.749
v -17.338 -22.031 61.749
v -18.405 -23.977 61.749
v -18.766 -26.000 61.749
v -18.070 -26.000 60.528
v -17.723 -27.948 60.528
v -16.695 -29.822 60.528
v -15.025 -31.548 60.528
v -12.777 -33.061 60.528
v -10.039 -34.303 60.528
v -6.915 -35.226 60.528
v -3.525 -35.794 60.528
v -0.000 -35.986 60.528
v 3.525 -35.794 60.528
v 6.915 -35.226 60.528
v 10.039 -34.303 60.528
v 12.777 -33.061 60.528
v 15.025 -31.548 60.528
v 16.695 -29.822 60.528
v 17.723 -27.948 60.528
v 18.070 -26.000 60.528
v 17.723 -24.052 60.528
v 16.695 -22.178 60.528
v 15.025 -20.452 60.528
v 12.777 -18.939 60.528
v 10.039 -17.697 60.528
v 6.915 -16.774 60.528
v 3.525 -16.206 60.528
v 0.000 -16.014 60.528
v -3.525 -16.206 60.528
v -6.915 -16.774 60.528
v -10.039 -17.697 60.528
v -12.777 -18.939 60.528
v -15.025 -20.452 60.528
v -16.695 -22.178 60.528
v -17.723 -24.052 60.528
v -18.070 -26.000 60.528
v -16.929 -26.000 59.368
v -16.604 -27.825 59.368
v -15.640 -29.580 59.368
v -14.076 -31.198 59.368
v -11.971 -32.615 59.368
v -9.405 -33.779 59.368
v -6.478 -34.643 59.368
v -3.303 -35.176 59.368
v -0.000 -35.356 59.368
v 3.303 -35.176 59.368
v 6.478 -34.643 59.368
v 9.405 -33.779 59.368
v 11.971 -32.615 59.368
v 14.076 -31.198 59.368
v 15.640 -29.580 59.368
v 16.604 -27.825 59.368
v 16.929 -26.000 59.368
v 16.604 -24.175 59.368
v 15.640 -22.420 59.368
v 14.076 -20.802 59.368
v 11.971 -19.385 59.368
v 9.405 -18.221 59.368
v 6.478 -17.357 59.368
v 3.303 -16.824 59.368
v 0.000 -16.644 59.368
v -3.303 -16.824 59.368
v -6.478 -17.357 59.368
v -9.405 -18.221 59.368
v -11.971 -19.385 59.368
v -14.076 -20.802 59.368
v -15.640 -22.420 59.368
v -16.604 -24.175 59.368
v -16.929 -26.000 59.368
v -15.371 -26.000 58.298
v -15.076 -27.657 58.298
v -14.201 -29.251 58.298
v -12.781 -30.719 58.298
v -10.869 -32.007 58.298
v -8.540 -33.063 58.298
v -5.882 -33.848 58.298
v -2.999 -34.331 58.298
v -0.000 -34.495 58.298
v 2.999 -34.331 58.298
v 5.882 -33.848 58.298
v 8.540 -33.063 58.298
v 10.869 -32.007 58.298
v 12.781 -30.719 58.298
v 14.201 -29.251 58.298
v 15.076 -27.657 58.298
v 15.371 -26.000 58.298
v 15.076 -24.343 58.298
v 14.201 -22.749 58.298
v 12.781 -21.281 58.298
v 10.869 -19.993 58.298
v 8.540 -18.937 58.298
v 5.882 -18.152 58.298
v 2.999 -17.669 58.298
v 0.000 -17.505 58.298
v -2.999 -17.669 58.298
v -5.882 -18.152 58.298
v -8.540 -18.937 58.298
v -10.869 -19.993 58.298
v -12.781 -21.281 58.298
v -14.201 -22.749 58.298
v -15.076 -24.343 58.298
v -15.371 -26.000 58.298
v -13.435 -26.000 57.343
v -13.177 -27.448 57.343
v -12.412 -28.841 57.343
v -11.171 -30.125 57.343
v -9.500 -31.250 57.343
v -7.464 -32.173 57.343
v -5.141 -32.859 57.343
v -2.621 -33.282 57.343
v -0.000 -33.425 57.343
v 2.621 -33.282 57.343
v 5.141 -32.859 57.343
v 7.464 -32.173 57.343
v 9.500 -31.250 57.343
v 11.171 -30.125 57.343
v 12.412 -28.841 57.343
v 13.177 -27.448 57.343
v 13.435 -26.000 57.343
v 13.177 -24.552 57.343
v 12.412 -23.159 57.343
v 11.171 -21.875 57.343
v 9.500 -20.750 57.343
v 7.464 -19.827 57.343
v 5.141 -19.141 57.343
v 2.621 -18.718 57.343
v 0.000 -18.575 57.343
v -2.621 -18.718 57.343
v -5.141 -19.141 57.343
v -7.464 -19.827 57.343
v -9.500 -20.750 57.343
v -11.171 -21.875 57.343
v -12.412 -23.159 57.343
v -13.177 -24.552 57.343
v -13.435 -26.000 57.343
v -11.168 -26.000 56.528
v -10.953 -27.204 56.528
v -10.318 -28.362 56.528
v -9.286 -29.429 56.528
v -7.897 -30.364 56.528
v -6.205 -31.132 56.528
v -4.274 -31.702 56.528
v -2.179 -32.053 56.528
v -0.000 -32.172 56.528
v 2.179 -32.053 56.528
v 4.274 -31.702 56.528
v 6.205 -31.132 56.528
v 7.897 -30.364 56.528
v 9.286 -29.429 56.528
v 10.318 -28.362 56.528
v 10.953 -27.204 56.528
v 11.168 -26.000 56.528
v 10.953 -24.796 56.528
v 10.318 -23.638 56.528
v 9.286 -22.571 56.528
v 7.897 -21.636 56.528
v 6.205 -20.868 56.528
v 4.274 -20.298 56.528
v 2.179 -19.947 56.528
v 0.000 -19.828 56.528
v -2.179 -19.947 56.528
v -4.274 -20.298 56.528
v -6.205 -20.868 56.528
v -7.897 -21.636 56.528
v -9.286 -22.571 56.528
v -10.318 -23.638 56.528
v -10.953 -24.796 56.528
v -11.168 -26.000 56.528
v -8.626 -26.000 55.872
v -8.460 -26.930 55.872
v -7.969 -27.824 55.872
v -7.172 -28.648 55.872
v -6.099 -29.371 55.872
v -4.792 -29.964 55.872
v -3.301 -30.404 55.872
v -1.683 -30.675 55.872
v -0.000 -30.767 55.872
v 1.683 -30.675 55.872
v 3.301 -30.404 55.872
v 4.792 -29.964 55.872
v 6.099 -29.371 55.872
v 7.172 -28.648 55.872
v 7.969 -27.824 55.872
v 8.460 -26.930 55.872
v 8.626 -26.000 55.872
v 8.460 -25.070 55.872
v 7.969 -24.176 55.872
v 7.172 -23.352 55.872
v 6.099 -22.629 55.872
v 4.792 -22.036 55.872
v 3.301 -21.596 55.872
v 1.683 -21.325 55.872
v 0.000 -21.233 55.872
v -1.683 -21.325 55.872
v -3.301 -21.596 55.872
v -4.792 -22.036 55.872
v -6.099 -22.629 55.872
v -7.172 -23.352 55.872
v -7.969 -24.176 55.872
v -8.460 -25.070 55.872
v -8.626 -26.000 55.872
v -5.871 -26.000 55.392
v -5.759 -26.633 55.392
v -5.424 -27.242 55.392
v -4.882 -27.803 55.392
v -4.152 -28.294 55.392
v -3.262 -28.698 55.392
v -2.247 -28.998 55.392
v -1.145 -29.182 55.392
v -0.000 -29.245 55.392
v 1.145 -29.182 55.392
v 2.247 -28.998 55.392
v 3.262 -28.698 55.392
v 4.152 -28.294 55.392
v 4.882 -27.803 55.392
v 5.424 -27.242 55.392
v 5.759 -26.633 55.392
v 5.871 -26.000 55.392
v 5.759 -25.367 55.392
v 5.424 -24.758 55.392
v 4.882 -24.197 55.392
v 4.152 -23.706 55.392
v 3.262 -23.302 55.392
v 2.247 -23.002 55.392
v 1.145 -22.818 55.392
v 0.000 -22.755 55.392
v -1.145 -22.818 55.392
v -2.247 -23.002 55.392
v -3.262 -23.302 55.392
v -4.152 -23.706 55.392
v -4.882 -24.197 55.392
v -5.424 -24.758 55.392
v -5.759 -25.367 55.392
v -5.871 -26.000 55.392
v -2.972 -26.000 55.098
v -2.915 -26.320 55.098
v -2.746 -26.629 55.098
v -2.471 -26.913 55.098
v -2.102 -27.161 55.098
v -1.651 -27.366 55.098
v -1.137 -27.518 55.098
v -0.580 -27.611 55.098
v -0.000 -27.643 55.098
v 0.580 -27.611 55.098
v 1.137 -27.518 55.098
v 1.651 -27.366 55.098
v 2.102 -27.161 55.098
v 2.471 -26.913 55.098
v 2.746 -26.629 55.098
v 2.915 -26.320 55.098
v 2.972 -26.000 55.098
v 2.915 -25.680 55.098
v 2.746 -25.371 55.098
v 2.471 -25.087 55.098
v 2.102 -24.839 55.098
v 1.651 -24.634 55.098
v 1.137 -24.482 55.098
v 0.580 -24.389 55.098
v 0.000 -24.357 55.098
v -0.580 -24.389 55.098
v -1.137 -24.482 55.098
v -1.651 -24.634 55.098
v -2.102 -24.839 55.098
v -2.471 -25.087 55.098
v -2.746 -25.371 55.098
v -2.915 -25.680 55.098
v -2.972 -26.000 55.098
v -0.000 -26.000 55.000
v -0.000 -26.000 55.000
v -0.000 -26.000 55.000
v -0.000 -26.000 55.000
v -0.000 -26.000 55.000
v -0.000 -26.000 55.000
v -0.000 -26.000 55.000
v -0.000 -26.000 55.000
v -0.000 -26.000 55.000
v 0.000 -26.000 55.000
v 0.000 -26.000 55.000
v 0.000 -26.000 55.000
v 0.000 -26.000 55.000
v 0.000 -26.000 55.000
v 0.000 -26.000 55.000
v 0.000 -26.000 55.000
v 0.000 -26.000 55.000
v 0.000 -26.000 55.000
v 0.000 -26.000 55.000
v 0.000 -26.000 55.000
v 0.000 -26.000 55.000
v 0.000 -26.000 55.000
v 0.000 -26.000 55.000
v 0.000 -26.000 55.000
v 0.000 -26.000 55.000
v -0.000 -26.000 55.000
v -0.000 -26.000 55.000
v -0.000 -26.000 55.000
v -0.000 -26.000 55.000
v -0.000 -26.000 55.000
v -0.000 -26.000 55.000
v -0.000 -26.000 55.000
v -0.000 -26.000 55.000
vt 0.01563 1.00000
vt 0.04688 1.00000
vt 0.07813 1.00000
vt 0.10938 1.00000
vt 0.14063 1.00000
vt 0.17188 1.00000
vt 0.20313 1.00000
vt 0.23438 1.00000
vt 0.26563 1.00000
vt 0.29688 1.00000
vt 0.32813 1.00000
vt 0.35938 1.00000
vt 0.39063 1.00000
vt 0.42188 1.00000
vt 0.45313 1.00000
vt 0.48438 1.00000
vt 0.51563 1.00000
vt 0.54688 1.00000
vt 0.57813 1.00000
vt 0.60938 1.00000
vt 0.64063 1.00000
vt 0.67188 1.00000
vt 0.70313 1.00000
vt 0.73438 1.00000
vt 0.76563 1.00000
vt 0.79688 1.00000
vt 0.82813 1.00000
vt 0.85938 1.00000
vt 0.89063 1.00000
vt 0.92188 1.00000
vt 0.95313 1.00000
vt 0.98438 1.00000
vt 1.01563 1.00000
vt 0.00000 0.95000
vt 0.03125 0.95000
vt 0.06250 0.95000
vt 0.09375 0.95000
vt 0.12500 0.95000
vt 0.15625 0.95000
vt 0.18750 0.95000
vt 0.21875 0.95000
vt 0.25000 0.95000
vt 0.28125 0.95000
vt 0.31250 0.95000
vt 0.34375 0.95000
vt 0.37500 0.95000
vt 0.40625 0.95000
vt 0.43750 0.95000
vt 0.46875 0.95000
vt 0.50000 0.95000
vt 0.53125 0.95000
vt 0.56250 0.95000
vt 0.59375 0.95000
vt 0.62500 0.95000
vt 0.65625 0.95000
vt 0.68750 0.95000
vt 0.71875 0.95000
vt 0.75000 0.95000
vt 0.78125 0.95000
vt 0.81250 0.95000
vt 0.84375 0.95000
vt 0.87500 0.95000
vt 0.90625 0.95000
vt 0.93750 0.95000
vt 0.96875 0.95000
vt 1.00000 0.95000
vt 0.00000 0.90000
vt 0.03125 0.90000
vt 0.06250 0.90000
vt 0.09375 0.90000
vt 0.12500 0.90000
vt 0.15625 0.90000
vt 0.18750 0.90000
vt 0.21875 0.90000
vt 0.25000 0.90000
vt 0.28125 0.90000
vt 0.31250 0.90000
vt 0.34375 0.90000
vt 0.37500 0.90000
vt 0.40625 0.90000
vt 0.43750 0.90000
vt 0.46875 0.90000
vt 0.50000 0.90000
vt 0.53125 0.90000
vt 0.56250 0.90000
vt 0.59375 0.90000
vt 0.62500 0.90000
vt 0.65625 0.90000
vt 0.68750 0.90000
vt 0.71875 0.90000
vt 0.75000 0.90000
vt 0.78125 0.90000
vt 0.81250 0.90000
vt 0.84375 0.90000
vt 0.87500 0.90000
vt 0.90625 0.90000
vt 0.93750 0.90000
vt 0.96875 0.90000
vt 1.00000 0.90000
vt 0.00000 0.85000
vt 0.03125 0.85000
vt 0.06250 0.85000
vt 0.09375 0.85000
vt 0.12500 0.85000
vt 0.15625 0.85000
vt 0.18750 0.85000
vt 0.21875 0.85000
vt 0.25000 0.85000
vt 0.28125 0.85000
vt 0.31250 0.85000
vt 0.34375 0.85000
vt 0.37500 0.85000
vt 0.40625 0.85000
vt 0.43750 0.85000
vt 0.46875 0.85000
vt 0.50000 0.85000
vt 0.53125 0.85000
vt 0.56250 0.85000
vt 0.59375 0.85000
vt 0.62500 0.85000
vt 0.65625 0.85000
vt 0.68750 0.85000
vt 0.71875 0.85000
vt 0.75000 0.85000
vt 0.78125 0.85000
vt 0.81250 0.85000
vt 0.84375 0.85000
vt 0.87500 0.85000
vt 0.90625 0.85000
vt 0.93750 0.85000
vt 0.96875 0.85000
vt 1.00000 0.85000
vt 0.00000 0.80000
vt 0.03125 0.80000
vt 0.06250 0.80000
vt 0.09375 0.80000
vt 0.12500 0.80000
vt 0.15625 0.80000
vt 0.18750 0.80000
vt 0.21875 0.80000
vt 0.25000 0.80000
vt 0.28125 0.80000
vt 0.31250 0.80000
vt 0.34375 0.80000
vt 0.37500 0.80000
vt 0.40625 0.80000
vt 0.43750 0.80000
vt 0.46875 0.80000
vt 0.50000 0.80000
vt 0.53125 0.80000
vt 0.56250 0.80000
vt 0.59375 0.80000
vt 0.62500 0.80000
vt 0.65625 0.80000
vt 0.68750 0.80000
vt 0.71875 0.80000
vt 0.75000 0.80000
vt 0.78125 0.80000
vt 0.81250 0.80000
vt 0.84375 0.80000
vt 0.87500 0.80000
vt 0.90625 0.80000
vt 0.93750 0.80000
vt 0.96875 0.80000
vt 1.00000 0.80000
vt 0.00000 0.75000
vt 0.03125 0.75000
vt 0.06250 0.75000
vt 0.09375 0.75000
vt 0.12500 0.75000
vt 0.15625 0.75000
vt 0.18750 0.75000
vt 0.21875 0.75000
vt 0.25000 0.75000
vt 0.28125 0.75000
vt 0.31250 0.75000
vt 0.34375 0.75000
vt 0.37500 0.75000
vt 0.40625 0.75000
vt 0.43750 0.75000
vt 0.46875 0.75000
vt 0.50000 0.75000
vt 0.53125 0.75000
vt 0.56250 0.75000
vt 0.59375 0.75000
vt 0.62500 0.75000
vt 0.65625 0.75000
vt 0.68750 0.75000
vt 0.71875 0.75000
vt 0.75000 0.75000
vt 0.78125 0.75000
vt 0.81250 0.75000
vt 0.84375 0.75000
vt 0.87500 0.75000
vt 0.90625 0.75000
vt 0.93750 0.75000
vt 0.96875 0.75000
vt 1.00000 0.75000
vt 0.00000 0.70000
vt 0.03125 0.70000
vt 0.06250 0.70000
vt 0.09375 0.70000
vt 0.12500 0.70000
vt 0.15625 0.70000
vt 0.18750 0.70000
vt 0.21875 0.70000
vt 0.25000 0.70000
vt 0.28125 0.70000
vt 0.31250 0.70000
vt 0.34375 0.70000
vt 0.37500 0.70000
vt 0.40625 0.70000
vt 0.43750 0.70000
vt 0.46875 0.70000
vt 0.50000 0.70000
vt 0.53125 0.70000
vt 0.56250 0.70000
vt 0.59375 0.70000
vt 0.62500 0.70000
vt 0.65625 0.70000
vt 0.68750 0.70000
vt 0.71875 0.70000
vt 0.75000 0.70000
vt 0.78125 0.70000
vt 0.81250 0.70000
vt 0.84375 0.70000
vt 0.87500 0.70000
vt 0.90625 0.70000
vt 0.93750 0.70000
vt 0.96875 0.70000
vt 1.00000 0.70000
vt 0.00000 0.65000
vt 0.03125 0.65000
vt 0.06250 0.65000
vt 0.09375 0.65000
vt 0.12500 0.65000
vt 0.15625 0.65000
vt 0.18750 0.65000
vt 0.21875 0.65000
vt 0.25000 0.65000
vt 0.28125 0.65000
vt 0.31250 0.65000
vt 0.34375 0.65000
vt 0.37500 0.65000
vt 0.40625 0.65000
vt 0.43750 0.65000
vt 0.46875 0.65000
vt 0.50000 0.65000
vt 0.53125 0.65000
vt 0.56250 0.65000
vt 0.59375 0.65000
vt 0.62500 0.65000
vt 0.65625 0.65000
vt 0.68750 0.65000
vt 0.71875 0.65000
vt 0.75000 0.65000
vt 0.78125 0.65000
vt 0.81250 0.65000
vt 0.84375 0.65000
vt 0.87500 0.65000
vt 0.90625 0.65000
vt 0.93750 0.65000
vt 0.96875 0.65000
vt 1.00000 0.65000
vt 0.00000 0.60000
vt 0.03125 0.60000
vt 0.06250 0.60000
vt 0.09375 0.60000
vt 0.12500 0.60000
vt 0.15625 0.60000
vt 0.18750 0.60000
vt 0.21875 0.60000
vt 0.25000 0.60000
vt 0.28125 0.60000
vt 0.31250 0.60000
vt 0.34375 0.60000
vt 0.37500 0.60000
vt 0.40625 0.60000
vt 0.43750 0.60000
vt 0.46875 0.60000
vt 0.50000 0.60000
vt 0.53125 0.60000
vt 0.56250 0.60000
vt 0.59375 0.60000
vt 0.62500 0.60000
vt 0.65625 0.60000
vt 0.68750 0.60000
vt 0.71875 0.60000
vt 0.75000 0.60000
vt 0.78125 0.60000
vt 0.81250 0.60000
vt 0.84375 0.60000
vt 0.87500 0.60000
vt 0.90625 0.60000
vt 0.93750 0.60000
vt 0.96875 0.60000
vt 1.00000 0.60000
vt 0.00000 0.55000
vt 0.03125 0.55000
vt 0.06250 0.55000
vt 0.09375 0.55000
vt 0.12500 0.55000
vt 0.15625 0.55000
vt 0.18750 0.55000
vt 0.21875 0.55000
vt 0.25000 0.55000
vt 0.28125 0.55000
vt 0.31250 0.55000
vt 0.34375 0.55000
vt 0.37500 0.55000
vt 0.40625 0.55000
vt 0.43750 0.55000
vt 0.46875 0.55000
vt 0.50000 0.55000
vt 0.53125 0.55000
vt 0.56250 0.55000
vt 0.59375 0.55000
vt 0.62500 0.55000
vt 0.65625 0.55000
vt 0.68750 0.55000
vt 0.71875 0.55000
vt 0.75000 0.55000
vt 0.78125 0.55000
vt 0.81250 0.55000
vt 0.84375 0.55000
vt 0.87500 0.55000
vt 0.90625 0.55000
vt 0.93750 0.55000
vt 0.96875 0.55000
vt 1.00000 0.55000
vt 0.00000 0.50000
vt 0.03125 0.50000
vt 0.06250 0.50000
vt 0.09375 0.50000
vt 0.12500 0.50000
vt 0.15625 0.50000
vt 0.18750 0.50000
vt 0.21875 0.50000
vt 0.25000 0.50000
vt 0.28125 0.50000
vt 0.31250 0.50000
vt 0.34375 0.50000
vt 0.37500 0.50000
vt 0.40625 0.50000
vt 0.43750 0.50000
vt 0.46875 0.50000
vt 0.50000 0.50000
vt 0.53125 0.50000
vt 0.56250 0.50000
vt 0.59375 0.50000
vt 0.62500 0.50000
vt 0.65625 0.50000
vt 0.68750 0.50000
vt 0.71875 0.50000
vt 0.75000 0.50000
vt 0.78125 0.50000
vt 0.81250 0.50000
vt 0.84375 0.50000
vt 0.87500 0.50000
vt 0.90625 0.50000
vt 0.93750 0.50000
vt 0.96875 0.50000
vt 1.00000 0.50000
vt 0.00000 0.45000
vt 0.03125 0.45000
vt 0.06250 0.45000
vt 0.09375 0.45000
vt 0.12500 0.45000
vt 0.15625 0.45000
vt 0.18750 0.45000
vt 0.21875 0.45000
vt 0.25000 0.45000
vt 0.28125 0.45000
vt 0.31250 0.45000
vt 0.34375 0.45000
vt 0.37500 0.45000
vt 0.40625 0.45000
vt 0.43750 0.45000
vt 0.46875 0.45000
vt 0.50000 0.45000
vt 0.53125 0.45000
vt 0.56250 0.45000
vt 0.59375 0.45000
vt 0.62500 0.45000
vt 0.65625 0.45000
vt 0.68750 0.45000
vt 0.71875 0.45000
vt 0.75000 0.45000
vt 0.78125 0.45000
vt 0.81250 0.45000
vt 0.84375 0.45000
vt 0.87500 0.45000
vt 0.90625 0.45000
vt 0.93750 0.45000
vt 0.96875 0.45000
vt 1.00000 0.45000
vt 0.00000 0.40000
vt 0.03125 0.40000
vt 0.06250 0.40000
vt 0.09375 0.40000
vt 0.12500 0.40000
vt 0.15625 0.40000
vt 0.18750 0.40000
vt 0.21875 0.40000
vt 0.25000 0.40000
vt 0.28125 0.40000
vt 0.31250 0.40000
vt 0.34375 0.40000
vt 0.37500 0.40000
vt 0.40625 0.40000
vt 0.43750 0.40000
vt 0.46875 0.40000
vt 0.50000 0.40000
vt 0.53125 0.40000
vt 0.56250 0.40000
vt 0.59375 0.40000
vt 0.62500 0.40000
vt 0.65625 0.40000
vt 0.68750 0.40000
vt 0.71875 0.40000
vt 0.75000 0.40000
vt 0.78125 0.40000
vt 0.81250 0.40000
vt 0.84375 0.40000
vt 0.87500 0.40000
vt 0.90625 0.40000
vt 0.93750 0.40000
vt 0.96875 0.40000
vt 1.00000 0.40000
vt 0.00000 0.35000
vt 0.03125 0.35000
vt 0.06250 0.35000
vt 0.09375 0.35000
vt 0.12500 0.35000
vt 0.15625 0.35000
vt 0.18750 0.35000
vt 0.21875 0.35000
vt 0.25000 0.35000
vt 0.28125 0.35000
vt 0.31250 0.35000
vt 0.34375 0.35000
vt 0.37500 0.35000
vt 0.40625 0.35000
vt 0.43750 0.35000
vt 0.46875 0.35000
vt 0.50000 0.35000
vt 0.53125 0.35000
vt 0.56250 0.35000
vt 0.59375 0.35000
vt 0.62500 0.35000
vt 0.65625 0.35000
vt 0.68750 0.35000
vt 0.71875 0.35000
vt 0.75000 0.35000
vt 0.78125 0.35000
vt 0.81250 0.35000
vt 0.84375 0.35000
vt 0.87500 0.35000
vt 0.90625 0.35000
vt 0.93750 0.35000
vt 0.96875 0.35000
vt 1.00000 0.35000
vt 0.00000 0.30000
vt 0.03125 0.30000
vt 0.06250 0.30000
vt 0.09375 0.30000
vt 0.12500 0.30000
vt 0.15625 0.30000
vt 0.18750 0.30000
vt 0.21875 0.30000
vt 0.25000 0.30000
vt 0.28125 0.30000
vt 0.31250 0.30000
vt 0.34375 0.30000
vt 0.37500 0.30000
vt 0.40625 0.30000
vt 0.43750 0.30000
vt 0.46875 0.30000
vt 0.50000 0.30000
vt 0.53125 0.30000
vt 0.56250 0.30000
vt 0.59375 0.30000
vt 0.62500 0.30000
vt 0.65625 0.30000
vt 0.68750 0.30000
vt 0.71875 0.30000
vt 0.75000 0.30000
vt 0.78125 0.30000
vt 0.81250 0.30000
vt 0.84375 0.30000
vt 0.87500 0.30000
vt 0.90625 0.30000
vt 0.93750 0.30000
vt 0.96875 0.30000
vt 1.00000 0.30000
vt 0.00000 0.25000
vt 0.03125 0.25000
vt 0.06250 0.25000
vt 0.09375 0.25000
vt 0.12500 0.25000
vt 0.15625 0.25000
vt 0.18750 0.25000
vt 0.21875 0.25000
vt 0.25000 0.25000
vt 0.28125 0.25000
vt 0.31250 0.25000
vt 0.34375 0.25000
vt 0.37500 0.25000
vt 0.40625 0.25000
vt 0.43750 0.25000
vt 0.46875 0.25000
vt 0.50000 0.25000
vt 0.53125 0.25000
vt 0.56250 0.25000
vt 0.59375 0.25000
vt 0.62500 0.25000
vt 0.65625 0.25000
vt 0.68750 0.25000
vt 0.71875 0.25000
vt 0.75000 0.25000
vt 0.78125 0.25000
vt 0.81250 0.25000
vt 0.84375 0.25000
vt 0.87500 0.25000
vt 0.90625 0.25000
vt 0.93750 0.25000
vt 0.96875 0.25000
vt 1.00000 0.25000
vt 0.00000 0.20000
vt 0.03125 0.20000
vt 0.06250 0.20000
vt 0.09375 0.20000
vt 0.12500 0.20000
vt 0.15625 0.20000
vt 0.18750 0.20000
vt 0.21875 0.20000
vt 0.25000 0.20000
vt 0.28125 0.20000
vt 0.31250 0.20000
vt 0.34375 0.20000
vt 0.37500 0.20000
vt 0.40625 0.20000
vt 0.43750 0.20000
vt 0.46875 0.20000
vt 0.50000 0.20000
vt 0.53125 0.20000
vt 0.56250 0.20000
vt 0.59375 0.20000
vt 0.62500 0.20000
vt 0.65625 0.20000
vt 0.68750 0.20000
vt 0.71875 0.20000
vt 0.75000 0.20000
vt 0.78125 0.20000
vt 0.81250 0.20000
vt 0.84375 0.20000
vt 0.87500 0.20000
vt 0.90625 0.20000
vt 0.93750 0.20000
vt 0.96875 0.20000
vt 1.00000 0.20000
vt 0.00000 0.15000
vt 0.03125 0.15000
vt 0.06250 0.15000
vt 0.09375 0.15000
vt 0.12500 0.15000
vt 0.15625 0.15000
vt 0.18750 0.15000
vt 0.21875 0.15000
vt 0.25000 0.15000
vt 0.28125 0.15000
vt 0.31250 0.15000
vt 0.34375 0.15000
vt 0.37500 0.15000
vt 0.40625 0.15000
vt 0.43750 0.15000
vt 0.46875 0.15000
vt 0.50000 0.15000
vt 0.53125 0.15000
vt 0.56250 0.15000
vt 0.59375 0.15000
vt 0.62500 0.15000
vt 0.65625 0.15000
vt 0.68750 0.15000
vt 0.71875 0.15000
vt 0.75000 0.15000
vt 0.78125 0.15000
vt 0.81250 0.15000
vt 0.84375 0.15000
vt 0.87500 0.15000
vt 0.90625 0.15000
vt 0.93750 0.15000
vt 0.96875 0.15000
vt 1.00000 0.15000
vt 0.00000 0.10000
vt 0.03125 0.10000
vt 0.06250 0.10000
vt 0.09375 0.10000
vt 0.12500 0.10000
vt 0.15625 0.10000
vt 0.18750 0.10000
vt 0.21875 0.10000
vt 0.25000 0.10000
vt 0.28125 0.10000
vt 0.31250 0.10000
vt 0.34375 0.10000
vt 0.37500 0.10000
vt 0.40625 0.10000
vt 0.43750 0.10000
vt 0.46875 0.10000
vt 0.50000 0.10000
vt 0.53125 0.10000
vt 0.56250 0.10000
vt 0.59375 0.10000
vt 0.62500 0.10000
vt 0.65625 0.10000
vt 0.68750 0.10000
vt 0.71875 0.10000
vt 0.75000 0.10000
vt 0.78125 0.10000
vt 0.81250 0.10000
vt 0.84375 0.10000
vt 0.87500 0.10000
vt 0.90625 0.10000
vt 0.93750 0.10000
vt 0.96875 0.10000
vt 1.00000 0.10000
vt 0.00000 0.05000
vt 0.03125 0.05000
vt 0.06250 0.05000
vt 0.09375 0.05000
vt 0.12500 0.05000
vt 0.15625 0.05000
vt 0.18750 0.05000
vt 0.21875 0.05000
vt 0.25000 0.05000
vt 0.28125 0.05000
vt 0.31250 0.05000
vt 0.34375 0.05000
vt 0.37500 0.05000
vt 0.40625 0.05000
vt 0.43750 0.05000
vt 0.46875 0.05000
vt 0.50000 0.05000
vt 0.53125 0.05000
vt 0.56250 0.05000
vt 0.59375 0.05000
vt 0.62500 0.05000
vt 0.65625 0.05000
vt 0.68750 0.05000
vt 0.71875 0.05000
vt 0.75000 0.05000
vt 0.78125 0.05000
vt 0.81250 0.05000
vt 0.84375 0.05000
vt 0.87500 0.05000
vt 0.90625 0.05000
vt 0.93750 0.05000
vt 0.96875 0.05000
vt 1.00000 0.05000
vt -0.01563 0.00000
vt 0.01563 0.00000
vt 0.04688 0.00000
vt 0.07813 0.00000
vt 0.10938 0.00000
vt 0.14063 0.00000
vt 0.17188 0.00000
vt 0.20313 0.00000
vt 0.23438 0.00000
vt 0.26563 0.00000
vt 0.29688 0.00000
vt 0.32813 0.00000
vt 0.35938 0.00000
vt 0.39063 0.00000
vt 0.42188 0.00000
vt 0.45313 0.00000
vt 0.48438 0.00000
vt 0.51563 0.00000
vt 0.54688 0.00000
vt 0.57813 0.00000
vt 0.60938 0.00000
vt 0.64063 0.00000
vt 0.67188 0.00000
vt 0.70313 0.00000
vt 0.73438 0.00000
vt 0.76563 0.00000
vt 0.79688 0.00000
vt 0.82813 0.00000
vt 0.85938 0.00000
vt 0.89063 0.00000
vt 0.92188 0.00000
vt 0.95313 0.00000
vt 0.98438 0.00000
f 166/166 199/199 200/200
f 167/167 200/200 201/201
f 168/168 201/201 202/202
f 169/169 202/202 203/203
f 170/170 203/203 204/204
f 171/171 204/204 205/205
f 172/172 205/205 206/206
f 173/173 206/206 207/207
f 174/174 207/207 208/208
f 175/175 208/208 209/209
f 176/176 209/209 210/210
f 177/177 210/210 211/211
f 178/178 211/211 212/212
f 179/179 212/212 213/213
f 180/180 213/213 214/214
f 181/181 214/214 215/215
f 182/182 215/215 216/216
f 183/183 216/216 217/217
f 184/184 217/217 218/218
f 185/185 218/218 219/219
f 186/186 219/219 220/220
f 187/187 220/220 221/221
f 188/188 221/221 222/222
f 189/189 222/222 223/223
f 190/190 223/223 224/224
f 191/191 224/224 225/225
f 192/192 225/225 226/226
f 193/193 226/226 227/227
f 194/194 227/227 228/228
f 195/195 228/228 229/229
f 196/196 229/229 230/230
f 197/197 230/230 231/231
f 200/200 199/199 233/233
f 199/199 232/232 233/233
f 201/201 200/200 234/234
f 200/200 233/233 234/234
f 202/202 201/201 235/235
f 201/201 234/234 235/235
f 203/203 202/202 236/236
f 202/202 235/235 236/236
f 204/204 203/203 237/237
f 203/203 236/236 237/237
f 205/205 204/204 238/238
f 204/204 237/237 238/238
f 206/206 205/205 239/239
f 205/205 238/238 239/239
f 207/207 206/206 240/240
f 206/206 239/239 240/240
f 208/208 207/207 241/241
f 207/207 240/240 241/241
f 209/209 208/208 242/242
f 208/208 241/241 242/242
f 210/210 209/209 243/243
f 209/209 242/242 243/243
f 211/211 210/210 244/244
f 210/210 243/243 244/244
f 212/212 211/211 245/245
f 211/211 244/244 245/245
f 213/213 212/212 246/246
f 212/212 245/245 246/246
f 214/214 213/213 247/247
f 213/213 246/246 247/247
f 215/215 214/214 248/248
f 214/214 247/247 248/248
f 216/216 215/215 249/249
f 215/215 248/248 249/249
f 217/217 216/216 250/250
f 216/216 249/249 250/250
f 218/218 217/217 251/251
f 217/217 250/250 251/251
f 219/219 218/218 252/252
f 218/218 251/251 252/252
f 220/220 219/219 253/253
f 219/219 252/252 253/253
f 221/221 220/220 254/254
f 220/220 253/253 254/254
f 222/222 221/221 255/255
f 221/221 254/254 255/255
f 223/223 222/222 256/256
f 222/222 255/255 256/256
f 224/224 223/223 257/257
f 223/223 256/256 257/257
f 225/225 224/224 258/258
f 224/224 257/257 258/258
f 226/226 225/225 259/259
f 225/225 258/258 259/259
f 227/227 226/226 260/260
f 226/226 259/259 260/260
f 228/228 227/227 261/261
f 227/227 260/260 261/261
f 229/229 228/228 262/262
f 228/228 261/261 262/262
f 230/230 229/229 263/263
f 229/229 262/262 263/263
f 231/231 230/230 264/264
f 230/230 263/263 264/264
f 233/233 232/232 266/266
f 232/232 265/265 266/266
f 234/234 233/233 267/267
f 233/233 266/266 267/267
f 235/235 234/234 268/268
f 234/234 267/267 268/268
f 236/236 235/235 269/269
f 235/235 268/268 269/269
f 237/237 236/236 270/270
f 236/236 269/269 270/270
f 238/238 237/237 271/271
f 237/237 270/270 271/271
f 239/239 238/238 272/272
f 238/238 271/271 272/272
f 240/240 239/239 273/273
f 239/239 272/272 273/273
f 241/241 240/240 274/274
f 240/240 273/273 274/274
f 242/242 241/241 275/275
f 241/241 274/274 275/275
f 243/243 242/242 276/276
f 242/242 275/275 276/276
f 244/244 243/243 277/277
f 243/243 276/276 277/277
f 245/245 244/244 278/278
f 244/244 277/277 278/278
f 246/246 245/245 279/279
f 245/245 278/278 279/279
f 247/247 246/246 280/280
f 246/246 279/279 280/280
f 248/248 247/247 281/281
f 247/247 280/280 281/281
f 249/249 248/248 282/282
f 248/248 281/281 282/282
f 250/250 249/249 283/283
f 249/249 282/282 283/283
f 251/251 250/250 284/284
f 250/250 283/283 284/284
f 252/252 251/251 285/285
f 251/251 284/284 285/285
f 253/253 252/252 286/286
f 252/252 285/285 286/286
f 254/254 253/253 287/287
f 253/253 286/286 287/287
f 255/255 254/254 288/288
f 254/254 287/287 288/288
f 256/256 255/255 289/289
f 255/255 288/288 289/289
f 257/257 256/256 290/290
f 256/256 289/289 290/290
f 258/258 257/257 291/291
f 257/257 290/290 291/291
f 259/259 258/258 292/292
f 258/258 291/291 292/292
f 260/260 259/259 293/293
f 259/259 292/292 293/293
f 261/261 260/260 294/294
f 260/260 293/293 294/294
f 262/262 261/261 295/295
f 261/261 294/294 295/295
f 263/263 262/262 296/296
f 262/262 295/295 296/296
f 264/264 263/263 297/297
f 263/263 296/296 297/297
f 266/266 265/265 299/299
f 265/265 298/298 299/299
f 267/267 266/266 300/300
f 266/266 299/299 300/300
f 268/268 267/267 301/301
f 267/267 300/300 301/301
f 269/269 268/268 302/302
f 268/268 301/301 302/302
f 270/270 269/269 303/303
f 269/269 302/302 303/303
f 271/271 270/270 304/304
f 270/270 303/303 304/304
f 272/272 271/271 305/305
f 271/271 304/304 305/305
f 273/273 272/272 306/306
f 272/272 305/305 306/306
f 274/274 273/273 307/307
f 273/273 306/306 307/307
f 275/275 274/274 308/308
f 274/274 307/307 308/308
f 276/276 275/275 309/309
f 275/275 308/308 309/309
f 277/277 276/276 310/310
f 276/276 309/309 310/310
f 278/278 277/277 311/311
f 277/277 310/310 311/311
f 279/279 278/278 312/312
f 278/278 311/311 312/312
f 280/280 279/279 313/313
f 279/279 312/312 313/313
f 281/281 280/280 314/314
f 280/280 313/313 314/314
f 282/282 281/281 315/315
f 281/281 314/314 315/315
f 283/283 282/282 316/316
f 282/282 315/315 316/316
f 284/284 283/283 317/317
f 283/283 316/316 317/317
f 285/285 284/284 318/318
f 284/284 317/317 318/318
f 286/286 285/285 319/319
f 285/285 318/318 319/319
f 287/287 286/286 320/320
f 286/286 319/319 320/320
f 288/288 287/287 321/321
f 287/287 320/320 321/321
f 289/289 288/288 322/322
f 288/288 321/321 322/322
f 290/290 289/289 323/323
f 289/289 322/322 323/323
f 291/291 290/290 324/324
f 290/290 323/323 324/324
f 292/292 291/291 325/325
f 291/291 324/324 325/325
f 293/293 292/292 326/326
f 292/292 325/325 326/326
f 294/294 293/293 327/327
f 293/293 326/326 327/327
f 295/295 294/294 328/328
f 294/294 327/327 328/328
f 296/296 295/295 329/329
f 295/295 328/328 329/329
f 297/297 296/296 330/330
f 296/296 329/329 330/330
f 299/299 298/298 332/332
f 298/298 331/331 332/332
f 300/300 299/299 333/333
f 299/299 332/332 333/333
f 301/301 300/300 334/334
f 300/300 333/333 334/334
f 302/302 301/301 335/335
f 301/301 334/334 335/335
f 303/303 302/302 336/336
f 302/302 335/335 336/336
f 304/304 303/303 337/337
f 303/303 336/336 337/337
f 305/305 304/304 338/338
f 304/304 337/337 338/338
f 306/306 305/305 339/339
f 305/305 338/338 339/339
f 307/307 306/306 340/340
f 306/306 339/339 340/340
f 308/308 307/307 341/341
f 307/307 340/340 341/341
f 309/309 308/308 342/342
f 308/308 341/341 342/342
f 310/310 309/309 343/343
f 309/309 342/342 343/343
f 311/311 310/310 344/344
f 310/310 343/343 344/344
f 312/312 311/311 345/345
f 311/311 344/344 345/345
f 313/313 312/312 346/346
f 312/312 345/345 346/346
f 314/314 313/313 347/347
f 313/313 346/346 347/347
f 315/315 314/314 348/348
f 314/314 347/347 348/348
f 316/316 315/315 349/349
f 315/315 348/348 349/349
f 317/317 316/316 350/350
f 316/316 349/349 350/350
f 318/318 317/317 351/351
f 317/317 350/350 351/351
f 319/319 318/318 352/352
f 318/318 351/351 352/352
f 320/320 319/319 353/353
f 319/319 352/352 353/353
f 321/321 320/320 354/354
f 320/320 353/353 354/354
f 322/322 321/321 355/355
f 321/321 354/354 355/355
f 323/323 322/322 356/356
f 322/322 355/355 356/356
f 324/324 323/323 357/357
f 323/323 356/356 357/357
f 325/325 324/324 358/358
f 324/324 357/357 358/358
f 326/326 325/325 359/359
f 325/325 358/358 359/359
f 327/327 326/326 360/360
f 326/326 359/359 360/360
f 328/328 327/327 361/361
f 327/327 360/360 361/361
f 329/329 328/328 362/362
f 328/328 361/361 362/362
f 330/330 329/329 363/363
f 329/329 362/362 363/363
f 332/332 331/331 365/365
f 331/331 364/364 365/365
f 333/333 332/332 366/366
f 332/332 365/365 366/366
f 334/334 333/333 367/367
f 333/333 366/366 367/367
f 335/335 334/334 368/368
f 334/334 367/367 368/368
f 336/336 335/335 369/369
f 335/335 368/368 369/369
f 337/337 336/336 370/370
f 336/336 369/369 370/370
f 338/338 337/337 371/371
f 337/337 370/370 371/371
f 339/339 338/338 372/372
f 338/338 371/371 372/372
f 340/340 339/339 373/373
f 339/339 372/372 373/373
f 341/341 340/340 374/374
f 340/340 373/373 374/374
f 342/342 341/341 375/375
f 341/341 374/374 375/375
f 343/343 342/342 376/376
f 342/342 375/375 376/376
f 344/344 343/343 377/377
f 343/343 376/376 377/377
f 345/345 344/344 378/378
f 344/344 377/377 378/378
f 346/346 345/345 379/379
f 345/345 378/378 379/379
f 347/347 346/346 380/380
f 346/346 379/379 380/380
f 348/348 347/347 381/381
f 347/347 380/380 381/381
f 349/349 348/348 382/382
f 348/348 381/381 382/382
f 350/350 349/349 383/383
f 349/349 382/382 383/383
f 351/351 350/350 384/384
f 350/350 383/383 384/384
f 352/352 351/351 385/385
f 351/351 384/384 385/385
f 353/353 352/352 386/386
f 352/352 385/385 386/386
f 354/354 353/353 387/387
f 353/353 386/386 387/387
f 355/355 354/354 388/388
f 354/354 387/387 388/388
f 356/356 355/355 389/389
f 355/355 388/388 389/389
f 357/357 356/356 390/390
f 356/356 389/389 390/390
f 358/358 357/357 391/391
f 357/357 390/390 391/391
f 359/359 358/358 392/392
f 358/358 391/391 392/392
f 360/360 359/359 393/393
f 359/359 392/392 393/393
f 361/361 360/360 394/394
f 360/360 393/393 394/394
f 362/362 361/361 395/395
f 361/361 394/394 395/395
f 363/363 362/362 396/396
f 362/362 395/395 396/396
f 365/365 364/364 398/398
f 364/364 397/397 398/398
f 366/366 365/365 399/399
f 365/365 398/398 399/399
f 367/367 366/366 400/400
f 366/366 399/399 400/400
f 368/368 367/367 401/401
f 367/367 400/400 401/401
f 369/369 368/368 402/402
f 368/368 401/401 402/402
f 370/370 369/369 403/403
f 369/369 402/402 403/403
f 371/371 370/370 404/404
f 370/370 403/403 404/404
f 372/372 371/371 405/405
f 371/371 404/404 405/405
f 373/373 372/372 406/406
f 372/372 405/405 406/406
f 374/374 373/373 407/407
f 373/373 406/406 407/407
f 375/375 374/374 408/408
f 374/374 407/407 408/408
f 376/376 375/375 409/409
f 375/375 408/408 409/409
f 377/377 376/376 410/410
f 376/376 409/409 410/410
f 378/378 377/377 411/411
f 377/377 410/410 411/411
f 379/379 378/378 412/412
f 378/378 411/411 412/412
f 380/380 379/379 413/413
f 379/379 412/412 413/413
f 381/381 380/380 414/414
f 380/380 413/413 414/414
f 382/382 381/381 415/415
f 381/381 414/414 415/415
f 383/383 382/382 416/416
f 382/382 415/415 416/416
f 384/384 383/383 417/417
f 383/383 416/416 417/417
f 385/385 384/384 418/418
f 384/384 417/417 418/418
f 386/386 385/385 419/419
f 385/385 418/418 419/419
f 387/387 386/386 420/420
f 386/386 419/419 420/420
f 388/388 387/387 421/421
f 387/387 420/420 421/421
f 389/389 388/388 422/422
f 388/388 421/421 422/422
f 390/390 389/389 423/423
f 389/389 422/422 423/423
f 391/391 390/390 424/424
f 390/390 423/423 424/424
f 392/392 391/391 425/425
f 391/391 424/424 425/425
f 393/393 392/392 426/426
f 392/392 425/425 426/426
f 394/394 393/393 427/427
f 393/393 426/426 427/427
f 395/395 394/394 428/428
f 394/394 427/427 428/428
f 396/396 395/395 429/429
f 395/395 428/428 429/429
f 398/398 397/397 431/431
f 397/397 430/430 431/431
f 399/399 398/398 432/432
f 398/398 431/431 432/432
f 400/400 399/399 433/433
f 399/399 432/432 433/433
f 401/401 400/400 434/434
f 400/400 433/433 434/434
f 402/402 401/401 435/435
f 401/401 434/434 435/435
f 403/403 402/402 436/436
f 402/402 435/435 436/436
f 404/404 403/403 437/437
f 403/403 436/436 437/437
f 405/405 404/404 438/438
f 404/404 437/437 438/438
f 406/406 405/405 439/439
f 405/405 438/438 439/439
f 407/407 406/406 440/440
f 406/406 439/439 440/440
f 408/408 407/407 441/441
f 407/407 440/440 441/441
f 409/409 408/408 442/442
f 408/408 441/441 442/442
f 410/410 409/409 443/443
f 409/409 442/442 443/443
f 411/411 410/410 444/444
f 410/410 443/443 444/444
f 412/412 411/411 445/445
f 411/411 444/444 445/445
f 413/413 412/412 446/446
f 412/412 445/445 446/446
f 414/414 413/413 447/447
f 413/413 446/446 447/447
f 415/415 414/414 448/448
f 414/414 447/447 448/448
f 416/416 415/415 449/449
f 415/415 448/448 449/449
f 417/417 416/416 450/450
f 416/416 449/449 450/450
f 418/418 417/417 451/451
f 417/417 450/450 451/451
f 419/419 418/418 452/452
f 418/418 451/451 452/452
f 420/420 419/419 453/453
f 419/419 452/452 453/453
f 421/421 420/420 454/454
f 420/420 453/453 454/454
f 422/422 421/421 455/455
f 421/421 454/454 455/455
f 423/423 422/422 456/456
f 422/422 455/455 456/456
f 424/424 423/423 457/457
f 423/423 456/456 457/457
f 425/425 424/424 458/458
f 424/424 457/457 458/458
f 426/426 425/425 459/459
f 425/425 458/458 459/459
f 427/427 426/426 460/460
f 426/426 459/459 460/460
f 428/428 427/427 461/461
f 427/427 460/460 461/461
f 429/429 428/428 462/462
f 428/428 461/461 462/462
f 431/431 430/430 464/464
f 430/430 463/463 464/464
f 432/432 431/431 465/465
f 431/431 464/464 465/465
f 433/433 432/432 466/466
f 432/432 465/465 466/466
f 434/434 433/433 467/467
f 433/433 466/466 467/467
f 435/435 434/434 468/468
f 434/434 467/467 468/468
f 436/436 435/435 469/469
f 435/435 468/468 469/469
f 437/437 436/436 470/470
f 436/436 469/469 470/470
f 438/438 437/437 471/471
f 437/437 470/470 471/471
f 439/439 438/438 472/472
f 438/438 471/471 472/472
f 440/440 439/439 473/473
f 439/439 472/472 473/473
f 441/441 440/440 474/474
f 440/440 473/473 474/474
f 442/442 441/441 475/475
f 441/441 474/474 475/475
f 443/443 442/442 476/476
f 442/442 475/475 476/476
f 444/444 443/443 477/477
f 443/443 476/476 477/477
f 445/445 444/444 478/478
f 444/444 477/477 478/478
f 446/446 445/445 479/479
f 445/445 478/478 479/479
f 447/447 446/446 480/480
f 446/446 479/479 480/480
f 448/448 447/447 481/481
f 447/447 480/480 481/481
f 449/449 448/448 482/482
f 448/448 481/481 482/482
f 450/450 449/449 483/483
f 449/449 482/482 483/483
f 451/451 450/450 484/484
f 450/450 483/483 484/484
f 452/452 451/451 485/485
f 451/451 484/484 485/485
f 453/453 452/452 486/486
f 452/452 485/485 486/486
f 454/454 453/453 487/487
f 453/453 486/486 487/487
f 455/455 454/454 488/488
f 454/454 487/487 488/488
f 456/456 455/455 489/489
f 455/455 488/488 489/489
f 457/457 456/456 490/490
f 456/456 489/489 490/490
f 458/458 457/457 491/491
f 457/457 490/490 491/491
f 459/459 458/458 492/492
f 458/458 491/491 492/492
f 460/460 459/459 493/493
f 459/459 492/492 493/493
f 461/461 460/460 494/494
f 460/460 493/493 494/494
f 462/462 461/461 495/495
f 461/461 494/494 495/495
f 464/464 463/463 497/497
f 463/463 496/496 497/497
f 465/465 464/464 498/498
f 464/464 497/497 498/498
f 466/466 465/465 499/499
f 465/465 498/498 499/499
f 467/467 466/466 500/500
f 466/466 499/499 500/500
f 468/468 467/467 501/501
f 467/467 500/500 501/501
f 469/469 468/468 502/502
f 468/468 501/501 502/502
f 470/470 469/469 503/503
f 469/469 502/502 503/503
f 471/471 470/470 504/504
f 470/470 503/503 504/504
f 472/472 471/471 505/505
f 471/471 504/504 505/505
f 473/473 472/472 506/506
f 472/472 505/505 506/506
f 474/474 473/473 507/507
f 473/473 506/506 507/507
f 475/475 474/474 508/508
f 474/474 507/507 508/508
f 476/476 475/475 509/509
f 475/475 508/508 509/509
f 477/477 476/476 510/510
f 476/476 509/509 510/510
f 478/478 477/477 511/511
f 477/477 510/510 511/511
f 479/479 478/478 512/512
f 478/478 511/511 512/512
f 480/480 479/479 513/513
f 479/479 512/512 513/513
f 481/481 480/480 514/514
f 480/480 513/513 514/514
f 482/482 481/481 515/515
f 481/481 514/514 515/515
f 483/483 482/482 516/516
f 482/482 515/515 516/516
f 484/484 483/483 517/517
f 483/483 516/516 517/517
f 485/485 484/484 518/518
f 484/484 517/517 518/518
f 486/486 485/485 519/519
f 485/485 518/518 519/519
f 487/487 486/486 520/520
f 486/486 519/519 520/520
f 488/488 487/487 521/521
f 487/487 520/520 521/521
f 489/489 488/488 522/522
f 488/488 521/521 522/522
f 490/490 489/489 523/523
f 489/489 522/522 523/523
f 491/491 490/490 524/524
f 490/490 523/523 524/524
f 492/492 491/491 525/525
f 491/491 524/524 525/525
f 493/493 492/492 526/526
f 492/492 525/525 526/526
f 494/494 493/493 527/527
f 493/493 526/526 527/527
f 495/495 494/494 528/528
f 494/494 527/527 528/528
f 497/497 496/496 530/530
f 496/496 529/529 530/530
f 498/498 497/497 531/531
f 497/497 530/530 531/531
f 499/499 498/498 532/532
f 498/498 531/531 532/532
f 500/500 499/499 533/533
f 499/499 532/532 533/533
f 501/501 500/500 534/534
f 500/500 533/533 534/534
f 502/502 501/501 535/535
f 501/501 534/534 535/535
f 503/503 502/502 536/536
f 502/502 535/535 536/536
f 504/504 503/503 537/537
f 503/503 536/536 537/537
f 505/505 504/504 538/538
f 504/504 537/537 538/538
f 506/506 505/505 539/539
f 505/505 538/538 539/539
f 507/507 506/506 540/540
f 506/506 539/539 540/540
f 508/508 507/507 541/541
f 507/507 540/540 541/541
f 509/509 508/508 542/542
f 508/508 541/541 542/542
f 510/510 509/509 543/543
f 509/509 542/542 543/543
f 511/511 510/510 544/544
f 510/510 543/543 544/544
f 512/512 511/511 545/545
f 511/511 544/544 545/545
f 513/513 512/512 546/546
f 512/512 545/545 546/546
f 514/514 513/513 547/547
f 513/513 546/546 547/547
f 515/515 514/514 548/548
f 514/514 547/547 548/548
f 516/516 515/515 549/549
f 515/515 548/548 549/549
f 517/517 516/516 550/550
f 516/516 549/549 550/550
f 518/518 517/517 551/551
f 517/517 550/550 551/551
f 519/519 518/518 552/552
f 518/518 551/551 552/552
f 520/520 519/519 553/553
f 519/519 552/552 553/553
f 521/521 520/520 554/554
f 520/520 553/553 554/554
f 522/522 521/521 555/555
f 521/521 554/554 555/555
f 523/523 522/522 556/556
f 522/522 555/555 556/556
f 524/524 523/523 557/557
f 523/523 556/556 557/557
f 525/525 524/524 558/558
f 524/524 557/557 558/558
f 526/526 525/525 559/559
f 525/525 558/558 559/559
f 527/527 526/526 560/560
f 526/526 559/559 560/560
f 528/528 527/527 561/561
f 527/527 560/560 561/561
f 530/530 529/529 563/563
f 529/529 562/562 563/563
f 531/531 530/530 564/564
f 530/530 563/563 564/564
f 532/532 531/531 565/565
f 531/531 564/564 565/565
f 533/533 532/532 566/566
f 532/532 565/565 566/566
f 534/534 533/533 567/567
f 533/533 566/566 567/567
f 535/535 534/534 568/568
f 534/534 567/567 568/568
f 536/536 535/535 569/569
f 535/535 568/568 569/569
f 537/537 536/536 570/570
f 536/536 569/569 570/570
f 538/538 537/537 571/571
f 537/537 570/570 571/571
f 539/539 538/538 572/572
f 538/538 571/571 572/572
f 540/540 539/539 573/573
f 539/539 572/572 573/573
f 541/541 540/540 574/574
f 540/540 573/573 574/574
f 542/542 541/541 575/575
f 541/541 574/574 575/575
f 543/543 542/542 576/576
f 542/542 575/575 576/576
f 544/544 543/543 577/577
f 543/543 576/576 577/577
f 545/545 544/544 578/578
f 544/544 577/577 578/578
f 546/546 545/545 579/579
f 545/545 578/578 579/579
f 547/547 546/546 580/580
f 546/546 579/579 580/580
f 548/548 547/547 581/581
f 547/547 580/580 581/581
f 549/549 548/548 582/582
f 548/548 581/581 582/582
f 550/550 549/549 583/583
f 549/549 582/582 583/583
f 551/551 550/550 584/584
f 550/550 583/583 584/584
f 552/552 551/551 585/585
f 551/551 584/584 585/585
f 553/553 552/552 586/586
f 552/552 585/585 586/586
f 554/554 553/553 587/587
f 553/553 586/586 587/587
f 555/555 554/554 588/588
f 554/554 587/587 588/588
f 556/556 555/555 589/589
f 555/555 588/588 589/589
f 557/557 556/556 590/590
f 556/556 589/589 590/590
f 558/558 557/557 591/591
f 557/557 590/590 591/591
f 559/559 558/558 592/592
f 558/558 591/591 592/592
f 560/560 559/559 593/593
f 559/559 592/592 593/593
f 561/561 560/560 594/594
f 560/560 593/593 594/594
f 563/563 562/562 596/596
f 562/562 595/595 596/596
f 564/564 563/563 597/597
f 563/563 596/596 597/597
f 565/565 564/564 598/598
f 564/564 597/597 598/598
f 566/566 565/565 599/599
f 565/565 598/598 599/599
f 567/567 566/566 600/600
f 566/566 599/599 600/600
f 568/568 567/567 601/601
f 567/567 600/600 601/601
f 569/569 568/568 602/602
f 568/568 601/601 602/602
f 570/570 569/569 603/603
f 569/569 602/602 603/603
f 571/571 570/570 604/604
f 570/570 603/603 604/604
f 572/572 571/571 605/605
f 571/571 604/604 605/605
f 573/573 572/572 606/606
f 572/572 605/605 606/606
f 574/574 573/573 607/607
f 573/573 606/606 607/607
f 575/575 574/574 608/608
f 574/574 607/607 608/608
f 576/576 575/575 609/609
f 575/575 608/608 609/609
f 577/577 576/576 610/610
f 576/576 609/609 610/610
f 578/578 577/577 611/611
f 577/577 610/610 611/611
f 579/579 578/578 612/612
f 578/578 611/611 612/612
f 580/580 579/579 613/613
f 579/579 612/612 613/613
f 581/581 580/580 614/614
f 580/580 613/613 614/614
f 582/582 581/581 615/615
f 581/581 614/614 615/615
f 583/583 582/582 616/616
f 582/582 615/615 616/616
f 584/584 583/583 617/617
f 583/583 616/616 617/617
f 585/585 584/584 618/618
f 584/584 617/617 618/618
f 586/586 585/585 619/619
f 585/585 618/618 619/619
f 587/587 586/586 620/620
f 586/586 619/619 620/620
f 588/588 587/587 621/621
f 587/587 620/620 621/621
f 589/589 588/588 622/622
f 588/588 621/621 622/622
f 590/590 589/589 623/623
f 589/589 622/622 623/623
f 591/591 590/590 624/624
f 590/590 623/623 624/624
f 592/592 591/591 625/625
f 591/591 624/624 625/625
f 593/593 592/592 626/626
f 592/592 625/625 626/626
f 594/594 593/593 627/627
f 593/593 626/626 627/627
f 596/596 595/595 629/629
f 595/595 628/628 629/629
f 597/597 596/596 630/630
f 596/596 629/629 630/630
f 598/598 597/597 631/631
f 597/597 630/630 631/631
f 599/599 598/598 632/632
f 598/598 631/631 632/632
f 600/600 599/599 633/633
f 599/599 632/632 633/633
f 601/601 600/600 634/634
f 600/600 633/633 634/634
f 602/602 601/601 635/635
f 601/601 634/634 635/635
f 603/603 602/602 636/636
f 602/602 635/635 636/636
f 604/604 603/603 637/637
f 603/603 636/636 637/637
f 605/605 604/604 638/638
f 604/604 637/637 638/638
f 606/606 605/605 639/639
f 605/605 638/638 639/639
f 607/607 606/606 640/640
f 606/606 639/639 640/640
f 608/608 607/607 641/641
f 607/607 640/640 641/641
f 609/609 608/608 642/642
f 608/608 641/641 642/642
f 610/610 609/609 643/643
f 609/609 642/642 643/643
f 611/611 610/610 644/644
f 610/610 643/643 644/644
f 612/612 611/611 645/645
f 611/611 644/644 645/645
f 613/613 612/612 646/646
f 612/612 645/645 646/646
f 614/614 613/613 647/647
f 613/613 646/646 647/647
f 615/615 614/614 648/648
f 614/614 647/647 648/648
f 616/616 615/615 649/649
f 615/615 648/648 649/649
f 617/617 616/616 650/650
f 616/616 649/649 650/650
f 618/618 617/617 651/651
f 617/617 650/650 651/651
f 619/619 618/618 652/652
f 618/618 651/651 652/652
f 620/620 619/619 653/653
f 619/619 652/652 653/653
f 621/621 620/620 654/654
f 620/620 653/653 654/654
f 622/622 621/621 655/655
f 621/621 654/654 655/655
f 623/623 622/622 656/656
f 622/622 655/655 656/656
f 624/624 623/623 657/657
f 623/623 656/656 657/657
f 625/625 624/624 658/658
f 624/624 657/657 658/658
f 626/626 625/625 659/659
f 625/625 658/658 659/659
f 627/627 626/626 660/660
f 626/626 659/659 660/660
f 629/629 628/628 662/662
f 628/628 661/661 662/662
f 630/630 629/629 663/663
f 629/629 662/662 663/663
f 631/631 630/630 664/664
f 630/630 663/663 664/664
f 632/632 631/631 665/665
f 631/631 664/664 665/665
f 633/633 632/632 666/666
f 632/632 665/665 666/666
f 634/634 633/633 667/667
f 633/633 666/666 667/667
f 635/635 634/634 668/668
f 634/634 667/667 668/668
f 636/636 635/635 669/669
f 635/635 668/668 669/669
f 637/637 636/636 670/670
f 636/636 669/669 670/670
f 638/638 637/637 671/671
f 637/637 670/670 671/671
f 639/639 638/638 672/672
f 638/638 671/671 672/672
f 640/640 639/639 673/673
f 639/639 672/672 673/673
f 641/641 640/640 674/674
f 640/640 673/673 674/674
f 642/642 641/641 675/675
f 641/641 674/674 675/675
f 643/643 642/642 676/676
f 642/642 675/675 676/676
f 644/644 643/643 677/677
f 643/643 676/676 677/677
f 645/645 644/644 678/678
f 644/644 677/677 678/678
f 646/646 645/645 679/679
f 645/645 678/678 679/679
f 647/647 646/646 680/680
f 646/646 679/679 680/680
f 648/648 647/647 681/681
f 647/647 680/680 681/681
f 649/649 648/648 682/682
f 648/648 681/681 682/682
f 650/650 649/649 683/683
f 649/649 682/682 683/683
f 651/651 650/650 684/684
f 650/650 683/683 684/684
f 652/652 651/651 685/685
f 651/651 684/684 685/685
f 653/653 652/652 686/686
f 652/652 685/685 686/686
f 654/654 653/653 687/687
f 653/653 686/686 687/687
f 655/655 654/654 688/688
f 654/654 687/687 688/688
f 656/656 655/655 689/689
f 655/655 688/688 689/689
f 657/657 656/656 690/690
f 656/656 689/689 690/690
f 658/658 657/657 691/691
f 657/657 690/690 691/691
f 659/659 658/658 692/692
f 658/658 691/691 692/692
f 660/660 659/659 693/693
f 659/659 692/692 693/693
f 662/662 661/661 695/695
f 661/661 694/694 695/695
f 663/663 662/662 696/696
f 662/662 695/695 696/696
f 664/664 663/663 697/697
f 663/663 696/696 697/697
f 665/665 664/664 698/698
f 664/664 697/697 698/698
f 666/666 665/665 699/699
f 665/665 698/698 699/699
f 667/667 666/666 700/700
f 666/666 699/699 700/700
f 668/668 667/667 701/701
f 667/667 700/700 701/701
f 669/669 668/668 702/702
f 668/668 701/701 702/702
f 670/670 669/669 703/703
f 669/669 702/702 703/703
f 671/671 670/670 704/704
f 670/670 703/703 704/704
f 672/672 671/671 705/705
f 671/671 704/704 705/705
f 673/673 672/672 706/706
f 672/672 705/705 706/706
f 674/674 673/673 707/707
f 673/673 706/706 707/707
f 675/675 674/674 708/708
f 674/674 707/707 708/708
f 676/676 675/675 709/709
f 675/675 708/708 709/709
f 677/677 676/676 710/710
f 676/676 709/709 710/710
f 678/678 677/677 711/711
f 677/677 710/710 711/711
f 679/679 678/678 712/712
f 678/678 711/711 712/712
f 680/680 679/679 713/713
f 679/679 712/712 713/713
f 681/681 680/680 714/714
f 680/680 713/713 714/714
f 682/682 681/681 715/715
f 681/681 714/714 715/715
f 683/683 682/682 716/716
f 682/682 715/715 716/716
f 684/684 683/683 717/717
f 683/683 716/716 717/717
f 685/685 684/684 718/718
f 684/684 717/717 718/718
f 686/686 685/685 719/719
f 685/685 718/718 719/719
f 687/687 686/686 720/720
f 686/686 719/719 720/720
f 688/688 687/687 721/721
f 687/687 720/720 721/721
f 689/689 688/688 722/722
f 688/688 721/721 722/722
f 690/690 689/689 723/723
f 689/689 722/722 723/723
f 691/691 690/690 724/724
f 690/690 723/723 724/724
f 692/692 691/691 725/725
f 691/691 724/724 725/725
f 693/693 692/692 726/726
f 692/692 725/725 726/726
f 695/695 694/694 728/728
f 694/694 727/727 728/728
f 696/696 695/695 729/729
f 695/695 728/728 729/729
f 697/697 696/696 730/730
f 696/696 729/729 730/730
f 698/698 697/697 731/731
f 697/697 730/730 731/731
f 699/699 698/698 732/732
f 698/698 731/731 732/732
f 700/700 699/699 733/733
f 699/699 732/732 733/733
f 701/701 700/700 734/734
f 700/700 733/733 734/734
f 702/702 701/701 735/735
f 701/701 734/734 735/735
f 703/703 702/702 736/736
f 702/702 735/735 736/736
f 704/704 703/703 737/737
f 703/703 736/736 737/737
f 705/705 704/704 738/738
f 704/704 737/737 738/738
f 706/706 705/705 739/739
f 705/705 738/738 739/739
f 707/707 706/706 740/740
f 706/706 739/739 740/740
f 708/708 707/707 741/741
f 707/707 740/740 741/741
f 709/709 708/708 742/742
f 708/708 741/741 742/742
f 710/710 709/709 743/743
f 709/709 742/742 743/743
f 711/711 710/710 744/744
f 710/710 743/743 744/744
f 712/712 711/711 745/745
f 711/711 744/744 745/745
f 713/713 712/712 746/746
f 712/712 745/745 746/746
f 714/714 713/713 747/747
f 713/713 746/746 747/747
f 715/715 714/714 748/748
f 714/714 747/747 748/748
f 716/716 715/715 749/749
f 715/715 748/748 749/749
f 717/717 716/716 750/750
f 716/716 749/749 750/750
f 718/718 717/717 751/751
f 717/717 750/750 751/751
f 719/719 718/718 752/752
f 718/718 751/751 752/752
f 720/720 719/719 753/753
f 719/719 752/752 753/753
f 721/721 720/720 754/754
f 720/720 753/753 754/754
f 722/722 721/721 755/755
f 721/721 754/754 755/755
f 723/723 722/722 756/756
f 722/722 755/755 756/756
f 724/724 723/723 757/757
f 723/723 756/756 757/757
f 725/725 724/724 758/758
f 724/724 757/757 758/758
f 726/726 725/725 759/759
f 725/725 758/758 759/759
f 728/728 727/727 761/761
f 727/727 760/760 761/761
f 729/729 728/728 762/762
f 728/728 761/761 762/762
f 730/730 729/729 763/763
f 729/729 762/762 763/763
f 731/731 730/730 764/764
f 730/730 763/763 764/764
f 732/732 731/731 765/765
f 731/731 764/764 765/765
f 733/733 732/732 766/766
f 732/732 765/765 766/766
f 734/734 733/733 767/767
f 733/733 766/766 767/767
f 735/735 734/734 768/768
f 734/734 767/767 768/768
f 736/736 735/735 769/769
f 735/735 768/768 769/769
f 737/737 736/736 770/770
f 736/736 769/769 770/770
f 738/738 737/737 771/771
f 737/737 770/770 771/771
f 739/739 738/738 772/772
f 738/738 771/771 772/772
f 740/740 739/739 773/773
f 739/739 772/772 773/773
f 741/741 740/740 774/774
f 740/740 773/773 774/774
f 742/742 741/741 775/775
f 741/741 774/774 775/775
f 743/743 742/742 776/776
f 742/742 775/775 776/776
f 744/744 743/743 777/777
f 743/743 776/776 777/777
f 745/745 744/744 778/778
f 744/744 777/777 778/778
f 746/746 745/745 779/779
f 745/745 778/778 779/779
f 747/747 746/746 780/780
f 746/746 779/779 780/780
f 748/748 747/747 781/781
f 747/747 780/780 781/781
f 749/749 748/748 782/782
f 748/748 781/781 782/782
f 750/750 749/749 783/783
f 749/749 782/782 783/783
f 751/751 750/750 784/784
f 750/750 783/783 784/784
f 752/752 751/751 785/785
f 751/751 784/784 785/785
f 753/753 752/752 786/786
f 752/752 785/785 786/786
f 754/754 753/753 787/787
f 753/753 786/786 787/787
f 755/755 754/754 788/788
f 754/754 787/787 788/788
f 756/756 755/755 789/789
f 755/755 788/788 789/789
f 757/757 756/756 790/790
f 756/756 789/789 790/790
f 758/758 757/757 791/791
f 757/757 790/790 791/791
f 759/759 758/758 792/792
f 758/758 791/791 792/792
f 761/761 760/760 794/794
f 760/760 793/793 794/794
f 762/762 761/761 795/795
f 761/761 794/794 795/795
f 763/763 762/762 796/796
f 762/762 795/795 796/796
f 764/764 763/763 797/797
f 763/763 796/796 797/797
f 765/765 764/764 798/798
f 764/764 797/797 798/798
f 766/766 765/765 799/799
f 765/765 798/798 799/799
f 767/767 766/766 800/800
f 766/766 799/799 800/800
f 768/768 767/767 801/801
f 767/767 800/800 801/801
f 769/769 768/768 802/802
f 768/768 801/801 802/802
f 770/770 769/769 803/803
f 769/769 802/802 803/803
f 771/771 770/770 804/804
f 770/770 803/803 804/804
f 772/772 771/771 805/805
f 771/771 804/804 805/805
f 773/773 772/772 806/806
f 772/772 805/805 806/806
f 774/774 773/773 807/807
f 773/773 806/806 807/807
f 775/775 774/774 808/808
f 774/774 807/807 808/808
f 776/776 775/775 809/809
f 775/775 808/808 809/809
f 777/777 776/776 810/810
f 776/776 809/809 810/810
f 778/778 777/777 811/811
f 777/777 810/810 811/811
f 779/779 778/778 812/812
f 778/778 811/811 812/812
f 780/780 779/779 813/813
f 779/779 812/812 813/813
f 781/781 780/780 814/814
f 780/780 813/813 814/814
f 782/782 781/781 815/815
f 781/781 814/814 815/815
f 783/783 782/782 816/816
f 782/782 815/815 816/816
f 784/784 783/783 817/817
f 783/783 816/816 817/817
f 785/785 784/784 818/818
f 784/784 817/817 818/818
f 786/786 785/785 819/819
f 785/785 818/818 819/819
f 787/787 786/786 820/820
f 786/786 819/819 820/820
f 788/788 787/787 821/821
f 787/787 820/820 821/821
f 789/789 788/788 822/822
f 788/788 821/821 822/822
f 790/790 789/789 823/823
f 789/789 822/822 823/823
f 791/791 790/790 824/824
f 790/790 823/823 824/824
f 792/792 791/791 825/825
f 791/791 824/824 825/825
f 794/794 793/793 827/827
f 795/795 794/794 828/828
f 796/796 795/795 829/829
f 797/797 796/796 830/830
f 798/798 797/797 831/831
f 799/799 798/798 832/832
f 800/800 799/799 833/833
f 801/801 800/800 834/834
f 802/802 801/801 835/835
f 803/803 802/802 836/836
f 804/804 803/803 837/837
f 805/805 804/804 838/838
f 806/806 805/805 839/839
f 807/807 806/806 840/840
f 808/808 807/807 841/841
f 809/809 808/808 842/842
f 810/810 809/809 843/843
f 811/811 810/810 844/844
f 812/812 811/811 845/845
f 813/813 812/812 846/846
f 814/814 813/813 847/847
f 815/815 814/814 848/848
f 816/816 815/815 849/849
f 817/817 816/816 850/850
f 818/818 817/817 851/851
f 819/819 818/818 852/852
f 820/820 819/819 853/853
f 821/821 820/820 854/854
f 822/822 821/821 855/855
f 823/823 822/822 856/856
f 824/824 823/823 857/857
f 825/825 824/824 858/858
v 0.000 -23.000 39.500
v 0.000 -23.000 39.500
v 0.000 -23.000 39.500
v 0.000 -23.000 39.500
v 0.000 -23.000 39.500
v 0.000 -23.000 39.500
v 0.000 -23.000 39.500
v 0.000 -23.000 39.500
v 0.000 -23.000 39.500
v 0.000 -23.000 39.500
v 0.000 -23.000 39.500
v 0.000 -23.000 39.500
v 0.000 -23.000 39.500
v 0.000 -23.000 39.500
v 0.000 -23.000 39.500
v 0.000 -23.000 39.500
v 0.000 -23.000 39.500
v 0.000 -23.000 39.500
v 0.000 -23.000 39.500
v 0.000 -23.000 39.500
v 0.000 -23.000 39.500
v 0.000 -23.000 39.500
v 0.000 -23.000 39.500
v 0.000 -23.000 39.500
v 0.000 -23.000 39.500
v 0.000 -23.000 39.500
v 0.000 -23.000 39.500
v 0.000 -23.000 39.500
v 0.000 -23.000 39.500
v 0.000 -23.000 39.500
v 0.000 -23.000 39.500
v 0.000 -23.000 39.500
v 0.000 -23.000 39.500
v -2.659 -23.000 39.383
v -2.608 -23.427 39.383
v -2.457 -23.838 39.383
v -2.211 -24.217 39.383
v -1.880 -24.549 39.383
v -1.477 -24.821 39.383
v -1.018 -25.023 39.383
v -0.519 -25.148 39.383
v -0.000 -25.190 39.383
v 0.519 -25.148 39.383
v 1.018 -25.023 39.383
v 1.477 -24.821 39.383
v 1.880 -24.549 39.383
v 2.211 -24.217 39.383
v 2.457 -23.838 39.383
v 2.608 -23.427 39.383
v 2.659 -23.000 39.383
v 2.608 -22.573 39.383
v 2.457 -22.162 39.383
v 2.211 -21.783 39.383
v 1.880 -21.451 39.383
v 1.477 -21.179 39.383
v 1.018 -20.977 39.383
v 0.519 -20.852 39.383
v 0.000 -20.810 39.383
v -0.519 -20.852 39.383
v -1.018 -20.977 39.383
v -1.477 -21.179 39.383
v -1.880 -21.451 39.383
v -2.211 -21.783 39.383
v -2.457 -22.162 39.383
v -2.608 -22.573 39.383
v -2.659 -23.000 39.383
v -5.253 -23.000 39.035
v -5.152 -23.844 39.035
v -4.853 -24.656 39.035
v -4.368 -25.404 39.035
v -3.715 -26.059 39.035
v -2.919 -26.597 39.035
v -2.010 -26.997 39.035
v -1.025 -27.243 39.035
v -0.000 -27.326 39.035
v 1.025 -27.243 39.035
v 2.010 -26.997 39.035
v 2.919 -26.597 39.035
v 3.715 -26.059 39.035
v 4.368 -25.404 39.035
v 4.853 -24.656 39.035
v 5.152 -23.844 39.035
v 5.253 -23.000 39.035
v 5.152 -22.156 39.035
v 4.853 -21.344 39.035
v 4.368 -20.596 39.035
v 3.715 -19.941 39.035
v 2.919 -19.403 39.035
v 2.010 -19.003 39.035
v 1.025 -18.757 39.035
v 0.000 -18.674 39.035
v -1.025 -18.757 39.035
v -2.010 -19.003 39.035
v -2.919 -19.403 39.035
v -3.715 -19.941 39.035
v -4.368 -20.596 39.035
v -4.853 -21.344 39.035
v -5.152 -22.156 39.035
v -5.253 -23.000 39.035
v -7.718 -23.000 38.465
v -7.570 -24.240 38.465
v -7.130 -25.432 38.465
v -6.417 -26.531 38.465
v -5.457 -27.494 38.465
v -4.288 -28.285 38.465
v -2.953 -28.872 38.465
v -1.506 -29.234 38.465
v -0.000 -29.356 38.465
v 1.506 -29.234 38.465
v 2.953 -28.872 38.465
v 4.288 -28.285 38.465
v 5.457 -27.494 38.465
v 6.417 -26.531 38.465
v 7.130 -25.432 38.465
v 7.570 -24.240 38.465
v 7.718 -23.000 38.465
v 7.570 -21.760 38.465
v 7.130 -20.568 38.465
v 6.417 -19.469 38.465
v 5.457 -18.506 38.465
v 4.288 -17.715 38.465
v 2.953 -17.128 38.465
v 1.506 -16.766 38.465
v 0.000 -16.644 38.465
v -1.506 -16.766 38.465
v -2.953 -17.128 38.465
v -4.288 -17.715 38.465
v -5.457 -18.506 38.465
v -6.417 -19.469 38.465
v -7.130 -20.568 38.465
v -7.570 -21.760 38.465
v -7.718 -23.000 38.465
v -9.992 -23.000 37.686
v -9.800 -24.605 37.686
v -9.232 -26.149 37.686
v -8.308 -27.572 37.686
v -7.066 -28.819 37.686
v -5.551 -29.842 37.686
v -3.824 -30.603 37.686
v -1.949 -31.071 37.686
v -0.000 -31.229 37.686
v 1.949 -31.071 37.686
v 3.824 -30.603 37.686
v 5.551 -29.842 37.686
v 7.066 -28.819 37.686
v 8.308 -27.572 37.686
v 9.232 -26.149 37.686
v 9.800 -24.605 37.686
v 9.992 -23.000 37.686
v 9.800 -21.395 37.686
v 9.232 -19.851 37.686
v 8.308 -18.428 37.686
v 7.066 -17.181 37.686
v 5.551 -16.158 37.686
v 3.824 -15.397 37.686
v 1.949 -14.929 37.686
v 0.000 -14.771 37.686
v -1.949 -14.929 37.686
v -3.824 -15.397 37.686
v -5.551 -16.158 37.686
v -7.066 -17.181 37.686
v -8.308 -18.428 37.686
v -9.232 -19.851 37.686
v -9.800 -21.395 37.686
v -9.992 -23.000 37.686
v -12.021 -23.000 36.718
v -11.790 -24.931 36.718
v -11.106 -26.788 36.718
v -9.995 -28.500 36.718
v -8.500 -30.000 36.718
v -6.678 -31.231 36.718
v -4.600 -32.146 36.718
v -2.345 -32.709 36.718
v -0.000 -32.899 36.718
v 2.345 -32.709 36.718
v 4.600 -32.146 36.718
v 6.678 -31.231 36.718
v 8.500 -30.000 36.718
v 9.995 -28.500 36.718
v 11.106 -26.788 36.718
v 11.790 -24.931 36.718
v 12.021 -23.000 36.718
v 11.790 -21.069 36.718
v 11.106 -19.212 36.718
v 9.995 -17.500 36.718
v 8.500 -16.000 36.718
v 6.678 -14.769 36.718
v 4.600 -13.854 36.718
v 2.345 -13.291 36.718
v 0.000 -13.101 36.718
v -2.345 -13.291 36.718
v -4.600 -13.854 36.718
v -6.678 -14.769 36.718
v -8.500 -16.000 36.718
v -9.995 -17.500 36.718
v -11.106 -19.212 36.718
v -11.790 -21.069 36.718
v -12.021 -23.000 36.718
v -13.753 -23.000 35.584
v -13.489 -25.210 35.584
v -12.706 -27.334 35.584
v -11.435 -29.293 35.584
v -9.725 -31.009 35.584
v -7.641 -32.417 35.584
v -5.263 -33.464 35.584
v -2.683 -34.109 35.584
v -0.000 -34.326 35.584
v 2.683 -34.109 35.584
v 5.263 -33.464 35.584
v 7.641 -32.417 35.584
v 9.725 -31.009 35.584
v 11.435 -29.293 35.584
v 12.706 -27.334 35.584
v 13.489 -25.210 35.584
v 13.753 -23.000 35.584
v 13.489 -20.790 35.584
v 12.706 -18.666 35.584
v 11.435 -16.707 35.584
v 9.725 -14.991 35.584
v 7.641 -13.583 35.584
v 5.263 -12.536 35.584
v 2.683 -11.891 35.584
v 0.000 -11.674 35.584
v -2.683 -11.891 35.584
v -5.263 -12.536 35.584
v -7.641 -13.583 35.584
v -9.725 -14.991 35.584
v -11.435 -16.707 35.584
v -12.706 -18.666 35.584
v -13.489 -20.790 35.584
v -13.753 -23.000 35.584
v -15.147 -23.000 34.313
v -14.856 -25.434 34.313
v -13.994 -27.774 34.313
v -12.594 -29.930 34.313
v -10.711 -31.821 34.313
v -8.415 -33.372 34.313
v -5.797 -34.525 34.313
v -2.955 -35.234 34.313
v -0.000 -35.474 34.313
v 2.955 -35.234 34.313
v 5.797 -34.525 34.313
v 8.415 -33.372 34.313
v 10.711 -31.821 34.313
v 12.594 -29.930 34.313
v 13.994 -27.774 34.313
v 14.856 -25.434 34.313
v 15.147 -23.000 34.313
v 14.856 -20.566 34.313
v 13.994 -18.226 34.313
v 12.594 -16.070 34.313
v 10.711 -14.179 34.313
v 8.415 -12.628 34.313
v 5.797 -11.475 34.313
v 2.955 -10.766 34.313
v 0.000 -10.526 34.313
v -2.955 -10.766 34.313
v -5.797 -11.475 34.313
v -8.415 -12.628 34.313
v -10.711 -14.179 34.313
v -12.594 -16.070 34.313
v -13.994 -18.226 34.313
v -14.856 -20.566 34.313
v -15.147 -23.000 34.313
v -16.168 -23.000 32.936
v -15.857 -25.598 32.936
v -14.937 -28.095 32.936
v -13.443 -30.397 32.936
v -11.432 -32.415 32.936
v -8.982 -34.071 32.936
v -6.187 -35.301 32.936
v -3.154 -36.059 32.936
v -0.000 -36.315 32.936
v 3.154 -36.059 32.936
v 6.187 -35.301 32.936
v 8.982 -34.071 32.936
v 11.432 -32.415 32.936
v 13.443 -30.397 32.936
v 14.937 -28.095 32.936
v 15.857 -25.598 32.936
v 16.168 -23.000 32.936
v 15.857 -20.402 32.936
v 14.937 -17.905 32.936
v 13.443 -15.603 32.936
v 11.432 -13.585 32.936
v 8.982 -11.929 32.936
v 6.187 -10.699 32.936
v 3.154 -9.941 32.936
v 0.000 -9.685 32.936
v -3.154 -9.941 32.936
v -6.187 -10.699 32.936
v -8.982 -11.929 32.936
v -11.432 -13.585 32.936
v -13.443 -15.603 32.936
v -14.937 -17.905 32.936
v -15.857 -20.402 32.936
v -16.168 -23.000 32.936
v -16.791 -23.000 31.486
v -16.468 -25.698 31.486
v -15.513 -28.292 31.486
v -13.961 -30.682 31.486
v -11.873 -32.778 31.486
v -9.328 -34.497 31.486
v -6.426 -35.775 31.486
v -3.276 -36.562 31.486
v -0.000 -36.828 31.486
v 3.276 -36.562 31.486
v 6.426 -35.775 31.486
v 9.328 -34.497 31.486
v 11.873 -32.778 31.486
v 13.961 -30.682 31.486
v 15.513 -28.292 31.486
v 16.468 -25.698 31.486
v 16.791 -23.000 31.486
v 16.468 -20.302 31.486
v 15.513 -17.708 31.486
v 13.961 -15.318 31.486
v 11.873 -13.222 31.486
v 9.328 -11.503 31.486
v 6.426 -10.225 31.486
v 3.276 -9.438 31.486
v 0.000 -9.172 31.486
v -3.276 -9.438 31.486
v -6.426 -10.225 31.486
v -9.328 -11.503 31.486
v -11.873 -13.222 31.486
v -13.961 -15.318 31.486
v -15.513 -17.708 31.486
v -16.468 -20.302 31.486
v -16.791 -23.000 31.486
v -17.000 -23.000 30.000
v -16.673 -25.731 30.000
v -15.706 -28.358 30.000
v -14.135 -30.778 30.000
v -12.021 -32.899 30.000
v -9.445 -34.641 30.000
v -6.506 -35.934 30.000
v -3.317 -36.731 30.000
v -0.000 -37.000 30.000
v 3.317 -36.731 30.000
v 6.506 -35.934 30.000
v 9.445 -34.641 30.000
v 12.021 -32.899 30.000
v 14.135 -30.778 30.000
v 15.706 -28.358 30.000
v 16.673 -25.731 30.000
v 17.000 -23.000 30.000
v 16.673 -20.269 30.000
v 15.706 -17.642 30.000
v 14.135 -15.222 30.000
v 12.021 -13.101 30.000
v 9.445 -11.359 30.000
v 6.506 -10.066 30.000
v 3.317 -9.269 30.000
v 0.000 -9.000 30.000
v -3.317 -9.269 30.000
v -6.506 -10.066 30.000
v -9.445 -11.359 30.000
v -12.021 -13.101 30.000
v -14.135 -15.222 30.000
v -15.706 -17.642 30.000
v -16.673 -20.269 30.000
v -17.000 -23.000 30.000
v -16.791 -23.000 28.514
v -16.468 -25.698 28.514
v -15.513 -28.292 28.514
v -13.961 -30.682 28.514
v -11.873 -32.778 28.514
v -9.328 -34.497 28.514
v -6.426 -35.775 28.514
v -3.276 -36.562 28.514
v -0.000 -36.828 28.514
v 3.276 -36.562 28.514
v 6.426 -35.775 28.514
v 9.328 -34.497 28.514
v 11.873 -32.778 28.514
v 13.961 -30.682 28.514
v 15.513 -28.292 28.514
v 16.468 -25.698 28.514
v 16.791 -23.000 28.514
v 16.468 -20.302 28.514
v 15.513 -17.708 28.514
v 13.961 -15.318 28.514
v 11.873 -13.222 28.514
v 9.328 -11.503 28.514
v 6.426 -10.225 28.514
v 3.276 -9.438 28.514
v 0.000 -9.172 28.514
v -3.276 -9.438 28.514
v -6.426 -10.225 28.514
v -9.328 -11.503 28.514
v -11.873 -13.222 28.514
v -13.961 -15.318 28.514
v -15.513 -17.708 28.514
v -16.468 -20.302 28.514
v -16.791 -23.000 28.514
v -16.168 -23.000 27.064
v -15.857 -25.598 27.064
v -14.937 -28.095 27.064
v -13.443 -30.397 27.064
v -11.432 -32.415 27.064
v -8.982 -34.071 27.064
v -6.187 -35.301 27.064
v -3.154 -36.059 27.064
v -0.000 -36.315 27.064
v 3.154 -36.059 27.064
v 6.187 -35.301 27.064
v 8.982 -34.071 27.064
v 11.432 -32.415 27.064
v 13.443 -30.397 27.064
v 14.937 -28.095 27.064
v 15.857 -25.598 27.064
v 16.168 -23.000 27.064
v 15.857 -20.402 27.064
v 14.937 -17.905 27.064
v 13.443 -15.603 27.064
v 11.432 -13.585 27.064
v 8.982 -11.929 27.064
v 6.187 -10.699 27.064
v 3.154 -9.941 27.064
v 0.000 -9.685 27.064
v -3.154 -9.941 27.064
v -6.187 -10.699 27.064
v -8.982 -11.929 27.064
v -11.432 -13.585 27.064
v -13.443 -15.603 27.064
v -14.937 -17.905 27.064
v -15.857 -20.402 27.064
v -16.168 -23.000 27.064
v -15.147 -23.000 25.687
v -14.856 -25.434 25.687
v -13.994 -27.774 25.687
v -12.594 -29.930 25.687
v -10.711 -31.821 25.687
v -8.415 -33.372 25.687
v -5.797 -34.525 25.687
v -2.955 -35.234 25.687
v -0.000 -35.474 25.687
v 2.955 -35.234 25.687
v 5.797 -34.525 25.687
v 8.415 -33.372 25.687
v 10.711 -31.821 25.687
v 12.594 -29.930 25.687
v 13.994 -27.774 25.687
v 14.856 -25.434 25.687
v 15.147 -23.000 25.687
v 14.856 -20.566 25.687
v 13.994 -18.226 25.687
v 12.594 -16.070 25.687
v 10.711 -14.179 25.687
v 8.415 -12.628 25.687
v 5.797 -11.475 25.687
v 2.955 -10.766 25.687
v 0.000 -10.526 25.687
v -2.955 -10.766 25.687
v -5.797 -11.475 25.687
v -8.415 -12.628 25.687
v -10.711 -14.179 25.687
v -12.594 -16.070 25.687
v -13.994 -18.226 25.687
v -14.856 -20.566 25.687
v -15.147 -23.000 25.687
v -13.753 -23.000 24.416
v -13.489 -25.210 24.416
v -12.706 -27.334 24.416
v -11.435 -29.293 24.416
v -9.725 -31.009 24.416
v -7.641 -32.417 24.416
v -5.263 -33.464 24.416
v -2.683 -34.109 24.416
v -0.000 -34.326 24.416
v 2.683 -34.109 24.416
v 5.263 -33.464 24.416
v 7.641 -32.417 24.416
v 9.725 -31.009 24.416
v 11.435 -29.293 24.416
v 12.706 -27.334 24.416
v 13.489 -25.210 24.416
v 13.753 -23.000 24.416
v 13.489 -20.790 24.416
v 12.706 -18.666 24.416
v 11.435 -16.707 24.416
v 9.725 -14.991 24.416
v 7.641 -13.583 24.416
v 5.263 -12.536 24.416
v 2.683 -11.891 24.416
v 0.000 -11.674 24.416
v -2.683 -11.891 24.416
v -5.263 -12.536 24.416
v -7.641 -13.583 24.416
v -9.725 -14.991 24.416
v -11.435 -16.707 24.416
v -12.706 -18.666 24.416
v -13.489 -20.790 24.416
v -13.753 -23.000 24.416
v -12.021 -23.000 23.282
v -11.790 -24.931 23.282
v -11.106 -26.788 23.282
v -9.995 -28.500 23.282
v -8.500 -30.000 23.282
v -6.678 -31.231 23.282
v -4.600 -32.146 23.282
v -2.345 -32.709 23.282
v -0.000 -32.899 23.282
v 2.345 -32.709 23.282
v 4.600 -32.146 23.282
v 6.678 -31.231 23.282
v 8.500 -30.000 23.282
v 9.995 -28.500 23.282
v 11.106 -26.788 23.282
v 11.790 -24.931 23.282
v 12.021 -23.000 23.282
v 11.790 -21.069 23.282
v 11.106 -19.212 23.282
v 9.995 -17.500 23.282
v 8.500 -16.000 23.282
v 6.678 -14.769 23.282
v 4.600 -13.854 23.282
v 2.345 -13.291 23.282
v 0.000 -13.101 23.282
v -2.345 -13.291 23.282
v -4.600 -13.854 23.282
v -6.678 -14.769 23.282
v -8.500 -16.000 23.282
v -9.995 -17.500 23.282
v -11.106 -19.212 23.282
v -11.790 -21.069 23.282
v -12.021 -23.000 23.282
v -9.992 -23.000 22.314
v -9.800 -24.605 22.314
v -9.232 -26.149 22.314
v -8.308 -27.572 22.314
v -7.066 -28.819 22.314
v -5.551 -29.842 22.314
v -3.824 -30.603 22.314
v -1.949 -31.071 22.314
v -0.000 -31.229 22.314
v 1.949 -31.071 22.314
v 3.824 -30.603 22.314
v 5.551 -29.842 22.314
v 7.066 -28.819 22.314
v 8.308 -27.572 22.314
v 9.232 -26.149 22.314
v 9.800 -24.605 22.314
v 9.992 -23.000 22.314
v 9.800 -21.395 22.314
v 9.232 -19.851 22.314
v 8.308 -18.428 22.314
v 7.066 -17.181 22.314
v 5.551 -16.158 22.314
v 3.824 -15.397 22.314
v 1.949 -14.929 22.314
v 0.000 -14.771 22.314
v -1.949 -14.929 22.314
v -3.824 -15.397 22.314
v -5.551 -16.158 22.314
v -7.066 -17.181 22.314
v -8.308 -18.428 22.314
v -9.232 -19.851 22.314
v -9.800 -21.395 22.314
v -9.992 -23.000 22.314
v -7.718 -23.000 21.535
v -7.570 -24.240 21.535
v -7.130 -25.432 21.535
v -6.417 -26.531 21.535
v -5.457 -27.494 21.535
v -4.288 -28.285 21.535
v -2.953 -28.872 21.535
v -1.506 -29.234 21.535
v -0.000 -29.356 21.535
v 1.506 -29.234 21.535
v 2.953 -28.872 21.535
v 4.288 -28.285 21.535
v 5.457 -27.494 21.535
v 6.417 -26.531 21.535
v 7.130 -25.432 21.535
v 7.570 -24.240 21.535
v 7.718 -23.000 21.535
v 7.570 -21.760 21.535
v 7.130 -20.568 21.535
v 6.417 -19.469 21.535
v 5.457 -18.506 21.535
v 4.288 -17.715 21.535
v 2.953 -17.128 21.535
v 1.506 -16.766 21.535
v 0.000 -16.644 21.535
v -1.506 -16.766 21.535
v -2.953 -17.128 21.535
v -4.288 -17.715 21.535
v -5.457 -18.506 21.535
v -6.417 -19.469 21.535
v -7.130 -20.568 21.535
v -7.570 -21.760 21.535
v -7.718 -23.000 21.535
v -5.253 -23.000 20.965
v -5.152 -23.844 20.965
v -4.853 -24.656 20.965
v -4.368 -25.404 20.965
v -3.715 -26.059 20.965
v -2.919 -26.597 20.965
v -2.010 -26.997 20.965
v -1.025 -27.243 20.965
v -0.000 -27.326 20.965
v 1.025 -27.243 20.965
v 2.010 -26.997 20.965
v 2.919 -26.597 20.965
v 3.715 -26.059 20.965
v 4.368 -25.404 20.965
v 4.853 -24.656 20.965
v 5.152 -23.844 20.965
v 5.253 -23.000 20.965
v 5.152 -22.156 20.965
v 4.853 -21.344 20.965
v 4.368 -20.596 20.965
v 3.715 -19.941 20.965
v 2.919 -19.403 20.965
v 2.010 -19.003 20.965
v 1.025 -18.757 20.965
v 0.000 -18.674 20.965
v -1.025 -18.757 20.965
v -2.010 -19.003 20.965
v -2.919 -19.403 20.965
v -3.715 -19.941 20.965
v -4.368 -20.596 20.965
v -4.853 -21.344 20.965
v -5.152 -22.156 20.965
v -5.253 -23.000 20.965
v -2.659 -23.000 20.617
v -2.608 -23.427 20.617
v -2.457 -23.838 20.617
v -2.211 -24.217 20.617
v -1.880 -24.549 20.617
v -1.477 -24.821 20.617
v -1.018 -25.023 20.617
v -0.519 -25.148 20.617
v -0.000 -25.190 20.617
v 0.519 -25.148 20.617
v 1.018 -25.023 20.617
v 1.477 -24.821 20.617
v 1.880 -24.549 20.617
v 2.211 -24.217 20.617
v 2.457 -23.838 20.617
v 2.608 -23.427 20.617
v 2.659 -23.000 20.617
v 2.608 -22.573 20.617
v 2.457 -22.162 20.617
v 2.211 -21.783 20.617
v 1.880 -21.451 20.617
v 1.477 -21.179 20.617
v 1.018 -20.977 20.617
v 0.519 -20.852 20.617
v 0.000 -20.810 20.617
v -0.519 -20.852 20.617
v -1.018 -20.977 20.617
v -1.477 -21.179 20.617
v -1.880 -21.451 20.617
v -2.211 -21.783 20.617
v -2.457 -22.162 20.617
v -2.608 -22.573 20.617
v -2.659 -23.000 20.617
v -0.000 -23.000 20.500
v -0.000 -23.000 20.500
v -0.000 -23.000 20.500
v -0.000 -23.000 20.500
v -0.000 -23.000 20.500
v -0.000 -23.000 20.500
v -0.000 -23.000 20.500
v -0.000 -23.000 20.500
v -0.000 -23.000 20.500
v 0.000 -23.000 20.500
v 0.000 -23.000 20.500
v 0.000 -23.000 20.500
v 0.000 -23.000 20.500
v 0.000 -23.000 20.500
v 0.000 -23.000 20.500
v 0.000 -23.000 20.500
v 0.000 -23.000 20.500
v 0.000 -23.000 20.500
v 0.000 -23.000 20.500
v 0.000 -23.000 20.500
v 0.000 -23.000 20.500
v 0.000 -23.000 20.500
v 0.000 -23.000 20.500
v 0.000 -23.000 20.500
v 0.000 -23.000 20.500
v -0.000 -23.000 20.500
v -0.000 -23.000 20.500
v -0.000 -23.000 20.500
v -0.000 -23.000 20.500
v -0.000 -23.000 20.500
v -0.000 -23.000 20.500
v -0.000 -23.000 20.500
v -0.000 -23.000 20.500
vt 0.01563 1.00000
vt 0.04688 1.00000
vt 0.07813 1.00000
vt 0.10938 1.00000
vt 0.14063 1.00000
vt 0.17188 1.00000
vt 0.20313 1.00000
vt 0.23438 1.00000
vt 0.26563 1.00000
vt 0.29688 1.00000
vt 0.32813 1.00000
vt 0.35938 1.00000
vt 0.39063 1.00000
vt 0.42188 1.00000
vt 0.45313 1.00000
vt 0.48438 1.00000
vt 0.51563 1.00000
vt 0.54688 1.00000
vt 0.57813 1.00000
vt 0.60938 1.00000
vt 0.64063 1.00000
vt 0.67188 1.00000
vt 0.70313 1.00000
vt 0.73438 1.00000
vt 0.76563 1.00000
vt 0.79688 1.00000
vt 0.82813 1.00000
vt 0.85938 1.00000
vt 0.89063 1.00000
vt 0.92188 1.00000
vt 0.95313 1.00000
vt 0.98438 1.00000
vt 1.01563 1.00000
vt 0.00000 0.95000
vt 0.03125 0.95000
vt 0.06250 0.95000
vt 0.09375 0.95000
vt 0.12500 0.95000
vt 0.15625 0.95000
vt 0.18750 0.95000
vt 0.21875 0.95000
vt 0.25000 0.95000
vt 0.28125 0.95000
vt 0.31250 0.95000
vt 0.34375 0.95000
vt 0.37500 0.95000
vt 0.40625 0.95000
vt 0.43750 0.95000
vt 0.46875 0.95000
vt 0.50000 0.95000
vt 0.53125 0.95000
vt 0.56250 0.95000
vt 0.59375 0.95000
vt 0.62500 0.95000
vt 0.65625 0.95000
vt 0.68750 0.95000
vt 0.71875 0.95000
vt 0.75000 0.95000
vt 0.78125 0.95000
vt 0.81250 0.95000
vt 0.84375 0.95000
vt 0.87500 0.95000
vt 0.90625 0.95000
vt 0.93750 0.95000
vt 0.96875 0.95000
vt 1.00000 0.95000
vt 0.00000 0.90000
vt 0.03125 0.90000
vt 0.06250 0.90000
vt 0.09375 0.90000
vt 0.12500 0.90000
vt 0.15625 0.90000
vt 0.18750 0.90000
vt 0.21875 0.90000
vt 0.25000 0.90000
vt 0.28125 0.90000
vt 0.31250 0.90000
vt 0.34375 0.90000
vt 0.37500 0.90000
vt 0.40625 0.90000
vt 0.43750 0.90000
vt 0.46875 0.90000
vt 0.50000 0.90000
vt 0.53125 0.90000
vt 0.56250 0.90000
vt 0.59375 0.90000
vt 0.62500 0.90000
vt 0.65625 0.90000
vt 0.68750 0.90000
vt 0.71875 0.90000
vt 0.75000 0.90000
vt 0.78125 0.90000
vt 0.81250 0.90000
vt 0.84375 0.90000
vt 0.87500 0.90000
vt 0.90625 0.90000
vt 0.93750 0.90000
vt 0.96875 0.90000
vt 1.00000 0.90000
vt 0.00000 0.85000
vt 0.03125 0.85000
vt 0.06250 0.85000
vt 0.09375 0.85000
vt 0.12500 0.85000
vt 0.15625 0.85000
vt 0.18750 0.85000
vt 0.21875 0.85000
vt 0.25000 0.85000
vt 0.28125 0.85000
vt 0.31250 0.85000
vt 0.34375 0.85000
vt 0.37500 0.85000
vt 0.40625 0.85000
vt 0.43750 0.85000
vt 0.46875 0.85000
vt 0.50000 0.85000
vt 0.53125 0.85000
vt 0.56250 0.85000
vt 0.59375 0.85000
vt 0.62500 0.85000
vt 0.65625 0.85000
vt 0.68750 0.85000
vt 0.71875 0.85000
vt 0.75000 0.85000
vt 0.78125 0.85000
vt 0.81250 0.85000
vt 0.84375 0.85000
vt 0.87500 0.85000
vt 0.90625 0.85000
vt 0.93750 0.85000
vt 0.96875 0.85000
vt 1.00000 0.85000
vt 0.00000 0.80000
vt 0.03125 0.80000
vt 0.06250 0.80000
vt 0.09375 0.80000
vt 0.12500 0.80000
vt 0.15625 0.80000
vt 0.18750 0.80000
vt 0.21875 0.80000
vt 0.25000 0.80000
vt 0.28125 0.80000
vt 0.31250 0.80000
vt 0.34375 0.80000
vt 0.37500 0.80000
vt 0.40625 0.80000
vt 0.43750 0.80000
vt 0.46875 0.80000
vt 0.50000 0.80000
vt 0.53125 0.80000
vt 0.56250 0.80000
vt 0.59375 0.80000
vt 0.62500 0.80000
vt 0.65625 0.80000
vt 0.68750 0.80000
vt 0.71875 0.80000
vt 0.75000 0.80000
vt 0.78125 0.80000
vt 0.81250 0.80000
vt 0.84375 0.80000
vt 0.87500 0.80000
vt 0.90625 0.80000
vt 0.93750 0.80000
vt 0.96875 0.80000
vt 1.00000 0.80000
vt 0.00000 0.75000
vt 0.03125 0.75000
vt 0.06250 0.75000
vt 0.09375 0.75000
vt 0.12500 0.75000
vt 0.15625 0.75000
vt 0.18750 0.75000
vt 0.21875 0.75000
vt 0.25000 0.75000
vt 0.28125 0.75000
vt 0.31250 0.75000
vt 0.34375 0.75000
vt 0.37500 0.75000
vt 0.40625 0.75000
vt 0.43750 0.75000
vt 0.46875 0.75000
vt 0.50000 0.75000
vt 0.53125 0.75000
vt 0.56250 0.75000
vt 0.59375 0.75000
vt 0.62500 0.75000
vt 0.65625 0.75000
vt 0.68750 0.75000
vt 0.71875 0.75000
vt 0.75000 0.75000
vt 0.78125 0.75000
vt 0.81250 0.75000
vt 0.84375 0.75000
vt 0.87500 0.75000
vt 0.90625 0.75000
vt 0.93750 0.75000
vt 0.96875 0.75000
vt 1.00000 0.75000
vt 0.00000 0.70000
vt 0.03125 0.70000
vt 0.06250 0.70000
vt 0.09375 0.70000
vt 0.12500 0.70000
vt 0.15625 0.70000
vt 0.18750 0.70000
vt 0.21875 0.70000
vt 0.25000 0.70000
vt 0.28125 0.70000
vt 0.31250 0.70000
vt 0.34375 0.70000
vt 0.37500 0.70000
vt 0.40625 0.70000
vt 0.43750 0.70000
vt 0.46875 0.70000
vt 0.50000 0.70000
vt 0.53125 0.70000
vt 0.56250 0.70000
vt 0.59375 0.70000
vt 0.62500 0.70000
vt 0.65625 0.70000
vt 0.68750 0.70000
vt 0.71875 0.70000
vt 0.75000 0.70000
vt 0.78125 0.70000
vt 0.81250 0.70000
vt 0.84375 0.70000
vt 0.87500 0.70000
vt 0.90625 0.70000
vt 0.93750 0.70000
vt 0.96875 0.70000
vt 1.00000 0.70000
vt 0.00000 0.65000
vt 0.03125 0.65000
vt 0.06250 0.65000
vt 0.09375 0.65000
vt 0.12500 0.65000
vt 0.15625 0.65000
vt 0.18750 0.65000
vt 0.21875 0.65000
vt 0.25000 0.65000
vt 0.28125 0.65000
vt 0.31250 0.65000
vt 0.34375 0.65000
vt 0.37500 0.65000
vt 0.40625 0.65000
vt 0.43750 0.65000
vt 0.46875 0.65000
vt 0.50000 0.65000
vt 0.53125 0.65000
vt 0.56250 0.65000
vt 0.59375 0.65000
vt 0.62500 0.65000
vt 0.65625 0.65000
vt 0.68750 0.65000
vt 0.71875 0.65000
vt 0.75000 0.65000
vt 0.78125 0.65000
vt 0.81250 0.65000
vt 0.84375 0.65000
vt 0.87500 0.65000
vt 0.90625 0.65000
vt 0.93750 0.65000
vt 0.96875 0.65000
vt 1.00000 0.65000
vt 0.00000 0.60000
vt 0.03125 0.60000
vt 0.06250 0.60000
vt 0.09375 0.60000
vt 0.12500 0.60000
vt 0.15625 0.60000
vt 0.18750 0.60000
vt 0.21875 0.60000
vt 0.25000 0.60000
vt 0.28125 0.60000
vt 0.31250 0.60000
vt 0.34375 0.60000
vt 0.37500 0.60000
vt 0.40625 0.60000
vt 0.43750 0.60000
vt 0.46875 0.60000
vt 0.50000 0.60000
vt 0.53125 0.60000
vt 0.56250 0.60000
vt 0.59375 0.60000
vt 0.62500 0.60000
vt 0.65625 0.60000
vt 0.68750 0.60000
vt 0.71875 0.60000
vt 0.75000 0.60000
vt 0.78125 0.60000
vt 0.81250 0.60000
vt 0.84375 0.60000
vt 0.87500 0.60000
vt 0.90625 0.60000
vt 0.93750 0.60000
vt 0.96875 0.60000
vt 1.00000 0.60000
vt 0.00000 0.55000
vt 0.03125 0.55000
vt 0.06250 0.55000
vt 0.09375 0.55000
vt 0.12500 0.55000
vt 0.15625 0.55000
vt 0.18750 0.55000
vt 0.21875 0.55000
vt 0.25000 0.55000
vt 0.28125 0.55000
vt 0.31250 0.55000
vt 0.34375 0.55000
vt 0.37500 0.55000
vt 0.40625 0.55000
vt 0.43750 0.55000
vt 0.46875 0.55000
vt 0.50000 0.55000
vt 0.53125 0.55000
vt 0.56250 0.55000
vt 0.59375 0.55000
vt 0.62500 0.55000
vt 0.65625 0.55000
vt 0.68750 0.55000
vt 0.71875 0.55000
vt 0.75000 0.55000
vt 0.78125 0.55000
vt 0.81250 0.55000
vt 0.84375 0.55000
vt 0.87500 0.55000
vt 0.90625 0.55000
vt 0.93750 0.55000
vt 0.96875 0.55000
vt 1.00000 0.55000
vt 0.00000 0.50000
vt 0.03125 0.50000
vt 0.06250 0.50000
vt 0.09375 0.50000
vt 0.12500 0.50000
vt 0.15625 0.50000
vt 0.18750 0.50000
vt 0.21875 0.50000
vt 0.25000 0.50000
vt 0.28125 0.50000
vt 0.31250 0.50000
vt 0.34375 0.50000
vt 0.37500 0.50000
vt 0.40625 0.50000
vt 0.43750 0.50000
vt 0.46875 0.50000
vt 0.50000 0.50000
vt 0.53125 0.50000
vt 0.56250 0.50000
vt 0.59375 0.50000
vt 0.62500 0.50000
vt 0.65625 0.50000
vt 0.68750 0.50000
vt 0.71875 0.50000
vt 0.75000 0.50000
vt 0.78125 0.50000
vt 0.81250 0.50000
vt 0.84375 0.50000
vt 0.87500 0.50000
vt 0.90625 0.50000
vt 0.93750 0.50000
vt 0.96875 0.50000
vt 1.00000 0.50000
vt 0.00000 0.45000
vt 0.03125 0.45000
vt 0.06250 0.45000
vt 0.09375 0.45000
vt 0.12500 0.45000
vt 0.15625 0.45000
vt 0.18750 0.45000
vt 0.21875 0.45000
vt 0.25000 0.45000
vt 0.28125 0.45000
vt 0.31250 0.45000
vt 0.34375 0.45000
vt 0.37500 0.45000
vt 0.40625 0.45000
vt 0.43750 0.45000
vt 0.46875 0.45000
vt 0.50000 0.45000
vt 0.53125 0.45000
vt 0.56250 0.45000
vt 0.59375 0.45000
vt 0.62500 0.45000
vt 0.65625 0.45000
vt 0.68750 0.45000
vt 0.71875 0.45000
vt 0.75000 0.45000
vt 0.78125 0.45000
vt 0.81250 0.45000
vt 0.84375 0.45000
vt 0.87500 0.45000
vt 0.90625 0.45000
vt 0.93750 0.45000
vt 0.96875 0.45000
vt 1.00000 0.45000
vt 0.00000 0.40000
vt 0.03125 0.40000
vt 0.06250 0.40000
vt 0.09375 0.40000
vt 0.12500 0.40000
vt 0.15625 0.40000
vt 0.18750 0.40000
vt 0.21875 0.40000
vt 0.25000 0.40000
vt 0.28125 0.40000
vt 0.31250 0.40000
vt 0.34375 0.40000
vt 0.37500 0.40000
vt 0.40625 0.40000
vt 0.43750 0.40000
vt 0.46875 0.40000
vt 0.50000 0.40000
vt 0.53125 0.40000
vt 0.56250 0.40000
vt 0.59375 0.40000
vt 0.62500 0.40000
vt 0.65625 0.40000
vt 0.68750 0.40000
vt 0.71875 0.40000
vt 0.75000 0.40000
vt 0.78125 0.40000
vt 0.81250 0.40000
vt 0.84375 0.40000
vt 0.87500 0.40000
vt 0.90625 0.40000
vt 0.93750 0.40000
vt 0.96875 0.40000
vt 1.00000 0.40000
vt 0.00000 0.35000
vt 0.03125 0.35000
vt 0.06250 0.35000
vt 0.09375 0.35000
vt 0.12500 0.35000
vt 0.15625 0.35000
vt 0.18750 0.35000
vt 0.21875 0.35000
vt 0.25000 0.35000
vt 0.28125 0.35000
vt 0.31250 0.35000
vt 0.34375 0.35000
vt 0.37500 0.35000
vt 0.40625 0.35000
vt 0.43750 0.35000
vt 0.46875 0.35000
vt 0.50000 0.35000
vt 0.53125 0.35000
vt 0.56250 0.35000
vt 0.59375 0.35000
vt 0.62500 0.35000
vt 0.65625 0.35000
vt 0.68750 0.35000
vt 0.71875 0.35000
vt 0.75000 0.35000
vt 0.78125 0.35000
vt 0.81250 0.35000
vt 0.84375 0.35000
vt 0.87500 0.35000
vt 0.90625 0.35000
vt 0.93750 0.35000
vt 0.96875 0.35000
vt 1.00000 0.35000
vt 0.00000 0.30000
vt 0.03125 0.30000
vt 0.06250 0.30000
vt 0.09375 0.30000
vt 0.12500 0.30000
vt 0.15625 0.30000
vt 0.18750 0.30000
vt 0.21875 0.30000
vt 0.25000 0.30000
vt 0.28125 0.30000
vt 0.31250 0.30000
vt 0.34375 0.30000
vt 0.37500 0.30000
vt 0.40625 0.30000
vt 0.43750 0.30000
vt 0.46875 0.30000
vt 0.50000 0.30000
vt 0.53125 0.30000
vt 0.56250 0.30000
vt 0.59375 0.30000
vt 0.62500 0.30000
vt 0.65625 0.30000
vt 0.68750 0.30000
vt 0.71875 0.30000
vt 0.75000 0.30000
vt 0.78125 0.30000
vt 0.81250 0.30000
vt 0.84375 0.30000
vt 0.87500 0.30000
vt 0.90625 0.30000
vt 0.93750 0.30000
vt 0.96875 0.30000
vt 1.00000 0.30000
vt 0.00000 0.25000
vt 0.03125 0.25000
vt 0.06250 0.25000
vt 0.09375 0.25000
vt 0.12500 0.25000
vt 0.15625 0.25000
vt 0.18750 0.25000
vt 0.21875 0.25000
vt 0.25000 0.25000
vt 0.28125 0.25000
vt 0.31250 0.25000
vt 0.34375 0.25000
vt 0.37500 0.25000
vt 0.40625 0.25000
vt 0.43750 0.25000
vt 0.46875 0.25000
vt 0.50000 0.25000
vt 0.53125 0.25000
vt 0.56250 0.25000
vt 0.59375 0.25000
vt 0.62500 0.25000
vt 0.65625 0.25000
vt 0.68750 0.25000
vt 0.71875 0.25000
vt 0.75000 0.25000
vt 0.78125 0.25000
vt 0.81250 0.25000
vt 0.84375 0.25000
vt 0.87500 0.25000
vt 0.90625 0.25000
vt 0.93750 0.25000
vt 0.96875 0.25000
vt 1.00000 0.25000
vt 0.00000 0.20000
vt 0.03125 0.20000
vt 0.06250 0.20000
vt 0.09375 0.20000
vt 0.12500 0.20000
vt 0.15625 0.20000
vt 0.18750 0.20000
vt 0.21875 0.20000
vt 0.25000 0.20000
vt 0.28125 0.20000
vt 0.31250 0.20000
vt 0.34375 0.20000
vt 0.37500 0.20000
vt 0.40625 0.20000
vt 0.43750 0.20000
vt 0.46875 0.20000
vt 0.50000 0.20000
vt 0.53125 0.20000
vt 0.56250 0.20000
vt 0.59375 0.20000
vt 0.62500 0.20000
vt 0.65625 0.20000
vt 0.68750 0.20000
vt 0.71875 0.20000
vt 0.75000 0.20000
vt 0.78125 0.20000
vt 0.81250 0.20000
vt 0.84375 0.20000
vt 0.87500 0.20000
vt 0.90625 0.20000
vt 0.93750 0.20000
vt 0.96875 0.20000
vt 1.00000 0.20000
vt 0.00000 0.15000
vt 0.03125 0.15000
vt 0.06250 0.15000
vt 0.09375 0.15000
vt 0.12500 0.15000
vt 0.15625 0.15000
vt 0.18750 0.15000
vt 0.21875 0.15000
vt 0.25000 0.15000
vt 0.28125 0.15000
vt 0.31250 0.15000
vt 0.34375 0.15000
vt 0.37500 0.15000
vt 0.40625 0.15000
vt 0.43750 0.15000
vt 0.46875 0.15000
vt 0.50000 0.15000
vt 0.53125 0.15000
vt 0.56250 0.15000
vt 0.59375 0.15000
vt 0.62500 0.15000
vt 0.65625 0.15000
vt 0.68750 0.15000
vt 0.71875 0.15000
vt 0.75000 0.15000
vt 0.78125 0.15000
vt 0.81250 0.15000
vt 0.84375 0.15000
vt 0.87500 0.15000
vt 0.90625 0.15000
vt 0.93750 0.15000
vt 0.96875 0.15000
vt 1.00000 0.15000
vt 0.00000 0.10000
vt 0.03125 0.10000
vt 0.06250 0.10000
vt 0.09375 0.10000
vt 0.12500 0.10000
vt 0.15625 0.10000
vt 0.18750 0.10000
vt 0.21875 0.10000
vt 0.25000 0.10000
vt 0.28125 0.10000
vt 0.31250 0.10000
vt 0.34375 0.10000
vt 0.37500 0.10000
vt 0.40625 0.10000
vt 0.43750 0.10000
vt 0.46875 0.10000
vt 0.50000 0.10000
vt 0.53125 0.10000
vt 0.56250 0.10000
vt 0.59375 0.10000
vt 0.62500 0.10000
vt 0.65625 0.10000
vt 0.68750 0.10000
vt 0.71875 0.10000
vt 0.75000 0.10000
vt 0.78125 0.10000
vt 0.81250 0.10000
vt 0.84375 0.10000
vt 0.87500 0.10000
vt 0.90625 0.10000
vt 0.93750 0.10000
vt 0.96875 0.10000
vt 1.00000 0.10000
vt 0.00000 0.05000
vt 0.03125 0.05000
vt 0.06250 0.05000
vt 0.09375 0.05000
vt 0.12500 0.05000
vt 0.15625 0.05000
vt 0.18750 0.05000
vt 0.21875 0.05000
vt 0.25000 0.05000
vt 0.28125 0.05000
vt 0.31250 0.05000
vt 0.34375 0.05000
vt 0.37500 0.05000
vt 0.40625 0.05000
vt 0.43750 0.05000
vt 0.46875 0.05000
vt 0.50000 0.05000
vt 0.53125 0.05000
vt 0.56250 0.05000
vt 0.59375 0.05000
vt 0.62500 0.05000
vt 0.65625 0.05000
vt 0.68750 0.05000
vt 0.71875 0.05000
vt 0.75000 0.05000
vt 0.78125 0.05000
vt 0.81250 0.05000
vt 0.84375 0.05000
vt 0.87500 0.05000
vt 0.90625 0.05000
vt 0.93750 0.05000
vt 0.96875 0.05000
vt 1.00000 0.05000
vt -0.01563 0.00000
vt 0.01563 0.00000
vt 0.04688 0.00000
vt 0.07813 0.00000
vt 0.10938 0.00000
vt 0.14063 0.00000
vt 0.17188 0.00000
vt 0.20313 0.00000
vt 0.23438 0.00000
vt 0.26563 0.00000
vt 0.29688 0.00000
vt 0.32813 0.00000
vt 0.35938 0.00000
vt 0.39063 0.00000
vt 0.42188 0.00000
vt 0.45313 0.00000
vt 0.48438 0.00000
vt 0.51563 0.00000
vt 0.54688 0.00000
vt 0.57813 0.00000
vt 0.60938 0.00000
vt 0.64063 0.00000
vt 0.67188 0.00000
vt 0.70313 0.00000
vt 0.73438 0.00000
vt 0.76563 0.00000
vt 0.79688 0.00000
vt 0.82813 0.00000
vt 0.85938 0.00000
vt 0.89063 0.00000
vt 0.92188 0.00000
vt 0.95313 0.00000
vt 0.98438 0.00000
f 859/859 892/892 893/893
f 860/860 893/893 894/894
f 861/861 894/894 895/895
f 862/862 895/895 896/896
f 863/863 896/896 897/897
f 864/864 897/897 898/898
f 865/865 898/898 899/899
f 866/866 899/899 900/900
f 867/867 900/900 901/901
f 868/868 901/901 902/902
f 869/869 902/902 903/903
f 870/870 903/903 904/904
f 871/871 904/904 905/905
f 872/872 905/905 906/906
f 873/873 906/906 907/907
f 874/874 907/907 908/908
f 875/875 908/908 909/909
f 876/876 909/909 910/910
f 877/877 910/910 911/911
f 878/878 911/911 912/912
f 879/879 912/912 913/913
f 880/880 913/913 914/914
f 881/881 914/914 915/915
f 882/882 915/915 916/916
f 883/883 916/916 917/917
f 884/884 917/917 918/918
f 885/885 918/918 919/919
f 886/886 919/919 920/920
f 887/887 920/920 921/921
f 888/888 921/921 922/922
f 889/889 922/922 923/923
f 890/890 923/923 924/924
f 893/893 892/892 926/926
f 892/892 925/925 926/926
f 894/894 893/893 927/927
f 893/893 926/926 927/927
f 895/895 894/894 928/928
f 894/894 927/927 928/928
f 896/896 895/895 929/929
f 895/895 928/928 929/929
f 897/897 896/896 930/930
f 896/896 929/929 930/930
f 898/898 897/897 931/931
f 897/897 930/930 931/931
f 899/899 898/898 932/932
f 898/898 931/931 932/932
f 900/900 899/899 933/933
f 899/899 932/932 933/933
f 901/901 900/900 934/934
f 900/900 933/933 934/934
f 902/902 901/901 935/935
f 901/901 934/934 935/935
f 903/903 902/902 936/936
f 902/902 935/935 936/936
f 904/904 903/903 937/937
f 903/903 936/936 937/937
f 905/905 904/904 938/938
f 904/904 937/937 938/938
f 906/906 905/905 939/939
f 905/905 938/938 939/939
f 907/907 906/906 940/940
f 906/906 939/939 940/940
f 908/908 907/907 941/941
f 907/907 940/940 941/941
f 909/909 908/908 942/942
f 908/908 941/941 942/942
f 910/910 909/909 943/943
f 909/909 942/942 943/943
f 911/911 910/910 944/944
f 910/910 943/943 944/944
f 912/912 911/911 945/945
f 911/911 944/944 945/945
f 913/913 912/912 946/946
f 912/912 945/945 946/946
f 914/914 913/913 947/947
f 913/913 946/946 947/947
f 915/915 914/914 948/948
f 914/914 947/947 948/948
f 916/916 915/915 949/949
f 915/915 948/948 949/949
f 917/917 916/916 950/950
f 916/916 949/949 950/950
f 918/918 917/917 951/951
f 917/917 950/950 951/951
f 919/919 918/918 952/952
f 918/918 951/951 952/952
f 920/920 919/919 953/953
f 919/919 952/952 953/953
f 921/921 920/920 954/954
f 920/920 953/953 954/954
f 922/922 921/921 955/955
f 921/921 954/954 955/955
f 923/923 922/922 956/956
f 922/922 955/955 956/956
f 924/924 923/923 957/957
f 923/923 956/956 957/957
f 926/926 925/925 959/959
f 925/925 958/958 959/959
f 927/927 926/926 960/960
f 926/926 959/959 960/960
f 928/928 927/927 961/961
f 927/927 960/960 961/961
f 929/929 928/928 962/962
f 928/928 961/961 962/962
f 930/930 929/929 963/963
f 929/929 962/962 963/963
f 931/931 930/930 964/964
f 930/930 963/963 964/964
f 932/932 931/931 965/965
f 931/931 964/964 965/965
f 933/933 932/932 966/966
f 932/932 965/965 966/966
f 934/934 933/933 967/967
f 933/933 966/966 967/967
f 935/935 934/934 968/968
f 934/934 967/967 968/968
f 936/936 935/935 969/969
f 935/935 968/968 969/969
f 937/937 936/936 970/970
f 936/936 969/969 970/970
f 938/938 937/937 971/971
f 937/937 970/970 971/971
f 939/939 938/938 972/972
f 938/938 971/971 972/972
f 940/940 939/939 973/973
f 939/939 972/972 973/973
f 941/941 940/940 974/974
f 940/940 973/973 974/974
f 942/942 941/941 975/975
f 941/941 974/974 975/975
f 943/943 942/942 976/976
f 942/942 975/975 976/976
f 944/944 943/943 977/977
f 943/943 976/976 977/977
f 945/945 944/944 978/978
f 944/944 977/977 978/978
f 946/946 945/945 979/979
f 945/945 978/978 979/979
f 947/947 946/946 980/980
f 946/946 979/979 980/980
f 948/948 947/947 981/981
f 947/947 980/980 981/981
f 949/949 948/948 982/982
f 948/948 981/981 982/982
f 950/950 949/949 983/983
f 949/949 982/982 983/983
f 951/951 950/950 984/984
f 950/950 983/983 984/984
f 952/952 951/951 985/985
f 951/951 984/984 985/985
f 953/953 952/952 986/986
f 952/952 985/985 986/986
f 954/954 953/953 987/987
f 953/953 986/986 987/987
f 955/955 954/954 988/988
f 954/954 987/987 988/988
f 956/956 955/955 989/989
f 955/955 988/988 989/989
f 957/957 956/956 990/990
f 956/956 989/989 990/990
f 959/959 958/958 992/992
f 958/958 991/991 992/992
f 960/960 959/959 993/993
f 959/959 992/992 993/993
f 961/961 960/960 994/994
f 960/960 993/993 994/994
f 962/962 961/961 995/995
f 961/961 994/994 995/995
f 963/963 962/962 996/996
f 962/962 995/995 996/996
f 964/964 963/963 997/997
f 963/963 996/996 997/997
f 965/965 964/964 998/998
f 964/964 997/997 998/998
f 966/966 965/965 999/999
f 965/965 998/998 999/999
f 967/967 966/966 1000/1000
f 966/966 999/999 1000/1000
f 968/968 967/967 1001/1001
f 967/967 1000/1000 1001/1001
f 969/969 968/968 1002/1002
f 968/968 1001/1001 1002/1002
f 970/970 969/969 1003/1003
f 969/969 1002/1002 1003/1003
f 971/971 970/970 1004/1004
f 970/970 1003/1003 1004/1004
f 972/972 971/971 1005/1005
f 971/971 1004/1004 1005/1005
f 973/973 972/972 1006/1006
f 972/972 1005/1005 1006/1006
f 974/974 973/973 1007/1007
f 973/973 1006/1006 1007/1007
f 975/975 974/974 1008/1008
f 974/974 1007/1007 1008/1008
f 976/976 975/975 1009/1009
f 975/975 1008/1008 1009/1009
f 977/977 976/976 1010/1010
f 976/976 1009/1009 1010/1010
f 978/978 977/977 1011/1011
f 977/977 1010/1010 1011/1011
f 979/979 978/978 1012/1012
f 978/978 1011/1011 1012/1012
f 980/980 979/979 1013/1013
f 979/979 1012/1012 1013/1013
f 981/981 980/980 1014/1014
f 980/980 1013/1013 1014/1014
f 982/982 981/981 1015/1015
f 981/981 1014/1014 1015/1015
f 983/983 982/982 1016/1016
f 982/982 1015/1015 1016/1016
f 984/984 983/983 1017/1017
f 983/983 1016/1016 1017/1017
f 985/985 984/984 1018/1018
f 984/984 1017/1017 1018/1018
f 986/986 985/985 1019/1019
f 985/985 1018/1018 1019/1019
f 987/987 986/986 1020/1020
f 986/986 1019/1019 1020/1020
f 988/988 987/987 1021/1021
f 987/987 1020/1020 1021/1021
f 989/989 988/988 1022/1022
f 988/988 1021/1021 1022/1022
f 990/990 989/989 1023/1023
f 989/989 1022/1022 1023/1023
f 992/992 991/991 1025/1025
f 991/991 1024/1024 1025/1025
f 993/993 992/992 1026/1026
f 992/992 1025/1025 1026/1026
f 994/994 993/993 1027/1027
f 993/993 1026/1026 1027/1027
f 995/995 994/994 1028/1028
f 994/994 1027/1027 1028/1028
f 996/996 995/995 1029/1029
f 995/995 1028/1028 1029/1029
f 997/997 996/996 1030/1030
f 996/996 1029/1029 1030/1030
f 998/998 997/997 1031/1031
f 997/997 1030/1030 1031/1031
f 999/999 998/998 1032/1032
f 998/998 1031/1031 1032/1032
f 1000/1000 999/999 1033/1033
f 999/999 1032/1032 1033/1033
f 1001/1001 1000/1000 1034/1034
f 1000/1000 1033/1033 1034/1034
f 1002/1002 1001/1001 1035/1035
f 1001/1001 1034/1034 1035/1035
f 1003/1003 1002/1002 1036/1036
f 1002/1002 1035/1035 1036/1036
f 1004/1004 1003/1003 1037/1037
f 1003/1003 1036/1036 1037/1037
f 1005/1005 1004/1004 1038/1038
f 1004/1004 1037/1037 1038/1038
f 1006/1006 1005/1005 1039/1039
f 1005/1005 1038/1038 1039/1039
f 1007/1007 1006/1006 1040/1040
f 1006/1006 1039/1039 1040/1040
f 1008/1008 1007/1007 1041/1041
f 1007/1007 1040/1040 1041/1041
f 1009/1009 1008/1008 1042/1042
f 1008/1008 1041/1041 1042/1042
f 1010/1010 1009/1009 1043/1043
f 1009/1009 1042/1042 1043/1043
f 1011/1011 1010/1010 1044/1044
f 1010/1010 1043/1043 1044/1044
f 1012/1012 1011/1011 1045/1045
f 1011/1011 1044/1044 1045/1045
f 1013/1013 1012/1012 1046/1046
f 1012/1012 1045/1045 1046/1046
f 1014/1014 1013/1013 1047/1047
f 1013/1013 1046/1046 1047/1047
f 1015/1015 1014/1014 1048/1048
f 1014/1014 1047/1047 1048/1048
f 1016/1016 1015/1015 1049/1049
f 1015/1015 1048/1048 1049/1049
f 1017/1017 1016/1016 1050/1050
f 1016/1016 1049/1049 1050/1050
f 1018/1018 1017/1017 1051/1051
f 1017/1017 1050/1050 1051/1051
f 1019/1019 1018/1018 1052/1052
f 1018/1018 1051/1051 1052/1052
f 1020/1020 1019/1019 1053/1053
f 1019/1019 1052/1052 1053/1053
f 1021/1021 1020/1020 1054/1054
f 1020/1020 1053/1053 1054/1054
f 1022/1022 1021/1021 1055/1055
f 1021/1021 1054/1054 1055/1055
f 1023/1023 1022/1022 1056/1056
f 1022/1022 1055/1055 1056/1056
f 1025/1025 1024/1024 1058/1058
f 1024/1024 1057/1057 1058/1058
f 1026/1026 1025/1025 1059/1059
f 1025/1025 1058/1058 1059/1059
f 1027/1027 1026/1026 1060/1060
f 1026/1026 1059/1059 1060/1060
f 1028/1028 1027/1027 1061/1061
f 1027/1027 1060/1060 1061/1061
f 1029/1029 1028/1028 1062/1062
f 1028/1028 1061/1061 1062/1062
f 1030/1030 1029/1029 1063/1063
f 1029/1029 1062/1062 1063/1063
f 1031/1031 1030/1030 1064/1064
f 1030/1030 1063/1063 1064/1064
f 1032/1032 1031/1031 1065/1065
f 1031/1031 1064/1064 1065/1065
f 1033/1033 1032/1032 1066/1066
f 1032/1032 1065/1065 1066/1066
f 1034/1034 1033/1033 1067/1067
f 1033/1033 1066/1066 1067/1067
f 1035/1035 1034/1034 1068/1068
f 1034/1034 1067/1067 1068/1068
f 1036/1036 1035/1035 1069/1069
f 1035/1035 1068/1068 1069/1069
f 1037/1037 1036/1036 1070/1070
f 1036/1036 1069/1069 1070/1070
f 1038/1038 1037/1037 1071/1071
f 1037/1037 1070/1070 1071/1071
f 1039/1039 1038/1038 1072/1072
f 1038/1038 1071/1071 1072/1072
f 1040/1040 1039/1039 1073/1073
f 1039/1039 1072/1072 1073/1073
f 1041/1041 1040/1040 1074/1074
f 1040/1040 1073/1073 1074/1074
f 1042/1042 1041/1041 1075/1075
f 1041/1041 1074/1074 1075/1075
f 1043/1043 1042/1042 1076/1076
f 1042/1042 1075/1075 1076/1076
f 1044/1044 1043/1043 1077/1077
f 1043/1043 1076/1076 1077/1077
f 1045/1045 1044/1044 1078/1078
f 1044/1044 1077/1077 1078/1078
f 1046/1046 1045/1045 1079/1079
f 1045/1045 1078/1078 1079/1079
f 1047/1047 1046/1046 1080/1080
f 1046/1046 1079/1079 1080/1080
f 1048/1048 1047/1047 1081/1081
f 1047/1047 1080/1080 1081/1081
f 1049/1049 1048/1048 1082/1082
f 1048/1048 1081/1081 1082/1082
f 1050/1050 1049/1049 1083/1083
f 1049/1049 1082/1082 1083/1083
f 1051/1051 1050/1050 1084/1084
f 1050/1050 1083/1083 1084/1084
f 1052/1052 1051/1051 1085/1085
f 1051/1051 1084/1084 1085/1085
f 1053/1053 1052/1052 1086/1086
f 1052/1052 1085/1085 1086/1086
f 1054/1054 1053/1053 1087/1087
f 1053/1053 1086/1086 1087/1087
f 1055/1055 1054/1054 1088/1088
f 1054/1054 1087/1087 1088/1088
f 1056/1056 1055/1055 1089/1089
f 1055/1055 1088/1088 1089/1089
f 1058/1058 1057/1057 1091/1091
f 1057/1057 1090/1090 1091/1091
f 1059/1059 1058/1058 1092/1092
f 1058/1058 1091/1091 1092/1092
f 1060/1060 1059/1059 1093/1093
f 1059/1059 1092/1092 1093/1093
f 1061/1061 1060/1060 1094/1094
f 1060/1060 1093/1093 1094/1094
f 1062/1062 1061/1061 1095/1095
f 1061/1061 1094/1094 1095/1095
f 1063/1063 1062/1062 1096/1096
f 1062/1062 1095/1095 1096/1096
f 1064/1064 1063/1063 1097/1097
f 1063/1063 1096/1096 1097/1097
f 1065/1065 1064/1064 1098/1098
f 1064/1064 1097/1097 1098/1098
f 1066/1066 1065/1065 1099/1099
f 1065/1065 1098/1098 1099/1099
f 1067/1067 1066/1066 1100/1100
f 1066/1066 1099/1099 1100/1100
f 1068/1068 1067/1067 1101/1101
f 1067/1067 1100/1100 1101/1101
f 1069/1069 1068/1068 1102/1102
f 1068/1068 1101/1101 1102/1102
f 1070/1070 1069/1069 1103/1103
f 1069/1069 1102/1102 1103/1103
f 1071/1071 1070/1070 1104/1104
f 1070/1070 1103/1103 1104/1104
f 1072/1072 1071/1071 1105/1105
f 1071/1071 1104/1104 1105/1105
f 1073/1073 1072/1072 1106/1106
f 1072/1072 1105/1105 1106/1106
f 1074/1074 1073/1073 1107/1107
f 1073/1073 1106/1106 1107/1107
f 1075/1075 1074/1074 1108/1108
f 1074/1074 1107/1107 1108/1108
f 1076/1076 1075/1075 1109/1109
f 1075/1075 1108/1108 1109/1109
f 1077/1077 1076/1076 1110/1110
f 1076/1076 1109/1109 1110/1110
f 1078/1078 1077/1077 1111/1111
f 1077/1077 1110/1110 1111/1111
f 1079/1079 1078/1078 1112/1112
f 1078/1078 1111/1111 1112/1112
f 1080/1080 1079/1079 1113/1113
f 1079/1079 1112/1112 1113/1113
f 1081/1081 1080/1080 1114/1114
f 1080/1080 1113/1113 1114/1114
f 1082/1082 1081/1081 1115/1115
f 1081/1081 1114/1114 1115/1115
f 1083/1083 1082/1082 1116/1116
f 1082/1082 1115/1115 1116/1116
f 1084/1084 1083/1083 1117/1117
f 1083/1083 1116/1116 1117/1117
f 1085/1085 1084/1084 1118/1118
f 1084/1084 1117/1117 1118/1118
f 1086/1086 1085/1085 1119/1119
f 1085/1085 1118/1118 1119/1119
f 1087/1087 1086/1086 1120/1120
f 1086/1086 1119/1119 1120/1120
f 1088/1088 1087/1087 1121/1121
f 1087/1087 1120/1120 1121/1121
f 1089/1089 1088/1088 1122/1122
f 1088/1088 1121/1121 1122/1122
f 1091/1091 1090/1090 1124/1124
f 1090/1090 1123/1123 1124/1124
f 1092/1092 1091/1091 1125/1125
f 1091/1091 1124/1124 1125/1125
f 1093/1093 1092/1092 1126/1126
f 1092/1092 1125/1125 1126/1126
f 1094/1094 1093/1093 1127/1127
f 1093/1093 1126/1126 1127/1127
f 1095/1095 1094/1094 1128/1128
f 1094/1094 1127/1127 1128/1128
f 1096/1096 1095/1095 1129/1129
f 1095/1095 1128/1128 1129/1129
f 1097/1097 1096/1096 1130/1130
f 1096/1096 1129/1129 1130/1130
f 1098/1098 1097/1097 1131/1131
f 1097/1097 1130/1130 1131/1131
f 1099/1099 1098/1098 1132/1132
f 1098/1098 1131/1131 1132/1132
f 1100/1100 1099/1099 1133/1133
f 1099/1099 1132/1132 1133/1133
f 1101/1101 1100/1100 1134/1134
f 1100/1100 1133/1133 1134/1134
f 1102/1102 1101/1101 1135/1135
f 1101/1101 1134/1134 1135/1135
f 1103/1103 1102/1102 1136/1136
f 1102/1102 1135/1135 1136/1136
f 1104/1104 1103/1103 1137/1137
f 1103/1103 1136/1136 1137/1137
f 1105/1105 1104/1104 1138/1138
f 1104/1104 1137/1137 1138/1138
f 1106/1106 1105/1105 1139/1139
f 1105/1105 1138/1138 1139/1139
f 1107/1107 1106/1106 1140/1140
f 1106/1106 1139/1139 1140/1140
f 1108/1108 1107/1107 1141/1141
f 1107/1107 1140/1140 1141/1141
f 1109/1109 1108/1108 1142/1142
f 1108/1108 1141/1141 1142/1142
f 1110/1110 1109/1109 1143/1143
f 1109/1109 1142/1142 1143/1143
f 1111/1111 1110/1110 1144/1144
f 1110/1110 1143/1143 1144/1144
f 1112/1112 1111/1111 1145/1145
f 1111/1111 1144/1144 1145/1145
f 1113/1113 1112/1112 1146/1146
f 1112/1112 1145/1145 1146/1146
f 1114/1114 1113/1113 1147/1147
f 1113/1113 1146/1146 1147/1147
f 1115/1115 1114/1114 1148/1148
f 1114/1114 1147/1147 1148/1148
f 1116/1116 1115/1115 1149/1149
f 1115/1115 1148/1148 1149/1149
f 1117/1117 1116/1116 1150/1150
f 1116/1116 1149/1149 1150/1150
f 1118/1118 1117/1117 1151/1151
f 1117/1117 1150/1150 1151/1151
f 1119/1119 1118/1118 1152/1152
f 1118/1118 1151/1151 1152/1152
f 1120/1120 1119/1119 1153/1153
f 1119/1119 1152/1152 1153/1153
f 1121/1121 1120/1120 1154/1154
f 1120/1120 1153/1153 1154/1154
f 1122/1122 1121/1121 1155/1155
f 1121/1121 1154/1154 1155/1155
f 1124/1124 1123/1123 1157/1157
f 1123/1123 1156/1156 1157/1157
f 1125/1125 1124/1124 1158/1158
f 1124/1124 1157/1157 1158/1158
f 1126/1126 1125/1125 1159/1159
f 1125/1125 1158/1158 1159/1159
f 1127/1127 1126/1126 1160/1160
f 1126/1126 1159/1159 1160/1160
f 1128/1128 1127/1127 1161/1161
f 1127/1127 1160/1160 1161/1161
f 1129/1129 1128/1128 1162/1162
f 1128/1128 1161/1161 1162/1162
f 1130/1130 1129/1129 1163/1163
f 1129/1129 1162/1162 1163/1163
f 1131/1131 1130/1130 1164/1164
f 1130/1130 1163/1163 1164/1164
f 1132/1132 1131/1131 1165/1165
f 1131/1131 1164/1164 1165/1165
f 1133/1133 1132/1132 1166/1166
f 1132/1132 1165/1165 1166/1166
f 1134/1134 1133/1133 1167/1167
f 1133/1133 1166/1166 1167/1167
f 1135/1135 1134/1134 1168/1168
f 1134/1134 1167/1167 1168/1168
f 1136/1136 1135/1135 1169/1169
f 1135/1135 1168/1168 1169/1169
f 1137/1137 1136/1136 1170/1170
f 1136/1136 1169/1169 1170/1170
f 1138/1138 1137/1137 1171/1171
f 1137/1137 1170/1170 1171/1171
f 1139/1139 1138/1138 1172/1172
f 1138/1138 1171/1171 1172/1172
f 1140/1140 1139/1139 1173/1173
f 1139/1139 1172/1172 1173/1173
f 1141/1141 1140/1140 1174/1174
f 1140/1140 1173/1173 1174/1174
f 1142/1142 1141/1141 1175/1175
f 1141/1141 1174/1174 1175/1175
f 1143/1143 1142/1142 1176/1176
f 1142/1142 1175/1175 1176/1176
f 1144/1144 1143/1143 1177/1177
f 1143/1143 1176/1176 1177/1177
f 1145/1145 1144/1144 1178/1178
f 1144/1144 1177/1177 1178/1178
f 1146/1146 1145/1145 1179/1179
f 1145/1145 1178/1178 1179/1179
f 1147/1147 1146/1146 1180/1180
f 1146/1146 1179/1179 1180/1180
f 1148/1148 1147/1147 1181/1181
f 1147/1147 1180/1180 1181/1181
f 1149/1149 1148/1148 1182/1182
f 1148/1148 1181/1181 1182/1182
f 1150/1150 1149/1149 1183/1183
f 1149/1149 1182/1182 1183/1183
f 1151/1151 1150/1150 1184/1184
f 1150/1150 1183/1183 1184/1184
f 1152/1152 1151/1151 1185/1185
f 1151/1151 1184/1184 1185/1185
f 1153/1153 1152/1152 1186/1186
f 1152/1152 1185/1185 1186/1186
f 1154/1154 1153/1153 1187/1187
f 1153/1153 1186/1186 1187/1187
f 1155/1155 1154/1154 1188/1188
f 1154/1154 1187/1187 1188/1188
f 1157/1157 1156/1156 1190/1190
f 1156/1156 1189/1189 1190/1190
f 1158/1158 1157/1157 1191/1191
f 1157/1157 1190/1190 1191/1191
f 1159/1159 1158/1158 1192/1192
f 1158/1158 1191/1191 1192/1192
f 1160/1160 1159/1159 1193/1193
f 1159/1159 1192/1192 1193/1193
f 1161/1161 1160/1160 1194/1194
f 1160/1160 1193/1193 1194/1194
f 1162/1162 1161/1161 1195/1195
f 1161/1161 1194/1194 1195/1195
f 1163/1163 1162/1162 1196/1196
f 1162/1162 1195/1195 1196/1196
f 1164/1164 1163/1163 1197/1197
f 1163/1163 1196/1196 1197/1197
f 1165/1165 1164/1164 1198/1198
f 1164/1164 1197/1197 1198/1198
f 1166/1166 1165/1165 1199/1199
f 1165/1165 1198/1198 1199/1199
f 1167/1167 1166/1166 1200/1200
f 1166/1166 1199/1199 1200/1200
f 1168/1168 1167/1167 1201/1201
f 1167/1167 1200/1200 1201/1201
f 1169/1169 1168/1168 1202/1202
f 1168/1168 1201/1201 1202/1202
f 1170/1170 1169/1169 1203/1203
f 1169/1169 1202/1202 1203/1203
f 1171/1171 1170/1170 1204/1204
f 1170/1170 1203/1203 1204/1204
f 1172/1172 1171/1171 1205/1205
f 1171/1171 1204/1204 1205/1205
f 1173/1173 1172/1172 1206/1206
f 1172/1172 1205/1205 1206/1206
f 1174/1174 1173/1173 1207/1207
f 1173/1173 1206/1206 1207/1207
f 1175/1175 1174/1174 1208/1208
f 1174/1174 1207/1207 1208/1208
f 1176/1176 1175/1175 1209/1209
f 1175/1175 1208/1208 1209/1209
f 1177/1177 1176/1176 1210/1210
f 1176/1176 1209/1209 1210/1210
f 1178/1178 1177/1177 1211/1211
f 1177/1177 1210/1210 1211/1211
f 1179/1179 1178/1178 1212/1212
f 1178/1178 1211/1211 1212/1212
f 1180/1180 1179/1179 1213/1213
f 1179/1179 1212/1212 1213/1213
f 1181/1181 1180/1180 1214/1214
f 1180/1180 1213/1213 1214/1214
f 1182/1182 1181/1181 1215/1215
f 1181/1181 1214/1214 1215/1215
f 1183/1183 1182/1182 1216/1216
f 1182/1182 1215/1215 1216/1216
f 1184/1184 1183/1183 1217/1217
f 1183/1183 1216/1216 1217/1217
f 1185/1185 1184/1184 1218/1218
f 1184/1184 1217/1217 1218/1218
f 1186/1186 1185/1185 1219/1219
f 1185/1185 1218/1218 1219/1219
f 1187/1187 1186/1186 1220/1220
f 1186/1186 1219/1219 1220/1220
f 1188/1188 1187/1187 1221/1221
f 1187/1187 1220/1220 1221/1221
f 1190/1190 1189/1189 1223/1223
f 1189/1189 1222/1222 1223/1223
f 1191/1191 1190/1190 1224/1224
f 1190/1190 1223/1223 1224/1224
f 1192/1192 1191/1191 1225/1225
f 1191/1191 1224/1224 1225/1225
f 1193/1193 1192/1192 1226/1226
f 1192/1192 1225/1225 1226/1226
f 1194/1194 1193/1193 1227/1227
f 1193/1193 1226/1226 1227/1227
f 1195/1195 1194/1194 1228/1228
f 1194/1194 1227/1227 1228/1228
f 1196/1196 1195/1195 1229/1229
f 1195/1195 1228/1228 1229/1229
f 1197/1197 1196/1196 1230/1230
f 1196/1196 1229/1229 1230/1230
f 1198/1198 1197/1197 1231/1231
f 1197/1197 1230/1230 1231/1231
f 1199/1199 1198/1198 1232/1232
f 1198/1198 1231/1231 1232/1232
f 1200/1200 1199/1199 1233/1233
f 1199/1199 1232/1232 1233/1233
f 1201/1201 1200/1200 1234/1234
f 1200/1200 1233/1233 1234/1234
f 1202/1202 1201/1201 1235/1235
f 1201/1201 1234/1234 1235/1235
f 1203/1203 1202/1202 1236/1236
f 1202/1202 1235/1235 1236/1236
f 1204/1204 1203/1203 1237/1237
f 1203/1203 1236/1236 1237/1237
f 1205/1205 1204/1204 1238/1238
f 1204/1204 1237/1237 1238/1238
f 1206/1206 1205/1205 1239/1239
f 1205/1205 1238/1238 1239/1239
f 1207/1207 1206/1206 1240/1240
f 1206/1206 1239/1239 1240/1240
f 1208/1208 1207/1207 1241/1241
f 1207/1207 1240/1240 1241/1241
f 1209/1209 1208/1208 1242/1242
f 1208/1208 1241/1241 1242/1242
f 1210/1210 1209/1209 1243/1243
f 1209/1209 1242/1242 1243/1243
f 1211/1211 1210/1210 1244/1244
f 1210/1210 1243/1243 1244/1244
f 1212/1212 1211/1211 1245/1245
f 1211/1211 1244/1244 1245/1245
f 1213/1213 1212/1212 1246/1246
f 1212/1212 1245/1245 1246/1246
f 1214/1214 1213/1213 1247/1247
f 1213/1213 1246/1246 1247/1247
f 1215/1215 1214/1214 1248/1248
f 1214/1214 1247/1247 1248/1248
f 1216/1216 1215/1215 1249/1249
f 1215/1215 1248/1248 1249/1249
f 1217/1217 1216/1216 1250/1250
f 1216/1216 1249/1249 1250/1250
f 1218/1218 1217/1217 1251/1251
f 1217/1217 1250/1250 1251/1251
f 1219/1219 1218/1218 1252/1252
f 1218/1218 1251/1251 1252/1252
f 1220/1220 1219/1219 1253/1253
f 1219/1219 1252/1252 1253/1253
f 1221/1221 1220/1220 1254/1254
f 1220/1220 1253/1253 1254/1254
f 1223/1223 1222/1222 1256/1256
f 1222/1222 1255/1255 1256/1256
f 1224/1224 1223/1223 1257/1257
f 1223/1223 1256/1256 1257/1257
f 1225/1225 1224/1224 1258/1258
f 1224/1224 1257/1257 1258/1258
f 1226/1226 1225/1225 1259/1259
f 1225/1225 1258/1258 1259/1259
f 1227/1227 1226/1226 1260/1260
f 1226/1226 1259/1259 1260/1260
f 1228/1228 1227/1227 1261/1261
f 1227/1227 1260/1260 1261/1261
f 1229/1229 1228/1228 1262/1262
f 1228/1228 1261/1261 1262/1262
f 1230/1230 1229/1229 1263/1263
f 1229/1229 1262/1262 1263/1263
f 1231/1231 1230/1230 1264/1264
f 1230/1230 1263/1263 1264/1264
f 1232/1232 1231/1231 1265/1265
f 1231/1231 1264/1264 1265/1265
f 1233/1233 1232/1232 1266/1266
f 1232/1232 1265/1265 1266/1266
f 1234/1234 1233/1233 1267/1267
f 1233/1233 1266/1266 1267/1267
f 1235/1235 1234/1234 1268/1268
f 1234/1234 1267/1267 1268/1268
f 1236/1236 1235/1235 1269/1269
f 1235/1235 1268/1268 1269/1269
f 1237/1237 1236/1236 1270/1270
f 1236/1236 1269/1269 1270/1270
f 1238/1238 1237/1237 1271/1271
f 1237/1237 1270/1270 1271/1271
f 1239/1239 1238/1238 1272/1272
f 1238/1238 1271/1271 1272/1272
f 1240/1240 1239/1239 1273/1273
f 1239/1239 1272/1272 1273/1273
f 1241/1241 1240/1240 1274/1274
f 1240/1240 1273/1273 1274/1274
f 1242/1242 1241/1241 1275/1275
f 1241/1241 1274/1274 1275/1275
f 1243/1243 1242/1242 1276/1276
f 1242/1242 1275/1275 1276/1276
f 1244/1244 1243/1243 1277/1277
f 1243/1243 1276/1276 1277/1277
f 1245/1245 1244/1244 1278/1278
f 1244/1244 1277/1277 1278/1278
f 1246/1246 1245/1245 1279/1279
f 1245/1245 1278/1278 1279/1279
f 1247/1247 1246/1246 1280/1280
f 1246/1246 1279/1279 1280/1280
f 1248/1248 1247/1247 1281/1281
f 1247/1247 1280/1280 1281/1281
f 1249/1249 1248/1248 1282/1282
f 1248/1248 1281/1281 1282/1282
f 1250/1250 1249/1249 1283/1283
f 1249/1249 1282/1282 1283/1283
f 1251/1251 1250/1250 1284/1284
f 1250/1250 1283/1283 1284/1284
f 1252/1252 1251/1251 1285/1285
f 1251/1251 1284/1284 1285/1285
f 1253/1253 1252/1252 1286/1286
f 1252/1252 1285/1285 1286/1286
f 1254/1254 1253/1253 1287/1287
f 1253/1253 1286/1286 1287/1287
f 1256/1256 1255/1255 1289/1289
f 1255/1255 1288/1288 1289/1289
f 1257/1257 1256/1256 1290/1290
f 1256/1256 1289/1289 1290/1290
f 1258/1258 1257/1257 1291/1291
f 1257/1257 1290/1290 1291/1291
f 1259/1259 1258/1258 1292/1292
f 1258/1258 1291/1291 1292/1292
f 1260/1260 1259/1259 1293/1293
f 1259/1259 1292/1292 1293/1293
f 1261/1261 1260/1260 1294/1294
f 1260/1260 1293/1293 1294/1294
f 1262/1262 1261/1261 1295/1295
f 1261/1261 1294/1294 1295/1295
f 1263/1263 1262/1262 1296/1296
f 1262/1262 1295/1295 1296/1296
f 1264/1264 1263/1263 1297/1297
f 1263/1263 1296/1296 1297/1297
f 1265/1265 1264/1264 1298/1298
f 1264/1264 1297/1297 1298/1298
f 1266/1266 1265/1265 1299/1299
f 1265/1265 1298/1298 1299/1299
f 1267/1267 1266/1266 1300/1300
f 1266/1266 1299/1299 1300/1300
f 1268/1268 1267/1267 1301/1301
f 1267/1267 1300/1300 1301/1301
f 1269/1269 1268/1268 1302/1302
f 1268/1268 1301/1301 1302/1302
f 1270/1270 1269/1269 1303/1303
f 1269/1269 1302/1302 1303/1303
f 1271/1271 1270/1270 1304/1304
f 1270/1270 1303/1303 1304/1304
f 1272/1272 1271/1271 1305/1305
f 1271/1271 1304/1304 1305/1305
f 1273/1273 1272/1272 1306/1306
f 1272/1272 1305/1305 1306/1306
f 1274/1274 1273/1273 1307/1307
f 1273/1273 1306/1306 1307/1307
f 1275/1275 1274/1274 1308/1308
f 1274/1274 1307/1307 1308/1308
f 1276/1276 1275/1275 1309/1309
f 1275/1275 1308/1308 1309/1309
f 1277/1277 1276/1276 1310/1310
f 1276/1276 1309/1309 1310/1310
f 1278/1278 1277/1277 1311/1311
f 1277/1277 1310/1310 1311/1311
f 1279/1279 1278/1278 1312/1312
f 1278/1278 1311/1311 1312/1312
f 1280/1280 1279/1279 1313/1313
f 1279/1279 1312/1312 1313/1313
f 1281/1281 1280/1280 1314/1314
f 1280/1280 1313/1313 1314/1314
f 1282/1282 1281/1281 1315/1315
f 1281/1281 1314/1314 1315/1315
f 1283/1283 1282/1282 1316/1316
f 1282/1282 1315/1315 1316/1316
f 1284/1284 1283/1283 1317/1317
f 1283/1283 1316/1316 1317/1317
f 1285/1285 1284/1284 1318/1318
f 1284/1284 1317/1317 1318/1318
f 1286/1286 1285/1285 1319/1319
f 1285/1285 1318/1318 1319/1319
f 1287/1287 1286/1286 1320/1320
f 1286/1286 1319/1319 1320/1320
f 1289/1289 1288/1288 1322/1322
f 1288/1288 1321/1321 1322/1322
f 1290/1290 1289/1289 1323/1323
f 1289/1289 1322/1322 1323/1323
f 1291/1291 1290/1290 1324/1324
f 1290/1290 1323/1323 1324/1324
f 1292/1292 1291/1291 1325/1325
f 1291/1291 1324/1324 1325/1325
f 1293/1293 1292/1292 1326/1326
f 1292/1292 1325/1325 1326/1326
f 1294/1294 1293/1293 1327/1327
f 1293/1293 1326/1326 1327/1327
f 1295/1295 1294/1294 1328/1328
f 1294/1294 1327/1327 1328/1328
f 1296/1296 1295/1295 1329/1329
f 1295/1295 1328/1328 1329/1329
f 1297/1297 1296/1296 1330/1330
f 1296/1296 1329/1329 1330/1330
f 1298/1298 1297/1297 1331/1331
f 1297/1297 1330/1330 1331/1331
f 1299/1299 1298/1298 1332/1332
f 1298/1298 1331/1331 1332/1332
f 1300/1300 1299/1299 1333/1333
f 1299/1299 1332/1332 1333/1333
f 1301/1301 1300/1300 1334/1334
f 1300/1300 1333/1333 1334/1334
f 1302/1302 1301/1301 1335/1335
f 1301/1301 1334/1334 1335/1335
f 1303/1303 1302/1302 1336/1336
f 1302/1302 1335/1335 1336/1336
f 1304/1304 1303/1303 1337/1337
f 1303/1303 1336/1336 1337/1337
f 1305/1305 1304/1304 1338/1338
f 1304/1304 1337/1337 1338/1338
f 1306/1306 1305/1305 1339/1339
f 1305/1305 1338/1338 1339/1339
f 1307/1307 1306/1306 1340/1340
f 1306/1306 1339/1339 1340/1340
f 1308/1308 1307/1307 1341/1341
f 1307/1307 1340/1340 1341/1341
f 1309/1309 1308/1308 1342/1342
f 1308/1308 1341/1341 1342/1342
f 1310/1310 1309/1309 1343/1343
f 1309/1309 1342/1342 1343/1343
f 1311/1311 1310/1310 1344/1344
f 1310/1310 1343/1343 1344/1344
f 1312/1312 1311/1311 1345/1345
f 1311/1311 1344/1344 1345/1345
f 1313/1313 1312/1312 1346/1346
f 1312/1312 1345/1345 1346/1346
f 1314/1314 1313/1313 1347/1347
f 1313/1313 1346/1346 1347/1347
f 1315/1315 1314/1314 1348/1348
f 1314/1314 1347/1347 1348/1348
f 1316/1316 1315/1315 1349/1349
f 1315/1315 1348/1348 1349/1349
f 1317/1317 1316/1316 1350/1350
f 1316/1316 1349/1349 1350/1350
f 1318/1318 1317/1317 1351/1351
f 1317/1317 1350/1350 1351/1351
f 1319/1319 1318/1318 1352/1352
f 1318/1318 1351/1351 1352/1352
f 1320/1320 1319/1319 1353/1353
f 1319/1319 1352/1352 1353/1353
f 1322/1322 1321/1321 1355/1355
f 1321/1321 1354/1354 1355/1355
f 1323/1323 1322/1322 1356/1356
f 1322/1322 1355/1355 1356/1356
f 1324/1324 1323/1323 1357/1357
f 1323/1323 1356/1356 1357/1357
f 1325/1325 1324/1324 1358/1358
f 1324/1324 1357/1357 1358/1358
f 1326/1326 1325/1325 1359/1359
f 1325/1325 1358/1358 1359/1359
f 1327/1327 1326/1326 1360/1360
f 1326/1326 1359/1359 1360/1360
f 1328/1328 1327/1327 1361/1361
f 1327/1327 1360/1360 1361/1361
f 1329/1329 1328/1328 1362/1362
f 1328/1328 1361/1361 1362/1362
f 1330/1330 1329/1329 1363/1363
f 1329/1329 1362/1362 1363/1363
f 1331/1331 1330/1330 1364/1364
f 1330/1330 1363/1363 1364/1364
f 1332/1332 1331/1331 1365/1365
f 1331/1331 1364/1364 1365/1365
f 1333/1333 1332/1332 1366/1366
f 1332/1332 1365/1365 1366/1366
f 1334/1334 1333/1333 1367/1367
f 1333/1333 1366/1366 1367/1367
f 1335/1335 1334/1334 1368/1368
f 1334/1334 1367/1367 1368/1368
f 1336/1336 1335/1335 1369/1369
f 1335/1335 1368/1368 1369/1369
f 1337/1337 1336/1336 1370/1370
f 1336/1336 1369/1369 1370/1370
f 1338/1338 1337/1337 1371/1371
f 1337/1337 1370/1370 1371/1371
f 1339/1339 1338/1338 1372/1372
f 1338/1338 1371/1371 1372/1372
f 1340/1340 1339/1339 1373/1373
f 1339/1339 1372/1372 1373/1373
f 1341/1341 1340/1340 1374/1374
f 1340/1340 1373/1373 1374/1374
f 1342/1342 1341/1341 1375/1375
f 1341/1341 1374/1374 1375/1375
f 1343/1343 1342/1342 1376/1376
f 1342/1342 1375/1375 1376/1376
f 1344/1344 1343/1343 1377/1377
f 1343/1343 1376/1376 1377/1377
f 1345/1345 1344/1344 1378/1378
f 1344/1344 1377/1377 1378/1378
f 1346/1346 1345/1345 1379/1379
f 1345/1345 1378/1378 1379/1379
f 1347/1347 1346/1346 1380/1380
f 1346/1346 1379/1379 1380/1380
f 1348/1348 1347/1347 1381/1381
f 1347/1347 1380/1380 1381/1381
f 1349/1349 1348/1348 1382/1382
f 1348/1348 1381/1381 1382/1382
f 1350/1350 1349/1349 1383/1383
f 1349/1349 1382/1382 1383/1383
f 1351/1351 1350/1350 1384/1384
f 1350/1350 1383/1383 1384/1384
f 1352/1352 1351/1351 1385/1385
f 1351/1351 1384/1384 1385/1385
f 1353/1353 1352/1352 1386/1386
f 1352/1352 1385/1385 1386/1386
f 1355/1355 1354/1354 1388/1388
f 1354/1354 1387/1387 1388/1388
f 1356/1356 1355/1355 1389/1389
f 1355/1355 1388/1388 1389/1389
f 1357/1357 1356/1356 1390/1390
f 1356/1356 1389/1389 1390/1390
f 1358/1358 1357/1357 1391/1391
f 1357/1357 1390/1390 1391/1391
f 1359/1359 1358/1358 1392/1392
f 1358/1358 1391/1391 1392/1392
f 1360/1360 1359/1359 1393/1393
f 1359/1359 1392/1392 1393/1393
f 1361/1361 1360/1360 1394/1394
f 1360/1360 1393/1393 1394/1394
f 1362/1362 1361/1361 1395/1395
f 1361/1361 1394/1394 1395/1395
f 1363/1363 1362/1362 1396/1396
f 1362/1362 1395/1395 1396/1396
f 1364/1364 1363/1363 1397/1397
f 1363/1363 1396/1396 1397/1397
f 1365/1365 1364/1364 1398/1398
f 1364/1364 1397/1397 1398/1398
f 1366/1366 1365/1365 1399/1399
f 1365/1365 1398/1398 1399/1399
f 1367/1367 1366/1366 1400/1400
f 1366/1366 1399/1399 1400/1400
f 1368/1368 1367/1367 1401/1401
f 1367/1367 1400/1400 1401/1401
f 1369/1369 1368/1368 1402/1402
f 1368/1368 1401/1401 1402/1402
f 1370/1370 1369/1369 1403/1403
f 1369/1369 1402/1402 1403/1403
f 1371/1371 1370/1370 1404/1404
f 1370/1370 1403/1403 1404/1404
f 1372/1372 1371/1371 1405/1405
f 1371/1371 1404/1404 1405/1405
f 1373/1373 1372/1372 1406/1406
f 1372/1372 1405/1405 1406/1406
f 1374/1374 1373/1373 1407/1407
f 1373/1373 1406/1406 1407/1407
f 1375/1375 1374/1374 1408/1408
f 1374/1374 1407/1407 1408/1408
f 1376/1376 1375/1375 1409/1409
f 1375/1375 1408/1408 1409/1409
f 1377/1377 1376/1376 1410/1410
f 1376/1376 1409/1409 1410/1410
f 1378/1378 1377/1377 1411/1411
f 1377/1377 1410/1410 1411/1411
f 1379/1379 1378/1378 1412/1412
f 1378/1378 1411/1411 1412/1412
f 1380/1380 1379/1379 1413/1413
f 1379/1379 1412/1412 1413/1413
f 1381/1381 1380/1380 1414/1414
f 1380/1380 1413/1413 1414/1414
f 1382/1382 1381/1381 1415/1415
f 1381/1381 1414/1414 1415/1415
f 1383/1383 1382/1382 1416/1416
f 1382/1382 1415/1415 1416/1416
f 1384/1384 1383/1383 1417/1417
f 1383/1383 1416/1416 1417/1417
f 1385/1385 1384/1384 1418/1418
f 1384/1384 1417/1417 1418/1418
f 1386/1386 1385/1385 1419/1419
f 1385/1385 1418/1418 1419/1419
f 1388/1388 1387/1387 1421/1421
f 1387/1387 1420/1420 1421/1421
f 1389/1389 1388/1388 1422/1422
f 1388/1388 1421/1421 1422/1422
f 1390/1390 1389/1389 1423/1423
f 1389/1389 1422/1422 1423/1423
f 1391/1391 1390/1390 1424/1424
f 1390/1390 1423/1423 1424/1424
f 1392/1392 1391/1391 1425/1425
f 1391/1391 1424/1424 1425/1425
f 1393/1393 1392/1392 1426/1426
f 1392/1392 1425/1425 1426/1426
f 1394/1394 1393/1393 1427/1427
f 1393/1393 1426/1426 1427/1427
f 1395/1395 1394/1394 1428/1428
f 1394/1394 1427/1427 1428/1428
f 1396/1396 1395/1395 1429/1429
f 1395/1395 1428/1428 1429/1429
f 1397/1397 1396/1396 1430/1430
f 1396/1396 1429/1429 1430/1430
f 1398/1398 1397/1397 1431/1431
f 1397/1397 1430/1430 1431/1431
f 1399/1399 1398/1398 1432/1432
f 1398/1398 1431/1431 1432/1432
f 1400/1400 1399/1399 1433/1433
f 1399/1399 1432/1432 1433/1433
f 1401/1401 1400/1400 1434/1434
f 1400/1400 1433/1433 1434/1434
f 1402/1402 1401/1401 1435/1435
f 1401/1401 1434/1434 1435/1435
f 1403/1403 1402/1402 1436/1436
f 1402/1402 1435/1435 1436/1436
f 1404/1404 1403/1403 1437/1437
f 1403/1403 1436/1436 1437/1437
f 1405/1405 1404/1404 1438/1438
f 1404/1404 1437/1437 1438/1438
f 1406/1406 1405/1405 1439/1439
f 1405/1405 1438/1438 1439/1439
f 1407/1407 1406/1406 1440/1440
f 1406/1406 1439/1439 1440/1440
f 1408/1408 1407/1407 1441/1441
f 1407/1407 1440/1440 1441/1441
f 1409/1409 1408/1408 1442/1442
f 1408/1408 1441/1441 1442/1442
f 1410/1410 1409/1409 1443/1443
f 1409/1409 1442/1442 1443/1443
f 1411/1411 1410/1410 1444/1444
f 1410/1410 1443/1443 1444/1444
f 1412/1412 1411/1411 1445/1445
f 1411/1411 1444/1444 1445/1445
f 1413/1413 1412/1412 1446/1446
f 1412/1412 1445/1445 1446/1446
f 1414/1414 1413/1413 1447/1447
f 1413/1413 1446/1446 1447/1447
f 1415/1415 1414/1414 1448/1448
f 1414/1414 1447/1447 1448/1448
f 1416/1416 1415/1415 1449/1449
f 1415/1415 1448/1448 1449/1449
f 1417/1417 1416/1416 1450/1450
f 1416/1416 1449/1449 1450/1450
f 1418/1418 1417/1417 1451/1451
f 1417/1417 1450/1450 1451/1451
f 1419/1419 1418/1418 1452/1452
f 1418/1418 1451/1451 1452/1452
f 1421/1421 1420/1420 1454/1454
f 1420/1420 1453/1453 1454/1454
f 1422/1422 1421/1421 1455/1455
f 1421/1421 1454/1454 1455/1455
f 1423/1423 1422/1422 1456/1456
f 1422/1422 1455/1455 1456/1456
f 1424/1424 1423/1423 1457/1457
f 1423/1423 1456/1456 1457/1457
f 1425/1425 1424/1424 1458/1458
f 1424/1424 1457/1457 1458/1458
f 1426/1426 1425/1425 1459/1459
f 1425/1425 1458/1458 1459/1459
f 1427/1427 1426/1426 1460/1460
f 1426/1426 1459/1459 1460/1460
f 1428/1428 1427/1427 1461/1461
f 1427/1427 1460/1460 1461/1461
f 1429/1429 1428/1428 1462/1462
f 1428/1428 1461/1461 1462/1462
f 1430/1430 1429/1429 1463/1463
f 1429/1429 1462/1462 1463/1463
f 1431/1431 1430/1430 1464/1464
f 1430/1430 1463/1463 1464/1464
f 1432/1432 1431/1431 1465/1465
f 1431/1431 1464/1464 1465/1465
f 1433/1433 1432/1432 1466/1466
f 1432/1432 1465/1465 1466/1466
f 1434/1434 1433/1433 1467/1467
f 1433/1433 1466/1466 1467/1467
f 1435/1435 1434/1434 1468/1468
f 1434/1434 1467/1467 1468/1468
f 1436/1436 1435/1435 1469/1469
f 1435/1435 1468/1468 1469/1469
f 1437/1437 1436/1436 1470/1470
f 1436/1436 1469/1469 1470/1470
f 1438/1438 1437/1437 1471/1471
f 1437/1437 1470/1470 1471/1471
f 1439/1439 1438/1438 1472/1472
f 1438/1438 1471/1471 1472/1472
f 1440/1440 1439/1439 1473/1473
f 1439/1439 1472/1472 1473/1473
f 1441/1441 1440/1440 1474/1474
f 1440/1440 1473/1473 1474/1474
f 1442/1442 1441/1441 1475/1475
f 1441/1441 1474/1474 1475/1475
f 1443/1443 1442/1442 1476/1476
f 1442/1442 1475/1475 1476/1476
f 1444/1444 1443/1443 1477/1477
f 1443/1443 1476/1476 1477/1477
f 1445/1445 1444/1444 1478/1478
f 1444/1444 1477/1477 1478/1478
f 1446/1446 1445/1445 1479/1479
f 1445/1445 1478/1478 1479/1479
f 1447/1447 1446/1446 1480/1480
f 1446/1446 1479/1479 1480/1480
f 1448/1448 1447/1447 1481/1481
f 1447/1447 1480/1480 1481/1481
f 1449/1449 1448/1448 1482/1482
f 1448/1448 1481/1481 1482/1482
f 1450/1450 1449/1449 1483/1483
f 1449/1449 1482/1482 1483/1483
f 1451/1451 1450/1450 1484/1484
f 1450/1450 1483/1483 1484/1484
f 1452/1452 1451/1451 1485/1485
f 1451/1451 1484/1484 1485/1485
f 1454/1454 1453/1453 1487/1487
f 1453/1453 1486/1486 1487/1487
f 1455/1455 1454/1454 1488/1488
f 1454/1454 1487/1487 1488/1488
f 1456/1456 1455/1455 1489/1489
f 1455/1455 1488/1488 1489/1489
f 1457/1457 1456/1456 1490/1490
f 1456/1456 1489/1489 1490/1490
f 1458/1458 1457/1457 1491/1491
f 1457/1457 1490/1490 1491/1491
f 1459/1459 1458/1458 1492/1492
f 1458/1458 1491/1491 1492/1492
f 1460/1460 1459/1459 1493/1493
f 1459/1459 1492/1492 1493/1493
f 1461/1461 1460/1460 1494/1494
f 1460/1460 1493/1493 1494/1494
f 1462/1462 1461/1461 1495/1495
f 1461/1461 1494/1494 1495/1495
f 1463/1463 1462/1462 1496/1496
f 1462/1462 1495/1495 1496/1496
f 1464/1464 1463/1463 1497/1497
f 1463/1463 1496/1496 1497/1497
f 1465/1465 1464/1464 1498/1498
f 1464/1464 1497/1497 1498/1498
f 1466/1466 1465/1465 1499/1499
f 1465/1465 1498/1498 1499/1499
f 1467/1467 1466/1466 1500/1500
f 1466/1466 1499/1499 1500/1500
f 1468/1468 1467/1467 1501/1501
f 1467/1467 1500/1500 1501/1501
f 1469/1469 1468/1468 1502/1502
f 1468/1468 1501/1501 1502/1502
f 1470/1470 1469/1469 1503/1503
f 1469/1469 1502/1502 1503/1503
f 1471/1471 1470/1470 1504/1504
f 1470/1470 1503/1503 1504/1504
f 1472/1472 1471/1471 1505/1505
f 1471/1471 1504/1504 1505/1505
f 1473/1473 1472/1472 1506/1506
f 1472/1472 1505/1505 1506/1506
f 1474/1474 1473/1473 1507/1507
f 1473/1473 1506/1506 1507/1507
f 1475/1475 1474/1474 1508/1508
f 1474/1474 1507/1507 1508/1508
f 1476/1476 1475/1475 1509/1509
f 1475/1475 1508/1508 1509/1509
f 1477/1477 1476/1476 1510/1510
f 1476/1476 1509/1509 1510/1510
f 1478/1478 1477/1477 1511/1511
f 1477/1477 1510/1510 1511/1511
f 1479/1479 1478/1478 1512/1512
f 1478/1478 1511/1511 1512/1512
f 1480/1480 1479/1479 1513/1513
f 1479/1479 1512/1512 1513/1513
f 1481/1481 1480/1480 1514/1514
f 1480/1480 1513/1513 1514/1514
f 1482/1482 1481/1481 1515/1515
f 1481/1481 1514/1514 1515/1515
f 1483/1483 1482/1482 1516/1516
f 1482/1482 1515/1515 1516/1516
f 1484/1484 1483/1483 1517/1517
f 1483/1483 1516/1516 1517/1517
f 1485/1485 1484/1484 1518/1518
f 1484/1484 1517/1517 1518/1518
f 1487/1487 1486/1486 1520/1520
f 1488/1488 1487/1487 1521/1521
f 1489/1489 1488/1488 1522/1522
f 1490/1490 1489/1489 1523/1523
f 1491/1491 1490/1490 1524/1524
f 1492/1492 1491/1491 1525/1525
f 1493/1493 1492/1492 1526/1526
f 1494/1494 1493/1493 1527/1527
f 1495/1495 1494/1494 1528/1528
f 1496/1496 1495/1495 1529/1529
f 1497/1497 1496/1496 1530/1530
f 1498/1498 1497/1497 1531/1531
f 1499/1499 1498/1498 1532/1532
f 1500/1500 1499/1499 1533/1533
f 1501/1501 1500/1500 1534/1534
f 1502/1502 1501/1501 1535/1535
f 1503/1503 1502/1502 1536/1536
f 1504/1504 1503/1503 1537/1537
f 1505/1505 1504/1504 1538/1538
f 1506/1506 1505/1505 1539/1539
f 1507/1507 1506/1506 1540/1540
f 1508/1508 1507/1507 1541/1541
f 1509/1509 1508/1508 1542/1542
f 1510/1510 1509/1509 1543/1543
f 1511/1511 1510/1510 1544/1544
f 1512/1512 1511/1511 1545/1545
f 1513/1513 1512/1512 1546/1546
f 1514/1514 1513/1513 1547/1547
f 1515/1515 1514/1514 1548/1548
f 1516/1516 1515/1515 1549/1549
f 1517/1517 1516/1516 1550/1550
f 1518/1518 1517/1517 1551/1551
v -26.272 4.538 49.317
v -24.075 5.214 49.447
v -21.867 5.401 48.823
v -19.984 5.070 47.542
v -18.712 4.272 45.797
v -18.245 3.128 43.855
v -18.654 1.812 42.011
v -19.877 0.524 40.546
v -21.728 -0.538 39.683
v -23.925 -1.214 39.553
v -26.133 -1.401 40.177
v -28.016 -1.070 41.458
v -29.288 -0.272 43.203
v -29.755 0.872 45.145
v -29.346 2.188 46.989
v -28.123 3.476 48.454
v -26.272 4.538 49.317
v -19.272 -21.462 66.317
v -17.075 -20.786 66.447
v -14.867 -20.599 65.823
v -12.984 -20.930 64.542
v -11.712 -21.728 62.797
v -11.245 -22.872 60.855
v -11.654 -24.188 59.011
v -12.877 -25.476 57.546
v -14.728 -26.538 56.683
v -16.925 -27.214 56.553
v -19.133 -27.401 57.177
v -21.016 -27.070 58.458
v -22.288 -26.272 60.203
v -22.755 -25.128 62.145
v -22.346 -23.812 63.989
v -21.123 -22.524 65.454
v -19.272 -21.462 66.317
v -24.000 2.000 44.500
v -24.000 2.000 44.500
v -24.000 2.000 44.500
v -24.000 2.000 44.500
v -24.000 2.000 44.500
v -24.000 2.000 44.500
v -24.000 2.000 44.500
v -24.000 2.000 44.500
v -24.000 2.000 44.500
v -24.000 2.000 44.500
v -24.000 2.000 44.500
v -24.000 2.000 44.500
v -24.000 2.000 44.500
v -24.000 2.000 44.500
v -24.000 2.000 44.500
v -24.000 2.000 44.500
v -26.272 4.538 49.317
v -24.075 5.214 49.447
v -21.867 5.401 48.823
v -19.984 5.070 47.542
v -18.712 4.272 45.797
v -18.245 3.128 43.855
v -18.654 1.812 42.011
v -19.877 0.524 40.546
v -21.728 -0.538 39.683
v -23.925 -1.214 39.553
v -26.133 -1.401 40.177
v -28.016 -1.070 41.458
v -29.288 -0.272 43.203
v -29.755 0.872 45.145
v -29.346 2.188 46.989
v -28.123 3.476 48.454
v -26.272 4.538 49.317
v -17.000 -24.000 61.500
v -17.000 -24.000 61.500
v -17.000 -24.000 61.500
v -17.000 -24.000 61.500
v -17.000 -24.000 61.500
v -17.000 -24.000 61.500
v -17.000 -24.000 61.500
v -17.000 -24.000 61.500
v -17.000 -24.000 61.500
v -17.000 -24.000 61.500
v -17.000 -24.000 61.500
v -17.000 -24.000 61.500
v -17.000 -24.000 61.500
v -17.000 -24.000 61.500
v -17.000 -24.000 61.500
v -17.000 -24.000 61.500
v -19.272 -21.462 66.317
v -17.075 -20.786 66.447
v -14.867 -20.599 65.823
v -12.984 -20.930 64.542
v -11.712 -21.728 62.797
v -11.245 -22.872 60.855
v -11.654 -24.188 59.011
v -12.877 -25.476 57.546
v -14.728 -26.538 56.683
v -16.925 -27.214 56.553
v -19.133 -27.401 57.177
v -21.016 -27.070 58.458
v -22.288 -26.272 60.203
v -22.755 -25.128 62.145
v -22.346 -23.812 63.989
v -21.123 -22.524 65.454
v -19.272 -21.462 66.317
vt 0.00000 1.00000
vt 0.06250 1.00000
vt 0.12500 1.00000
vt 0.18750 1.00000
vt 0.25000 1.00000
vt 0.31250 1.00000
vt 0.37500 1.00000
vt 0.43750 1.00000
vt 0.50000 1.00000
vt 0.56250 1.00000
vt 0.62500 1.00000
vt 0.68750 1.00000
vt 0.75000 1.00000
vt 0.81250 1.00000
vt 0.87500 1.00000
vt 0.93750 1.00000
vt 1.00000 1.00000
vt 0.00000 0.00000
vt 0.06250 0.00000
vt 0.12500 0.00000
vt 0.18750 0.00000
vt 0.25000 0.00000
vt 0.31250 0.00000
vt 0.37500 0.00000
vt 0.43750 0.00000
vt 0.50000 0.00000
vt 0.56250 0.00000
vt 0.62500 0.00000
vt 0.68750 0.00000
vt 0.75000 0.00000
vt 0.81250 0.00000
vt 0.87500 0.00000
vt 0.93750 0.00000
vt 1.00000 0.00000
vt 0.50000 0.50000
vt 0.50000 0.50000
vt 0.50000 0.50000
vt 0.50000 0.50000
vt 0.50000 0.50000
vt 0.50000 0.50000
vt 0.50000 0.50000
vt 0.50000 0.50000
vt 0.50000 0.50000
vt 0.50000 0.50000
vt 0.50000 0.50000
vt 0.50000 0.50000
vt 0.50000 0.50000
vt 0.50000 0.50000
vt 0.50000 0.50000
vt 0.50000 0.50000
vt 1.00000 0.50000
vt 0.96194 0.69134
vt 0.85355 0.85355
vt 0.69134 0.96194
vt 0.50000 1.00000
vt 0.30866 0.96194
vt 0.14645 0.85355
vt 0.03806 0.69134
vt 0.00000 0.50000
vt 0.03806 0.30866
vt 0.14645 0.14645
vt 0.30866 0.03806
vt 0.50000 0.00000
vt 0.69134 0.03806
vt 0.85355 0.14645
vt 0.96194 0.30866
vt 1.00000 0.50000
vt 0.50000 0.50000
vt 0.50000 0.50000
vt 0.50000 0.50000
vt 0.50000 0.50000
vt 0.50000 0.50000
vt 0.50000 0.50000
vt 0.50000 0.50000
vt 0.50000 0.50000
vt 0.50000 0.50000
vt 0.50000 0.50000
vt 0.50000 0.50000
vt 0.50000 0.50000
vt 0.50000 0.50000
vt 0.50000 0.50000
vt 0.50000 0.50000
vt 0.50000 0.50000
vt 1.00000 0.50000
vt 0.96194 0.30866
vt 0.85355 0.14645
vt 0.69134 0.03806
vt 0.50000 0.00000
vt 0.30866 0.03806
vt 0.14645 0.14645
vt 0.03806 0.30866
vt 0.00000 0.50000
vt 0.03806 0.69134
vt 0.14645 0.85355
vt 0.30866 0.96194
vt 0.50000 1.00000
vt 0.69134 0.96194
vt 0.85355 0.85355
vt 0.96194 0.69134
vt 1.00000 0.50000
f 1552/1552 1569/1569 1553/1553
f 1569/1569 1570/1570 1553/1553
f 1553/1553 1570/1570 1554/1554
f 1570/1570 1571/1571 1554/1554
f 1554/1554 1571/1571 1555/1555
f 1571/1571 1572/1572 1555/1555
f 1555/1555 1572/1572 1556/1556
f 1572/1572 1573/1573 1556/1556
f 1556/1556 1573/1573 1557/1557
f 1573/1573 1574/1574 1557/1557
f 1557/1557 1574/1574 1558/1558
f 1574/1574 1575/1575 1558/1558
f 1558/1558 1575/1575 1559/1559
f 1575/1575 1576/1576 1559/1559
f 1559/1559 1576/1576 1560/1560
f 1576/1576 1577/1577 1560/1560
f 1560/1560 1577/1577 1561/1561
f 1577/1577 1578/1578 1561/1561
f 1561/1561 1578/1578 1562/1562
f 1578/1578 1579/1579 1562/1562
f 1562/1562 1579/1579 1563/1563
f 1579/1579 1580/1580 1563/1563
f 1563/1563 1580/1580 1564/1564
f 1580/1580 1581/1581 1564/1564
f 1564/1564 1581/1581 1565/1565
f 1581/1581 1582/1582 1565/1565
f 1565/1565 1582/1582 1566/1566
f 1582/1582 1583/1583 1566/1566
f 1566/1566 1583/1583 1567/1567
f 1583/1583 1584/1584 1567/1567
f 1567/1567 1584/1584 1568/1568
f 1584/1584 1585/1585 1568/1568
f 1602/1602 1603/1603 1586/1586
f 1603/1603 1604/1604 1587/1587
f 1604/1604 1605/1605 1588/1588
f 1605/1605 1606/1606 1589/1589
f 1606/1606 1607/1607 1590/1590
f 1607/1607 1608/1608 1591/1591
f 1608/1608 1609/1609 1592/1592
f 1609/1609 1610/1610 1593/1593
f 1610/1610 1611/1611 1594/1594
f 1611/1611 1612/1612 1595/1595
f 1612/1612 1613/1613 1596/1596
f 1613/1613 1614/1614 1597/1597
f 1614/1614 1615/1615 1598/1598
f 1615/1615 1616/1616 1599/1599
f 1616/1616 1617/1617 1600/1600
f 1617/1617 1618/1618 1601/1601
f 1636/1636 1635/1635 1619/1619
f 1637/1637 1636/1636 1620/1620
f 1638/1638 1637/1637 1621/1621
f 1639/1639 1638/1638 1622/1622
f 1640/1640 1639/1639 1623/1623
f 1641/1641 1640/1640 1624/1624
f 1642/1642 1641/1641 1625/1625
f 1643/1643 1642/1642 1626/1626
f 1644/1644 1643/1643 1627/1627
f 1645/1645 1644/1644 1628/1628
f 1646/1646 1645/1645 1629/1629
f 1647/1647 1646/1646 1630/1630
f 1648/1648 1647/1647 1631/1631
f 1649/1649 1648/1648 1632/1632
f 1650/1650 1649/1649 1633/1633
f 1651/1651 1650/1650 1634/1634
v -24.000 2.000 51.000
v -24.000 2.000 51.000
v -24.000 2.000 51.000
v -24.000 2.000 51.000
v -24.000 2.000 51.000
v -24.000 2.000 51.000
v -24.000 2.000 51.000
v -24.000 2.000 51.000
v -24.000 2.000 51.000
v -24.000 2.000 51.000
v -24.000 2.000 51.000
v -24.000 2.000 51.000
v -24.000 2.000 51.000
v -24.000 2.000 51.000
v -24.000 2.000 51.000
v -24.000 2.000 51.000
v -24.000 2.000 51.000
v -24.000 2.000 51.000
v -24.000 2.000 51.000
v -24.000 2.000 51.000
v -24.000 2.000 51.000
v -24.000 2.000 51.000
v -24.000 2.000 51.000
v -24.000 2.000 51.000
v -24.000 2.000 51.000
v -24.000 2.000 51.000
v -24.000 2.000 51.000
v -24.000 2.000 51.000
v -24.000 2.000 51.000
v -24.000 2.000 51.000
v -24.000 2.000 51.000
v -24.000 2.000 51.000
v -24.000 2.000 51.000
v -24.954 2.000 50.920
v -24.936 1.811 50.920
v -24.882 1.629 50.920
v -24.793 1.461 50.920
v -24.675 1.314 50.920
v -24.530 1.194 50.920
v -24.365 1.104 50.920
v -24.186 1.049 50.920
v -24.000 1.030 50.920
v -23.814 1.049 50.920
v -23.635 1.104 50.920
v -23.470 1.194 50.920
v -23.325 1.314 50.920
v -23.207 1.461 50.920
v -23.118 1.629 50.920
v -23.064 1.811 50.920
v -23.046 2.000 50.920
v -23.064 2.189 50.920
v -23.118 2.371 50.920
v -23.207 2.539 50.920
v -23.325 2.686 50.920
v -23.470 2.806 50.920
v -23.635 2.896 50.920
v -23.814 2.951 50.920
v -24.000 2.970 50.920
v -24.186 2.951 50.920
v -24.365 2.896 50.920
v -24.530 2.806 50.920
v -24.675 2.686 50.920
v -24.793 2.539 50.920
v -24.882 2.371 50.920
v -24.936 2.189 50.920
v -24.954 2.000 50.920
v -25.885 2.000 50.682
v -25.849 1.626 50.682
v -25.742 1.267 50.682
v -25.567 0.936 50.682
v -25.333 0.645 50.682
v -25.047 0.407 50.682
v -24.721 0.230 50.682
v -24.368 0.121 50.682
v -24.000 0.084 50.682
v -23.632 0.121 50.682
v -23.279 0.230 50.682
v -22.953 0.407 50.682
v -22.667 0.645 50.682
v -22.433 0.936 50.682
v -22.258 1.267 50.682
v -22.151 1.626 50.682
v -22.115 2.000 50.682
v -22.151 2.374 50.682
v -22.258 2.733 50.682
v -22.433 3.064 50.682
v -22.667 3.355 50.682
v -22.953 3.593 50.682
v -23.279 3.770 50.682
v -23.632 3.879 50.682
v -24.000 3.916 50.682
v -24.368 3.879 50.682
v -24.721 3.770 50.682
v -25.047 3.593 50.682
v -25.333 3.355 50.682
v -25.567 3.064 50.682
v -25.742 2.733 50.682
v -25.849 2.374 50.682
v -25.885 2.000 50.682
v -26.769 2.000 50.292
v -26.716 1.451 50.292
v -26.559 0.923 50.292
v -26.303 0.436 50.292
v -25.958 0.010 50.292
v -25.539 -0.340 50.292
v -25.060 -0.600 50.292
v -24.540 -0.761 50.292
v -24.000 -0.815 50.292
v -23.460 -0.761 50.292
v -22.940 -0.600 50.292
v -22.461 -0.340 50.292
v -22.042 0.010 50.292
v -21.697 0.436 50.292
v -21.441 0.923 50.292
v -21.284 1.451 50.292
v -21.231 2.000 50.292
v -21.284 2.549 50.292
v -21.441 3.077 50.292
v -21.697 3.564 50.292
v -22.042 3.990 50.292
v -22.461 4.340 50.292
v -22.940 4.600 50.292
v -23.460 4.761 50.292
v -24.000 4.815 50.292
v -24.540 4.761 50.292
v -25.060 4.600 50.292
v -25.539 4.340 50.292
v -25.958 3.990 50.292
v -26.303 3.564 50.292
v -26.559 3.077 50.292
v -26.716 2.549 50.292
v -26.769 2.000 50.292
v -27.585 2.000 49.759
v -27.517 1.289 49.759
v -27.313 0.605 49.759
v -26.981 -0.025 49.759
v -26.535 -0.577 49.759
v -25.992 -1.030 49.759
v -25.372 -1.367 49.759
v -24.699 -1.574 49.759
v -24.000 -1.644 49.759
v -23.301 -1.574 49.759
v -22.628 -1.367 49.759
v -22.008 -1.030 49.759
v -21.465 -0.577 49.759
v -21.019 -0.025 49.759
v -20.687 0.605 49.759
v -20.483 1.289 49.759
v -20.415 2.000 49.759
v -20.483 2.711 49.759
v -20.687 3.395 49.759
v -21.019 4.025 49.759
v -21.465 4.577 49.759
v -22.008 5.030 49.759
v -22.628 5.367 49.759
v -23.301 5.574 49.759
v -24.000 5.644 49.759
v -24.699 5.574 49.759
v -25.372 5.367 49.759
v -25.992 5.030 49.759
v -26.535 4.577 49.759
v -26.981 4.025 49.759
v -27.313 3.395 49.759
v -27.517 2.711 49.759
v -27.585 2.000 49.759
v -28.313 2.000 49.096
v -28.230 1.145 49.096
v -27.985 0.322 49.096
v -27.586 -0.436 49.096
v -27.050 -1.100 49.096
v -26.396 -1.645 49.096
v -25.651 -2.050 49.096
v -24.841 -2.300 49.096
v -24.000 -2.384 49.096
v -23.159 -2.300 49.096
v -22.349 -2.050 49.096
v -21.604 -1.645 49.096
v -20.950 -1.100 49.096
v -20.414 -0.436 49.096
v -20.015 0.322 49.096
v -19.770 1.145 49.096
v -19.687 2.000 49.096
v -19.770 2.855 49.096
v -20.015 3.678 49.096
v -20.414 4.436 49.096
v -20.950 5.100 49.096
v -21.604 5.645 49.096
v -22.349 6.050 49.096
v -23.159 6.300 49.096
v -24.000 6.384 49.096
v -24.841 6.300 49.096
v -25.651 6.050 49.096
v -26.396 5.645 49.096
v -27.050 5.100 49.096
v -27.586 4.436 49.096
v -27.985 3.678 49.096
v -28.230 2.855 49.096
v -28.313 2.000 49.096
v -28.935 2.000 48.321
v -28.840 1.021 48.321
v -28.559 0.080 48.321
v -28.103 -0.787 48.321
v -27.490 -1.547 48.321
v -26.742 -2.171 48.321
v -25.889 -2.634 48.321
v -24.963 -2.920 48.321
v -24.000 -3.016 48.321
v -23.037 -2.920 48.321
v -22.111 -2.634 48.321
v -21.258 -2.171 48.321
v -20.510 -1.547 48.321
v -19.897 -0.787 48.321
v -19.441 0.080 48.321
v -19.160 1.021 48.321
v -19.065 2.000 48.321
v -19.160 2.979 48.321
v -19.441 3.920 48.321
v -19.897 4.787 48.321
v -20.510 5.547 48.321
v -21.258 6.171 48.321
v -22.111 6.634 48.321
v -23.037 6.920 48.321
v -24.000 7.016 48.321
v -24.963 6.920 48.321
v -25.889 6.634 48.321
v -26.742 6.171 48.321
v -27.490 5.547 48.321
v -28.103 4.787 48.321
v -28.559 3.920 48.321
v -28.840 2.979 48.321
v -28.935 2.000 48.321
v -29.435 2.000 47.451
v -29.331 0.922 47.451
v -29.021 -0.114 47.451
v -28.519 -1.069 47.451
v -27.843 -1.906 47.451
v -27.020 -2.593 47.451
v -26.080 -3.104 47.451
v -25.060 -3.418 47.451
v -24.000 -3.524 47.451
v -22.940 -3.418 47.451
v -21.920 -3.104 47.451
v -20.980 -2.593 47.451
v -20.157 -1.906 47.451
v -19.481 -1.069 47.451
v -18.979 -0.114 47.451
v -18.669 0.922 47.451
v -18.565 2.000 47.451
v -18.669 3.078 47.451
v -18.979 4.114 47.451
v -19.481 5.069 47.451
v -20.157 5.906 47.451
v -20.980 6.593 47.451
v -21.920 7.104 47.451
v -22.940 7.418 47.451
v -24.000 7.524 47.451
v -25.060 7.418 47.451
v -26.080 7.104 47.451
v -27.020 6.593 47.451
v -27.843 5.906 47.451
v -28.519 5.069 47.451
v -29.021 4.114 47.451
v -29.331 3.078 47.451
v -29.435 2.000 47.451
v -29.801 2.000 46.509
v -29.690 0.850 46.509
v -29.360 -0.257 46.509
v -28.824 -1.276 46.509
v -28.102 -2.169 46.509
v -27.223 -2.903 46.509
v -26.220 -3.448 46.509
v -25.132 -3.783 46.509
v -24.000 -3.897 46.509
v -22.868 -3.783 46.509
v -21.780 -3.448 46.509
v -20.777 -2.903 46.509
v -19.898 -2.169 46.509
v -19.176 -1.276 46.509
v -18.640 -0.257 46.509
v -18.310 0.850 46.509
v -18.199 2.000 46.509
v -18.310 3.150 46.509
v -18.640 4.257 46.509
v -19.176 5.276 46.509
v -19.898 6.169 46.509
v -20.777 6.903 46.509
v -21.780 7.448 46.509
v -22.868 7.783 46.509
v -24.000 7.897 46.509
v -25.132 7.783 46.509
v -26.220 7.448 46.509
v -27.223 6.903 46.509
v -28.102 6.169 46.509
v -28.824 5.276 46.509
v -29.360 4.257 46.509
v -29.690 3.150 46.509
v -29.801 2.000 46.509
v -30.025 2.000 45.517
v -29.909 0.805 45.517
v -29.566 -0.343 45.517
v -29.010 -1.402 45.517
v -28.260 -2.330 45.517
v -27.347 -3.092 45.517
v -26.306 -3.658 45.517
v -25.175 -4.006 45.517
v -24.000 -4.124 45.517
v -22.825 -4.006 45.517
v -21.694 -3.658 45.517
v -20.653 -3.092 45.517
v -19.740 -2.330 45.517
v -18.990 -1.402 45.517
v -18.434 -0.343 45.517
v -18.091 0.805 45.517
v -17.975 2.000 45.517
v -18.091 3.195 45.517
v -18.434 4.343 45.517
v -18.990 5.402 45.517
v -19.740 6.330 45.517
v -20.653 7.092 45.517
v -21.694 7.658 45.517
v -22.825 8.006 45.517
v -24.000 8.124 45.517
v -25.175 8.006 45.517
v -26.306 7.658 45.517
v -27.347 7.092 45.517
v -28.260 6.330 45.517
v -29.010 5.402 45.517
v -29.566 4.343 45.517
v -29.909 3.195 45.517
v -30.025 2.000 45.517
v -30.100 2.000 44.500
v -29.983 0.790 44.500
v -29.636 -0.373 44.500
v -29.072 -1.445 44.500
v -28.313 -2.384 44.500
v -27.389 -3.155 44.500
v -26.334 -3.728 44.500
v -25.190 -4.081 44.500
v -24.000 -4.200 44.500
v -22.810 -4.081 44.500
v -21.666 -3.728 44.500
v -20.611 -3.155 44.500
v -19.687 -2.384 44.500
v -18.928 -1.445 44.500
v -18.364 -0.373 44.500
v -18.017 0.790 44.500
v -17.900 2.000 44.500
v -18.017 3.210 44.500
v -18.364 4.373 44.500
v -18.928 5.445 44.500
v -19.687 6.384 44.500
v -20.611 7.155 44.500
v -21.666 7.728 44.500
v -22.810 8.081 44.500
v -24.000 8.200 44.500
v -25.190 8.081 44.500
v -26.334 7.728 44.500
v -27.389 7.155 44.500
v -28.313 6.384 44.500
v -29.072 5.445 44.500
v -29.636 4.373 44.500
v -29.983 3.210 44.500
v -30.100 2.000 44.500
v -30.025 2.000 43.483
v -29.909 0.805 43.483
v -29.566 -0.343 43.483
v -29.010 -1.402 43.483
v -28.260 -2.330 43.483
v -27.347 -3.092 43.483
v -26.306 -3.658 43.483
v -25.175 -4.006 43.483
v -24.000 -4.124 43.483
v -22.825 -4.006 43.483
v -21.694 -3.658 43.483
v -20.653 -3.092 43.483
v -19.740 -2.330 43.483
v -18.990 -1.402 43.483
v -18.434 -0.343 43.483
v -18.091 0.805 43.483
v -17.975 2.000 43.483
v -18.091 3.195 43.483
v -18.434 4.343 43.483
v -18.990 5.402 43.483
v -19.740 6.330 43.483
v -20.653 7.092 43.483
v -21.694 7.658 43.483
v -22.825 8.006 43.483
v -24.000 8.124 43.483
v -25.175 8.006 43.483
v -26.306 7.658 43.483
v -27.347 7.092 43.483
v -28.260 6.330 43.483
v -29.010 5.402 43.483
v -29.566 4.343 43.483
v -29.909 3.195 43.483
v -30.025 2.000 43.483
v -29.801 2.000 42.491
v -29.690 0.850 42.491
v -29.360 -0.257 42.491
v -28.824 -1.276 42.491
v -28.102 -2.169 42.491
v -27.223 -2.903 42.491
v -26.220 -3.448 42.491
v -25.132 -3.783 42.491
v -24.000 -3.897 42.491
v -22.868 -3.783 42.491
v -21.780 -3.448 42.491
v -20.777 -2.903 42.491
v -19.898 -2.169 42.491
v -19.176 -1.276 42.491
v -18.640 -0.257 42.491
v -18.310 0.850 42.491
v -18.199 2.000 42.491
v -18.310 3.150 42.491
v -18.640 4.257 42.491
v -19.176 5.276 42.491
v -19.898 6.169 42.491
v -20.777 6.903 42.491
v -21.780 7.448 42.491
v -22.868 7.783 42.491
v -24.000 7.897 42.491
v -25.132 7.783 42.491
v -26.220 7.448 42.491
v -27.223 6.903 42.491
v -28.102 6.169 42.491
v -28.824 5.276 42.491
v -29.360 4.257 42.491
v -29.690 3.150 42.491
v -29.801 2.000 42.491
v -29.435 2.000 41.549
v -29.331 0.922 41.549
v -29.021 -0.114 41.549
v -28.519 -1.069 41.549
v -27.843 -1.906 41.549
v -27.020 -2.593 41.549
v -26.080 -3.104 41.549
v -25.060 -3.418 41.549
v -24.000 -3.524 41.549
v -22.940 -3.418 41.549
v -21.920 -3.104 41.549
v -20.980 -2.593 41.549
v -20.157 -1.906 41.549
v -19.481 -1.069 41.549
v -18.979 -0.114 41.549
v -18.669 0.922 41.549
v -18.565 2.000 41.549
v -18.669 3.078 41.549
v -18.979 4.114 41.549
v -19.481 5.069 41.549
v -20.157 5.906 41.549
v -20.980 6.593 41.549
v -21.920 7.104 41.549
v -22.940 7.418 41.549
v -24.000 7.524 41.549
v -25.060 7.418 41.549
v -26.080 7.104 41.549
v -27.020 6.593 41.549
v -27.843 5.906 41.549
v -28.519 5.069 41.549
v -29.021 4.114 41.549
v -29.331 3.078 41.549
v -29.435 2.000 41.549
v -28.935 2.000 40.679
v -28.840 1.021 40.679
v -28.559 0.080 40.679
v -28.103 -0.787 40.679
v -27.490 -1.547 40.679
v -26.742 -2.171 40.679
v -25.889 -2.634 40.679
v -24.963 -2.920 40.679
v -24.000 -3.016 40.679
v -23.037 -2.920 40.679
v -22.111 -2.634 40.679
v -21.258 -2.171 40.679
v -20.510 -1.547 40.679
v -19.897 -0.787 40.679
v -19.441 0.080 40.679
v -19.160 1.021 40.679
v -19.065 2.000 40.679
v -19.160 2.979 40.679
v -19.441 3.920 40.679
v -19.897 4.787 40.679
v -20.510 5.547 40.679
v -21.258 6.171 40.679
v -22.111 6.634 40.679
v -23.037 6.920 40.679
v -24.000 7.016 40.679
v -24.963 6.920 40.679
v -25.889 6.634 40.679
v -26.742 6.171 40.679
v -27.490 5.547 40.679
v -28.103 4.787 40.679
v -28.559 3.920 40.679
v -28.840 2.979 40.679
v -28.935 2.000 40.679
v -28.313 2.000 39.904
v -28.230 1.145 39.904
v -27.985 0.322 39.904
v -27.586 -0.436 39.904
v -27.050 -1.100 39.904
v -26.396 -1.645 39.904
v -25.651 -2.050 39.904
v -24.841 -2.300 39.904
v -24.000 -2.384 39.904
v -23.159 -2.300 39.904
v -22.349 -2.050 39.904
v -21.604 -1.645 39.904
v -20.950 -1.100 39.904
v -20.414 -0.436 39.904
v -20.015 0.322 39.904
v -19.770 1.145 39.904
v -19.687 2.000 39.904
v -19.770 2.855 39.904
v -20.015 3.678 39.904
v -20.414 4.436 39.904
v -20.950 5.100 39.904
v -21.604 5.645 39.904
v -22.349 6.050 39.904
v -23.159 6.300 39.904
v -24.000 6.384 39.904
v -24.841 6.300 39.904
v -25.651 6.050 39.904
v -26.396 5.645 39.904
v -27.050 5.100 39.904
v -27.586 4.436 39.904
v -27.985 3.678 39.904
v -28.230 2.855 39.904
v -28.313 2.000 39.904
v -27.585 2.000 39.241
v -27.517 1.289 39.241
v -27.313 0.605 39.241
v -26.981 -0.025 39.241
v -26.535 -0.577 39.241
v -25.992 -1.030 39.241
v -25.372 -1.367 39.241
v -24.699 -1.574 39.241
v -24.000 -1.644 39.241
v -23.301 -1.574 39.241
v -22.628 -1.367 39.241
v -22.008 -1.030 39.241
v -21.465 -0.577 39.241
v -21.019 -0.025 39.241
v -20.687 0.605 39.241
v -20.483 1.289 39.241
v -20.415 2.000 39.241
v -20.483 2.711 39.241
v -20.687 3.395 39.241
v -21.019 4.025 39.241
v -21.465 4.577 39.241
v -22.008 5.030 39.241
v -22.628 5.367 39.241
v -23.301 5.574 39.241
v -24.000 5.644 39.241
v -24.699 5.574 39.241
v -25.372 5.367 39.241
v -25.992 5.030 39.241
v -26.535 4.577 39.241
v -26.981 4.025 39.241
v -27.313 3.395 39.241
v -27.517 2.711 39.241
v -27.585 2.000 39.241
v -26.769 2.000 38.708
v -26.716 1.451 38.708
v -26.559 0.923 38.708
v -26.303 0.436 38.708
v -25.958 0.010 38.708
v -25.539 -0.340 38.708
v -25.060 -0.600 38.708
v -24.540 -0.761 38.708
v -24.000 -0.815 38.708
v -23.460 -0.761 38.708
v -22.940 -0.600 38.708
v -22.461 -0.340 38.708
v -22.042 0.010 38.708
v -21.697 0.436 38.708
v -21.441 0.923 38.708
v -21.284 1.451 38.708
v -21.231 2.000 38.708
v -21.284 2.549 38.708
v -21.441 3.077 38.708
v -21.697 3.564 38.708
v -22.042 3.990 38.708
v -22.461 4.340 38.708
v -22.940 4.600 38.708
v -23.460 4.761 38.708
v -24.000 4.815 38.708
v -24.540 4.761 38.708
v -25.060 4.600 38.708
v -25.539 4.340 38.708
v -25.958 3.990 38.708
v -26.303 3.564 38.708
v -26.559 3.077 38.708
v -26.716 2.549 38.708
v -26.769 2.000 38.708
v -25.885 2.000 38.318
v -25.849 1.626 38.318
v -25.742 1.267 38.318
v -25.567 0.936 38.318
v -25.333 0.645 38.318
v -25.047 0.407 38.318
v -24.721 0.230 38.318
v -24.368 0.121 38.318
v -24.000 0.084 38.318
v -23.632 0.121 38.318
v -23.279 0.230 38.318
v -22.953 0.407 38.318
v -22.667 0.645 38.318
v -22.433 0.936 38.318
v -22.258 1.267 38.318
v -22.151 1.626 38.318
v -22.115 2.000 38.318
v -22.151 2.374 38.318
v -22.258 2.733 38.318
v -22.433 3.064 38.318
v -22.667 3.355 38.318
v -22.953 3.593 38.318
v -23.279 3.770 38.318
v -23.632 3.879 38.318
v -24.000 3.916 38.318
v -24.368 3.879 38.318
v -24.721 3.770 38.318
v -25.047 3.593 38.318
v -25.333 3.355 38.318
v -25.567 3.064 38.318
v -25.742 2.733 38.318
v -25.849 2.374 38.318
v -25.885 2.000 38.318
v -24.954 2.000 38.080
v -24.936 1.811 38.080
v -24.882 1.629 38.080
v -24.793 1.461 38.080
v -24.675 1.314 38.080
v -24.530 1.194 38.080
v -24.365 1.104 38.080
v -24.186 1.049 38.080
v -24.000 1.030 38.080
v -23.814 1.049 38.080
v -23.635 1.104 38.080
v -23.470 1.194 38.080
v -23.325 1.314 38.080
v -23.207 1.461 38.080
v -23.118 1.629 38.080
v -23.064 1.811 38.080
v -23.046 2.000 38.080
v -23.064 2.189 38.080
v -23.118 2.371 38.080
v -23.207 2.539 38.080
v -23.325 2.686 38.080
v -23.470 2.806 38.080
v -23.635 2.896 38.080
v -23.814 2.951 38.080
v -24.000 2.970 38.080
v -24.186 2.951 38.080
v -24.365 2.896 38.080
v -24.530 2.806 38.080
v -24.675 2.686 38.080
v -24.793 2.539 38.080
v -24.882 2.371 38.080
v -24.936 2.189 38.080
v -24.954 2.000 38.080
v -24.000 2.000 38.000
v -24.000 2.000 38.000
v -24.000 2.000 38.000
v -24.000 2.000 38.000
v -24.000 2.000 38.000
v -24.000 2.000 38.000
v -24.000 2.000 38.000
v -24.000 2.000 38.000
v -24.000 2.000 38.000
v -24.000 2.000 38.000
v -24.000 2.000 38.000
v -24.000 2.000 38.000
v -24.000 2.000 38.000
v -24.000 2.000 38.000
v -24.000 2.000 38.000
v -24.000 2.000 38.000
v -24.000 2.000 38.000
v -24.000 2.000 38.000
v -24.000 2.000 38.000
v -24.000 2.000 38.000
v -24.000 2.000 38.000
v -24.000 2.000 38.000
v -24.000 2.000 38.000
v -24.000 2.000 38.000
v -24.000 2.000 38.000
v -24.000 2.000 38.000
v -24.000 2.000 38.000
v -24.000 2.000 38.000
v -24.000 2.000 38.000
v -24.000 2.000 38.000
v -24.000 2.000 38.000
v -24.000 2.000 38.000
v -24.000 2.000 38.000
vt 0.01563 1.00000
vt 0.04688 1.00000
vt 0.07813 1.00000
vt 0.10938 1.00000
vt 0.14063 1.00000
vt 0.17188 1.00000
vt 0.20313 1.00000
vt 0.23438 1.00000
vt 0.26563 1.00000
vt 0.29688 1.00000
vt 0.32813 1.00000
vt 0.35938 1.00000
vt 0.39063 1.00000
vt 0.42188 1.00000
vt 0.45313 1.00000
vt 0.48438 1.00000
vt 0.51563 1.00000
vt 0.54688 1.00000
vt 0.57813 1.00000
vt 0.60938 1.00000
vt 0.64063 1.00000
vt 0.67188 1.00000
vt 0.70313 1.00000
vt 0.73438 1.00000
vt 0.76563 1.00000
vt 0.79688 1.00000
vt 0.82813 1.00000
vt 0.85938 1.00000
vt 0.89063 1.00000
vt 0.92188 1.00000
vt 0.95313 1.00000
vt 0.98438 1.00000
vt 1.01563 1.00000
vt 0.00000 0.95000
vt 0.03125 0.95000
vt 0.06250 0.95000
vt 0.09375 0.95000
vt 0.12500 0.95000
vt 0.15625 0.95000
vt 0.18750 0.95000
vt 0.21875 0.95000
vt 0.25000 0.95000
vt 0.28125 0.95000
vt 0.31250 0.95000
vt 0.34375 0.95000
vt 0.37500 0.95000
vt 0.40625 0.95000
vt 0.43750 0.95000
vt 0.46875 0.95000
vt 0.50000 0.95000
vt 0.53125 0.95000
vt 0.56250 0.95000
vt 0.59375 0.95000
vt 0.62500 0.95000
vt 0.65625 0.95000
vt 0.68750 0.95000
vt 0.71875 0.95000
vt 0.75000 0.95000
vt 0.78125 0.95000
vt 0.81250 0.95000
vt 0.84375 0.95000
vt 0.87500 0.95000
vt 0.90625 0.95000
vt 0.93750 0.95000
vt 0.96875 0.95000
vt 1.00000 0.95000
vt 0.00000 0.90000
vt 0.03125 0.90000
vt 0.06250 0.90000
vt 0.09375 0.90000
vt 0.12500 0.90000
vt 0.15625 0.90000
vt 0.18750 0.90000
vt 0.21875 0.90000
vt 0.25000 0.90000
vt 0.28125 0.90000
vt 0.31250 0.90000
vt 0.34375 0.90000
vt 0.37500 0.90000
vt 0.40625 0.90000
vt 0.43750 0.90000
vt 0.46875 0.90000
vt 0.50000 0.90000
vt 0.53125 0.90000
vt 0.56250 0.90000
vt 0.59375 0.90000
vt 0.62500 0.90000
vt 0.65625 0.90000
vt 0.68750 0.90000
vt 0.71875 0.90000
vt 0.75000 0.90000
vt 0.78125 0.90000
vt 0.81250 0.90000
vt 0.84375 0.90000
vt 0.87500 0.90000
vt 0.90625 0.90000
vt 0.93750 0.90000
vt 0.96875 0.90000
vt 1.00000 0.90000
vt 0.00000 0.85000
vt 0.03125 0.85000
vt 0.06250 0.85000
vt 0.09375 0.85000
vt 0.12500 0.85000
vt 0.15625 0.85000
vt 0.18750 0.85000
vt 0.21875 0.85000
vt 0.25000 0.85000
vt 0.28125 0.85000
vt 0.31250 0.85000
vt 0.34375 0.85000
vt 0.37500 0.85000
vt 0.40625 0.85000
vt 0.43750 0.85000
vt 0.46875 0.85000
vt 0.50000 0.85000
vt 0.53125 0.85000
vt 0.56250 0.85000
vt 0.59375 0.85000
vt 0.62500 0.85000
vt 0.65625 0.85000
vt 0.68750 0.85000
vt 0.71875 0.85000
vt 0.75000 0.85000
vt 0.78125 0.85000
vt 0.81250 0.85000
vt 0.84375 0.85000
vt 0.87500 0.85000
vt 0.90625 0.85000
vt 0.93750 0.85000
vt 0.96875 0.85000
vt 1.00000 0.85000
vt 0.00000 0.80000
vt 0.03125 0.80000
vt 0.06250 0.80000
vt 0.09375 0.80000
vt 0.12500 0.80000
vt 0.15625 0.80000
vt 0.18750 0.80000
vt 0.21875 0.80000
vt 0.25000 0.80000
vt 0.28125 0.80000
vt 0.31250 0.80000
vt 0.34375 0.80000
vt 0.37500 0.80000
vt 0.40625 0.80000
vt 0.43750 0.80000
vt 0.46875 0.80000
vt 0.50000 0.80000
vt 0.53125 0.80000
vt 0.56250 0.80000
vt 0.59375 0.80000
vt 0.62500 0.80000
vt 0.65625 0.80000
vt 0.68750 0.80000
vt 0.71875 0.80000
vt 0.75000 0.80000
vt 0.78125 0.80000
vt 0.81250 0.80000
vt 0.84375 0.80000
vt 0.87500 0.80000
vt 0.90625 0.80000
vt 0.93750 0.80000
vt 0.96875 0.80000
vt 1.00000 0.80000
vt 0.00000 0.75000
vt 0.03125 0.75000
vt 0.06250 0.75000
vt 0.09375 0.75000
vt 0.12500 0.75000
vt 0.15625 0.75000
vt 0.18750 0.75000
vt 0.21875 0.75000
vt 0.25000 0.75000
vt 0.28125 0.75000
vt 0.31250 0.75000
vt 0.34375 0.75000
vt 0.37500 0.75000
vt 0.40625 0.75000
vt 0.43750 0.75000
vt 0.46875 0.75000
vt 0.50000 0.75000
vt 0.53125 0.75000
vt 0.56250 0.75000
vt 0.59375 0.75000
vt 0.62500 0.75000
vt 0.65625 0.75000
vt 0.68750 0.75000
vt 0.71875 0.75000
vt 0.75000 0.75000
vt 0.78125 0.75000
vt 0.81250 0.75000
vt 0.84375 0.75000
vt 0.87500 0.75000
vt 0.90625 0.75000
vt 0.93750 0.75000
vt 0.96875 0.75000
vt 1.00000 0.75000
vt 0.00000 0.70000
vt 0.03125 0.70000
vt 0.06250 0.70000
vt 0.09375 0.70000
vt 0.12500 0.70000
vt 0.15625 0.70000
vt 0.18750 0.70000
vt 0.21875 0.70000
vt 0.25000 0.70000
vt 0.28125 0.70000
vt 0.31250 0.70000
vt 0.34375 0.70000
vt 0.37500 0.70000
vt 0.40625 0.70000
vt 0.43750 0.70000
vt 0.46875 0.70000
vt 0.50000 0.70000
vt 0.53125 0.70000
vt 0.56250 0.70000
vt 0.59375 0.70000
vt 0.62500 0.70000
vt 0.65625 0.70000
vt 0.68750 0.70000
vt 0.71875 0.70000
vt 0.75000 0.70000
vt 0.78125 0.70000
vt 0.81250 0.70000
vt 0.84375 0.70000
vt 0.87500 0.70000
vt 0.90625 0.70000
vt 0.93750 0.70000
vt 0.96875 0.70000
vt 1.00000 0.70000
vt 0.00000 0.65000
vt 0.03125 0.65000
vt 0.06250 0.65000
vt 0.09375 0.65000
vt 0.12500 0.65000
vt 0.15625 0.65000
vt 0.18750 0.65000
vt 0.21875 0.65000
vt 0.25000 0.65000
vt 0.28125 0.65000
vt 0.31250 0.65000
vt 0.34375 0.65000
vt 0.37500 0.65000
vt 0.40625 0.65000
vt 0.43750 0.65000
vt 0.46875 0.65000
vt 0.50000 0.65000
vt 0.53125 0.65000
vt 0.56250 0.65000
vt 0.59375 0.65000
vt 0.62500 0.65000
vt 0.65625 0.65000
vt 0.68750 0.65000
vt 0.71875 0.65000
vt 0.75000 0.65000
vt 0.78125 0.65000
vt 0.81250 0.65000
vt 0.84375 0.65000
vt 0.87500 0.65000
vt 0.90625 0.65000
vt 0.93750 0.65000
vt 0.96875 0.65000
vt 1.00000 0.65000
vt 0.00000 0.60000
vt 0.03125 0.60000
vt 0.06250 0.60000
vt 0.09375 0.60000
vt 0.12500 0.60000
vt 0.15625 0.60000
vt 0.18750 0.60000
vt 0.21875 0.60000
vt 0.25000 0.60000
vt 0.28125 0.60000
vt 0.31250 0.60000
vt 0.34375 0.60000
vt 0.37500 0.60000
vt 0.40625 0.60000
vt 0.43750 0.60000
vt 0.46875 0.60000
vt 0.50000 0.60000
vt 0.53125 0.60000
vt 0.56250 0.60000
vt 0.59375 0.60000
vt 0.62500 0.60000
vt 0.65625 0.60000
vt 0.68750 0.60000
vt 0.71875 0.60000
vt 0.75000 0.60000
vt 0.78125 0.60000
vt 0.81250 0.60000
vt 0.84375 0.60000
vt 0.87500 0.60000
vt 0.90625 0.60000
vt 0.93750 0.60000
vt 0.96875 0.60000
vt 1.00000 0.60000
vt 0.00000 0.55000
vt 0.03125 0.55000
vt 0.06250 0.55000
vt 0.09375 0.55000
vt 0.12500 0.55000
vt 0.15625 0.55000
vt 0.18750 0.55000
vt 0.21875 0.55000
vt 0.25000 0.55000
vt 0.28125 0.55000
vt 0.31250 0.55000
vt 0.34375 0.55000
vt 0.37500 0.55000
vt 0.40625 0.55000
vt 0.43750 0.55000
vt 0.46875 0.55000
vt 0.50000 0.55000
vt 0.53125 0.55000
vt 0.56250 0.55000
vt 0.59375 0.55000
vt 0.62500 0.55000
vt 0.65625 0.55000
vt 0.68750 0.55000
vt 0.71875 0.55000
vt 0.75000 0.55000
vt 0.78125 0.55000
vt 0.81250 0.55000
vt 0.84375 0.55000
vt 0.87500 0.55000
vt 0.90625 0.55000
vt 0.93750 0.55000
vt 0.96875 0.55000
vt 1.00000 0.55000
vt 0.00000 0.50000
vt 0.03125 0.50000
vt 0.06250 0.50000
vt 0.09375 0.50000
vt 0.12500 0.50000
vt 0.15625 0.50000
vt 0.18750 0.50000
vt 0.21875 0.50000
vt 0.25000 0.50000
vt 0.28125 0.50000
vt 0.31250 0.50000
vt 0.34375 0.50000
vt 0.37500 0.50000
vt 0.40625 0.50000
vt 0.43750 0.50000
vt 0.46875 0.50000
vt 0.50000 0.50000
vt 0.53125 0.50000
vt 0.56250 0.50000
vt 0.59375 0.50000
vt 0.62500 0.50000
vt 0.65625 0.50000
vt 0.68750 0.50000
vt 0.71875 0.50000
vt 0.75000 0.50000
vt 0.78125 0.50000
vt 0.81250 0.50000
vt 0.84375 0.50000
vt 0.87500 0.50000
vt 0.90625 0.50000
vt 0.93750 0.50000
vt 0.96875 0.50000
vt 1.00000 0.50000
vt 0.00000 0.45000
vt 0.03125 0.45000
vt 0.06250 0.45000
vt 0.09375 0.45000
vt 0.12500 0.45000
vt 0.15625 0.45000
vt 0.18750 0.45000
vt 0.21875 0.45000
vt 0.25000 0.45000
vt 0.28125 0.45000
vt 0.31250 0.45000
vt 0.34375 0.45000
vt 0.37500 0.45000
vt 0.40625 0.45000
vt 0.43750 0.45000
vt 0.46875 0.45000
vt 0.50000 0.45000
vt 0.53125 0.45000
vt 0.56250 0.45000
vt 0.59375 0.45000
vt 0.62500 0.45000
vt 0.65625 0.45000
vt 0.68750 0.45000
vt 0.71875 0.45000
vt 0.75000 0.45000
vt 0.78125 0.45000
vt 0.81250 0.45000
vt 0.84375 0.45000
vt 0.87500 0.45000
vt 0.90625 0.45000
vt 0.93750 0.45000
vt 0.96875 0.45000
vt 1.00000 0.45000
vt 0.00000 0.40000
vt 0.03125 0.40000
vt 0.06250 0.40000
vt 0.09375 0.40000
vt 0.12500 0.40000
vt 0.15625 0.40000
vt 0.18750 0.40000
vt 0.21875 0.40000
vt 0.25000 0.40000
vt 0.28125 0.40000
vt 0.31250 0.40000
vt 0.34375 0.40000
vt 0.37500 0.40000
vt 0.40625 0.40000
vt 0.43750 0.40000
vt 0.46875 0.40000
vt 0.50000 0.40000
vt 0.53125 0.40000
vt 0.56250 0.40000
vt 0.59375 0.40000
vt 0.62500 0.40000
vt 0.65625 0.40000
vt 0.68750 0.40000
vt 0.71875 0.40000
vt 0.75000 0.40000
vt 0.78125 0.40000
vt 0.81250 0.40000
vt 0.84375 0.40000
vt 0.87500 0.40000
vt 0.90625 0.40000
vt 0.93750 0.40000
vt 0.96875 0.40000
vt 1.00000 0.40000
vt 0.00000 0.35000
vt 0.03125 0.35000
vt 0.06250 0.35000
vt 0.09375 0.35000
vt 0.12500 0.35000
vt 0.15625 0.35000
vt 0.18750 0.35000
vt 0.21875 0.35000
vt 0.25000 0.35000
vt 0.28125 0.35000
vt 0.31250 0.35000
vt 0.34375 0.35000
vt 0.37500 0.35000
vt 0.40625 0.35000
vt 0.43750 0.35000
vt 0.46875 0.35000
vt 0.50000 0.35000
vt 0.53125 0.35000
vt 0.56250 0.35000
vt 0.59375 0.35000
vt 0.62500 0.35000
vt 0.65625 0.35000
vt 0.68750 0.35000
vt 0.71875 0.35000
vt 0.75000 0.35000
vt 0.78125 0.35000
vt 0.81250 0.35000
vt 0.84375 0.35000
vt 0.87500 0.35000
vt 0.90625 0.35000
vt 0.93750 0.35000
vt 0.96875 0.35000
vt 1.00000 0.35000
vt 0.00000 0.30000
vt 0.03125 0.30000
vt 0.06250 0.30000
vt 0.09375 0.30000
vt 0.12500 0.30000
vt 0.15625 0.30000
vt 0.18750 0.30000
vt 0.21875 0.30000
vt 0.25000 0.30000
vt 0.28125 0.30000
vt 0.31250 0.30000
vt 0.34375 0.30000
vt 0.37500 0.30000
vt 0.40625 0.30000
vt 0.43750 0.30000
vt 0.46875 0.30000
vt 0.50000 0.30000
vt 0.53125 0.30000
vt 0.56250 0.30000
vt 0.59375 0.30000
vt 0.62500 0.30000
vt 0.65625 0.30000
vt 0.68750 0.30000
vt 0.71875 0.30000
vt 0.75000 0.30000
vt 0.78125 0.30000
vt 0.81250 0.30000
vt 0.84375 0.30000
vt 0.87500 0.30000
vt 0.90625 0.30000
vt 0.93750 0.30000
vt 0.96875 0.30000
vt 1.00000 0.30000
vt 0.00000 0.25000
vt 0.03125 0.25000
vt 0.06250 0.25000
vt 0.09375 0.25000
vt 0.12500 0.25000
vt 0.15625 0.25000
vt 0.18750 0.25000
vt 0.21875 0.25000
vt 0.25000 0.25000
vt 0.28125 0.25000
vt 0.31250 0.25000
vt 0.34375 0.25000
vt 0.37500 0.25000
vt 0.40625 0.25000
vt 0.43750 0.25000
vt 0.46875 0.25000
vt 0.50000 0.25000
vt 0.53125 0.25000
vt 0.56250 0.25000
vt 0.59375 0.25000
vt 0.62500 0.25000
vt 0.65625 0.25000
vt 0.68750 0.25000
vt 0.71875 0.25000
vt 0.75000 0.25000
vt 0.78125 0.25000
vt 0.81250 0.25000
vt 0.84375 0.25000
vt 0.87500 0.25000
vt 0.90625 0.25000
vt 0.93750 0.25000
vt 0.96875 0.25000
vt 1.00000 0.25000
vt 0.00000 0.20000
vt 0.03125 0.20000
vt 0.06250 0.20000
vt 0.09375 0.20000
vt 0.12500 0.20000
vt 0.15625 0.20000
vt 0.18750 0.20000
vt 0.21875 0.20000
vt 0.25000 0.20000
vt 0.28125 0.20000
vt 0.31250 0.20000
vt 0.34375 0.20000
vt 0.37500 0.20000
vt 0.40625 0.20000
vt 0.43750 0.20000
vt 0.46875 0.20000
vt 0.50000 0.20000
vt 0.53125 0.20000
vt 0.56250 0.20000
vt 0.59375 0.20000
vt 0.62500 0.20000
vt 0.65625 0.20000
vt 0.68750 0.20000
vt 0.71875 0.20000
vt 0.75000 0.20000
vt 0.78125 0.20000
vt 0.81250 0.20000
vt 0.84375 0.20000
vt 0.87500 0.20000
vt 0.90625 0.20000
vt 0.93750 0.20000
vt 0.96875 0.20000
vt 1.00000 0.20000
vt 0.00000 0.15000
vt 0.03125 0.15000
vt 0.06250 0.15000
vt 0.09375 0.15000
vt 0.12500 0.15000
vt 0.15625 0.15000
vt 0.18750 0.15000
vt 0.21875 0.15000
vt 0.25000 0.15000
vt 0.28125 0.15000
vt 0.31250 0.15000
vt 0.34375 0.15000
vt 0.37500 0.15000
vt 0.40625 0.15000
vt 0.43750 0.15000
vt 0.46875 0.15000
vt 0.50000 0.15000
vt 0.53125 0.15000
vt 0.56250 0.15000
vt 0.59375 0.15000
vt 0.62500 0.15000
vt 0.65625 0.15000
vt 0.68750 0.15000
vt 0.71875 0.15000
vt 0.75000 0.15000
vt 0.78125 0.15000
vt 0.81250 0.15000
vt 0.84375 0.15000
vt 0.87500 0.15000
vt 0.90625 0.15000
vt 0.93750 0.15000
vt 0.96875 0.15000
vt 1.00000 0.15000
vt 0.00000 0.10000
vt 0.03125 0.10000
vt 0.06250 0.10000
vt 0.09375 0.10000
vt 0.12500 0.10000
vt 0.15625 0.10000
vt 0.18750 0.10000
vt 0.21875 0.10000
vt 0.25000 0.10000
vt 0.28125 0.10000
vt 0.31250 0.10000
vt 0.34375 0.10000
vt 0.37500 0.10000
vt 0.40625 0.10000
vt 0.43750 0.10000
vt 0.46875 0.10000
vt 0.50000 0.10000
vt 0.53125 0.10000
vt 0.56250 0.10000
vt 0.59375 0.10000
vt 0.62500 0.10000
vt 0.65625 0.10000
vt 0.68750 0.10000
vt 0.71875 0.10000
vt 0.75000 0.10000
vt 0.78125 0.10000
vt 0.81250 0.10000
vt 0.84375 0.10000
vt 0.87500 0.10000
vt 0.90625 0.10000
vt 0.93750 0.10000
vt 0.96875 0.10000
vt 1.00000 0.10000
vt 0.00000 0.05000
vt 0.03125 0.05000
vt 0.06250 0.05000
vt 0.09375 0.05000
vt 0.12500 0.05000
vt 0.15625 0.05000
vt 0.18750 0.05000
vt 0.21875 0.05000
vt 0.25000 0.05000
vt 0.28125 0.05000
vt 0.31250 0.05000
vt 0.34375 0.05000
vt 0.37500 0.05000
vt 0.40625 0.05000
vt 0.43750 0.05000
vt 0.46875 0.05000
vt 0.50000 0.05000
vt 0.53125 0.05000
vt 0.56250 0.05000
vt 0.59375 0.05000
vt 0.62500 0.05000
vt 0.65625 0.05000
vt 0.68750 0.05000
vt 0.71875 0.05000
vt 0.75000 0.05000
vt 0.78125 0.05000
vt 0.81250 0.05000
vt 0.84375 0.05000
vt 0.87500 0.05000
vt 0.90625 0.05000
vt 0.93750 0.05000
vt 0.96875 0.05000
vt 1.00000 0.05000
vt -0.01563 0.00000
vt 0.01563 0.00000
vt 0.04688 0.00000
vt 0.07813 0.00000
vt 0.10938 0.00000
vt 0.14063 0.00000
vt 0.17188 0.00000
vt 0.20313 0.00000
vt 0.23438 0.00000
vt 0.26563 0.00000
vt 0.29688 0.00000
vt 0.32813 0.00000
vt 0.35938 0.00000
vt 0.39063 0.00000
vt 0.42188 0.00000
vt 0.45313 0.00000
vt 0.48438 0.00000
vt 0.51563 0.00000
vt 0.54688 0.00000
vt 0.57813 0.00000
vt 0.60938 0.00000
vt 0.64063 0.00000
vt 0.67188 0.00000
vt 0.70313 0.00000
vt 0.73438 0.00000
vt 0.76563 0.00000
vt 0.79688 0.00000
vt 0.82813 0.00000
vt 0.85938 0.00000
vt 0.89063 0.00000
vt 0.92188 0.00000
vt 0.95313 0.00000
vt 0.98438 0.00000
f 1652/1652 1685/1685 1686/1686
f 1653/1653 1686/1686 1687/1687
f 1654/1654 1687/1687 1688/1688
f 1655/1655 1688/1688 1689/1689
f 1656/1656 1689/1689 1690/1690
f 1657/1657 1690/1690 1691/1691
f 1658/1658 1691/1691 1692/1692
f 1659/1659 1692/1692 1693/1693
f 1660/1660 1693/1693 1694/1694
f 1661/1661 1694/1694 1695/1695
f 1662/1662 1695/1695 1696/1696
f 1663/1663 1696/1696 1697/1697
f 1664/1664 1697/1697 1698/1698
f 1665/1665 1698/1698 1699/1699
f 1666/1666 1699/1699 1700/1700
f 1667/1667 1700/1700 1701/1701
f 1668/1668 1701/1701 1702/1702
f 1669/1669 1702/1702 1703/1703
f 1670/1670 1703/1703 1704/1704
f 1671/1671 1704/1704 1705/1705
f 1672/1672 1705/1705 1706/1706
f 1673/1673 1706/1706 1707/1707
f 1674/1674 1707/1707 1708/1708
f 1675/1675 1708/1708 1709/1709
f 1676/1676 1709/1709 1710/1710
f 1677/1677 1710/1710 1711/1711
f 1678/1678 1711/1711 1712/1712
f 1679/1679 1712/1712 1713/1713
f 1680/1680 1713/1713 1714/1714
f 1681/1681 1714/1714 1715/1715
f 1682/1682 1715/1715 1716/1716
f 1683/1683 1716/1716 1717/1717
f 1686/1686 1685/1685 1719/1719
f 1685/1685 1718/1718 1719/1719
f 1687/1687 1686/1686 1720/1720
f 1686/1686 1719/1719 1720/1720
f 1688/1688 1687/1687 1721/1721
f 1687/1687 1720/1720 1721/1721
f 1689/1689 1688/1688 1722/1722
f 1688/1688 1721/1721 1722/1722
f 1690/1690 1689/1689 1723/1723
f 1689/1689 1722/1722 1723/1723
f 1691/1691 1690/1690 1724/1724
f 1690/1690 1723/1723 1724/1724
f 1692/1692 1691/1691 1725/1725
f 1691/1691 1724/1724 1725/1725
f 1693/1693 1692/1692 1726/1726
f 1692/1692 1725/1725 1726/1726
f 1694/1694 1693/1693 1727/1727
f 1693/1693 1726/1726 1727/1727
f 1695/1695 1694/1694 1728/1728
f 1694/1694 1727/1727 1728/1728
f 1696/1696 1695/1695 1729/1729
f 1695/1695 1728/1728 1729/1729
f 1697/1697 1696/1696 1730/1730
f 1696/1696 1729/1729 1730/1730
f 1698/1698 1697/1697 1731/1731
f 1697/1697 1730/1730 1731/1731
f 1699/1699 1698/1698 1732/1732
f 1698/1698 1731/1731 1732/1732
f 1700/1700 1699/1699 1733/1733
f 1699/1699 1732/1732 1733/1733
f 1701/1701 1700/1700 1734/1734
f 1700/1700 1733/1733 1734/1734
f 1702/1702 1701/1701 1735/1735
f 1701/1701 1734/1734 1735/1735
f 1703/1703 1702/1702 1736/1736
f 1702/1702 1735/1735 1736/1736
f 1704/1704 1703/1703 1737/1737
f 1703/1703 1736/1736 1737/1737
f 1705/1705 1704/1704 1738/1738
f 1704/1704 1737/1737 1738/1738
f 1706/1706 1705/1705 1739/1739
f 1705/1705 1738/1738 1739/1739
f 1707/1707 1706/1706 1740/1740
f 1706/1706 1739/1739 1740/1740
f 1708/1708 1707/1707 1741/1741
f 1707/1707 1740/1740 1741/1741
f 1709/1709 1708/1708 1742/1742
f 1708/1708 1741/1741 1742/1742
f 1710/1710 1709/1709 1743/1743
f 1709/1709 1742/1742 1743/1743
f 1711/1711 1710/1710 1744/1744
f 1710/1710 1743/1743 1744/1744
f 1712/1712 1711/1711 1745/1745
f 1711/1711 1744/1744 1745/1745
f 1713/1713 1712/1712 1746/1746
f 1712/1712 1745/1745 1746/1746
f 1714/1714 1713/1713 1747/1747
f 1713/1713 1746/1746 1747/1747
f 1715/1715 1714/1714 1748/1748
f 1714/1714 1747/1747 1748/1748
f 1716/1716 1715/1715 1749/1749
f 1715/1715 1748/1748 1749/1749
f 1717/1717 1716/1716 1750/1750
f 1716/1716 1749/1749 1750/1750
f 1719/1719 1718/1718 1752/1752
f 1718/1718 1751/1751 1752/1752
f 1720/1720 1719/1719 1753/1753
f 1719/1719 1752/1752 1753/1753
f 1721/1721 1720/1720 1754/1754
f 1720/1720 1753/1753 1754/1754
f 1722/1722 1721/1721 1755/1755
f 1721/1721 1754/1754 1755/1755
f 1723/1723 1722/1722 1756/1756
f 1722/1722 1755/1755 1756/1756
f 1724/1724 1723/1723 1757/1757
f 1723/1723 1756/1756 1757/1757
f 1725/1725 1724/1724 1758/1758
f 1724/1724 1757/1757 1758/1758
f 1726/1726 1725/1725 1759/1759
f 1725/1725 1758/1758 1759/1759
f 1727/1727 1726/1726 1760/1760
f 1726/1726 1759/1759 1760/1760
f 1728/1728 1727/1727 1761/1761
f 1727/1727 1760/1760 1761/1761
f 1729/1729 1728/1728 1762/1762
f 1728/1728 1761/1761 1762/1762
f 1730/1730 1729/1729 1763/1763
f 1729/1729 1762/1762 1763/1763
f 1731/1731 1730/1730 1764/1764
f 1730/1730 1763/1763 1764/1764
f 1732/1732 1731/1731 1765/1765
f 1731/1731 1764/1764 1765/1765
f 1733/1733 1732/1732 1766/1766
f 1732/1732 1765/1765 1766/1766
f 1734/1734 1733/1733 1767/1767
f 1733/1733 1766/1766 1767/1767
f 1735/1735 1734/1734 1768/1768
f 1734/1734 1767/1767 1768/1768
f 1736/1736 1735/1735 1769/1769
f 1735/1735 1768/1768 1769/1769
f 1737/1737 1736/1736 1770/1770
f 1736/1736 1769/1769 1770/1770
f 1738/1738 1737/1737 1771/1771
f 1737/1737 1770/1770 1771/1771
f 1739/1739 1738/1738 1772/1772
f 1738/1738 1771/1771 1772/1772
f 1740/1740 1739/1739 1773/1773
f 1739/1739 1772/1772 1773/1773
f 1741/1741 1740/1740 1774/1774
f 1740/1740 1773/1773 1774/1774
f 1742/1742 1741/1741 1775/1775
f 1741/1741 1774/1774 1775/1775
f 1743/1743 1742/1742 1776/1776
f 1742/1742 1775/1775 1776/1776
f 1744/1744 1743/1743 1777/1777
f 1743/1743 1776/1776 1777/1777
f 1745/1745 1744/1744 1778/1778
f 1744/1744 1777/1777 1778/1778
f 1746/1746 1745/1745 1779/1779
f 1745/1745 1778/1778 1779/1779
f 1747/1747 1746/1746 1780/1780
f 1746/1746 1779/1779 1780/1780
f 1748/1748 1747/1747 1781/1781
f 1747/1747 1780/1780 1781/1781
f 1749/1749 1748/1748 1782/1782
f 1748/1748 1781/1781 1782/1782
f 1750/1750 1749/1749 1783/1783
f 1749/1749 1782/1782 1783/1783
f 1752/1752 1751/1751 1785/1785
f 1751/1751 1784/1784 1785/1785
f 1753/1753 1752/1752 1786/1786
f 1752/1752 1785/1785 1786/1786
f 1754/1754 1753/1753 1787/1787
f 1753/1753 1786/1786 1787/1787
f 1755/1755 1754/1754 1788/1788
f 1754/1754 1787/1787 1788/1788
f 1756/1756 1755/1755 1789/1789
f 1755/1755 1788/1788 1789/1789
f 1757/1757 1756/1756 1790/1790
f 1756/1756 1789/1789 1790/1790
f 1758/1758 1757/1757 1791/1791
f 1757/1757 1790/1790 1791/1791
f 1759/1759 1758/1758 1792/1792
f 1758/1758 1791/1791 1792/1792
f 1760/1760 1759/1759 1793/1793
f 1759/1759 1792/1792 1793/1793
f 1761/1761 1760/1760 1794/1794
f 1760/1760 1793/1793 1794/1794
f 1762/1762 1761/1761 1795/1795
f 1761/1761 1794/1794 1795/1795
f 1763/1763 1762/1762 1796/1796
f 1762/1762 1795/1795 1796/1796
f 1764/1764 1763/1763 1797/1797
f 1763/1763 1796/1796 1797/1797
f 1765/1765 1764/1764 1798/1798
f 1764/1764 1797/1797 1798/1798
f 1766/1766 1765/1765 1799/1799
f 1765/1765 1798/1798 1799/1799
f 1767/1767 1766/1766 1800/1800
f 1766/1766 1799/1799 1800/1800
f 1768/1768 1767/1767 1801/1801
f 1767/1767 1800/1800 1801/1801
f 1769/1769 1768/1768 1802/1802
f 1768/1768 1801/1801 1802/1802
f 1770/1770 1769/1769 1803/1803
f 1769/1769 1802/1802 1803/1803
f 1771/1771 1770/1770 1804/1804
f 1770/1770 1803/1803 1804/1804
f 1772/1772 1771/1771 1805/1805
f 1771/1771 1804/1804 1805/1805
f 1773/1773 1772/1772 1806/1806
f 1772/1772 1805/1805 1806/1806
f 1774/1774 1773/1773 1807/1807
f 1773/1773 1806/1806 1807/1807
f 1775/1775 1774/1774 1808/1808
f 1774/1774 1807/1807 1808/1808
f 1776/1776 1775/1775 1809/1809
f 1775/1775 1808/1808 1809/1809
f 1777/1777 1776/1776 1810/1810
f 1776/1776 1809/1809 1810/1810
f 1778/1778 1777/1777 1811/1811
f 1777/1777 1810/1810 1811/1811
f 1779/1779 1778/1778 1812/1812
f 1778/1778 1811/1811 1812/1812
f 1780/1780 1779/1779 1813/1813
f 1779/1779 1812/1812 1813/1813
f 1781/1781 1780/1780 1814/1814
f 1780/1780 1813/1813 1814/1814
f 1782/1782 1781/1781 1815/1815
f 1781/1781 1814/1814 1815/1815
f 1783/1783 1782/1782 1816/1816
f 1782/1782 1815/1815 1816/1816
f 1785/1785 1784/1784 1818/1818
f 1784/1784 1817/1817 1818/1818
f 1786/1786 1785/1785 1819/1819
f 1785/1785 1818/1818 1819/1819
f 1787/1787 1786/1786 1820/1820
f 1786/1786 1819/1819 1820/1820
f 1788/1788 1787/1787 1821/1821
f 1787/1787 1820/1820 1821/1821
f 1789/1789 1788/1788 1822/1822
f 1788/1788 1821/1821 1822/1822
f 1790/1790 1789/1789 1823/1823
f 1789/1789 1822/1822 1823/1823
f 1791/1791 1790/1790 1824/1824
f 1790/1790 1823/1823 1824/1824
f 1792/1792 1791/1791 1825/1825
f 1791/1791 1824/1824 1825/1825
f 1793/1793 1792/1792 1826/1826
f 1792/1792 1825/1825 1826/1826
f 1794/1794 1793/1793 1827/1827
f 1793/1793 1826/1826 1827/1827
f 1795/1795 1794/1794 1828/1828
f 1794/1794 1827/1827 1828/1828
f 1796/1796 1795/1795 1829/1829
f 1795/1795 1828/1828 1829/1829
f 1797/1797 1796/1796 1830/1830
f 1796/1796 1829/1829 1830/1830
f 1798/1798 1797/1797 1831/1831
f 1797/1797 1830/1830 1831/1831
f 1799/1799 1798/1798 1832/1832
f 1798/1798 1831/1831 1832/1832
f 1800/1800 1799/1799 1833/1833
f 1799/1799 1832/1832 1833/1833
f 1801/1801 1800/1800 1834/1834
f 1800/1800 1833/1833 1834/1834
f 1802/1802 1801/1801 1835/1835
f 1801/1801 1834/1834 1835/1835
f 1803/1803 1802/1802 1836/1836
f 1802/1802 1835/1835 1836/1836
f 1804/1804 1803/1803 1837/1837
f 1803/1803 1836/1836 1837/1837
f 1805/1805 1804/1804 1838/1838
f 1804/1804 1837/1837 1838/1838
f 1806/1806 1805/1805 1839/1839
f 1805/1805 1838/1838 1839/1839
f 1807/1807 1806/1806 1840/1840
f 1806/1806 1839/1839 1840/1840
f 1808/1808 1807/1807 1841/1841
f 1807/1807 1840/1840 1841/1841
f 1809/1809 1808/1808 1842/1842
f 1808/1808 1841/1841 1842/1842
f 1810/1810 1809/1809 1843/1843
f 1809/1809 1842/1842 1843/1843
f 1811/1811 1810/1810 1844/1844
f 1810/1810 1843/1843 1844/1844
f 1812/1812 1811/1811 1845/1845
f 1811/1811 1844/1844 1845/1845
f 1813/1813 1812/1812 1846/1846
f 1812/1812 1845/1845 1846/1846
f 1814/1814 1813/1813 1847/1847
f 1813/1813 1846/1846 1847/1847
f 1815/1815 1814/1814 1848/1848
f 1814/1814 1847/1847 1848/1848
f 1816/1816 1815/1815 1849/1849
f 1815/1815 1848/1848 1849/1849
f 1818/1818 1817/1817 1851/1851
f 1817/1817 1850/1850 1851/1851
f 1819/1819 1818/1818 1852/1852
f 1818/1818 1851/1851 1852/1852
f 1820/1820 1819/1819 1853/1853
f 1819/1819 1852/1852 1853/1853
f 1821/1821 1820/1820 1854/1854
f 1820/1820 1853/1853 1854/1854
f 1822/1822 1821/1821 1855/1855
f 1821/1821 1854/1854 1855/1855
f 1823/1823 1822/1822 1856/1856
f 1822/1822 1855/1855 1856/1856
f 1824/1824 1823/1823 1857/1857
f 1823/1823 1856/1856 1857/1857
f 1825/1825 1824/1824 1858/1858
f 1824/1824 1857/1857 1858/1858
f 1826/1826 1825/1825 1859/1859
f 1825/1825 1858/1858 1859/1859
f 1827/1827 1826/1826 1860/1860
f 1826/1826 1859/1859 1860/1860
f 1828/1828 1827/1827 1861/1861
f 1827/1827 1860/1860 1861/1861
f 1829/1829 1828/1828 1862/1862
f 1828/1828 1861/1861 1862/1862
f 1830/1830 1829/1829 1863/1863
f 1829/1829 1862/1862 1863/1863
f 1831/1831 1830/1830 1864/1864
f 1830/1830 1863/1863 1864/1864
f 1832/1832 1831/1831 1865/1865
f 1831/1831 1864/1864 1865/1865
f 1833/1833 1832/1832 1866/1866
f 1832/1832 1865/1865 1866/1866
f 1834/1834 1833/1833 1867/1867
f 1833/1833 1866/1866 1867/1867
f 1835/1835 1834/1834 1868/1868
f 1834/1834 1867/1867 1868/1868
f 1836/1836 1835/1835 1869/1869
f 1835/1835 1868/1868 1869/1869
f 1837/1837 1836/1836 1870/1870
f 1836/1836 1869/1869 1870/1870
f 1838/1838 1837/1837 1871/1871
f 1837/1837 1870/1870 1871/1871
f 1839/1839 1838/1838 1872/1872
f 1838/1838 1871/1871 1872/1872
f 1840/1840 1839/1839 1873/1873
f 1839/1839 1872/1872 1873/1873
f 1841/1841 1840/1840 1874/1874
f 1840/1840 1873/1873 1874/1874
f 1842/1842 1841/1841 1875/1875
f 1841/1841 1874/1874 1875/1875
f 1843/1843 1842/1842 1876/1876
f 1842/1842 1875/1875 1876/1876
f 1844/1844 1843/1843 1877/1877
f 1843/1843 1876/1876 1877/1877
f 1845/1845 1844/1844 1878/1878
f 1844/1844 1877/1877 1878/1878
f 1846/1846 1845/1845 1879/1879
f 1845/1845 1878/1878 1879/1879
f 1847/1847 1846/1846 1880/1880
f 1846/1846 1879/1879 1880/1880
f 1848/1848 1847/1847 1881/1881
f 1847/1847 1880/1880 1881/1881
f 1849/1849 1848/1848 1882/1882
f 1848/1848 1881/1881 1882/1882
f 1851/1851 1850/1850 1884/1884
f 1850/1850 1883/1883 1884/1884
f 1852/1852 1851/1851 1885/1885
f 1851/1851 1884/1884 1885/1885
f 1853/1853 1852/1852 1886/1886
f 1852/1852 1885/1885 1886/1886
f 1854/1854 1853/1853 1887/1887
f 1853/1853 1886/1886 1887/1887
f 1855/1855 1854/1854 1888/1888
f 1854/1854 1887/1887 1888/1888
f 1856/1856 1855/1855 1889/1889
f 1855/1855 1888/1888 1889/1889
f 1857/1857 1856/1856 1890/1890
f 1856/1856 1889/1889 1890/1890
f 1858/1858 1857/1857 1891/1891
f 1857/1857 1890/1890 1891/1891
f 1859/1859 1858/1858 1892/1892
f 1858/1858 1891/1891 1892/1892
f 1860/1860 1859/1859 1893/1893
f 1859/1859 1892/1892 1893/1893
f 1861/1861 1860/1860 1894/1894
f 1860/1860 1893/1893 1894/1894
f 1862/1862 1861/1861 1895/1895
f 1861/1861 1894/1894 1895/1895
f 1863/1863 1862/1862 1896/1896
f 1862/1862 1895/1895 1896/1896
f 1864/1864 1863/1863 1897/1897
f 1863/1863 1896/1896 1897/1897
f 1865/1865 1864/1864 1898/1898
f 1864/1864 1897/1897 1898/1898
f 1866/1866 1865/1865 1899/1899
f 1865/1865 1898/1898 1899/1899
f 1867/1867 1866/1866 1900/1900
f 1866/1866 1899/1899 1900/1900
f 1868/1868 1867/1867 1901/1901
f 1867/1867 1900/1900 1901/1901
f 1869/1869 1868/1868 1902/1902
f 1868/1868 1901/1901 1902/1902
f 1870/1870 1869/1869 1903/1903
f 1869/1869 1902/1902 1903/1903
f 1871/1871 1870/1870 1904/1904
f 1870/1870 1903/1903 1904/1904
f 1872/1872 1871/1871 1905/1905
f 1871/1871 1904/1904 1905/1905
f 1873/1873 1872/1872 1906/1906
f 1872/1872 1905/1905 1906/1906
f 1874/1874 1873/1873 1907/1907
f 1873/1873 1906/1906 1907/1907
f 1875/1875 1874/1874 1908/1908
f 1874/1874 1907/1907 1908/1908
f 1876/1876 1875/1875 1909/1909
f 1875/1875 1908/1908 1909/1909
f 1877/1877 1876/1876 1910/1910
f 1876/1876 1909/1909 1910/1910
f 1878/1878 1877/1877 1911/1911
f 1877/1877 1910/1910 1911/1911
f 1879/1879 1878/1878 1912/1912
f 1878/1878 1911/1911 1912/1912
f 1880/1880 1879/1879 1913/1913
f 1879/1879 1912/1912 1913/1913
f 1881/1881 1880/1880 1914/1914
f 1880/1880 1913/1913 1914/1914
f 1882/1882 1881/1881 1915/1915
f 1881/1881 1914/1914 1915/1915
f 1884/1884 1883/1883 1917/1917
f 1883/1883 1916/1916 1917/1917
f 1885/1885 1884/1884 1918/1918
f 1884/1884 1917/1917 1918/1918
f 1886/1886 1885/1885 1919/1919
f 1885/1885 1918/1918 1919/1919
f 1887/1887 1886/1886 1920/1920
f 1886/1886 1919/1919 1920/1920
f 1888/1888 1887/1887 1921/1921
f 1887/1887 1920/1920 1921/1921
f 1889/1889 1888/1888 1922/1922
f 1888/1888 1921/1921 1922/1922
f 1890/1890 1889/1889 1923/1923
f 1889/1889 1922/1922 1923/1923
f 1891/1891 1890/1890 1924/1924
f 1890/1890 1923/1923 1924/1924
f 1892/1892 1891/1891 1925/1925
f 1891/1891 1924/1924 1925/1925
f 1893/1893 1892/1892 1926/1926
f 1892/1892 1925/1925 1926/1926
f 1894/1894 1893/1893 1927/1927
f 1893/1893 1926/1926 1927/1927
f 1895/1895 1894/1894 1928/1928
f 1894/1894 1927/1927 1928/1928
f 1896/1896 1895/1895 1929/1929
f 1895/1895 1928/1928 1929/1929
f 1897/1897 1896/1896 1930/1930
f 1896/1896 1929/1929 1930/1930
f 1898/1898 1897/1897 1931/1931
f 1897/1897 1930/1930 1931/1931
f 1899/1899 1898/1898 1932/1932
f 1898/1898 1931/1931 1932/1932
f 1900/1900 1899/1899 1933/1933
f 1899/1899 1932/1932 1933/1933
f 1901/1901 1900/1900 1934/1934
f 1900/1900 1933/1933 1934/1934
f 1902/1902 1901/1901 1935/1935
f 1901/1901 1934/1934 1935/1935
f 1903/1903 1902/1902 1936/1936
f 1902/1902 1935/1935 1936/1936
f 1904/1904 1903/1903 1937/1937
f 1903/1903 1936/1936 1937/1937
f 1905/1905 1904/1904 1938/1938
f 1904/1904 1937/1937 1938/1938
f 1906/1906 1905/1905 1939/1939
f 1905/1905 1938/1938 1939/1939
f 1907/1907 1906/1906 1940/1940
f 1906/1906 1939/1939 1940/1940
f 1908/1908 1907/1907 1941/1941
f 1907/1907 1940/1940 1941/1941
f 1909/1909 1908/1908 1942/1942
f 1908/1908 1941/1941 1942/1942
f 1910/1910 1909/1909 1943/1943
f 1909/1909 1942/1942 1943/1943
f 1911/1911 1910/1910 1944/1944
f 1910/1910 1943/1943 1944/1944
f 1912/1912 1911/1911 1945/1945
f 1911/1911 1944/1944 1945/1945
f 1913/1913 1912/1912 1946/1946
f 1912/1912 1945/1945 1946/1946
f 1914/1914 1913/1913 1947/1947
f 1913/1913 1946/1946 1947/1947
f 1915/1915 1914/1914 1948/1948
f 1914/1914 1947/1947 1948/1948
f 1917/1917 1916/1916 1950/1950
f 1916/1916 1949/1949 1950/1950
f 1918/1918 1917/1917 1951/1951
f 1917/1917 1950/1950 1951/1951
f 1919/1919 1918/1918 1952/1952
f 1918/1918 1951/1951 1952/1952
f 1920/1920 1919/1919 1953/1953
f 1919/1919 1952/1952 1953/1953
f 1921/1921 1920/1920 1954/1954
f 1920/1920 1953/1953 1954/1954
f 1922/1922 1921/1921 1955/1955
f 1921/1921 1954/1954 1955/1955
f 1923/1923 1922/1922 1956/1956
f 1922/1922 1955/1955 1956/1956
f 1924/1924 1923/1923 1957/1957
f 1923/1923 1956/1956 1957/1957
f 1925/1925 1924/1924 1958/1958
f 1924/1924 1957/1957 1958/1958
f 1926/1926 1925/1925 1959/1959
f 1925/1925 1958/1958 1959/1959
f 1927/1927 1926/1926 1960/1960
f 1926/1926 1959/1959 1960/1960
f 1928/1928 1927/1927 1961/1961
f 1927/1927 1960/1960 1961/1961
f 1929/1929 1928/1928 1962/1962
f 1928/1928 1961/1961 1962/1962
f 1930/1930 1929/1929 1963/1963
f 1929/1929 1962/1962 1963/1963
f 1931/1931 1930/1930 1964/1964
f 1930/1930 1963/1963 1964/1964
f 1932/1932 1931/1931 1965/1965
f 1931/1931 1964/1964 1965/1965
f 1933/1933 1932/1932 1966/1966
f 1932/1932 1965/1965 1966/1966
f 1934/1934 1933/1933 1967/1967
f 1933/1933 1966/1966 1967/1967
f 1935/1935 1934/1934 1968/1968
f 1934/1934 1967/1967 1968/1968
f 1936/1936 1935/1935 1969/1969
f 1935/1935 1968/1968 1969/1969
f 1937/1937 1936/1936 1970/1970
f 1936/1936 1969/1969 1970/1970
f 1938/1938 1937/1937 1971/1971
f 1937/1937 1970/1970 1971/1971
f 1939/1939 1938/1938 1972/1972
f 1938/1938 1971/1971 1972/1972
f 1940/1940 1939/1939 1973/1973
f 1939/1939 1972/1972 1973/1973
f 1941/1941 1940/1940 1974/1974
f 1940/1940 1973/1973 1974/1974
f 1942/1942 1941/1941 1975/1975
f 1941/1941 1974/1974 1975/1975
f 1943/1943 1942/1942 1976/1976
f 1942/1942 1975/1975 1976/1976
f 1944/1944 1943/1943 1977/1977
f 1943/1943 1976/1976 1977/1977
f 1945/1945 1944/1944 1978/1978
f 1944/1944 1977/1977 1978/1978
f 1946/1946 1945/1945 1979/1979
f 1945/1945 1978/1978 1979/1979
f 1947/1947 1946/1946 1980/1980
f 1946/1946 1979/1979 1980/1980
f 1948/1948 1947/1947 1981/1981
f 1947/1947 1980/1980 1981/1981
f 1950/1950 1949/1949 1983/1983
f 1949/1949 1982/1982 1983/1983
f 1951/1951 1950/1950 1984/1984
f 1950/1950 1983/1983 1984/1984
f 1952/1952 1951/1951 1985/1985
f 1951/1951 1984/1984 1985/1985
f 1953/1953 1952/1952 1986/1986
f 1952/1952 1985/1985 1986/1986
f 1954/1954 1953/1953 1987/1987
f 1953/1953 1986/1986 1987/1987
f 1955/1955 1954/1954 1988/1988
f 1954/1954 1987/1987 1988/1988
f 1956/1956 1955/1955 1989/1989
f 1955/1955 1988/1988 1989/1989
f 1957/1957 1956/1956 1990/1990
f 1956/1956 1989/1989 1990/1990
f 1958/1958 1957/1957 1991/1991
f 1957/1957 1990/1990 1991/1991
f 1959/1959 1958/1958 1992/1992
f 1958/1958 1991/1991 1992/1992
f 1960/1960 1959/1959 1993/1993
f 1959/1959 1992/1992 1993/1993
f 1961/1961 1960/1960 1994/1994
f 1960/1960 1993/1993 1994/1994
f 1962/1962 1961/1961 1995/1995
f 1961/1961 1994/1994 1995/1995
f 1963/1963 1962/1962 1996/1996
f 1962/1962 1995/1995 1996/1996
f 1964/1964 1963/1963 1997/1997
f 1963/1963 1996/1996 1997/1997
f 1965/1965 1964/1964 1998/1998
f 1964/1964 1997/1997 1998/1998
f 1966/1966 1965/1965 1999/1999
f 1965/1965 1998/1998 1999/1999
f 1967/1967 1966/1966 2000/2000
f 1966/1966 1999/1999 2000/2000
f 1968/1968 1967/1967 2001/2001
f 1967/1967 2000/2000 2001/2001
f 1969/1969 1968/1968 2002/2002
f 1968/1968 2001/2001 2002/2002
f 1970/1970 1969/1969 2003/2003
f 1969/1969 2002/2002 2003/2003
f 1971/1971 1970/1970 2004/2004
f 1970/1970 2003/2003 2004/2004
f 1972/1972 1971/1971 2005/2005
f 1971/1971 2004/2004 2005/2005
f 1973/1973 1972/1972 2006/2006
f 1972/1972 2005/2005 2006/2006
f 1974/1974 1973/1973 2007/2007
f 1973/1973 2006/2006 2007/2007
f 1975/1975 1974/1974 2008/2008
f 1974/1974 2007/2007 2008/2008
f 1976/1976 1975/1975 2009/2009
f 1975/1975 2008/2008 2009/2009
f 1977/1977 1976/1976 2010/2010
f 1976/1976 2009/2009 2010/2010
f 1978/1978 1977/1977 2011/2011
f 1977/1977 2010/2010 2011/2011
f 1979/1979 1978/1978 2012/2012
f 1978/1978 2011/2011 2012/2012
f 1980/1980 1979/1979 2013/2013
f 1979/1979 2012/2012 2013/2013
f 1981/1981 1980/1980 2014/2014
f 1980/1980 2013/2013 2014/2014
f 1983/1983 1982/1982 2016/2016
f 1982/1982 2015/2015 2016/2016
f 1984/1984 1983/1983 2017/2017
f 1983/1983 2016/2016 2017/2017
f 1985/1985 1984/1984 2018/2018
f 1984/1984 2017/2017 2018/2018
f 1986/1986 1985/1985 2019/2019
f 1985/1985 2018/2018 2019/2019
f 1987/1987 1986/1986 2020/2020
f 1986/1986 2019/2019 2020/2020
f 1988/1988 1987/1987 2021/2021
f 1987/1987 2020/2020 2021/2021
f 1989/1989 1988/1988 2022/2022
f 1988/1988 2021/2021 2022/2022
f 1990/1990 1989/1989 2023/2023
f 1989/1989 2022/2022 2023/2023
f 1991/1991 1990/1990 2024/2024
f 1990/1990 2023/2023 2024/2024
f 1992/1992 1991/1991 2025/2025
f 1991/1991 2024/2024 2025/2025
f 1993/1993 1992/1992 2026/2026
f 1992/1992 2025/2025 2026/2026
f 1994/1994 1993/1993 2027/2027
f 1993/1993 2026/2026 2027/2027
f 1995/1995 1994/1994 2028/2028
f 1994/1994 2027/2027 2028/2028
f 1996/1996 1995/1995 2029/2029
f 1995/1995 2028/2028 2029/2029
f 1997/1997 1996/1996 2030/2030
f 1996/1996 2029/2029 2030/2030
f 1998/1998 1997/1997 2031/2031
f 1997/1997 2030/2030 2031/2031
f 1999/1999 1998/1998 2032/2032
f 1998/1998 2031/2031 2032/2032
f 2000/2000 1999/1999 2033/2033
f 1999/1999 2032/2032 2033/2033
f 2001/2001 2000/2000 2034/2034
f 2000/2000 2033/2033 2034/2034
f 2002/2002 2001/2001 2035/2035
f 2001/2001 2034/2034 2035/2035
f 2003/2003 2002/2002 2036/2036
f 2002/2002 2035/2035 2036/2036
f 2004/2004 2003/2003 2037/2037
f 2003/2003 2036/2036 2037/2037
f 2005/2005 2004/2004 2038/2038
f 2004/2004 2037/2037 2038/2038
f 2006/2006 2005/2005 2039/2039
f 2005/2005 2038/2038 2039/2039
f 2007/2007 2006/2006 2040/2040
f 2006/2006 2039/2039 2040/2040
f 2008/2008 2007/2007 2041/2041
f 2007/2007 2040/2040 2041/2041
f 2009/2009 2008/2008 2042/2042
f 2008/2008 2041/2041 2042/2042
f 2010/2010 2009/2009 2043/2043
f 2009/2009 2042/2042 2043/2043
f 2011/2011 2010/2010 2044/2044
f 2010/2010 2043/2043 2044/2044
f 2012/2012 2011/2011 2045/2045
f 2011/2011 2044/2044 2045/2045
f 2013/2013 2012/2012 2046/2046
f 2012/2012 2045/2045 2046/2046
f 2014/2014 2013/2013 2047/2047
f 2013/2013 2046/2046 2047/2047
f 2016/2016 2015/2015 2049/2049
f 2015/2015 2048/2048 2049/2049
f 2017/2017 2016/2016 2050/2050
f 2016/2016 2049/2049 2050/2050
f 2018/2018 2017/2017 2051/2051
f 2017/2017 2050/2050 2051/2051
f 2019/2019 2018/2018 2052/2052
f 2018/2018 2051/2051 2052/2052
f 2020/2020 2019/2019 2053/2053
f 2019/2019 2052/2052 2053/2053
f 2021/2021 2020/2020 2054/2054
f 2020/2020 2053/2053 2054/2054
f 2022/2022 2021/2021 2055/2055
f 2021/2021 2054/2054 2055/2055
f 2023/2023 2022/2022 2056/2056
f 2022/2022 2055/2055 2056/2056
f 2024/2024 2023/2023 2057/2057
f 2023/2023 2056/2056 2057/2057
f 2025/2025 2024/2024 2058/2058
f 2024/2024 2057/2057 2058/2058
f 2026/2026 2025/2025 2059/2059
f 2025/2025 2058/2058 2059/2059
f 2027/2027 2026/2026 2060/2060
f 2026/2026 2059/2059 2060/2060
f 2028/2028 2027/2027 2061/2061
f 2027/2027 2060/2060 2061/2061
f 2029/2029 2028/2028 2062/2062
f 2028/2028 2061/2061 2062/2062
f 2030/2030 2029/2029 2063/2063
f 2029/2029 2062/2062 2063/2063
f 2031/2031 2030/2030 2064/2064
f 2030/2030 2063/2063 2064/2064
f 2032/2032 2031/2031 2065/2065
f 2031/2031 2064/2064 2065/2065
f 2033/2033 2032/2032 2066/2066
f 2032/2032 2065/2065 2066/2066
f 2034/2034 2033/2033 2067/2067
f 2033/2033 2066/2066 2067/2067
f 2035/2035 2034/2034 2068/2068
f 2034/2034 2067/2067 2068/2068
f 2036/2036 2035/2035 2069/2069
f 2035/2035 2068/2068 2069/2069
f 2037/2037 2036/2036 2070/2070
f 2036/2036 2069/2069 2070/2070
f 2038/2038 2037/2037 2071/2071
f 2037/2037 2070/2070 2071/2071
f 2039/2039 2038/2038 2072/2072
f 2038/2038 2071/2071 2072/2072
f 2040/2040 2039/2039 2073/2073
f 2039/2039 2072/2072 2073/2073
f 2041/2041 2040/2040 2074/2074
f 2040/2040 2073/2073 2074/2074
f 2042/2042 2041/2041 2075/2075
f 2041/2041 2074/2074 2075/2075
f 2043/2043 2042/2042 2076/2076
f 2042/2042 2075/2075 2076/2076
f 2044/2044 2043/2043 2077/2077
f 2043/2043 2076/2076 2077/2077
f 2045/2045 2044/2044 2078/2078
f 2044/2044 2077/2077 2078/2078
f 2046/2046 2045/2045 2079/2079
f 2045/2045 2078/2078 2079/2079
f 2047/2047 2046/2046 2080/2080
f 2046/2046 2079/2079 2080/2080
f 2049/2049 2048/2048 2082/2082
f 2048/2048 2081/2081 2082/2082
f 2050/2050 2049/2049 2083/2083
f 2049/2049 2082/2082 2083/2083
f 2051/2051 2050/2050 2084/2084
f 2050/2050 2083/2083 2084/2084
f 2052/2052 2051/2051 2085/2085
f 2051/2051 2084/2084 2085/2085
f 2053/2053 2052/2052 2086/2086
f 2052/2052 2085/2085 2086/2086
f 2054/2054 2053/2053 2087/2087
f 2053/2053 2086/2086 2087/2087
f 2055/2055 2054/2054 2088/2088
f 2054/2054 2087/2087 2088/2088
f 2056/2056 2055/2055 2089/2089
f 2055/2055 2088/2088 2089/2089
f 2057/2057 2056/2056 2090/2090
f 2056/2056 2089/2089 2090/2090
f 2058/2058 2057/2057 2091/2091
f 2057/2057 2090/2090 2091/2091
f 2059/2059 2058/2058 2092/2092
f 2058/2058 2091/2091 2092/2092
f 2060/2060 2059/2059 2093/2093
f 2059/2059 2092/2092 2093/2093
f 2061/2061 2060/2060 2094/2094
f 2060/2060 2093/2093 2094/2094
f 2062/2062 2061/2061 2095/2095
f 2061/2061 2094/2094 2095/2095
f 2063/2063 2062/2062 2096/2096
f 2062/2062 2095/2095 2096/2096
f 2064/2064 2063/2063 2097/2097
f 2063/2063 2096/2096 2097/2097
f 2065/2065 2064/2064 2098/2098
f 2064/2064 2097/2097 2098/2098
f 2066/2066 2065/2065 2099/2099
f 2065/2065 2098/2098 2099/2099
f 2067/2067 2066/2066 2100/2100
f 2066/2066 2099/2099 2100/2100
f 2068/2068 2067/2067 2101/2101
f 2067/2067 2100/2100 2101/2101
f 2069/2069 2068/2068 2102/2102
f 2068/2068 2101/2101 2102/2102
f 2070/2070 2069/2069 2103/2103
f 2069/2069 2102/2102 2103/2103
f 2071/2071 2070/2070 2104/2104
f 2070/2070 2103/2103 2104/2104
f 2072/2072 2071/2071 2105/2105
f 2071/2071 2104/2104 2105/2105
f 2073/2073 2072/2072 2106/2106
f 2072/2072 2105/2105 2106/2106
f 2074/2074 2073/2073 2107/2107
f 2073/2073 2106/2106 2107/2107
f 2075/2075 2074/2074 2108/2108
f 2074/2074 2107/2107 2108/2108
f 2076/2076 2075/2075 2109/2109
f 2075/2075 2108/2108 2109/2109
f 2077/2077 2076/2076 2110/2110
f 2076/2076 2109/2109 2110/2110
f 2078/2078 2077/2077 2111/2111
f 2077/2077 2110/2110 2111/2111
f 2079/2079 2078/2078 2112/2112
f 2078/2078 2111/2111 2112/2112
f 2080/2080 2079/2079 2113/2113
f 2079/2079 2112/2112 2113/2113
f 2082/2082 2081/2081 2115/2115
f 2081/2081 2114/2114 2115/2115
f 2083/2083 2082/2082 2116/2116
f 2082/2082 2115/2115 2116/2116
f 2084/2084 2083/2083 2117/2117
f 2083/2083 2116/2116 2117/2117
f 2085/2085 2084/2084 2118/2118
f 2084/2084 2117/2117 2118/2118
f 2086/2086 2085/2085 2119/2119
f 2085/2085 2118/2118 2119/2119
f 2087/2087 2086/2086 2120/2120
f 2086/2086 2119/2119 2120/2120
f 2088/2088 2087/2087 2121/2121
f 2087/2087 2120/2120 2121/2121
f 2089/2089 2088/2088 2122/2122
f 2088/2088 2121/2121 2122/2122
f 2090/2090 2089/2089 2123/2123
f 2089/2089 2122/2122 2123/2123
f 2091/2091 2090/2090 2124/2124
f 2090/2090 2123/2123 2124/2124
f 2092/2092 2091/2091 2125/2125
f 2091/2091 2124/2124 2125/2125
f 2093/2093 2092/2092 2126/2126
f 2092/2092 2125/2125 2126/2126
f 2094/2094 2093/2093 2127/2127
f 2093/2093 2126/2126 2127/2127
f 2095/2095 2094/2094 2128/2128
f 2094/2094 2127/2127 2128/2128
f 2096/2096 2095/2095 2129/2129
f 2095/2095 2128/2128 2129/2129
f 2097/2097 2096/2096 2130/2130
f 2096/2096 2129/2129 2130/2130
f 2098/2098 2097/2097 2131/2131
f 2097/2097 2130/2130 2131/2131
f 2099/2099 2098/2098 2132/2132
f 2098/2098 2131/2131 2132/2132
f 2100/2100 2099/2099 2133/2133
f 2099/2099 2132/2132 2133/2133
f 2101/2101 2100/2100 2134/2134
f 2100/2100 2133/2133 2134/2134
f 2102/2102 2101/2101 2135/2135
f 2101/2101 2134/2134 2135/2135
f 2103/2103 2102/2102 2136/2136
f 2102/2102 2135/2135 2136/2136
f 2104/2104 2103/2103 2137/2137
f 2103/2103 2136/2136 2137/2137
f 2105/2105 2104/2104 2138/2138
f 2104/2104 2137/2137 2138/2138
f 2106/2106 2105/2105 2139/2139
f 2105/2105 2138/2138 2139/2139
f 2107/2107 2106/2106 2140/2140
f 2106/2106 2139/2139 2140/2140
f 2108/2108 2107/2107 2141/2141
f 2107/2107 2140/2140 2141/2141
f 2109/2109 2108/2108 2142/2142
f 2108/2108 2141/2141 2142/2142
f 2110/2110 2109/2109 2143/2143
f 2109/2109 2142/2142 2143/2143
f 2111/2111 2110/2110 2144/2144
f 2110/2110 2143/2143 2144/2144
f 2112/2112 2111/2111 2145/2145
f 2111/2111 2144/2144 2145/2145
f 2113/2113 2112/2112 2146/2146
f 2112/2112 2145/2145 2146/2146
f 2115/2115 2114/2114 2148/2148
f 2114/2114 2147/2147 2148/2148
f 2116/2116 2115/2115 2149/2149
f 2115/2115 2148/2148 2149/2149
f 2117/2117 2116/2116 2150/2150
f 2116/2116 2149/2149 2150/2150
f 2118/2118 2117/2117 2151/2151
f 2117/2117 2150/2150 2151/2151
f 2119/2119 2118/2118 2152/2152
f 2118/2118 2151/2151 2152/2152
f 2120/2120 2119/2119 2153/2153
f 2119/2119 2152/2152 2153/2153
f 2121/2121 2120/2120 2154/2154
f 2120/2120 2153/2153 2154/2154
f 2122/2122 2121/2121 2155/2155
f 2121/2121 2154/2154 2155/2155
f 2123/2123 2122/2122 2156/2156
f 2122/2122 2155/2155 2156/2156
f 2124/2124 2123/2123 2157/2157
f 2123/2123 2156/2156 2157/2157
f 2125/2125 2124/2124 2158/2158
f 2124/2124 2157/2157 2158/2158
f 2126/2126 2125/2125 2159/2159
f 2125/2125 2158/2158 2159/2159
f 2127/2127 2126/2126 2160/2160
f 2126/2126 2159/2159 2160/2160
f 2128/2128 2127/2127 2161/2161
f 2127/2127 2160/2160 2161/2161
f 2129/2129 2128/2128 2162/2162
f 2128/2128 2161/2161 2162/2162
f 2130/2130 2129/2129 2163/2163
f 2129/2129 2162/2162 2163/2163
f 2131/2131 2130/2130 2164/2164
f 2130/2130 2163/2163 2164/2164
f 2132/2132 2131/2131 2165/2165
f 2131/2131 2164/2164 2165/2165
f 2133/2133 2132/2132 2166/2166
f 2132/2132 2165/2165 2166/2166
f 2134/2134 2133/2133 2167/2167
f 2133/2133 2166/2166 2167/2167
f 2135/2135 2134/2134 2168/2168
f 2134/2134 2167/2167 2168/2168
f 2136/2136 2135/2135 2169/2169
f 2135/2135 2168/2168 2169/2169
f 2137/2137 2136/2136 2170/2170
f 2136/2136 2169/2169 2170/2170
f 2138/2138 2137/2137 2171/2171
f 2137/2137 2170/2170 2171/2171
f 2139/2139 2138/2138 2172/2172
f 2138/2138 2171/2171 2172/2172
f 2140/2140 2139/2139 2173/2173
f 2139/2139 2172/2172 2173/2173
f 2141/2141 2140/2140 2174/2174
f 2140/2140 2173/2173 2174/2174
f 2142/2142 2141/2141 2175/2175
f 2141/2141 2174/2174 2175/2175
f 2143/2143 2142/2142 2176/2176
f 2142/2142 2175/2175 2176/2176
f 2144/2144 2143/2143 2177/2177
f 2143/2143 2176/2176 2177/2177
f 2145/2145 2144/2144 2178/2178
f 2144/2144 2177/2177 2178/2178
f 2146/2146 2145/2145 2179/2179
f 2145/2145 2178/2178 2179/2179
f 2148/2148 2147/2147 2181/2181
f 2147/2147 2180/2180 2181/2181
f 2149/2149 2148/2148 2182/2182
f 2148/2148 2181/2181 2182/2182
f 2150/2150 2149/2149 2183/2183
f 2149/2149 2182/2182 2183/2183
f 2151/2151 2150/2150 2184/2184
f 2150/2150 2183/2183 2184/2184
f 2152/2152 2151/2151 2185/2185
f 2151/2151 2184/2184 2185/2185
f 2153/2153 2152/2152 2186/2186
f 2152/2152 2185/2185 2186/2186
f 2154/2154 2153/2153 2187/2187
f 2153/2153 2186/2186 2187/2187
f 2155/2155 2154/2154 2188/2188
f 2154/2154 2187/2187 2188/2188
f 2156/2156 2155/2155 2189/2189
f 2155/2155 2188/2188 2189/2189
f 2157/2157 2156/2156 2190/2190
f 2156/2156 2189/2189 2190/2190
f 2158/2158 2157/2157 2191/2191
f 2157/2157 2190/2190 2191/2191
f 2159/2159 2158/2158 2192/2192
f 2158/2158 2191/2191 2192/2192
f 2160/2160 2159/2159 2193/2193
f 2159/2159 2192/2192 2193/2193
f 2161/2161 2160/2160 2194/2194
f 2160/2160 2193/2193 2194/2194
f 2162/2162 2161/2161 2195/2195
f 2161/2161 2194/2194 2195/2195
f 2163/2163 2162/2162 2196/2196
f 2162/2162 2195/2195 2196/2196
f 2164/2164 2163/2163 2197/2197
f 2163/2163 2196/2196 2197/2197
f 2165/2165 2164/2164 2198/2198
f 2164/2164 2197/2197 2198/2198
f 2166/2166 2165/2165 2199/2199
f 2165/2165 2198/2198 2199/2199
f 2167/2167 2166/2166 2200/2200
f 2166/2166 2199/2199 2200/2200
f 2168/2168 2167/2167 2201/2201
f 2167/2167 2200/2200 2201/2201
f 2169/2169 2168/2168 2202/2202
f 2168/2168 2201/2201 2202/2202
f 2170/2170 2169/2169 2203/2203
f 2169/2169 2202/2202 2203/2203
f 2171/2171 2170/2170 2204/2204
f 2170/2170 2203/2203 2204/2204
f 2172/2172 2171/2171 2205/2205
f 2171/2171 2204/2204 2205/2205
f 2173/2173 2172/2172 2206/2206
f 2172/2172 2205/2205 2206/2206
f 2174/2174 2173/2173 2207/2207
f 2173/2173 2206/2206 2207/2207
f 2175/2175 2174/2174 2208/2208
f 2174/2174 2207/2207 2208/2208
f 2176/2176 2175/2175 2209/2209
f 2175/2175 2208/2208 2209/2209
f 2177/2177 2176/2176 2210/2210
f 2176/2176 2209/2209 2210/2210
f 2178/2178 2177/2177 2211/2211
f 2177/2177 2210/2210 2211/2211
f 2179/2179 2178/2178 2212/2212
f 2178/2178 2211/2211 2212/2212
f 2181/2181 2180/2180 2214/2214
f 2180/2180 2213/2213 2214/2214
f 2182/2182 2181/2181 2215/2215
f 2181/2181 2214/2214 2215/2215
f 2183/2183 2182/2182 2216/2216
f 2182/2182 2215/2215 2216/2216
f 2184/2184 2183/2183 2217/2217
f 2183/2183 2216/2216 2217/2217
f 2185/2185 2184/2184 2218/2218
f 2184/2184 2217/2217 2218/2218
f 2186/2186 2185/2185 2219/2219
f 2185/2185 2218/2218 2219/2219
f 2187/2187 2186/2186 2220/2220
f 2186/2186 2219/2219 2220/2220
f 2188/2188 2187/2187 2221/2221
f 2187/2187 2220/2220 2221/2221
f 2189/2189 2188/2188 2222/2222
f 2188/2188 2221/2221 2222/2222
f 2190/2190 2189/2189 2223/2223
f 2189/2189 2222/2222 2223/2223
f 2191/2191 2190/2190 2224/2224
f 2190/2190 2223/2223 2224/2224
f 2192/2192 2191/2191 2225/2225
f 2191/2191 2224/2224 2225/2225
f 2193/2193 2192/2192 2226/2226
f 2192/2192 2225/2225 2226/2226
f 2194/2194 2193/2193 2227/2227
f 2193/2193 2226/2226 2227/2227
f 2195/2195 2194/2194 2228/2228
f 2194/2194 2227/2227 2228/2228
f 2196/2196 2195/2195 2229/2229
f 2195/2195 2228/2228 2229/2229
f 2197/2197 2196/2196 2230/2230
f 2196/2196 2229/2229 2230/2230
f 2198/2198 2197/2197 2231/2231
f 2197/2197 2230/2230 2231/2231
f 2199/2199 2198/2198 2232/2232
f 2198/2198 2231/2231 2232/2232
f 2200/2200 2199/2199 2233/2233
f 2199/2199 2232/2232 2233/2233
f 2201/2201 2200/2200 2234/2234
f 2200/2200 2233/2233 2234/2234
f 2202/2202 2201/2201 2235/2235
f 2201/2201 2234/2234 2235/2235
f 2203/2203 2202/2202 2236/2236
f 2202/2202 2235/2235 2236/2236
f 2204/2204 2203/2203 2237/2237
f 2203/2203 2236/2236 2237/2237
f 2205/2205 2204/2204 2238/2238
f 2204/2204 2237/2237 2238/2238
f 2206/2206 2205/2205 2239/2239
f 2205/2205 2238/2238 2239/2239
f 2207/2207 2206/2206 2240/2240
f 2206/2206 2239/2239 2240/2240
f 2208/2208 2207/2207 2241/2241
f 2207/2207 2240/2240 2241/2241
f 2209/2209 2208/2208 2242/2242
f 2208/2208 2241/2241 2242/2242
f 2210/2210 2209/2209 2243/2243
f 2209/2209 2242/2242 2243/2243
f 2211/2211 2210/2210 2244/2244
f 2210/2210 2243/2243 2244/2244
f 2212/2212 2211/2211 2245/2245
f 2211/2211 2244/2244 2245/2245
f 2214/2214 2213/2213 2247/2247
f 2213/2213 2246/2246 2247/2247
f 2215/2215 2214/2214 2248/2248
f 2214/2214 2247/2247 2248/2248
f 2216/2216 2215/2215 2249/2249
f 2215/2215 2248/2248 2249/2249
f 2217/2217 2216/2216 2250/2250
f 2216/2216 2249/2249 2250/2250
f 2218/2218 2217/2217 2251/2251
f 2217/2217 2250/2250 2251/2251
f 2219/2219 2218/2218 2252/2252
f 2218/2218 2251/2251 2252/2252
f 2220/2220 2219/2219 2253/2253
f 2219/2219 2252/2252 2253/2253
f 2221/2221 2220/2220 2254/2254
f 2220/2220 2253/2253 2254/2254
f 2222/2222 2221/2221 2255/2255
f 2221/2221 2254/2254 2255/2255
f 2223/2223 2222/2222 2256/2256
f 2222/2222 2255/2255 2256/2256
f 2224/2224 2223/2223 2257/2257
f 2223/2223 2256/2256 2257/2257
f 2225/2225 2224/2224 2258/2258
f 2224/2224 2257/2257 2258/2258
f 2226/2226 2225/2225 2259/2259
f 2225/2225 2258/2258 2259/2259
f 2227/2227 2226/2226 2260/2260
f 2226/2226 2259/2259 2260/2260
f 2228/2228 2227/2227 2261/2261
f 2227/2227 2260/2260 2261/2261
f 2229/2229 2228/2228 2262/2262
f 2228/2228 2261/2261 2262/2262
f 2230/2230 2229/2229 2263/2263
f 2229/2229 2262/2262 2263/2263
f 2231/2231 2230/2230 2264/2264
f 2230/2230 2263/2263 2264/2264
f 2232/2232 2231/2231 2265/2265
f 2231/2231 2264/2264 2265/2265
f 2233/2233 2232/2232 2266/2266
f 2232/2232 2265/2265 2266/2266
f 2234/2234 2233/2233 2267/2267
f 2233/2233 2266/2266 2267/2267
f 2235/2235 2234/2234 2268/2268
f 2234/2234 2267/2267 2268/2268
f 2236/2236 2235/2235 2269/2269
f 2235/2235 2268/2268 2269/2269
f 2237/2237 2236/2236 2270/2270
f 2236/2236 2269/2269 2270/2270
f 2238/2238 2237/2237 2271/2271
f 2237/2237 2270/2270 2271/2271
f 2239/2239 2238/2238 2272/2272
f 2238/2238 2271/2271 2272/2272
f 2240/2240 2239/2239 2273/2273
f 2239/2239 2272/2272 2273/2273
f 2241/2241 2240/2240 2274/2274
f 2240/2240 2273/2273 2274/2274
f 2242/2242 2241/2241 2275/2275
f 2241/2241 2274/2274 2275/2275
f 2243/2243 2242/2242 2276/2276
f 2242/2242 2275/2275 2276/2276
f 2244/2244 2243/2243 2277/2277
f 2243/2243 2276/2276 2277/2277
f 2245/2245 2244/2244 2278/2278
f 2244/2244 2277/2277 2278/2278
f 2247/2247 2246/2246 2280/2280
f 2246/2246 2279/2279 2280/2280
f 2248/2248 2247/2247 2281/2281
f 2247/2247 2280/2280 2281/2281
f 2249/2249 2248/2248 2282/2282
f 2248/2248 2281/2281 2282/2282
f 2250/2250 2249/2249 2283/2283
f 2249/2249 2282/2282 2283/2283
f 2251/2251 2250/2250 2284/2284
f 2250/2250 2283/2283 2284/2284
f 2252/2252 2251/2251 2285/2285
f 2251/2251 2284/2284 2285/2285
f 2253/2253 2252/2252 2286/2286
f 2252/2252 2285/2285 2286/2286
f 2254/2254 2253/2253 2287/2287
f 2253/2253 2286/2286 2287/2287
f 2255/2255 2254/2254 2288/2288
f 2254/2254 2287/2287 2288/2288
f 2256/2256 2255/2255 2289/2289
f 2255/2255 2288/2288 2289/2289
f 2257/2257 2256/2256 2290/2290
f 2256/2256 2289/2289 2290/2290
f 2258/2258 2257/2257 2291/2291
f 2257/2257 2290/2290 2291/2291
f 2259/2259 2258/2258 2292/2292
f 2258/2258 2291/2291 2292/2292
f 2260/2260 2259/2259 2293/2293
f 2259/2259 2292/2292 2293/2293
f 2261/2261 2260/2260 2294/2294
f 2260/2260 2293/2293 2294/2294
f 2262/2262 2261/2261 2295/2295
f 2261/2261 2294/2294 2295/2295
f 2263/2263 2262/2262 2296/2296
f 2262/2262 2295/2295 2296/2296
f 2264/2264 2263/2263 2297/2297
f 2263/2263 2296/2296 2297/2297
f 2265/2265 2264/2264 2298/2298
f 2264/2264 2297/2297 2298/2298
f 2266/2266 2265/2265 2299/2299
f 2265/2265 2298/2298 2299/2299
f 2267/2267 2266/2266 2300/2300
f 2266/2266 2299/2299 2300/2300
f 2268/2268 2267/2267 2301/2301
f 2267/2267 2300/2300 2301/2301
f 2269/2269 2268/2268 2302/2302
f 2268/2268 2301/2301 2302/2302
f 2270/2270 2269/2269 2303/2303
f 2269/2269 2302/2302 2303/2303
f 2271/2271 2270/2270 2304/2304
f 2270/2270 2303/2303 2304/2304
f 2272/2272 2271/2271 2305/2305
f 2271/2271 2304/2304 2305/2305
f 2273/2273 2272/2272 2306/2306
f 2272/2272 2305/2305 2306/2306
f 2274/2274 2273/2273 2307/2307
f 2273/2273 2306/2306 2307/2307
f 2275/2275 2274/2274 2308/2308
f 2274/2274 2307/2307 2308/2308
f 2276/2276 2275/2275 2309/2309
f 2275/2275 2308/2308 2309/2309
f 2277/2277 2276/2276 2310/2310
f 2276/2276 2309/2309 2310/2310
f 2278/2278 2277/2277 2311/2311
f 2277/2277 2310/2310 2311/2311
f 2280/2280 2279/2279 2313/2313
f 2281/2281 2280/2280 2314/2314
f 2282/2282 2281/2281 2315/2315
f 2283/2283 2282/2282 2316/2316
f 2284/2284 2283/2283 2317/2317
f 2285/2285 2284/2284 2318/2318
f 2286/2286 2285/2285 2319/2319
f 2287/2287 2286/2286 2320/2320
f 2288/2288 2287/2287 2321/2321
f 2289/2289 2288/2288 2322/2322
f 2290/2290 2289/2289 2323/2323
f 2291/2291 2290/2290 2324/2324
f 2292/2292 2291/2291 2325/2325
f 2293/2293 2292/2292 2326/2326
f 2294/2294 2293/2293 2327/2327
f 2295/2295 2294/2294 2328/2328
f 2296/2296 2295/2295 2329/2329
f 2297/2297 2296/2296 2330/2330
f 2298/2298 2297/2297 2331/2331
f 2299/2299 2298/2298 2332/2332
f 2300/2300 2299/2299 2333/2333
f 2301/2301 2300/2300 2334/2334
f 2302/2302 2301/2301 2335/2335
f 2303/2303 2302/2302 2336/2336
f 2304/2304 2303/2303 2337/2337
f 2305/2305 2304/2304 2338/2338
f 2306/2306 2305/2305 2339/2339
f 2307/2307 2306/2306 2340/2340
f 2308/2308 2307/2307 2341/2341
f 2309/2309 2308/2308 2342/2342
f 2310/2310 2309/2309 2343/2343
f 2311/2311 2310/2310 2344/2344
v -12.238 21.260 61.695
v -10.693 21.100 60.720
v -9.530 21.382 59.330
v -8.926 22.063 57.738
v -8.972 23.038 56.186
v -9.662 24.160 54.910
v -10.891 25.257 54.104
v -12.471 26.163 53.892
v -14.162 26.740 54.305
v -15.707 26.900 55.280
v -16.870 26.618 56.670
v -17.474 25.937 58.262
v -17.428 24.962 59.814
v -16.738 23.840 61.090
v -15.509 22.743 61.896
v -13.929 21.837 62.108
v -12.238 21.260 61.695
v -23.038 -0.740 48.195
v -21.493 -0.900 47.220
v -20.330 -0.618 45.830
v -19.726 0.063 44.238
v -19.772 1.038 42.686
v -20.462 2.160 41.410
v -21.691 3.257 40.604
v -23.271 4.163 40.392
v -24.962 4.740 40.805
v -26.507 4.900 41.780
v -27.670 4.618 43.170
v -28.274 3.937 44.762
v -28.228 2.962 46.314
v -27.538 1.840 47.590
v -26.309 0.743 48.396
v -24.729 -0.163 48.608
v -23.038 -0.740 48.195
v -13.200 24.000 58.000
v -13.200 24.000 58.000
v -13.200 24.000 58.000
v -13.200 24.000 58.000
v -13.200 24.000 58.000
v -13.200 24.000 58.000
v -13.200 24.000 58.000
v -13.200 24.000 58.000
v -13.200 24.000 58.000
v -13.200 24.000 58.000
v -13.200 24.000 58.000
v -13.200 24.000 58.000
v -13.200 24.000 58.000
v -13.200 24.000 58.000
v -13.200 24.000 58.000
v -13.200 24.000 58.000
v -12.238 21.260 61.695
v -10.693 21.100 60.720
v -9.530 21.382 59.330
v -8.926 22.063 57.738
v -8.972 23.038 56.186
v -9.662 24.160 54.910
v -10.891 25.257 54.104
v -12.471 26.163 53.892
v -14.162 26.740 54.305
v -15.707 26.900 55.280
v -16.870 26.618 56.670
v -17.474 25.937 58.262
v -17.428 24.962 59.814
v -16.738 23.840 61.090
v -15.509 22.743 61.896
v -13.929 21.837 62.108
v -12.238 21.260 61.695
v -24.000 2.000 44.500
v -24.000 2.000 44.500
v -24.000 2.000 44.500
v -24.000 2.000 44.500
v -24.000 2.000 44.500
v -24.000 2.000 44.500
v -24.000 2.000 44.500
v -24.000 2.000 44.500
v -24.000 2.000 44.500
v -24.000 2.000 44.500
v -24.000 2.000 44.500
v -24.000 2.000 44.500
v -24.000 2.000 44.500
v -24.000 2.000 44.500
v -24.000 2.000 44.500
v -24.000 2.000 44.500
v -23.038 -0.740 48.195
v -21.493 -0.900 47.220
v -20.330 -0.618 45.830
v -19.726 0.063 44.238
v -19.772 1.038 42.686
v -20.462 2.160 41.410
v -21.691 3.257 40.604
v -23.271 4.163 40.392
v -24.962 4.740 40.805
v -26.507 4.900 41.780
v -27.670 4.618 43.170
v -28.274 3.937 44.762
v -28.228 2.962 46.314
v -27.538 1.840 47.590
v -26.309 0.743 48.396
v -24.729 -0.163 48.608
v -23.038 -0.740 48.195
vt 0.00000 1.00000
vt 0.06250 1.00000
vt 0.12500 1.00000
vt 0.18750 1.00000
vt 0.25000 1.00000
vt 0.31250 1.00000
vt 0.37500 1.00000
vt 0.43750 1.00000
vt 0.50000 1.00000
vt 0.56250 1.00000
vt 0.62500 1.00000
vt 0.68750 1.00000
vt 0.75000 1.00000
vt 0.81250 1.00000
vt 0.87500 1.00000
vt 0.93750 1.00000
vt 1.00000 1.00000
vt 0.00000 0.00000
vt 0.06250 0.00000
vt 0.12500 0.00000
vt 0.18750 0.00000
vt 0.25000 0.00000
vt 0.31250 0.00000
vt 0.37500 0.00000
vt 0.43750 0.00000
vt 0.50000 0.00000
vt 0.56250 0.00000
vt 0.62500 0.00000
vt 0.68750 0.00000
vt 0.75000 0.00000
vt 0.81250 0.00000
vt 0.87500 0.00000
vt 0.93750 0.00000
vt 1.00000 0.00000
vt 0.50000 0.50000
vt 0.50000 0.50000
vt 0.50000 0.50000
vt 0.50000 0.50000
vt 0.50000 0.50000
vt 0.50000 0.50000
vt 0.50000 0.50000
vt 0.50000 0.50000
vt 0.50000 0.50000
vt 0.50000 0.50000
vt 0.50000 0.50000
vt 0.50000 0.50000
vt 0.50000 0.50000
vt 0.50000 0.50000
vt 0.50000 0.50000
vt 0.50000 0.50000
vt 1.00000 0.50000
vt 0.96194 0.69134
vt 0.85355 0.85355
vt 0.69134 0.96194
vt 0.50000 1.00000
vt 0.30866 0.96194
vt 0.14645 0.85355
vt 0.03806 0.69134
vt 0.00000 0.50000
vt 0.03806 0.30866
vt 0.14645 0.14645
vt 0.30866 0.03806
vt 0.50000 0.00000
vt 0.69134 0.03806
vt 0.85355 0.14645
vt 0.96194 0.30866
vt 1.00000 0.50000
vt 0.50000 0.50000
vt 0.50000 0.50000
vt 0.50000 0.50000
vt 0.50000 0.50000
vt 0.50000 0.50000
vt 0.50000 0.50000
vt 0.50000 0.50000
vt 0.50000 0.50000
vt 0.50000 0.50000
vt 0.50000 0.50000
vt 0.50000 0.50000
vt 0.50000 0.50000
vt 0.50000 0.50000
vt 0.50000 0.50000
vt 0.50000 0.50000
vt 0.50000 0.50000
vt 1.00000 0.50000
vt 0.96194 0.30866
vt 0.85355 0.14645
vt 0.69134 0.03806
vt 0.50000 0.00000
vt 0.30866 0.03806
vt 0.14645 0.14645
vt 0.03806 0.30866
vt 0.00000 0.50000
vt 0.03806 0.69134
vt 0.14645 0.85355
vt 0.30866 0.96194
vt 0.50000 1.00000
vt 0.69134 0.96194
vt 0.85355 0.85355
vt 0.96194 0.69134
vt 1.00000 0.50000
f 2345/2345 2362/2362 2346/2346
f 2362/2362 2363/2363 2346/2346
f 2346/2346 2363/2363 2347/2347
f 2363/2363 2364/2364 2347/2347
f 2347/2347 2364/2364 2348/2348
f 2364/2364 2365/2365 2348/2348
f 2348/2348 2365/2365 2349/2349
f 2365/2365 2366/2366 2349/2349
f 2349/2349 2366/2366 2350/2350
f 2366/2366 2367/2367 2350/2350
f 2350/2350 2367/2367 2351/2351
f 2367/2367 2368/2368 2351/2351
f 2351/2351 2368/2368 2352/2352
f 2368/2368 2369/2369 2352/2352
f 2352/2352 2369/2369 2353/2353
f 2369/2369 2370/2370 2353/2353
f 2353/2353 2370/2370 2354/2354
f 2370/2370 2371/2371 2354/2354
f 2354/2354 2371/2371 2355/2355
f 2371/2371 2372/2372 2355/2355
f 2355/2355 2372/2372 2356/2356
f 2372/2372 2373/2373 2356/2356
f 2356/2356 2373/2373 2357/2357
f 2373/2373 2374/2374 2357/2357
f 2357/2357 2374/2374 2358/2358
f 2374/2374 2375/2375 2358/2358
f 2358/2358 2375/2375 2359/2359
f 2375/2375 2376/2376 2359/2359
f 2359/2359 2376/2376 2360/2360
f 2376/2376 2377/2377 2360/2360
f 2360/2360 2377/2377 2361/2361
f 2377/2377 2378/2378 2361/2361
f 2395/2395 2396/2396 2379/2379
f 2396/2396 2397/2397 2380/2380
f 2397/2397 2398/2398 2381/2381
f 2398/2398 2399/2399 2382/2382
f 2399/2399 2400/2400 2383/2383
f 2400/2400 2401/2401 2384/2384
f 2401/2401 2402/2402 2385/2385
f 2402/2402 2403/2403 2386/2386
f 2403/2403 2404/2404 2387/2387
f 2404/2404 2405/2405 2388/2388
f 2405/2405 2406/2406 2389/2389
f 2406/2406 2407/2407 2390/2390
f 2407/2407 2408/2408 2391/2391
f 2408/2408 2409/2409 2392/2392
f 2409/2409 2410/2410 2393/2393
f 2410/2410 2411/2411 2394/2394
f 2429/2429 2428/2428 2412/2412
f 2430/2430 2429/2429 2413/2413
f 2431/2431 2430/2430 2414/2414
f 2432/2432 2431/2431 2415/2415
f 2433/2433 2432/2432 2416/2416
f 2434/2434 2433/2433 2417/2417
f 2435/2435 2434/2434 2418/2418
f 2436/2436 2435/2435 2419/2419
f 2437/2437 2436/2436 2420/2420
f 2438/2438 2437/2437 2421/2421
f 2439/2439 2438/2438 2422/2422
f 2440/2440 2439/2439 2423/2423
f 2441/2441 2440/2440 2424/2424
f 2442/2442 2441/2441 2425/2425
f 2443/2443 2442/2442 2426/2426
f 2444/2444 2443/2443 2427/2427
v -19.264 21.409 39.369
v -16.386 21.938 39.324
v -13.754 22.476 38.164
v -11.768 22.942 36.065
v -10.731 23.264 33.348
v -10.801 23.394 30.425
v -11.966 23.311 27.742
v -14.051 23.029 25.708
v -16.736 22.591 24.631
v -19.614 22.062 24.676
v -22.246 21.524 25.836
v -24.232 21.058 27.935
v -25.269 20.736 30.652
v -25.199 20.606 33.575
v -24.034 20.689 36.258
v -21.949 20.971 38.292
v -19.264 21.409 39.369
v -11.764 -19.591 37.369
v -8.886 -19.062 37.324
v -6.254 -18.524 36.164
v -4.268 -18.058 34.065
v -3.231 -17.736 31.348
v -3.301 -17.606 28.425
v -4.466 -17.689 25.742
v -6.551 -17.971 23.708
v -9.236 -18.409 22.631
v -12.114 -18.938 22.676
v -14.746 -19.476 23.836
v -16.732 -19.942 25.935
v -17.769 -20.264 28.652
v -17.699 -20.394 31.575
v -16.534 -20.311 34.258
v -14.449 -20.029 36.292
v -11.764 -19.591 37.369
v -18.000 22.000 32.000
v -18.000 22.000 32.000
v -18.000 22.000 32.000
v -18.000 22.000 32.000
v -18.000 22.000 32.000
v -18.000 22.000 32.000
v -18.000 22.000 32.000
v -18.000 22.000 32.000
v -18.000 22.000 32.000
v -18.000 22.000 32.000
v -18.000 22.000 32.000
v -18.000 22.000 32.000
v -18.000 22.000 32.000
v -18.000 22.000 32.000
v -18.000 22.000 32.000
v -18.000 22.000 32.000
v -19.264 21.409 39.369
v -16.386 21.938 39.324
v -13.754 22.476 38.164
v -11.768 22.942 36.065
v -10.731 23.264 33.348
v -10.801 23.394 30.425
v -11.966 23.311 27.742
v -14.051 23.029 25.708
v -16.736 22.591 24.631
v -19.614 22.062 24.676
v -22.246 21.524 25.836
v -24.232 21.058 27.935
v -25.269 20.736 30.652
v -25.199 20.606 33.575
v -24.034 20.689 36.258
v -21.949 20.971 38.292
v -19.264 21.409 39.369
v -10.500 -19.000 30.000
v -10.500 -19.000 30.000
v -10.500 -19.000 30.000
v -10.500 -19.000 30.000
v -10.500 -19.000 30.000
v -10.500 -19.000 30.000
v -10.500 -19.000 30.000
v -10.500 -19.000 30.000
v -10.500 -19.000 30.000
v -10.500 -19.000 30.000
v -10.500 -19.000 30.000
v -10.500 -19.000 30.000
v -10.500 -19.000 30.000
v -10.500 -19.000 30.000
v -10.500 -19.000 30.000
v -10.500 -19.000 30.000
v -11.764 -19.591 37.369
v -8.886 -19.062 37.324
v -6.254 -18.524 36.164
v -4.268 -18.058 34.065
v -3.231 -17.736 31.348
v -3.301 -17.606 28.425
v -4.466 -17.689 25.742
v -6.551 -17.971 23.708
v -9.236 -18.409 22.631
v -12.114 -18.938 22.676
v -14.746 -19.476 23.836
v -16.732 -19.942 25.935
v -17.769 -20.264 28.652
v -17.699 -20.394 31.575
v -16.534 -20.311 34.258
v -14.449 -20.029 36.292
v -11.764 -19.591 37.369
vt 0.00000 1.00000
vt 0.06250 1.00000
vt 0.12500 1.00000
vt 0.18750 1.00000
vt 0.25000 1.00000
vt 0.31250 1.00000
vt 0.37500 1.00000
vt 0.43750 1.00000
vt 0.50000 1.00000
vt 0.56250 1.00000
vt 0.62500 1.00000
vt 0.68750 1.00000
vt 0.75000 1.00000
vt 0.81250 1.00000
vt 0.87500 1.00000
vt 0.93750 1.00000
vt 1.00000 1.00000
vt 0.00000 0.00000
vt 0.06250 0.00000
vt 0.12500 0.00000
vt 0.18750 0.00000
vt 0.25000 0.00000
vt 0.31250 0.00000
vt 0.37500 0.00000
vt 0.43750 0.00000
vt 0.50000 0.00000
vt 0.56250 0.00000
vt 0.62500 0.00000
vt 0.68750 0.00000
vt 0.75000 0.00000
vt 0.81250 0.00000
vt 0.87500 0.00000
vt 0.93750 0.00000
vt 1.00000 0.00000
vt 0.50000 0.50000
vt 0.50000 0.50000
vt 0.50000 0.50000
vt 0.50000 0.50000
vt 0.50000 0.50000
vt 0.50000 0.50000
vt 0.50000 0.50000
vt 0.50000 0.50000
vt 0.50000 0.50000
vt 0.50000 0.50000
vt 0.50000 0.50000
vt 0.50000 0.50000
vt 0.50000 0.50000
vt 0.50000 0.50000
vt 0.50000 0.50000
vt 0.50000 0.50000
vt 1.00000 0.50000
vt 0.96194 0.69134
vt 0.85355 0.85355
vt 0.69134 0.96194
vt 0.50000 1.00000
vt 0.30866 0.96194
vt 0.14645 0.85355
vt 0.03806 0.69134
vt 0.00000 0.50000
vt 0.03806 0.30866
vt 0.14645 0.14645
vt 0.30866 0.03806
vt 0.50000 0.00000
vt 0.69134 0.03806
vt 0.85355 0.14645
vt 0.96194 0.30866
vt 1.00000 0.50000
vt 0.50000 0.50000
vt 0.50000 0.50000
vt 0.50000 0.50000
vt 0.50000 0.50000
vt 0.50000 0.50000
vt 0.50000 0.50000
vt 0.50000 0.50000
vt 0.50000 0.50000
vt 0.50000 0.50000
vt 0.50000 0.50000
vt 0.50000 0.50000
vt 0.50000 0.50000
vt 0.50000 0.50000
vt 0.50000 0.50000
vt 0.50000 0.50000
vt 0.50000 0.50000
vt 1.00000 0.50000
vt 0.96194 0.30866
vt 0.85355 0.14645
vt 0.69134 0.03806
vt 0.50000 0.00000
vt 0.30866 0.03806
vt 0.14645 0.14645
vt 0.03806 0.30866
vt 0.00000 0.50000
vt 0.03806 0.69134
vt 0.14645 0.85355
vt 0.30866 0.96194
vt 0.50000 1.00000
vt 0.69134 0.96194
vt 0.85355 0.85355
vt 0.96194 0.69134
vt 1.00000 0.50000
f 2445/2445 2462/2462 2446/2446
f 2462/2462 2463/2463 2446/2446
f 2446/2446 2463/2463 2447/2447
f 2463/2463 2464/2464 2447/2447
f 2447/2447 2464/2464 2448/2448
f 2464/2464 2465/2465 2448/2448
f 2448/2448 2465/2465 2449/2449
f 2465/2465 2466/2466 2449/2449
f 2449/2449 2466/2466 2450/2450
f 2466/2466 2467/2467 2450/2450
f 2450/2450 2467/2467 2451/2451
f 2467/2467 2468/2468 2451/2451
f 2451/2451 2468/2468 2452/2452
f 2468/2468 2469/2469 2452/2452
f 2452/2452 2469/2469 2453/2453
f 2469/2469 2470/2470 2453/2453
f 2453/2453 2470/2470 2454/2454
f 2470/2470 2471/2471 2454/2454
f 2454/2454 2471/2471 2455/2455
f 2471/2471 2472/2472 2455/2455
f 2455/2455 2472/2472 2456/2456
f 2472/2472 2473/2473 2456/2456
f 2456/2456 2473/2473 2457/2457
f 2473/2473 2474/2474 2457/2457
f 2457/2457 2474/2474 2458/2458
f 2474/2474 2475/2475 2458/2458
f 2458/2458 2475/2475 2459/2459
f 2475/2475 2476/2476 2459/2459
f 2459/2459 2476/2476 2460/2460
f 2476/2476 2477/2477 2460/2460
f 2460/2460 2477/2477 2461/2461
f 2477/2477 2478/2478 2461/2461
f 2495/2495 2496/2496 2479/2479
f 2496/2496 2497/2497 2480/2480
f 2497/2497 2498/2498 2481/2481
f 2498/2498 2499/2499 2482/2482
f 2499/2499 2500/2500 2483/2483
f 2500/2500 2501/2501 2484/2484
f 2501/2501 2502/2502 2485/2485
f 2502/2502 2503/2503 2486/2486
f 2503/2503 2504/2504 2487/2487
f 2504/2504 2505/2505 2488/2488
f 2505/2505 2506/2506 2489/2489
f 2506/2506 2507/2507 2490/2490
f 2507/2507 2508/2508 2491/2491
f 2508/2508 2509/2509 2492/2492
f 2509/2509 2510/2510 2493/2493
f 2510/2510 2511/2511 2494/2494
f 2529/2529 2528/2528 2512/2512
f 2530/2530 2529/2529 2513/2513
f 2531/2531 2530/2530 2514/2514
f 2532/2532 2531/2531 2515/2515
f 2533/2533 2532/2532 2516/2516
f 2534/2534 2533/2533 2517/2517
f 2535/2535 2534/2534 2518/2518
f 2536/2536 2535/2535 2519/2519
f 2537/2537 2536/2536 2520/2520
f 2538/2538 2537/2537 2521/2521
f 2539/2539 2538/2538 2522/2522
f 2540/2540 2539/2539 2523/2523
f 2541/2541 2540/2540 2524/2524
f 2542/2542 2541/2541 2525/2525
f 2543/2543 2542/2542 2526/2526
f 2544/2544 2543/2543 2527/2527
v -18.000 22.000 39.300
v -18.000 22.000 39.300
v -18.000 22.000 39.300
v -18.000 22.000 39.300
v -18.000 22.000 39.300
v -18.000 22.000 39.300
v -18.000 22.000 39.300
v -18.000 22.000 39.300
v -18.000 22.000 39.300
v -18.000 22.000 39.300
v -18.000 22.000 39.300
v -18.000 22.000 39.300
v -18.000 22.000 39.300
v -18.000 22.000 39.300
v -18.000 22.000 39.300
v -18.000 22.000 39.300
v -18.000 22.000 39.300
v -18.000 22.000 39.300
v -18.000 22.000 39.300
v -18.000 22.000 39.300
v -18.000 22.000 39.300
v -18.000 22.000 39.300
v -18.000 22.000 39.300
v -18.000 22.000 39.300
v -18.000 22.000 39.300
v -18.000 22.000 39.300
v -18.000 22.000 39.300
v -18.000 22.000 39.300
v -18.000 22.000 39.300
v -18.000 22.000 39.300
v -18.000 22.000 39.300
v -18.000 22.000 39.300
v -18.000 22.000 39.300
v -19.173 22.000 39.210
v -19.151 21.753 39.210
v -19.084 21.515 39.210
v -18.976 21.296 39.210
v -18.830 21.104 39.210
v -18.652 20.946 39.210
v -18.449 20.829 39.210
v -18.229 20.757 39.210
v -18.000 20.733 39.210
v -17.771 20.757 39.210
v -17.551 20.829 39.210
v -17.348 20.946 39.210
v -17.170 21.104 39.210
v -17.024 21.296 39.210
v -16.916 21.515 39.210
v -16.849 21.753 39.210
v -16.827 22.000 39.210
v -16.849 22.247 39.210
v -16.916 22.485 39.210
v -17.024 22.704 39.210
v -17.170 22.896 39.210
v -17.348 23.054 39.210
v -17.551 23.171 39.210
v -17.771 23.243 39.210
v -18.000 23.267 39.210
v -18.229 23.243 39.210
v -18.449 23.171 39.210
v -18.652 23.054 39.210
v -18.830 22.896 39.210
v -18.976 22.704 39.210
v -19.084 22.485 39.210
v -19.151 22.247 39.210
v -19.173 22.000 39.210
v -20.318 22.000 38.943
v -20.273 21.512 38.943
v -20.141 21.042 38.943
v -19.927 20.609 38.943
v -19.639 20.230 38.943
v -19.288 19.919 38.943
v -18.887 19.687 38.943
v -18.452 19.545 38.943
v -18.000 19.497 38.943
v -17.548 19.545 38.943
v -17.113 19.687 38.943
v -16.712 19.919 38.943
v -16.361 20.230 38.943
v -16.073 20.609 38.943
v -15.859 21.042 38.943
v -15.727 21.512 38.943
v -15.682 22.000 38.943
v -15.727 22.488 38.943
v -15.859 22.958 38.943
v -16.073 23.391 38.943
v -16.361 23.770 38.943
v -16.712 24.081 38.943
v -17.113 24.313 38.943
v -17.548 24.455 38.943
v -18.000 24.503 38.943
v -18.452 24.455 38.943
v -18.887 24.313 38.943
v -19.288 24.081 38.943
v -19.639 23.770 38.943
v -19.927 23.391 38.943
v -20.141 22.958 38.943
v -20.273 22.488 38.943
v -20.318 22.000 38.943
v -21.405 22.000 38.504
v -21.340 21.283 38.504
v -21.146 20.593 38.504
v -20.831 19.957 38.504
v -20.408 19.400 38.504
v -19.892 18.942 38.504
v -19.303 18.603 38.504
v -18.664 18.393 38.504
v -18.000 18.323 38.504
v -17.336 18.393 38.504
v -16.697 18.603 38.504
v -16.108 18.942 38.504
v -15.592 19.400 38.504
v -15.169 19.957 38.504
v -14.854 20.593 38.504
v -14.660 21.283 38.504
v -14.595 22.000 38.504
v -14.660 22.717 38.504
v -14.854 23.407 38.504
v -15.169 24.043 38.504
v -15.592 24.600 38.504
v -16.108 25.058 38.504
v -16.697 25.397 38.504
v -17.336 25.607 38.504
v -18.000 25.677 38.504
v -18.664 25.607 38.504
v -19.303 25.397 38.504
v -19.892 25.058 38.504
v -20.408 24.600 38.504
v -20.831 24.043 38.504
v -21.146 23.407 38.504
v -21.340 22.717 38.504
v -21.405 22.000 38.504
v -22.408 22.000 37.906
v -22.324 21.071 37.906
v -22.073 20.178 37.906
v -21.665 19.355 37.906
v -21.117 18.633 37.906
v -20.449 18.041 37.906
v -19.687 17.601 37.906
v -18.860 17.330 37.906
v -18.000 17.239 37.906
v -17.140 17.330 37.906
v -16.313 17.601 37.906
v -15.551 18.041 37.906
v -14.883 18.633 37.906
v -14.335 19.355 37.906
v -13.927 20.178 37.906
v -13.676 21.071 37.906
v -13.592 22.000 37.906
v -13.676 22.929 37.906
v -13.927 23.822 37.906
v -14.335 24.645 37.906
v -14.883 25.367 37.906
v -15.551 25.959 37.906
v -16.313 26.399 37.906
v -17.140 26.670 37.906
v -18.000 26.761 37.906
v -18.860 26.670 37.906
v -19.687 26.399 37.906
v -20.449 25.959 37.906
v -21.117 25.367 37.906
v -21.665 24.645 37.906
v -22.073 23.822 37.906
v -22.324 22.929 37.906
v -22.408 22.000 37.906
v -23.303 22.000 37.162
v -23.201 20.883 37.162
v -22.900 19.808 37.162
v -22.410 18.818 37.162
v -21.750 17.950 37.162
v -20.946 17.238 37.162
v -20.029 16.708 37.162
v -19.035 16.382 37.162
v -18.000 16.272 37.162
v -16.965 16.382 37.162
v -15.971 16.708 37.162
v -15.054 17.238 37.162
v -14.250 17.950 37.162
v -13.590 18.818 37.162
v -13.100 19.808 37.162
v -12.799 20.883 37.162
v -12.697 22.000 37.162
v -12.799 23.117 37.162
v -13.100 24.192 37.162
v -13.590 25.182 37.162
v -14.250 26.050 37.162
v -15.054 26.762 37.162
v -15.971 27.292 37.162
v -16.965 27.618 37.162
v -18.000 27.728 37.162
v -19.035 27.618 37.162
v -20.029 27.292 37.162
v -20.946 26.762 37.162
v -21.750 26.050 37.162
v -22.410 25.182 37.162
v -22.900 24.192 37.162
v -23.201 23.117 37.162
v -23.303 22.000 37.162
v -24.068 22.000 36.291
v -23.951 20.722 36.291
v -23.606 19.492 36.291
v -23.045 18.359 36.291
v -22.290 17.366 36.291
v -21.371 16.551 36.291
v -20.322 15.946 36.291
v -19.184 15.573 36.291
v -18.000 15.447 36.291
v -16.816 15.573 36.291
v -15.678 15.946 36.291
v -14.629 16.551 36.291
v -13.710 17.366 36.291
v -12.955 18.359 36.291
v -12.394 19.492 36.291
v -12.049 20.722 36.291
v -11.932 22.000 36.291
v -12.049 23.278 36.291
v -12.394 24.508 36.291
v -12.955 25.641 36.291
v -13.710 26.634 36.291
v -14.629 27.449 36.291
v -15.678 28.054 36.291
v -16.816 28.427 36.291
v -18.000 28.553 36.291
v -19.184 28.427 36.291
v -20.322 28.054 36.291
v -21.371 27.449 36.291
v -22.290 26.634 36.291
v -23.045 25.641 36.291
v -23.606 24.508 36.291
v -23.951 23.278 36.291
v -24.068 22.000 36.291
v -24.683 22.000 35.314
v -24.554 20.592 35.314
v -24.174 19.238 35.314
v -23.556 17.990 35.314
v -22.725 16.897 35.314
v -21.713 15.999 35.314
v -20.557 15.332 35.314
v -19.304 14.922 35.314
v -18.000 14.783 35.314
v -16.696 14.922 35.314
v -15.443 15.332 35.314
v -14.287 15.999 35.314
v -13.275 16.897 35.314
v -12.444 17.990 35.314
v -11.826 19.238 35.314
v -11.446 20.592 35.314
v -11.317 22.000 35.314
v -11.446 23.408 35.314
v -11.826 24.762 35.314
v -12.444 26.010 35.314
v -13.275 27.103 35.314
v -14.287 28.001 35.314
v -15.443 28.668 35.314
v -16.696 29.078 35.314
v -18.000 29.217 35.314
v -19.304 29.078 35.314
v -20.557 28.668 35.314
v -21.713 28.001 35.314
v -22.725 27.103 35.314
v -23.556 26.010 35.314
v -24.174 24.762 35.314
v -24.554 23.408 35.314
v -24.683 22.000 35.314
v -25.133 22.000 34.256
v -24.996 20.497 34.256
v -24.590 19.052 34.256
v -23.931 17.720 34.256
v -23.044 16.553 34.256
v -21.963 15.595 34.256
v -20.730 14.883 34.256
v -19.392 14.444 34.256
v -18.000 14.296 34.256
v -16.608 14.444 34.256
v -15.270 14.883 34.256
v -14.037 15.595 34.256
v -12.956 16.553 34.256
v -12.069 17.720 34.256
v -11.410 19.052 34.256
v -11.004 20.497 34.256
v -10.867 22.000 34.256
v -11.004 23.503 34.256
v -11.410 24.948 34.256
v -12.069 26.280 34.256
v -12.956 27.447 34.256
v -14.037 28.405 34.256
v -15.270 29.117 34.256
v -16.608 29.556 34.256
v -18.000 29.704 34.256
v -19.392 29.556 34.256
v -20.730 29.117 34.256
v -21.963 28.405 34.256
v -23.044 27.447 34.256
v -23.931 26.280 34.256
v -24.590 24.948 34.256
v -24.996 23.503 34.256
v -25.133 22.000 34.256
v -25.408 22.000 33.142
v -25.265 20.439 33.142
v -24.844 18.938 33.142
v -24.159 17.555 33.142
v -23.238 16.343 33.142
v -22.115 15.348 33.142
v -20.835 14.609 33.142
v -19.445 14.153 33.142
v -18.000 14.000 33.142
v -16.555 14.153 33.142
v -15.165 14.609 33.142
v -13.885 15.348 33.142
v -12.762 16.343 33.142
v -11.841 17.555 33.142
v -11.156 18.938 33.142
v -10.735 20.439 33.142
v -10.592 22.000 33.142
v -10.735 23.561 33.142
v -11.156 25.062 33.142
v -11.841 26.445 33.142
v -12.762 27.657 33.142
v -13.885 28.652 33.142
v -15.165 29.391 33.142
v -16.555 29.847 33.142
v -18.000 30.000 33.142
v -19.445 29.847 33.142
v -20.835 29.391 33.142
v -22.115 28.652 33.142
v -23.238 27.657 33.142
v -24.159 26.445 33.142
v -24.844 25.062 33.142
v -25.265 23.561 33.142
v -25.408 22.000 33.142
v -25.500 22.000 32.000
v -25.356 20.420 32.000
v -24.929 18.900 32.000
v -24.236 17.500 32.000
v -23.303 16.272 32.000
v -22.167 15.265 32.000
v -20.870 14.517 32.000
v -19.463 14.056 32.000
v -18.000 13.900 32.000
v -16.537 14.056 32.000
v -15.130 14.517 32.000
v -13.833 15.265 32.000
v -12.697 16.272 32.000
v -11.764 17.500 32.000
v -11.071 18.900 32.000
v -10.644 20.420 32.000
v -10.500 22.000 32.000
v -10.644 23.580 32.000
v -11.071 25.100 32.000
v -11.764 26.500 32.000
v -12.697 27.728 32.000
v -13.833 28.735 32.000
v -15.130 29.483 32.000
v -16.537 29.944 32.000
v -18.000 30.100 32.000
v -19.463 29.944 32.000
v -20.870 29.483 32.000
v -22.167 28.735 32.000
v -23.303 27.728 32.000
v -24.236 26.500 32.000
v -24.929 25.100 32.000
v -25.356 23.580 32.000
v -25.500 22.000 32.000
v -25.408 22.000 30.858
v -25.265 20.439 30.858
v -24.844 18.938 30.858
v -24.159 17.555 30.858
v -23.238 16.343 30.858
v -22.115 15.348 30.858
v -20.835 14.609 30.858
v -19.445 14.153 30.858
v -18.000 14.000 30.858
v -16.555 14.153 30.858
v -15.165 14.609 30.858
v -13.885 15.348 30.858
v -12.762 16.343 30.858
v -11.841 17.555 30.858
v -11.156 18.938 30.858
v -10.735 20.439 30.858
v -10.592 22.000 30.858
v -10.735 23.561 30.858
v -11.156 25.062 30.858
v -11.841 26.445 30.858
v -12.762 27.657 30.858
v -13.885 28.652 30.858
v -15.165 29.391 30.858
v -16.555 29.847 30.858
v -18.000 30.000 30.858
v -19.445 29.847 30.858
v -20.835 29.391 30.858
v -22.115 28.652 30.858
v -23.238 27.657 30.858
v -24.159 26.445 30.858
v -24.844 25.062 30.858
v -25.265 23.561 30.858
v -25.408 22.000 30.858
v -25.133 22.000 29.744
v -24.996 20.497 29.744
v -24.590 19.052 29.744
v -23.931 17.720 29.744
v -23.044 16.553 29.744
v -21.963 15.595 29.744
v -20.730 14.883 29.744
v -19.392 14.444 29.744
v -18.000 14.296 29.744
v -16.608 14.444 29.744
v -15.270 14.883 29.744
v -14.037 15.595 29.744
v -12.956 16.553 29.744
v -12.069 17.720 29.744
v -11.410 19.052 29.744
v -11.004 20.497 29.744
v -10.867 22.000 29.744
v -11.004 23.503 29.744
v -11.410 24.948 29.744
v -12.069 26.280 29.744
v -12.956 27.447 29.744
v -14.037 28.405 29.744
v -15.270 29.117 29.744
v -16.608 29.556 29.744
v -18.000 29.704 29.744
v -19.392 29.556 29.744
v -20.730 29.117 29.744
v -21.963 28.405 29.744
v -23.044 27.447 29.744
v -23.931 26.280 29.744
v -24.590 24.948 29.744
v -24.996 23.503 29.744
v -25.133 22.000 29.744
v -24.683 22.000 28.686
v -24.554 20.592 28.686
v -24.174 19.238 28.686
v -23.556 17.990 28.686
v -22.725 16.897 28.686
v -21.713 15.999 28.686
v -20.557 15.332 28.686
v -19.304 14.922 28.686
v -18.000 14.783 28.686
v -16.696 14.922 28.686
v -15.443 15.332 28.686
v -14.287 15.999 28.686
v -13.275 16.897 28.686
v -12.444 17.990 28.686
v -11.826 19.238 28.686
v -11.446 20.592 28.686
v -11.317 22.000 28.686
v -11.446 23.408 28.686
v -11.826 24.762 28.686
v -12.444 26.010 28.686
v -13.275 27.103 28.686
v -14.287 28.001 28.686
v -15.443 28.668 28.686
v -16.696 29.078 28.686
v -18.000 29.217 28.686
v -19.304 29.078 28.686
v -20.557 28.668 28.686
v -21.713 28.001 28.686
v -22.725 27.103 28.686
v -23.556 26.010 28.686
v -24.174 24.762 28.686
v -24.554 23.408 28.686
v -24.683 22.000 28.686
v -24.068 22.000 27.709
v -23.951 20.722 27.709
v -23.606 19.492 27.709
v -23.045 18.359 27.709
v -22.290 17.366 27.709
v -21.371 16.551 27.709
v -20.322 15.946 27.709
v -19.184 15.573 27.709
v -18.000 15.447 27.709
v -16.816 15.573 27.709
v -15.678 15.946 27.709
v -14.629 16.551 27.709
v -13.710 17.366 27.709
v -12.955 18.359 27.709
v -12.394 19.492 27.709
v -12.049 20.722 27.709
v -11.932 22.000 27.709
v -12.049 23.278 27.709
v -12.394 24.508 27.709
v -12.955 25.641 27.709
v -13.710 26.634 27.709
v -14.629 27.449 27.709
v -15.678 28.054 27.709
v -16.816 28.427 27.709
v -18.000 28.553 27.709
v -19.184 28.427 27.709
v -20.322 28.054 27.709
v -21.371 27.449 27.709
v -22.290 26.634 27.709
v -23.045 25.641 27.709
v -23.606 24.508 27.709
v -23.951 23.278 27.709
v -24.068 22.000 27.709
v -23.303 22.000 26.838
v -23.201 20.883 26.838
v -22.900 19.808 26.838
v -22.410 18.818 26.838
v -21.750 17.950 26.838
v -20.946 17.238 26.838
v -20.029 16.708 26.838
v -19.035 16.382 26.838
v -18.000 16.272 26.838
v -16.965 16.382 26.838
v -15.971 16.708 26.838
v -15.054 17.238 26.838
v -14.250 17.950 26.838
v -13.590 18.818 26.838
v -13.100 19.808 26.838
v -12.799 20.883 26.838
v -12.697 22.000 26.838
v -12.799 23.117 26.838
v -13.100 24.192 26.838
v -13.590 25.182 26.838
v -14.250 26.050 26.838
v -15.054 26.762 26.838
v -15.971 27.292 26.838
v -16.965 27.618 26.838
v -18.000 27.728 26.838
v -19.035 27.618 26.838
v -20.029 27.292 26.838
v -20.946 26.762 26.838
v -21.750 26.050 26.838
v -22.410 25.182 26.838
v -22.900 24.192 26.838
v -23.201 23.117 26.838
v -23.303 22.000 26.838
v -22.408 22.000 26.094
v -22.324 21.071 26.094
v -22.073 20.178 26.094
v -21.665 19.355 26.094
v -21.117 18.633 26.094
v -20.449 18.041 26.094
v -19.687 17.601 26.094
v -18.860 17.330 26.094
v -18.000 17.239 26.094
v -17.140 17.330 26.094
v -16.313 17.601 26.094
v -15.551 18.041 26.094
v -14.883 18.633 26.094
v -14.335 19.355 26.094
v -13.927 20.178 26.094
v -13.676 21.071 26.094
v -13.592 22.000 26.094
v -13.676 22.929 26.094
v -13.927 23.822 26.094
v -14.335 24.645 26.094
v -14.883 25.367 26.094
v -15.551 25.959 26.094
v -16.313 26.399 26.094
v -17.140 26.670 26.094
v -18.000 26.761 26.094
v -18.860 26.670 26.094
v -19.687 26.399 26.094
v -20.449 25.959 26.094
v -21.117 25.367 26.094
v -21.665 24.645 26.094
v -22.073 23.822 26.094
v -22.324 22.929 26.094
v -22.408 22.000 26.094
v -21.405 22.000 25.496
v -21.340 21.283 25.496
v -21.146 20.593 25.496
v -20.831 19.957 25.496
v -20.408 19.400 25.496
v -19.892 18.942 25.496
v -19.303 18.603 25.496
v -18.664 18.393 25.496
v -18.000 18.323 25.496
v -17.336 18.393 25.496
v -16.697 18.603 25.496
v -16.108 18.942 25.496
v -15.592 19.400 25.496
v -15.169 19.957 25.496
v -14.854 20.593 25.496
v -14.660 21.283 25.496
v -14.595 22.000 25.496
v -14.660 22.717 25.496
v -14.854 23.407 25.496
v -15.169 24.043 25.496
v -15.592 24.600 25.496
v -16.108 25.058 25.496
v -16.697 25.397 25.496
v -17.336 25.607 25.496
v -18.000 25.677 25.496
v -18.664 25.607 25.496
v -19.303 25.397 25.496
v -19.892 25.058 25.496
v -20.408 24.600 25.496
v -20.831 24.043 25.496
v -21.146 23.407 25.496
v -21.340 22.717 25.496
v -21.405 22.000 25.496
v -20.318 22.000 25.057
v -20.273 21.512 25.057
v -20.141 21.042 25.057
v -19.927 20.609 25.057
v -19.639 20.230 25.057
v -19.288 19.919 25.057
v -18.887 19.687 25.057
v -18.452 19.545 25.057
v -18.000 19.497 25.057
v -17.548 19.545 25.057
v -17.113 19.687 25.057
v -16.712 19.919 25.057
v -16.361 20.230 25.057
v -16.073 20.609 25.057
v -15.859 21.042 25.057
v -15.727 21.512 25.057
v -15.682 22.000 25.057
v -15.727 22.488 25.057
v -15.859 22.958 25.057
v -16.073 23.391 25.057
v -16.361 23.770 25.057
v -16.712 24.081 25.057
v -17.113 24.313 25.057
v -17.548 24.455 25.057
v -18.000 24.503 25.057
v -18.452 24.455 25.057
v -18.887 24.313 25.057
v -19.288 24.081 25.057
v -19.639 23.770 25.057
v -19.927 23.391 25.057
v -20.141 22.958 25.057
v -20.273 22.488 25.057
v -20.318 22.000 25.057
v -19.173 22.000 24.790
v -19.151 21.753 24.790
v -19.084 21.515 24.790
v -18.976 21.296 24.790
v -18.830 21.104 24.790
v -18.652 20.946 24.790
v -18.449 20.829 24.790
v -18.229 20.757 24.790
v -18.000 20.733 24.790
v -17.771 20.757 24.790
v -17.551 20.829 24.790
v -17.348 20.946 24.790
v -17.170 21.104 24.790
v -17.024 21.296 24.790
v -16.916 21.515 24.790
v -16.849 21.753 24.790
v -16.827 22.000 24.790
v -16.849 22.247 24.790
v -16.916 22.485 24.790
v -17.024 22.704 24.790
v -17.170 22.896 24.790
v -17.348 23.054 24.790
v -17.551 23.171 24.790
v -17.771 23.243 24.790
v -18.000 23.267 24.790
v -18.229 23.243 24.790
v -18.449 23.171 24.790
v -18.652 23.054 24.790
v -18.830 22.896 24.790
v -18.976 22.704 24.790
v -19.084 22.485 24.790
v -19.151 22.247 24.790
v -19.173 22.000 24.790
v -18.000 22.000 24.700
v -18.000 22.000 24.700
v -18.000 22.000 24.700
v -18.000 22.000 24.700
v -18.000 22.000 24.700
v -18.000 22.000 24.700
v -18.000 22.000 24.700
v -18.000 22.000 24.700
v -18.000 22.000 24.700
v -18.000 22.000 24.700
v -18.000 22.000 24.700
v -18.000 22.000 24.700
v -18.000 22.000 24.700
v -18.000 22.000 24.700
v -18.000 22.000 24.700
v -18.000 22.000 24.700
v -18.000 22.000 24.700
v -18.000 22.000 24.700
v -18.000 22.000 24.700
v -18.000 22.000 24.700
v -18.000 22.000 24.700
v -18.000 22.000 24.700
v -18.000 22.000 24.700
v -18.000 22.000 24.700
v -18.000 22.000 24.700
v -18.000 22.000 24.700
v -18.000 22.000 24.700
v -18.000 22.000 24.700
v -18.000 22.000 24.700
v -18.000 22.000 24.700
v -18.000 22.000 24.700
v -18.000 22.000 24.700
v -18.000 22.000 24.700
vt 0.01563 1.00000
vt 0.04688 1.00000
vt 0.07813 1.00000
vt 0.10938 1.00000
vt 0.14063 1.00000
vt 0.17188 1.00000
vt 0.20313 1.00000
vt 0.23438 1.00000
vt 0.26563 1.00000
vt 0.29688 1.00000
vt 0.32813 1.00000
vt 0.35938 1.00000
vt 0.39063 1.00000
vt 0.42188 1.00000
vt 0.45313 1.00000
vt 0.48438 1.00000
vt 0.51563 1.00000
vt 0.54688 1.00000
vt 0.57813 1.00000
vt 0.60938 1.00000
vt 0.64063 1.00000
vt 0.67188 1.00000
vt 0.70313 1.00000
vt 0.73438 1.00000
vt 0.76563 1.00000
vt 0.79688 1.00000
vt 0.82813 1.00000
vt 0.85938 1.00000
vt 0.89063 1.00000
vt 0.92188 1.00000
vt 0.95313 1.00000
vt 0.98438 1.00000
vt 1.01563 1.00000
vt 0.00000 0.95000
vt 0.03125 0.95000
vt 0.06250 0.95000
vt 0.09375 0.95000
vt 0.12500 0.95000
vt 0.15625 0.95000
vt 0.18750 0.95000
vt 0.21875 0.95000
vt 0.25000 0.95000
vt 0.28125 0.95000
vt 0.31250 0.95000
vt 0.34375 0.95000
vt 0.37500 0.95000
vt 0.40625 0.95000
vt 0.43750 0.95000
vt 0.46875 0.95000
vt 0.50000 0.95000
vt 0.53125 0.95000
vt 0.56250 0.95000
vt 0.59375 0.95000
vt 0.62500 0.95000
vt 0.65625 0.95000
vt 0.68750 0.95000
vt 0.71875 0.95000
vt 0.75000 0.95000
vt 0.78125 0.95000
vt 0.81250 0.95000
vt 0.84375 0.95000
vt 0.87500 0.95000
vt 0.90625 0.95000
vt 0.93750 0.95000
vt 0.96875 0.95000
vt 1.00000 0.95000
vt 0.00000 0.90000
vt 0.03125 0.90000
vt 0.06250 0.90000
vt 0.09375 0.90000
vt 0.12500 0.90000
vt 0.15625 0.90000
vt 0.18750 0.90000
vt 0.21875 0.90000
vt 0.25000 0.90000
vt 0.28125 0.90000
vt 0.31250 0.90000
vt 0.34375 0.90000
vt 0.37500 0.90000
vt 0.40625 0.90000
vt 0.43750 0.90000
vt 0.46875 0.90000
vt 0.50000 0.90000
vt 0.53125 0.90000
vt 0.56250 0.90000
vt 0.59375 0.90000
vt 0.62500 0.90000
vt 0.65625 0.90000
vt 0.68750 0.90000
vt 0.71875 0.90000
vt 0.75000 0.90000
vt 0.78125 0.90000
vt 0.81250 0.90000
vt 0.84375 0.90000
vt 0.87500 0.90000
vt 0.90625 0.90000
vt 0.93750 0.90000
vt 0.96875 0.90000
vt 1.00000 0.90000
vt 0.00000 0.85000
vt 0.03125 0.85000
vt 0.06250 0.85000
vt 0.09375 0.85000
vt 0.12500 0.85000
vt 0.15625 0.85000
vt 0.18750 0.85000
vt 0.21875 0.85000
vt 0.25000 0.85000
vt 0.28125 0.85000
vt 0.31250 0.85000
vt 0.34375 0.85000
vt 0.37500 0.85000
vt 0.40625 0.85000
vt 0.43750 0.85000
vt 0.46875 0.85000
vt 0.50000 0.85000
vt 0.53125 0.85000
vt 0.56250 0.85000
vt 0.59375 0.85000
vt 0.62500 0.85000
vt 0.65625 0.85000
vt 0.68750 0.85000
vt 0.71875 0.85000
vt 0.75000 0.85000
vt 0.78125 0.85000
vt 0.81250 0.85000
vt 0.84375 0.85000
vt 0.87500 0.85000
vt 0.90625 0.85000
vt 0.93750 0.85000
vt 0.96875 0.85000
vt 1.00000 0.85000
vt 0.00000 0.80000
vt 0.03125 0.80000
vt 0.06250 0.80000
vt 0.09375 0.80000
vt 0.12500 0.80000
vt 0.15625 0.80000
vt 0.18750 0.80000
vt 0.21875 0.80000
vt 0.25000 0.80000
vt 0.28125 0.80000
vt 0.31250 0.80000
vt 0.34375 0.80000
vt 0.37500 0.80000
vt 0.40625 0.80000
vt 0.43750 0.80000
vt 0.46875 0.80000
vt 0.50000 0.80000
vt 0.53125 0.80000
vt 0.56250 0.80000
vt 0.59375 0.80000
vt 0.62500 0.80000
vt 0.65625 0.80000
vt 0.68750 0.80000
vt 0.71875 0.80000
vt 0.75000 0.80000
vt 0.78125 0.80000
vt 0.81250 0.80000
vt 0.84375 0.80000
vt 0.87500 0.80000
vt 0.90625 0.80000
vt 0.93750 0.80000
vt 0.96875 0.80000
vt 1.00000 0.80000
vt 0.00000 0.75000
vt 0.03125 0.75000
vt 0.06250 0.75000
vt 0.09375 0.75000
vt 0.12500 0.75000
vt 0.15625 0.75000
vt 0.18750 0.75000
vt 0.21875 0.75000
vt 0.25000 0.75000
vt 0.28125 0.75000
vt 0.31250 0.75000
vt 0.34375 0.75000
vt 0.37500 0.75000
vt 0.40625 0.75000
vt 0.43750 0.75000
vt 0.46875 0.75000
vt 0.50000 0.75000
vt 0.53125 0.75000
vt 0.56250 0.75000
vt 0.59375 0.75000
vt 0.62500 0.75000
vt 0.65625 0.75000
vt 0.68750 0.75000
vt 0.71875 0.75000
vt 0.75000 0.75000
vt 0.78125 0.75000
vt 0.81250 0.75000
vt 0.84375 0.75000
vt 0.87500 0.75000
vt 0.90625 0.75000
vt 0.93750 0.75000
vt 0.96875 0.75000
vt 1.00000 0.75000
vt 0.00000 0.70000
vt 0.03125 0.70000
vt 0.06250 0.70000
vt 0.09375 0.70000
vt 0.12500 0.70000
vt 0.15625 0.70000
vt 0.18750 0.70000
vt 0.21875 0.70000
vt 0.25000 0.70000
vt 0.28125 0.70000
vt 0.31250 0.70000
vt 0.34375 0.70000
vt 0.37500 0.70000
vt 0.40625 0.70000
vt 0.43750 0.70000
vt 0.46875 0.70000
vt 0.50000 0.70000
vt 0.53125 0.70000
vt 0.56250 0.70000
vt 0.59375 0.70000
vt 0.62500 0.70000
vt 0.65625 0.70000
vt 0.68750 0.70000
vt 0.71875 0.70000
vt 0.75000 0.70000
vt 0.78125 0.70000
vt 0.81250 0.70000
vt 0.84375 0.70000
vt 0.87500 0.70000
vt 0.90625 0.70000
vt 0.93750 0.70000
vt 0.96875 0.70000
vt 1.00000 0.70000
vt 0.00000 0.65000
vt 0.03125 0.65000
vt 0.06250 0.65000
vt 0.09375 0.65000
vt 0.12500 0.65000
vt 0.15625 0.65000
vt 0.18750 0.65000
vt 0.21875 0.65000
vt 0.25000 0.65000
vt 0.28125 0.65000
vt 0.31250 0.65000
vt 0.34375 0.65000
vt 0.37500 0.65000
vt 0.40625 0.65000
vt 0.43750 0.65000
vt 0.46875 0.65000
vt 0.50000 0.65000
vt 0.53125 0.65000
vt 0.56250 0.65000
vt 0.59375 0.65000
vt 0.62500 0.65000
vt 0.65625 0.65000
vt 0.68750 0.65000
vt 0.71875 0.65000
vt 0.75000 0.65000
vt 0.78125 0.65000
vt 0.81250 0.65000
vt 0.84375 0.65000
vt 0.87500 0.65000
vt 0.90625 0.65000
vt 0.93750 0.65000
vt 0.96875 0.65000
vt 1.00000 0.65000
vt 0.00000 0.60000
vt 0.03125 0.60000
vt 0.06250 0.60000
vt 0.09375 0.60000
vt 0.12500 0.60000
vt 0.15625 0.60000
vt 0.18750 0.60000
vt 0.21875 0.60000
vt 0.25000 0.60000
vt 0.28125 0.60000
vt 0.31250 0.60000
vt 0.34375 0.60000
vt 0.37500 0.60000
vt 0.40625 0.60000
vt 0.43750 0.60000
vt 0.46875 0.60000
vt 0.50000 0.60000
vt 0.53125 0.60000
vt 0.56250 0.60000
vt 0.59375 0.60000
vt 0.62500 0.60000
vt 0.65625 0.60000
vt 0.68750 0.60000
vt 0.71875 0.60000
vt 0.75000 0.60000
vt 0.78125 0.60000
vt 0.81250 0.60000
vt 0.84375 0.60000
vt 0.87500 0.60000
vt 0.90625 0.60000
vt 0.93750 0.60000
vt 0.96875 0.60000
vt 1.00000 0.60000
vt 0.00000 0.55000
vt 0.03125 0.55000
vt 0.06250 0.55000
vt 0.09375 0.55000
vt 0.12500 0.55000
vt 0.15625 0.55000
vt 0.18750 0.55000
vt 0.21875 0.55000
vt 0.25000 0.55000
vt 0.28125 0.55000
vt 0.31250 0.55000
vt 0.34375 0.55000
vt 0.37500 0.55000
vt 0.40625 0.55000
vt 0.43750 0.55000
vt 0.46875 0.55000
vt 0.50000 0.55000
vt 0.53125 0.55000
vt 0.56250 0.55000
vt 0.59375 0.55000
vt 0.62500 0.55000
vt 0.65625 0.55000
vt 0.68750 0.55000
vt 0.71875 0.55000
vt 0.75000 0.55000
vt 0.78125 0.55000
vt 0.81250 0.55000
vt 0.84375 0.55000
vt 0.87500 0.55000
vt 0.90625 0.55000
vt 0.93750 0.55000
vt 0.96875 0.55000
vt 1.00000 0.55000
vt 0.00000 0.50000
vt 0.03125 0.50000
vt 0.06250 0.50000
vt 0.09375 0.50000
vt 0.12500 0.50000
vt 0.15625 0.50000
vt 0.18750 0.50000
vt 0.21875 0.50000
vt 0.25000 0.50000
vt 0.28125 0.50000
vt 0.31250 0.50000
vt 0.34375 0.50000
vt 0.37500 0.50000
vt 0.40625 0.50000
vt 0.43750 0.50000
vt 0.46875 0.50000
vt 0.50000 0.50000
vt 0.53125 0.50000
vt 0.56250 0.50000
vt 0.59375 0.50000
vt 0.62500 0.50000
vt 0.65625 0.50000
vt 0.68750 0.50000
vt 0.71875 0.50000
vt 0.75000 0.50000
vt 0.78125 0.50000
vt 0.81250 0.50000
vt 0.84375 0.50000
vt 0.87500 0.50000
vt 0.90625 0.50000
vt 0.93750 0.50000
vt 0.96875 0.50000
vt 1.00000 0.50000
vt 0.00000 0.45000
vt 0.03125 0.45000
vt 0.06250 0.45000
vt 0.09375 0.45000
vt 0.12500 0.45000
vt 0.15625 0.45000
vt 0.18750 0.45000
vt 0.21875 0.45000
vt 0.25000 0.45000
vt 0.28125 0.45000
vt 0.31250 0.45000
vt 0.34375 0.45000
vt 0.37500 0.45000
vt 0.40625 0.45000
vt 0.43750 0.45000
vt 0.46875 0.45000
vt 0.50000 0.45000
vt 0.53125 0.45000
vt 0.56250 0.45000
vt 0.59375 0.45000
vt 0.62500 0.45000
vt 0.65625 0.45000
vt 0.68750 0.45000
vt 0.71875 0.45000
vt 0.75000 0.45000
vt 0.78125 0.45000
vt 0.81250 0.45000
vt 0.84375 0.45000
vt 0.87500 0.45000
vt 0.90625 0.45000
vt 0.93750 0.45000
vt 0.96875 0.45000
vt 1.00000 0.45000
vt 0.00000 0.40000
vt 0.03125 0.40000
vt 0.06250 0.40000
vt 0.09375 0.40000
vt 0.12500 0.40000
vt 0.15625 0.40000
vt 0.18750 0.40000
vt 0.21875 0.40000
vt 0.25000 0.40000
vt 0.28125 0.40000
vt 0.31250 0.40000
vt 0.34375 0.40000
vt 0.37500 0.40000
vt 0.40625 0.40000
vt 0.43750 0.40000
vt 0.46875 0.40000
vt 0.50000 0.40000
vt 0.53125 0.40000
vt 0.56250 0.40000
vt 0.59375 0.40000
vt 0.62500 0.40000
vt 0.65625 0.40000
vt 0.68750 0.40000
vt 0.71875 0.40000
vt 0.75000 0.40000
vt 0.78125 0.40000
vt 0.81250 0.40000
vt 0.84375 0.40000
vt 0.87500 0.40000
vt 0.90625 0.40000
vt 0.93750 0.40000
vt 0.96875 0.40000
vt 1.00000 0.40000
vt 0.00000 0.35000
vt 0.03125 0.35000
vt 0.06250 0.35000
vt 0.09375 0.35000
vt 0.12500 0.35000
vt 0.15625 0.35000
vt 0.18750 0.35000
vt 0.21875 0.35000
vt 0.25000 0.35000
vt 0.28125 0.35000
vt 0.31250 0.35000
vt 0.34375 0.35000
vt 0.37500 0.35000
vt 0.40625 0.35000
vt 0.43750 0.35000
vt 0.46875 0.35000
vt 0.50000 0.35000
vt 0.53125 0.35000
vt 0.56250 0.35000
vt 0.59375 0.35000
vt 0.62500 0.35000
vt 0.65625 0.35000
vt 0.68750 0.35000
vt 0.71875 0.35000
vt 0.75000 0.35000
vt 0.78125 0.35000
vt 0.81250 0.35000
vt 0.84375 0.35000
vt 0.87500 0.35000
vt 0.90625 0.35000
vt 0.93750 0.35000
vt 0.96875 0.35000
vt 1.00000 0.35000
vt 0.00000 0.30000
vt 0.03125 0.30000
vt 0.06250 0.30000
vt 0.09375 0.30000
vt 0.12500 0.30000
vt 0.15625 0.30000
vt 0.18750 0.30000
vt 0.21875 0.30000
vt 0.25000 0.30000
vt 0.28125 0.30000
vt 0.31250 0.30000
vt 0.34375 0.30000
vt 0.37500 0.30000
vt 0.40625 0.30000
vt 0.43750 0.30000
vt 0.46875 0.30000
vt 0.50000 0.30000
vt 0.53125 0.30000
vt 0.56250 0.30000
vt 0.59375 0.30000
vt 0.62500 0.30000
vt 0.65625 0.30000
vt 0.68750 0.30000
vt 0.71875 0.30000
vt 0.75000 0.30000
vt 0.78125 0.30000
vt 0.81250 0.30000
vt 0.84375 0.30000
vt 0.87500 0.30000
vt 0.90625 0.30000
vt 0.93750 0.30000
vt 0.96875 0.30000
vt 1.00000 0.30000
vt 0.00000 0.25000
vt 0.03125 0.25000
vt 0.06250 0.25000
vt 0.09375 0.25000
vt 0.12500 0.25000
vt 0.15625 0.25000
vt 0.18750 0.25000
vt 0.21875 0.25000
vt 0.25000 0.25000
vt 0.28125 0.25000
vt 0.31250 0.25000
vt 0.34375 0.25000
vt 0.37500 0.25000
vt 0.40625 0.25000
vt 0.43750 0.25000
vt 0.46875 0.25000
vt 0.50000 0.25000
vt 0.53125 0.25000
vt 0.56250 0.25000
vt 0.59375 0.25000
vt 0.62500 0.25000
vt 0.65625 0.25000
vt 0.68750 0.25000
vt 0.71875 0.25000
vt 0.75000 0.25000
vt 0.78125 0.25000
vt 0.81250 0.25000
vt 0.84375 0.25000
vt 0.87500 0.25000
vt 0.90625 0.25000
vt 0.93750 0.25000
vt 0.96875 0.25000
vt 1.00000 0.25000
vt 0.00000 0.20000
vt 0.03125 0.20000
vt 0.06250 0.20000
vt 0.09375 0.20000
vt 0.12500 0.20000
vt 0.15625 0.20000
vt 0.18750 0.20000
vt 0.21875 0.20000
vt 0.25000 0.20000
vt 0.28125 0.20000
vt 0.31250 0.20000
vt 0.34375 0.20000
vt 0.37500 0.20000
vt 0.40625 0.20000
vt 0.43750 0.20000
vt 0.46875 0.20000
vt 0.50000 0.20000
vt 0.53125 0.20000
vt 0.56250 0.20000
vt 0.59375 0.20000
vt 0.62500 0.20000
vt 0.65625 0.20000
vt 0.68750 0.20000
vt 0.71875 0.20000
vt 0.75000 0.20000
vt 0.78125 0.20000
vt 0.81250 0.20000
vt 0.84375 0.20000
vt 0.87500 0.20000
vt 0.90625 0.20000
vt 0.93750 0.20000
vt 0.96875 0.20000
vt 1.00000 0.20000
vt 0.00000 0.15000
vt 0.03125 0.15000
vt 0.06250 0.15000
vt 0.09375 0.15000
vt 0.12500 0.15000
vt 0.15625 0.15000
vt 0.18750 0.15000
vt 0.21875 0.15000
vt 0.25000 0.15000
vt 0.28125 0.15000
vt 0.31250 0.15000
vt 0.34375 0.15000
vt 0.37500 0.15000
vt 0.40625 0.15000
vt 0.43750 0.15000
vt 0.46875 0.15000
vt 0.50000 0.15000
vt 0.53125 0.15000
vt 0.56250 0.15000
vt 0.59375 0.15000
vt 0.62500 0.15000
vt 0.65625 0.15000
vt 0.68750 0.15000
vt 0.71875 0.15000
vt 0.75000 0.15000
vt 0.78125 0.15000
vt 0.81250 0.15000
vt 0.84375 0.15000
vt 0.87500 0.15000
vt 0.90625 0.15000
vt 0.93750 0.15000
vt 0.96875 0.15000
vt 1.00000 0.15000
vt 0.00000 0.10000
vt 0.03125 0.10000
vt 0.06250 0.10000
vt 0.09375 0.10000
vt 0.12500 0.10000
vt 0.15625 0.10000
vt 0.18750 0.10000
vt 0.21875 0.10000
vt 0.25000 0.10000
vt 0.28125 0.10000
vt 0.31250 0.10000
vt 0.34375 0.10000
vt 0.37500 0.10000
vt 0.40625 0.10000
vt 0.43750 0.10000
vt 0.46875 0.10000
vt 0.50000 0.10000
vt 0.53125 0.10000
vt 0.56250 0.10000
vt 0.59375 0.10000
vt 0.62500 0.10000
vt 0.65625 0.10000
vt 0.68750 0.10000
vt 0.71875 0.10000
vt 0.75000 0.10000
vt 0.78125 0.10000
vt 0.81250 0.10000
vt 0.84375 0.10000
vt 0.87500 0.10000
vt 0.90625 0.10000
vt 0.93750 0.10000
vt 0.96875 0.10000
vt 1.00000 0.10000
vt 0.00000 0.05000
vt 0.03125 0.05000
vt 0.06250 0.05000
vt 0.09375 0.05000
vt 0.12500 0.05000
vt 0.15625 0.05000
vt 0.18750 0.05000
vt 0.21875 0.05000
vt 0.25000 0.05000
vt 0.28125 0.05000
vt 0.31250 0.05000
vt 0.34375 0.05000
vt 0.37500 0.05000
vt 0.40625 0.05000
vt 0.43750 0.05000
vt 0.46875 0.05000
vt 0.50000 0.05000
vt 0.53125 0.05000
vt 0.56250 0.05000
vt 0.59375 0.05000
vt 0.62500 0.05000
vt 0.65625 0.05000
vt 0.68750 0.05000
vt 0.71875 0.05000
vt 0.75000 0.05000
vt 0.78125 0.05000
vt 0.81250 0.05000
vt 0.84375 0.05000
vt 0.87500 0.05000
vt 0.90625 0.05000
vt 0.93750 0.05000
vt 0.96875 0.05000
vt 1.00000 0.05000
vt -0.01563 0.00000
vt 0.01563 0.00000
vt 0.04688 0.00000
vt 0.07813 0.00000
vt 0.10938 0.00000
vt 0.14063 0.00000
vt 0.17188 0.00000
vt 0.20313 0.00000
vt 0.23438 0.00000
vt 0.26563 0.00000
vt 0.29688 0.00000
vt 0.32813 0.00000
vt 0.35938 0.00000
vt 0.39063 0.00000
vt 0.42188 0.00000
vt 0.45313 0.00000
vt 0.48438 0.00000
vt 0.51563 0.00000
vt 0.54688 0.00000
vt 0.57813 0.00000
vt 0.60938 0.00000
vt 0.64063 0.00000
vt 0.67188 0.00000
vt 0.70313 0.00000
vt 0.73438 0.00000
vt 0.76563 0.00000
vt 0.79688 0.00000
vt 0.82813 0.00000
vt 0.85938 0.00000
vt 0.89063 0.00000
vt 0.92188 0.00000
vt 0.95313 0.00000
vt 0.98438 0.00000
f 2545/2545 2578/2578 2579/2579
f 2546/2546 2579/2579 2580/2580
f 2547/2547 2580/2580 2581/2581
f 2548/2548 2581/2581 2582/2582
f 2549/2549 2582/2582 2583/2583
f 2550/2550 2583/2583 2584/2584
f 2551/2551 2584/2584 2585/2585
f 2552/2552 2585/2585 2586/2586
f 2553/2553 2586/2586 2587/2587
f 2554/2554 2587/2587 2588/2588
f 2555/2555 2588/2588 2589/2589
f 2556/2556 2589/2589 2590/2590
f 2557/2557 2590/2590 2591/2591
f 2558/2558 2591/2591 2592/2592
f 2559/2559 2592/2592 2593/2593
f 2560/2560 2593/2593 2594/2594
f 2561/2561 2594/2594 2595/2595
f 2562/2562 2595/2595 2596/2596
f 2563/2563 2596/2596 2597/2597
f 2564/2564 2597/2597 2598/2598
f 2565/2565 2598/2598 2599/2599
f 2566/2566 2599/2599 2600/2600
f 2567/2567 2600/2600 2601/2601
f 2568/2568 2601/2601 2602/2602
f 2569/2569 2602/2602 2603/2603
f 2570/2570 2603/2603 2604/2604
f 2571/2571 2604/2604 2605/2605
f 2572/2572 2605/2605 2606/2606
f 2573/2573 2606/2606 2607/2607
f 2574/2574 2607/2607 2608/2608
f 2575/2575 2608/2608 2609/2609
f 2576/2576 2609/2609 2610/2610
f 2579/2579 2578/2578 2612/2612
f 2578/2578 2611/2611 2612/2612
f 2580/2580 2579/2579 2613/2613
f 2579/2579 2612/2612 2613/2613
f 2581/2581 2580/2580 2614/2614
f 2580/2580 2613/2613 2614/2614
f 2582/2582 2581/2581 2615/2615
f 2581/2581 2614/2614 2615/2615
f 2583/2583 2582/2582 2616/2616
f 2582/2582 2615/2615 2616/2616
f 2584/2584 2583/2583 2617/2617
f 2583/2583 2616/2616 2617/2617
f 2585/2585 2584/2584 2618/2618
f 2584/2584 2617/2617 2618/2618
f 2586/2586 2585/2585 2619/2619
f 2585/2585 2618/2618 2619/2619
f 2587/2587 2586/2586 2620/2620
f 2586/2586 2619/2619 2620/2620
f 2588/2588 2587/2587 2621/2621
f 2587/2587 2620/2620 2621/2621
f 2589/2589 2588/2588 2622/2622
f 2588/2588 2621/2621 2622/2622
f 2590/2590 2589/2589 2623/2623
f 2589/2589 2622/2622 2623/2623
f 2591/2591 2590/2590 2624/2624
f 2590/2590 2623/2623 2624/2624
f 2592/2592 2591/2591 2625/2625
f 2591/2591 2624/2624 2625/2625
f 2593/2593 2592/2592 2626/2626
f 2592/2592 2625/2625 2626/2626
f 2594/2594 2593/2593 2627/2627
f 2593/2593 2626/2626 2627/2627
f 2595/2595 2594/2594 2628/2628
f 2594/2594 2627/2627 2628/2628
f 2596/2596 2595/2595 2629/2629
f 2595/2595 2628/2628 2629/2629
f 2597/2597 2596/2596 2630/2630
f 2596/2596 2629/2629 2630/2630
f 2598/2598 2597/2597 2631/2631
f 2597/2597 2630/2630 2631/2631
f 2599/2599 2598/2598 2632/2632
f 2598/2598 2631/2631 2632/2632
f 2600/2600 2599/2599 2633/2633
f 2599/2599 2632/2632 2633/2633
f 2601/2601 2600/2600 2634/2634
f 2600/2600 2633/2633 2634/2634
f 2602/2602 2601/2601 2635/2635
f 2601/2601 2634/2634 2635/2635
f 2603/2603 2602/2602 2636/2636
f 2602/2602 2635/2635 2636/2636
f 2604/2604 2603/2603 2637/2637
f 2603/2603 2636/2636 2637/2637
f 2605/2605 2604/2604 2638/2638
f 2604/2604 2637/2637 2638/2638
f 2606/2606 2605/2605 2639/2639
f 2605/2605 2638/2638 2639/2639
f 2607/2607 2606/2606 2640/2640
f 2606/2606 2639/2639 2640/2640
f 2608/2608 2607/2607 2641/2641
f 2607/2607 2640/2640 2641/2641
f 2609/2609 2608/2608 2642/2642
f 2608/2608 2641/2641 2642/2642
f 2610/2610 2609/2609 2643/2643
f 2609/2609 2642/2642 2643/2643
f 2612/2612 2611/2611 2645/2645
f 2611/2611 2644/2644 2645/2645
f 2613/2613 2612/2612 2646/2646
f 2612/2612 2645/2645 2646/2646
f 2614/2614 2613/2613 2647/2647
f 2613/2613 2646/2646 2647/2647
f 2615/2615 2614/2614 2648/2648
f 2614/2614 2647/2647 2648/2648
f 2616/2616 2615/2615 2649/2649
f 2615/2615 2648/2648 2649/2649
f 2617/2617 2616/2616 2650/2650
f 2616/2616 2649/2649 2650/2650
f 2618/2618 2617/2617 2651/2651
f 2617/2617 2650/2650 2651/2651
f 2619/2619 2618/2618 2652/2652
f 2618/2618 2651/2651 2652/2652
f 2620/2620 2619/2619 2653/2653
f 2619/2619 2652/2652 2653/2653
f 2621/2621 2620/2620 2654/2654
f 2620/2620 2653/2653 2654/2654
f 2622/2622 2621/2621 2655/2655
f 2621/2621 2654/2654 2655/2655
f 2623/2623 2622/2622 2656/2656
f 2622/2622 2655/2655 2656/2656
f 2624/2624 2623/2623 2657/2657
f 2623/2623 2656/2656 2657/2657
f 2625/2625 2624/2624 2658/2658
f 2624/2624 2657/2657 2658/2658
f 2626/2626 2625/2625 2659/2659
f 2625/2625 2658/2658 2659/2659
f 2627/2627 2626/2626 2660/2660
f 2626/2626 2659/2659 2660/2660
f 2628/2628 2627/2627 2661/2661
f 2627/2627 2660/2660 2661/2661
f 2629/2629 2628/2628 2662/2662
f 2628/2628 2661/2661 2662/2662
f 2630/2630 2629/2629 2663/2663
f 2629/2629 2662/2662 2663/2663
f 2631/2631 2630/2630 2664/2664
f 2630/2630 2663/2663 2664/2664
f 2632/2632 2631/2631 2665/2665
f 2631/2631 2664/2664 2665/2665
f 2633/2633 2632/2632 2666/2666
f 2632/2632 2665/2665 2666/2666
f 2634/2634 2633/2633 2667/2667
f 2633/2633 2666/2666 2667/2667
f 2635/2635 2634/2634 2668/2668
f 2634/2634 2667/2667 2668/2668
f 2636/2636 2635/2635 2669/2669
f 2635/2635 2668/2668 2669/2669
f 2637/2637 2636/2636 2670/2670
f 2636/2636 2669/2669 2670/2670
f 2638/2638 2637/2637 2671/2671
f 2637/2637 2670/2670 2671/2671
f 2639/2639 2638/2638 2672/2672
f 2638/2638 2671/2671 2672/2672
f 2640/2640 2639/2639 2673/2673
f 2639/2639 2672/2672 2673/2673
f 2641/2641 2640/2640 2674/2674
f 2640/2640 2673/2673 2674/2674
f 2642/2642 2641/2641 2675/2675
f 2641/2641 2674/2674 2675/2675
f 2643/2643 2642/2642 2676/2676
f 2642/2642 2675/2675 2676/2676
f 2645/2645 2644/2644 2678/2678
f 2644/2644 2677/2677 2678/2678
f 2646/2646 2645/2645 2679/2679
f 2645/2645 2678/2678 2679/2679
f 2647/2647 2646/2646 2680/2680
f 2646/2646 2679/2679 2680/2680
f 2648/2648 2647/2647 2681/2681
f 2647/2647 2680/2680 2681/2681
f 2649/2649 2648/2648 2682/2682
f 2648/2648 2681/2681 2682/2682
f 2650/2650 2649/2649 2683/2683
f 2649/2649 2682/2682 2683/2683
f 2651/2651 2650/2650 2684/2684
f 2650/2650 2683/2683 2684/2684
f 2652/2652 2651/2651 2685/2685
f 2651/2651 2684/2684 2685/2685
f 2653/2653 2652/2652 2686/2686
f 2652/2652 2685/2685 2686/2686
f 2654/2654 2653/2653 2687/2687
f 2653/2653 2686/2686 2687/2687
f 2655/2655 2654/2654 2688/2688
f 2654/2654 2687/2687 2688/2688
f 2656/2656 2655/2655 2689/2689
f 2655/2655 2688/2688 2689/2689
f 2657/2657 2656/2656 2690/2690
f 2656/2656 2689/2689 2690/2690
f 2658/2658 2657/2657 2691/2691
f 2657/2657 2690/2690 2691/2691
f 2659/2659 2658/2658 2692/2692
f 2658/2658 2691/2691 2692/2692
f 2660/2660 2659/2659 2693/2693
f 2659/2659 2692/2692 2693/2693
f 2661/2661 2660/2660 2694/2694
f 2660/2660 2693/2693 2694/2694
f 2662/2662 2661/2661 2695/2695
f 2661/2661 2694/2694 2695/2695
f 2663/2663 2662/2662 2696/2696
f 2662/2662 2695/2695 2696/2696
f 2664/2664 2663/2663 2697/2697
f 2663/2663 2696/2696 2697/2697
f 2665/2665 2664/2664 2698/2698
f 2664/2664 2697/2697 2698/2698
f 2666/2666 2665/2665 2699/2699
f 2665/2665 2698/2698 2699/2699
f 2667/2667 2666/2666 2700/2700
f 2666/2666 2699/2699 2700/2700
f 2668/2668 2667/2667 2701/2701
f 2667/2667 2700/2700 2701/2701
f 2669/2669 2668/2668 2702/2702
f 2668/2668 2701/2701 2702/2702
f 2670/2670 2669/2669 2703/2703
f 2669/2669 2702/2702 2703/2703
f 2671/2671 2670/2670 2704/2704
f 2670/2670 2703/2703 2704/2704
f 2672/2672 2671/2671 2705/2705
f 2671/2671 2704/2704 2705/2705
f 2673/2673 2672/2672 2706/2706
f 2672/2672 2705/2705 2706/2706
f 2674/2674 2673/2673 2707/2707
f 2673/2673 2706/2706 2707/2707
f 2675/2675 2674/2674 2708/2708
f 2674/2674 2707/2707 2708/2708
f 2676/2676 2675/2675 2709/2709
f 2675/2675 2708/2708 2709/2709
f 2678/2678 2677/2677 2711/2711
f 2677/2677 2710/2710 2711/2711
f 2679/2679 2678/2678 2712/2712
f 2678/2678 2711/2711 2712/2712
f 2680/2680 2679/2679 2713/2713
f 2679/2679 2712/2712 2713/2713
f 2681/2681 2680/2680 2714/2714
f 2680/2680 2713/2713 2714/2714
f 2682/2682 2681/2681 2715/2715
f 2681/2681 2714/2714 2715/2715
f 2683/2683 2682/2682 2716/2716
f 2682/2682 2715/2715 2716/2716
f 2684/2684 2683/2683 2717/2717
f 2683/2683 2716/2716 2717/2717
f 2685/2685 2684/2684 2718/2718
f 2684/2684 2717/2717 2718/2718
f 2686/2686 2685/2685 2719/2719
f 2685/2685 2718/2718 2719/2719
f 2687/2687 2686/2686 2720/2720
f 2686/2686 2719/2719 2720/2720
f 2688/2688 2687/2687 2721/2721
f 2687/2687 2720/2720 2721/2721
f 2689/2689 2688/2688 2722/2722
f 2688/2688 2721/2721 2722/2722
f 2690/2690 2689/2689 2723/2723
f 2689/2689 2722/2722 2723/2723
f 2691/2691 2690/2690 2724/2724
f 2690/2690 2723/2723 2724/2724
f 2692/2692 2691/2691 2725/2725
f 2691/2691 2724/2724 2725/2725
f 2693/2693 2692/2692 2726/2726
f 2692/2692 2725/2725 2726/2726
f 2694/2694 2693/2693 2727/2727
f 2693/2693 2726/2726 2727/2727
f 2695/2695 2694/2694 2728/2728
f 2694/2694 2727/2727 2728/2728
f 2696/2696 2695/2695 2729/2729
f 2695/2695 2728/2728 2729/2729
f 2697/2697 2696/2696 2730/2730
f 2696/2696 2729/2729 2730/2730
f 2698/2698 2697/2697 2731/2731
f 2697/2697 2730/2730 2731/2731
f 2699/2699 2698/2698 2732/2732
f 2698/2698 2731/2731 2732/2732
f 2700/2700 2699/2699 2733/2733
f 2699/2699 2732/2732 2733/2733
f 2701/2701 2700/2700 2734/2734
f 2700/2700 2733/2733 2734/2734
f 2702/2702 2701/2701 2735/2735
f 2701/2701 2734/2734 2735/2735
f 2703/2703 2702/2702 2736/2736
f 2702/2702 2735/2735 2736/2736
f 2704/2704 2703/2703 2737/2737
f 2703/2703 2736/2736 2737/2737
f 2705/2705 2704/2704 2738/2738
f 2704/2704 2737/2737 2738/2738
f 2706/2706 2705/2705 2739/2739
f 2705/2705 2738/2738 2739/2739
f 2707/2707 2706/2706 2740/2740
f 2706/2706 2739/2739 2740/2740
f 2708/2708 2707/2707 2741/2741
f 2707/2707 2740/2740 2741/2741
f 2709/2709 2708/2708 2742/2742
f 2708/2708 2741/2741 2742/2742
f 2711/2711 2710/2710 2744/2744
f 2710/2710 2743/2743 2744/2744
f 2712/2712 2711/2711 2745/2745
f 2711/2711 2744/2744 2745/2745
f 2713/2713 2712/2712 2746/2746
f 2712/2712 2745/2745 2746/2746
f 2714/2714 2713/2713 2747/2747
f 2713/2713 2746/2746 2747/2747
f 2715/2715 2714/2714 2748/2748
f 2714/2714 2747/2747 2748/2748
f 2716/2716 2715/2715 2749/2749
f 2715/2715 2748/2748 2749/2749
f 2717/2717 2716/2716 2750/2750
f 2716/2716 2749/2749 2750/2750
f 2718/2718 2717/2717 2751/2751
f 2717/2717 2750/2750 2751/2751
f 2719/2719 2718/2718 2752/2752
f 2718/2718 2751/2751 2752/2752
f 2720/2720 2719/2719 2753/2753
f 2719/2719 2752/2752 2753/2753
f 2721/2721 2720/2720 2754/2754
f 2720/2720 2753/2753 2754/2754
f 2722/2722 2721/2721 2755/2755
f 2721/2721 2754/2754 2755/2755
f 2723/2723 2722/2722 2756/2756
f 2722/2722 2755/2755 2756/2756
f 2724/2724 2723/2723 2757/2757
f 2723/2723 2756/2756 2757/2757
f 2725/2725 2724/2724 2758/2758
f 2724/2724 2757/2757 2758/2758
f 2726/2726 2725/2725 2759/2759
f 2725/2725 2758/2758 2759/2759
f 2727/2727 2726/2726 2760/2760
f 2726/2726 2759/2759 2760/2760
f 2728/2728 2727/2727 2761/2761
f 2727/2727 2760/2760 2761/2761
f 2729/2729 2728/2728 2762/2762
f 2728/2728 2761/2761 2762/2762
f 2730/2730 2729/2729 2763/2763
f 2729/2729 2762/2762 2763/2763
f 2731/2731 2730/2730 2764/2764
f 2730/2730 2763/2763 2764/2764
f 2732/2732 2731/2731 2765/2765
f 2731/2731 2764/2764 2765/2765
f 2733/2733 2732/2732 2766/2766
f 2732/2732 2765/2765 2766/2766
f 2734/2734 2733/2733 2767/2767
f 2733/2733 2766/2766 2767/2767
f 2735/2735 2734/2734 2768/2768
f 2734/2734 2767/2767 2768/2768
f 2736/2736 2735/2735 2769/2769
f 2735/2735 2768/2768 2769/2769
f 2737/2737 2736/2736 2770/2770
f 2736/2736 2769/2769 2770/2770
f 2738/2738 2737/2737 2771/2771
f 2737/2737 2770/2770 2771/2771
f 2739/2739 2738/2738 2772/2772
f 2738/2738 2771/2771 2772/2772
f 2740/2740 2739/2739 2773/2773
f 2739/2739 2772/2772 2773/2773
f 2741/2741 2740/2740 2774/2774
f 2740/2740 2773/2773 2774/2774
f 2742/2742 2741/2741 2775/2775
f 2741/2741 2774/2774 2775/2775
f 2744/2744 2743/2743 2777/2777
f 2743/2743 2776/2776 2777/2777
f 2745/2745 2744/2744 2778/2778
f 2744/2744 2777/2777 2778/2778
f 2746/2746 2745/2745 2779/2779
f 2745/2745 2778/2778 2779/2779
f 2747/2747 2746/2746 2780/2780
f 2746/2746 2779/2779 2780/2780
f 2748/2748 2747/2747 2781/2781
f 2747/2747 2780/2780 2781/2781
f 2749/2749 2748/2748 2782/2782
f 2748/2748 2781/2781 2782/2782
f 2750/2750 2749/2749 2783/2783
f 2749/2749 2782/2782 2783/2783
f 2751/2751 2750/2750 2784/2784
f 2750/2750 2783/2783 2784/2784
f 2752/2752 2751/2751 2785/2785
f 2751/2751 2784/2784 2785/2785
f 2753/2753 2752/2752 2786/2786
f 2752/2752 2785/2785 2786/2786
f 2754/2754 2753/2753 2787/2787
f 2753/2753 2786/2786 2787/2787
f 2755/2755 2754/2754 2788/2788
f 2754/2754 2787/2787 2788/2788
f 2756/2756 2755/2755 2789/2789
f 2755/2755 2788/2788 2789/2789
f 2757/2757 2756/2756 2790/2790
f 2756/2756 2789/2789 2790/2790
f 2758/2758 2757/2757 2791/2791
f 2757/2757 2790/2790 2791/2791
f 2759/2759 2758/2758 2792/2792
f 2758/2758 2791/2791 2792/2792
f 2760/2760 2759/2759 2793/2793
f 2759/2759 2792/2792 2793/2793
f 2761/2761 2760/2760 2794/2794
f 2760/2760 2793/2793 2794/2794
f 2762/2762 2761/2761 2795/2795
f 2761/2761 2794/2794 2795/2795
f 2763/2763 2762/2762 2796/2796
f 2762/2762 2795/2795 2796/2796
f 2764/2764 2763/2763 2797/2797
f 2763/2763 2796/2796 2797/2797
f 2765/2765 2764/2764 2798/2798
f 2764/2764 2797/2797 2798/2798
f 2766/2766 2765/2765 2799/2799
f 2765/2765 2798/2798 2799/2799
f 2767/2767 2766/2766 2800/2800
f 2766/2766 2799/2799 2800/2800
f 2768/2768 2767/2767 2801/2801
f 2767/2767 2800/2800 2801/2801
f 2769/2769 2768/2768 2802/2802
f 2768/2768 2801/2801 2802/2802
f 2770/2770 2769/2769 2803/2803
f 2769/2769 2802/2802 2803/2803
f 2771/2771 2770/2770 2804/2804
f 2770/2770 2803/2803 2804/2804
f 2772/2772 2771/2771 2805/2805
f 2771/2771 2804/2804 2805/2805
f 2773/2773 2772/2772 2806/2806
f 2772/2772 2805/2805 2806/2806
f 2774/2774 2773/2773 2807/2807
f 2773/2773 2806/2806 2807/2807
f 2775/2775 2774/2774 2808/2808
f 2774/2774 2807/2807 2808/2808
f 2777/2777 2776/2776 2810/2810
f 2776/2776 2809/2809 2810/2810
f 2778/2778 2777/2777 2811/2811
f 2777/2777 2810/2810 2811/2811
f 2779/2779 2778/2778 2812/2812
f 2778/2778 2811/2811 2812/2812
f 2780/2780 2779/2779 2813/2813
f 2779/2779 2812/2812 2813/2813
f 2781/2781 2780/2780 2814/2814
f 2780/2780 2813/2813 2814/2814
f 2782/2782 2781/2781 2815/2815
f 2781/2781 2814/2814 2815/2815
f 2783/2783 2782/2782 2816/2816
f 2782/2782 2815/2815 2816/2816
f 2784/2784 2783/2783 2817/2817
f 2783/2783 2816/2816 2817/2817
f 2785/2785 2784/2784 2818/2818
f 2784/2784 2817/2817 2818/2818
f 2786/2786 2785/2785 2819/2819
f 2785/2785 2818/2818 2819/2819
f 2787/2787 2786/2786 2820/2820
f 2786/2786 2819/2819 2820/2820
f 2788/2788 2787/2787 2821/2821
f 2787/2787 2820/2820 2821/2821
f 2789/2789 2788/2788 2822/2822
f 2788/2788 2821/2821 2822/2822
f 2790/2790 2789/2789 2823/2823
f 2789/2789 2822/2822 2823/2823
f 2791/2791 2790/2790 2824/2824
f 2790/2790 2823/2823 2824/2824
f 2792/2792 2791/2791 2825/2825
f 2791/2791 2824/2824 2825/2825
f 2793/2793 2792/2792 2826/2826
f 2792/2792 2825/2825 2826/2826
f 2794/2794 2793/2793 2827/2827
f 2793/2793 2826/2826 2827/2827
f 2795/2795 2794/2794 2828/2828
f 2794/2794 2827/2827 2828/2828
f 2796/2796 2795/2795 2829/2829
f 2795/2795 2828/2828 2829/2829
f 2797/2797 2796/2796 2830/2830
f 2796/2796 2829/2829 2830/2830
f 2798/2798 2797/2797 2831/2831
f 2797/2797 2830/2830 2831/2831
f 2799/2799 2798/2798 2832/2832
f 2798/2798 2831/2831 2832/2832
f 2800/2800 2799/2799 2833/2833
f 2799/2799 2832/2832 2833/2833
f 2801/2801 2800/2800 2834/2834
f 2800/2800 2833/2833 2834/2834
f 2802/2802 2801/2801 2835/2835
f 2801/2801 2834/2834 2835/2835
f 2803/2803 2802/2802 2836/2836
f 2802/2802 2835/2835 2836/2836
f 2804/2804 2803/2803 2837/2837
f 2803/2803 2836/2836 2837/2837
f 2805/2805 2804/2804 2838/2838
f 2804/2804 2837/2837 2838/2838
f 2806/2806 2805/2805 2839/2839
f 2805/2805 2838/2838 2839/2839
f 2807/2807 2806/2806 2840/2840
f 2806/2806 2839/2839 2840/2840
f 2808/2808 2807/2807 2841/2841
f 2807/2807 2840/2840 2841/2841
f 2810/2810 2809/2809 2843/2843
f 2809/2809 2842/2842 2843/2843
f 2811/2811 2810/2810 2844/2844
f 2810/2810 2843/2843 2844/2844
f 2812/2812 2811/2811 2845/2845
f 2811/2811 2844/2844 2845/2845
f 2813/2813 2812/2812 2846/2846
f 2812/2812 2845/2845 2846/2846
f 2814/2814 2813/2813 2847/2847
f 2813/2813 2846/2846 2847/2847
f 2815/2815 2814/2814 2848/2848
f 2814/2814 2847/2847 2848/2848
f 2816/2816 2815/2815 2849/2849
f 2815/2815 2848/2848 2849/2849
f 2817/2817 2816/2816 2850/2850
f 2816/2816 2849/2849 2850/2850
f 2818/2818 2817/2817 2851/2851
f 2817/2817 2850/2850 2851/2851
f 2819/2819 2818/2818 2852/2852
f 2818/2818 2851/2851 2852/2852
f 2820/2820 2819/2819 2853/2853
f 2819/2819 2852/2852 2853/2853
f 2821/2821 2820/2820 2854/2854
f 2820/2820 2853/2853 2854/2854
f 2822/2822 2821/2821 2855/2855
f 2821/2821 2854/2854 2855/2855
f 2823/2823 2822/2822 2856/2856
f 2822/2822 2855/2855 2856/2856
f 2824/2824 2823/2823 2857/2857
f 2823/2823 2856/2856 2857/2857
f 2825/2825 2824/2824 2858/2858
f 2824/2824 2857/2857 2858/2858
f 2826/2826 2825/2825 2859/2859
f 2825/2825 2858/2858 2859/2859
f 2827/2827 2826/2826 2860/2860
f 2826/2826 2859/2859 2860/2860
f 2828/2828 2827/2827 2861/2861
f 2827/2827 2860/2860 2861/2861
f 2829/2829 2828/2828 2862/2862
f 2828/2828 2861/2861 2862/2862
f 2830/2830 2829/2829 2863/2863
f 2829/2829 2862/2862 2863/2863
f 2831/2831 2830/2830 2864/2864
f 2830/2830 2863/2863 2864/2864
f 2832/2832 2831/2831 2865/2865
f 2831/2831 2864/2864 2865/2865
f 2833/2833 2832/2832 2866/2866
f 2832/2832 2865/2865 2866/2866
f 2834/2834 2833/2833 2867/2867
f 2833/2833 2866/2866 2867/2867
f 2835/2835 2834/2834 2868/2868
f 2834/2834 2867/2867 2868/2868
f 2836/2836 2835/2835 2869/2869
f 2835/2835 2868/2868 2869/2869
f 2837/2837 2836/2836 2870/2870
f 2836/2836 2869/2869 2870/2870
f 2838/2838 2837/2837 2871/2871
f 2837/2837 2870/2870 2871/2871
f 2839/2839 2838/2838 2872/2872
f 2838/2838 2871/2871 2872/2872
f 2840/2840 2839/2839 2873/2873
f 2839/2839 2872/2872 2873/2873
f 2841/2841 2840/2840 2874/2874
f 2840/2840 2873/2873 2874/2874
f 2843/2843 2842/2842 2876/2876
f 2842/2842 2875/2875 2876/2876
f 2844/2844 2843/2843 2877/2877
f 2843/2843 2876/2876 2877/2877
f 2845/2845 2844/2844 2878/2878
f 2844/2844 2877/2877 2878/2878
f 2846/2846 2845/2845 2879/2879
f 2845/2845 2878/2878 2879/2879
f 2847/2847 2846/2846 2880/2880
f 2846/2846 2879/2879 2880/2880
f 2848/2848 2847/2847 2881/2881
f 2847/2847 2880/2880 2881/2881
f 2849/2849 2848/2848 2882/2882
f 2848/2848 2881/2881 2882/2882
f 2850/2850 2849/2849 2883/2883
f 2849/2849 2882/2882 2883/2883
f 2851/2851 2850/2850 2884/2884
f 2850/2850 2883/2883 2884/2884
f 2852/2852 2851/2851 2885/2885
f 2851/2851 2884/2884 2885/2885
f 2853/2853 2852/2852 2886/2886
f 2852/2852 2885/2885 2886/2886
f 2854/2854 2853/2853 2887/2887
f 2853/2853 2886/2886 2887/2887
f 2855/2855 2854/2854 2888/2888
f 2854/2854 2887/2887 2888/2888
f 2856/2856 2855/2855 2889/2889
f 2855/2855 2888/2888 2889/2889
f 2857/2857 2856/2856 2890/2890
f 2856/2856 2889/2889 2890/2890
f 2858/2858 2857/2857 2891/2891
f 2857/2857 2890/2890 2891/2891
f 2859/2859 2858/2858 2892/2892
f 2858/2858 2891/2891 2892/2892
f 2860/2860 2859/2859 2893/2893
f 2859/2859 2892/2892 2893/2893
f 2861/2861 2860/2860 2894/2894
f 2860/2860 2893/2893 2894/2894
f 2862/2862 2861/2861 2895/2895
f 2861/2861 2894/2894 2895/2895
f 2863/2863 2862/2862 2896/2896
f 2862/2862 2895/2895 2896/2896
f 2864/2864 2863/2863 2897/2897
f 2863/2863 2896/2896 2897/2897
f 2865/2865 2864/2864 2898/2898
f 2864/2864 2897/2897 2898/2898
f 2866/2866 2865/2865 2899/2899
f 2865/2865 2898/2898 2899/2899
f 2867/2867 2866/2866 2900/2900
f 2866/2866 2899/2899 2900/2900
f 2868/2868 2867/2867 2901/2901
f 2867/2867 2900/2900 2901/2901
f 2869/2869 2868/2868 2902/2902
f 2868/2868 2901/2901 2902/2902
f 2870/2870 2869/2869 2903/2903
f 2869/2869 2902/2902 2903/2903
f 2871/2871 2870/2870 2904/2904
f 2870/2870 2903/2903 2904/2904
f 2872/2872 2871/2871 2905/2905
f 2871/2871 2904/2904 2905/2905
f 2873/2873 2872/2872 2906/2906
f 2872/2872 2905/2905 2906/2906
f 2874/2874 2873/2873 2907/2907
f 2873/2873 2906/2906 2907/2907
f 2876/2876 2875/2875 2909/2909
f 2875/2875 2908/2908 2909/2909
f 2877/2877 2876/2876 2910/2910
f 2876/2876 2909/2909 2910/2910
f 2878/2878 2877/2877 2911/2911
f 2877/2877 2910/2910 2911/2911
f 2879/2879 2878/2878 2912/2912
f 2878/2878 2911/2911 2912/2912
f 2880/2880 2879/2879 2913/2913
f 2879/2879 2912/2912 2913/2913
f 2881/2881 2880/2880 2914/2914
f 2880/2880 2913/2913 2914/2914
f 2882/2882 2881/2881 2915/2915
f 2881/2881 2914/2914 2915/2915
f 2883/2883 2882/2882 2916/2916
f 2882/2882 2915/2915 2916/2916
f 2884/2884 2883/2883 2917/2917
f 2883/2883 2916/2916 2917/2917
f 2885/2885 2884/2884 2918/2918
f 2884/2884 2917/2917 2918/2918
f 2886/2886 2885/2885 2919/2919
f 2885/2885 2918/2918 2919/2919
f 2887/2887 2886/2886 2920/2920
f 2886/2886 2919/2919 2920/2920
f 2888/2888 2887/2887 2921/2921
f 2887/2887 2920/2920 2921/2921
f 2889/2889 2888/2888 2922/2922
f 2888/2888 2921/2921 2922/2922
f 2890/2890 2889/2889 2923/2923
f 2889/2889 2922/2922 2923/2923
f 2891/2891 2890/2890 2924/2924
f 2890/2890 2923/2923 2924/2924
f 2892/2892 2891/2891 2925/2925
f 2891/2891 2924/2924 2925/2925
f 2893/2893 2892/2892 2926/2926
f 2892/2892 2925/2925 2926/2926
f 2894/2894 2893/2893 2927/2927
f 2893/2893 2926/2926 2927/2927
f 2895/2895 2894/2894 2928/2928
f 2894/2894 2927/2927 2928/2928
f 2896/2896 2895/2895 2929/2929
f 2895/2895 2928/2928 2929/2929
f 2897/2897 2896/2896 2930/2930
f 2896/2896 2929/2929 2930/2930
f 2898/2898 2897/2897 2931/2931
f 2897/2897 2930/2930 2931/2931
f 2899/2899 2898/2898 2932/2932
f 2898/2898 2931/2931 2932/2932
f 2900/2900 2899/2899 2933/2933
f 2899/2899 2932/2932 2933/2933
f 2901/2901 2900/2900 2934/2934
f 2900/2900 2933/2933 2934/2934
f 2902/2902 2901/2901 2935/2935
f 2901/2901 2934/2934 2935/2935
f 2903/2903 2902/2902 2936/2936
f 2902/2902 2935/2935 2936/2936
f 2904/2904 2903/2903 2937/2937
f 2903/2903 2936/2936 2937/2937
f 2905/2905 2904/2904 2938/2938
f 2904/2904 2937/2937 2938/2938
f 2906/2906 2905/2905 2939/2939
f 2905/2905 2938/2938 2939/2939
f 2907/2907 2906/2906 2940/2940
f 2906/2906 2939/2939 2940/2940
f 2909/2909 2908/2908 2942/2942
f 2908/2908 2941/2941 2942/2942
f 2910/2910 2909/2909 2943/2943
f 2909/2909 2942/2942 2943/2943
f 2911/2911 2910/2910 2944/2944
f 2910/2910 2943/2943 2944/2944
f 2912/2912 2911/2911 2945/2945
f 2911/2911 2944/2944 2945/2945
f 2913/2913 2912/2912 2946/2946
f 2912/2912 2945/2945 2946/2946
f 2914/2914 2913/2913 2947/2947
f 2913/2913 2946/2946 2947/2947
f 2915/2915 2914/2914 2948/2948
f 2914/2914 2947/2947 2948/2948
f 2916/2916 2915/2915 2949/2949
f 2915/2915 2948/2948 2949/2949
f 2917/2917 2916/2916 2950/2950
f 2916/2916 2949/2949 2950/2950
f 2918/2918 2917/2917 2951/2951
f 2917/2917 2950/2950 2951/2951
f 2919/2919 2918/2918 2952/2952
f 2918/2918 2951/2951 2952/2952
f 2920/2920 2919/2919 2953/2953
f 2919/2919 2952/2952 2953/2953
f 2921/2921 2920/2920 2954/2954
f 2920/2920 2953/2953 2954/2954
f 2922/2922 2921/2921 2955/2955
f 2921/2921 2954/2954 2955/2955
f 2923/2923 2922/2922 2956/2956
f 2922/2922 2955/2955 2956/2956
f 2924/2924 2923/2923 2957/2957
f 2923/2923 2956/2956 2957/2957
f 2925/2925 2924/2924 2958/2958
f 2924/2924 2957/2957 2958/2958
f 2926/2926 2925/2925 2959/2959
f 2925/2925 2958/2958 2959/2959
f 2927/2927 2926/2926 2960/2960
f 2926/2926 2959/2959 2960/2960
f 2928/2928 2927/2927 2961/2961
f 2927/2927 2960/2960 2961/2961
f 2929/2929 2928/2928 2962/2962
f 2928/2928 2961/2961 2962/2962
f 2930/2930 2929/2929 2963/2963
f 2929/2929 2962/2962 2963/2963
f 2931/2931 2930/2930 2964/2964
f 2930/2930 2963/2963 2964/2964
f 2932/2932 2931/2931 2965/2965
f 2931/2931 2964/2964 2965/2965
f 2933/2933 2932/2932 2966/2966
f 2932/2932 2965/2965 2966/2966
f 2934/2934 2933/2933 2967/2967
f 2933/2933 2966/2966 2967/2967
f 2935/2935 2934/2934 2968/2968
f 2934/2934 2967/2967 2968/2968
f 2936/2936 2935/2935 2969/2969
f 2935/2935 2968/2968 2969/2969
f 2937/2937 2936/2936 2970/2970
f 2936/2936 2969/2969 2970/2970
f 2938/2938 2937/2937 2971/2971
f 2937/2937 2970/2970 2971/2971
f 2939/2939 2938/2938 2972/2972
f 2938/2938 2971/2971 2972/2972
f 2940/2940 2939/2939 2973/2973
f 2939/2939 2972/2972 2973/2973
f 2942/2942 2941/2941 2975/2975
f 2941/2941 2974/2974 2975/2975
f 2943/2943 2942/2942 2976/2976
f 2942/2942 2975/2975 2976/2976
f 2944/2944 2943/2943 2977/2977
f 2943/2943 2976/2976 2977/2977
f 2945/2945 2944/2944 2978/2978
f 2944/2944 2977/2977 2978/2978
f 2946/2946 2945/2945 2979/2979
f 2945/2945 2978/2978 2979/2979
f 2947/2947 2946/2946 2980/2980
f 2946/2946 2979/2979 2980/2980
f 2948/2948 2947/2947 2981/2981
f 2947/2947 2980/2980 2981/2981
f 2949/2949 2948/2948 2982/2982
f 2948/2948 2981/2981 2982/2982
f 2950/2950 2949/2949 2983/2983
f 2949/2949 2982/2982 2983/2983
f 2951/2951 2950/2950 2984/2984
f 2950/2950 2983/2983 2984/2984
f 2952/2952 2951/2951 2985/2985
f 2951/2951 2984/2984 2985/2985
f 2953/2953 2952/2952 2986/2986
f 2952/2952 2985/2985 2986/2986
f 2954/2954 2953/2953 2987/2987
f 2953/2953 2986/2986 2987/2987
f 2955/2955 2954/2954 2988/2988
f 2954/2954 2987/2987 2988/2988
f 2956/2956 2955/2955 2989/2989
f 2955/2955 2988/2988 2989/2989
f 2957/2957 2956/2956 2990/2990
f 2956/2956 2989/2989 2990/2990
f 2958/2958 2957/2957 2991/2991
f 2957/2957 2990/2990 2991/2991
f 2959/2959 2958/2958 2992/2992
f 2958/2958 2991/2991 2992/2992
f 2960/2960 2959/2959 2993/2993
f 2959/2959 2992/2992 2993/2993
f 2961/2961 2960/2960 2994/2994
f 2960/2960 2993/2993 2994/2994
f 2962/2962 2961/2961 2995/2995
f 2961/2961 2994/2994 2995/2995
f 2963/2963 2962/2962 2996/2996
f 2962/2962 2995/2995 2996/2996
f 2964/2964 2963/2963 2997/2997
f 2963/2963 2996/2996 2997/2997
f 2965/2965 2964/2964 2998/2998
f 2964/2964 2997/2997 2998/2998
f 2966/2966 2965/2965 2999/2999
f 2965/2965 2998/2998 2999/2999
f 2967/2967 2966/2966 3000/3000
f 2966/2966 2999/2999 3000/3000
f 2968/2968 2967/2967 3001/3001
f 2967/2967 3000/3000 3001/3001
f 2969/2969 2968/2968 3002/3002
f 2968/2968 3001/3001 3002/3002
f 2970/2970 2969/2969 3003/3003
f 2969/2969 3002/3002 3003/3003
f 2971/2971 2970/2970 3004/3004
f 2970/2970 3003/3003 3004/3004
f 2972/2972 2971/2971 3005/3005
f 2971/2971 3004/3004 3005/3005
f 2973/2973 2972/2972 3006/3006
f 2972/2972 3005/3005 3006/3006
f 2975/2975 2974/2974 3008/3008
f 2974/2974 3007/3007 3008/3008
f 2976/2976 2975/2975 3009/3009
f 2975/2975 3008/3008 3009/3009
f 2977/2977 2976/2976 3010/3010
f 2976/2976 3009/3009 3010/3010
f 2978/2978 2977/2977 3011/3011
f 2977/2977 3010/3010 3011/3011
f 2979/2979 2978/2978 3012/3012
f 2978/2978 3011/3011 3012/3012
f 2980/2980 2979/2979 3013/3013
f 2979/2979 3012/3012 3013/3013
f 2981/2981 2980/2980 3014/3014
f 2980/2980 3013/3013 3014/3014
f 2982/2982 2981/2981 3015/3015
f 2981/2981 3014/3014 3015/3015
f 2983/2983 2982/2982 3016/3016
f 2982/2982 3015/3015 3016/3016
f 2984/2984 2983/2983 3017/3017
f 2983/2983 3016/3016 3017/3017
f 2985/2985 2984/2984 3018/3018
f 2984/2984 3017/3017 3018/3018
f 2986/2986 2985/2985 3019/3019
f 2985/2985 3018/3018 3019/3019
f 2987/2987 2986/2986 3020/3020
f 2986/2986 3019/3019 3020/3020
f 2988/2988 2987/2987 3021/3021
f 2987/2987 3020/3020 3021/3021
f 2989/2989 2988/2988 3022/3022
f 2988/2988 3021/3021 3022/3022
f 2990/2990 2989/2989 3023/3023
f 2989/2989 3022/3022 3023/3023
f 2991/2991 2990/2990 3024/3024
f 2990/2990 3023/3023 3024/3024
f 2992/2992 2991/2991 3025/3025
f 2991/2991 3024/3024 3025/3025
f 2993/2993 2992/2992 3026/3026
f 2992/2992 3025/3025 3026/3026
f 2994/2994 2993/2993 3027/3027
f 2993/2993 3026/3026 3027/3027
f 2995/2995 2994/2994 3028/3028
f 2994/2994 3027/3027 3028/3028
f 2996/2996 2995/2995 3029/3029
f 2995/2995 3028/3028 3029/3029
f 2997/2997 2996/2996 3030/3030
f 2996/2996 3029/3029 3030/3030
f 2998/2998 2997/2997 3031/3031
f 2997/2997 3030/3030 3031/3031
f 2999/2999 2998/2998 3032/3032
f 2998/2998 3031/3031 3032/3032
f 3000/3000 2999/2999 3033/3033
f 2999/2999 3032/3032 3033/3033
f 3001/3001 3000/3000 3034/3034
f 3000/3000 3033/3033 3034/3034
f 3002/3002 3001/3001 3035/3035
f 3001/3001 3034/3034 3035/3035
f 3003/3003 3002/3002 3036/3036
f 3002/3002 3035/3035 3036/3036
f 3004/3004 3003/3003 3037/3037
f 3003/3003 3036/3036 3037/3037
f 3005/3005 3004/3004 3038/3038
f 3004/3004 3037/3037 3038/3038
f 3006/3006 3005/3005 3039/3039
f 3005/3005 3038/3038 3039/3039
f 3008/3008 3007/3007 3041/3041
f 3007/3007 3040/3040 3041/3041
f 3009/3009 3008/3008 3042/3042
f 3008/3008 3041/3041 3042/3042
f 3010/3010 3009/3009 3043/3043
f 3009/3009 3042/3042 3043/3043
f 3011/3011 3010/3010 3044/3044
f 3010/3010 3043/3043 3044/3044
f 3012/3012 3011/3011 3045/3045
f 3011/3011 3044/3044 3045/3045
f 3013/3013 3012/3012 3046/3046
f 3012/3012 3045/3045 3046/3046
f 3014/3014 3013/3013 3047/3047
f 3013/3013 3046/3046 3047/3047
f 3015/3015 3014/3014 3048/3048
f 3014/3014 3047/3047 3048/3048
f 3016/3016 3015/3015 3049/3049
f 3015/3015 3048/3048 3049/3049
f 3017/3017 3016/3016 3050/3050
f 3016/3016 3049/3049 3050/3050
f 3018/3018 3017/3017 3051/3051
f 3017/3017 3050/3050 3051/3051
f 3019/3019 3018/3018 3052/3052
f 3018/3018 3051/3051 3052/3052
f 3020/3020 3019/3019 3053/3053
f 3019/3019 3052/3052 3053/3053
f 3021/3021 3020/3020 3054/3054
f 3020/3020 3053/3053 3054/3054
f 3022/3022 3021/3021 3055/3055
f 3021/3021 3054/3054 3055/3055
f 3023/3023 3022/3022 3056/3056
f 3022/3022 3055/3055 3056/3056
f 3024/3024 3023/3023 3057/3057
f 3023/3023 3056/3056 3057/3057
f 3025/3025 3024/3024 3058/3058
f 3024/3024 3057/3057 3058/3058
f 3026/3026 3025/3025 3059/3059
f 3025/3025 3058/3058 3059/3059
f 3027/3027 3026/3026 3060/3060
f 3026/3026 3059/3059 3060/3060
f 3028/3028 3027/3027 3061/3061
f 3027/3027 3060/3060 3061/3061
f 3029/3029 3028/3028 3062/3062
f 3028/3028 3061/3061 3062/3062
f 3030/3030 3029/3029 3063/3063
f 3029/3029 3062/3062 3063/3063
f 3031/3031 3030/3030 3064/3064
f 3030/3030 3063/3063 3064/3064
f 3032/3032 3031/3031 3065/3065
f 3031/3031 3064/3064 3065/3065
f 3033/3033 3032/3032 3066/3066
f 3032/3032 3065/3065 3066/3066
f 3034/3034 3033/3033 3067/3067
f 3033/3033 3066/3066 3067/3067
f 3035/3035 3034/3034 3068/3068
f 3034/3034 3067/3067 3068/3068
f 3036/3036 3035/3035 3069/3069
f 3035/3035 3068/3068 3069/3069
f 3037/3037 3036/3036 3070/3070
f 3036/3036 3069/3069 3070/3070
f 3038/3038 3037/3037 3071/3071
f 3037/3037 3070/3070 3071/3071
f 3039/3039 3038/3038 3072/3072
f 3038/3038 3071/3071 3072/3072
f 3041/3041 3040/3040 3074/3074
f 3040/3040 3073/3073 3074/3074
f 3042/3042 3041/3041 3075/3075
f 3041/3041 3074/3074 3075/3075
f 3043/3043 3042/3042 3076/3076
f 3042/3042 3075/3075 3076/3076
f 3044/3044 3043/3043 3077/3077
f 3043/3043 3076/3076 3077/3077
f 3045/3045 3044/3044 3078/3078
f 3044/3044 3077/3077 3078/3078
f 3046/3046 3045/3045 3079/3079
f 3045/3045 3078/3078 3079/3079
f 3047/3047 3046/3046 3080/3080
f 3046/3046 3079/3079 3080/3080
f 3048/3048 3047/3047 3081/3081
f 3047/3047 3080/3080 3081/3081
f 3049/3049 3048/3048 3082/3082
f 3048/3048 3081/3081 3082/3082
f 3050/3050 3049/3049 3083/3083
f 3049/3049 3082/3082 3083/3083
f 3051/3051 3050/3050 3084/3084
f 3050/3050 3083/3083 3084/3084
f 3052/3052 3051/3051 3085/3085
f 3051/3051 3084/3084 3085/3085
f 3053/3053 3052/3052 3086/3086
f 3052/3052 3085/3085 3086/3086
f 3054/3054 3053/3053 3087/3087
f 3053/3053 3086/3086 3087/3087
f 3055/3055 3054/3054 3088/3088
f 3054/3054 3087/3087 3088/3088
f 3056/3056 3055/3055 3089/3089
f 3055/3055 3088/3088 3089/3089
f 3057/3057 3056/3056 3090/3090
f 3056/3056 3089/3089 3090/3090
f 3058/3058 3057/3057 3091/3091
f 3057/3057 3090/3090 3091/3091
f 3059/3059 3058/3058 3092/3092
f 3058/3058 3091/3091 3092/3092
f 3060/3060 3059/3059 3093/3093
f 3059/3059 3092/3092 3093/3093
f 3061/3061 3060/3060 3094/3094
f 3060/3060 3093/3093 3094/3094
f 3062/3062 3061/3061 3095/3095
f 3061/3061 3094/3094 3095/3095
f 3063/3063 3062/3062 3096/3096
f 3062/3062 3095/3095 3096/3096
f 3064/3064 3063/3063 3097/3097
f 3063/3063 3096/3096 3097/3097
f 3065/3065 3064/3064 3098/3098
f 3064/3064 3097/3097 3098/3098
f 3066/3066 3065/3065 3099/3099
f 3065/3065 3098/3098 3099/3099
f 3067/3067 3066/3066 3100/3100
f 3066/3066 3099/3099 3100/3100
f 3068/3068 3067/3067 3101/3101
f 3067/3067 3100/3100 3101/3101
f 3069/3069 3068/3068 3102/3102
f 3068/3068 3101/3101 3102/3102
f 3070/3070 3069/3069 3103/3103
f 3069/3069 3102/3102 3103/3103
f 3071/3071 3070/3070 3104/3104
f 3070/3070 3103/3103 3104/3104
f 3072/3072 3071/3071 3105/3105
f 3071/3071 3104/3104 3105/3105
f 3074/3074 3073/3073 3107/3107
f 3073/3073 3106/3106 3107/3107
f 3075/3075 3074/3074 3108/3108
f 3074/3074 3107/3107 3108/3108
f 3076/3076 3075/3075 3109/3109
f 3075/3075 3108/3108 3109/3109
f 3077/3077 3076/3076 3110/3110
f 3076/3076 3109/3109 3110/3110
f 3078/3078 3077/3077 3111/3111
f 3077/3077 3110/3110 3111/3111
f 3079/3079 3078/3078 3112/3112
f 3078/3078 3111/3111 3112/3112
f 3080/3080 3079/3079 3113/3113
f 3079/3079 3112/3112 3113/3113
f 3081/3081 3080/3080 3114/3114
f 3080/3080 3113/3113 3114/3114
f 3082/3082 3081/3081 3115/3115
f 3081/3081 3114/3114 3115/3115
f 3083/3083 3082/3082 3116/3116
f 3082/3082 3115/3115 3116/3116
f 3084/3084 3083/3083 3117/3117
f 3083/3083 3116/3116 3117/3117
f 3085/3085 3084/3084 3118/3118
f 3084/3084 3117/3117 3118/3118
f 3086/3086 3085/3085 3119/3119
f 3085/3085 3118/3118 3119/3119
f 3087/3087 3086/3086 3120/3120
f 3086/3086 3119/3119 3120/3120
f 3088/3088 3087/3087 3121/3121
f 3087/3087 3120/3120 3121/3121
f 3089/3089 3088/3088 3122/3122
f 3088/3088 3121/3121 3122/3122
f 3090/3090 3089/3089 3123/3123
f 3089/3089 3122/3122 3123/3123
f 3091/3091 3090/3090 3124/3124
f 3090/3090 3123/3123 3124/3124
f 3092/3092 3091/3091 3125/3125
f 3091/3091 3124/3124 3125/3125
f 3093/3093 3092/3092 3126/3126
f 3092/3092 3125/3125 3126/3126
f 3094/3094 3093/3093 3127/3127
f 3093/3093 3126/3126 3127/3127
f 3095/3095 3094/3094 3128/3128
f 3094/3094 3127/3127 3128/3128
f 3096/3096 3095/3095 3129/3129
f 3095/3095 3128/3128 3129/3129
f 3097/3097 3096/3096 3130/3130
f 3096/3096 3129/3129 3130/3130
f 3098/3098 3097/3097 3131/3131
f 3097/3097 3130/3130 3131/3131
f 3099/3099 3098/3098 3132/3132
f 3098/3098 3131/3131 3132/3132
f 3100/3100 3099/3099 3133/3133
f 3099/3099 3132/3132 3133/3133
f 3101/3101 3100/3100 3134/3134
f 3100/3100 3133/3133 3134/3134
f 3102/3102 3101/3101 3135/3135
f 3101/3101 3134/3134 3135/3135
f 3103/3103 3102/3102 3136/3136
f 3102/3102 3135/3135 3136/3136
f 3104/3104 3103/3103 3137/3137
f 3103/3103 3136/3136 3137/3137
f 3105/3105 3104/3104 3138/3138
f 3104/3104 3137/3137 3138/3138
f 3107/3107 3106/3106 3140/3140
f 3106/3106 3139/3139 3140/3140
f 3108/3108 3107/3107 3141/3141
f 3107/3107 3140/3140 3141/3141
f 3109/3109 3108/3108 3142/3142
f 3108/3108 3141/3141 3142/3142
f 3110/3110 3109/3109 3143/3143
f 3109/3109 3142/3142 3143/3143
f 3111/3111 3110/3110 3144/3144
f 3110/3110 3143/3143 3144/3144
f 3112/3112 3111/3111 3145/3145
f 3111/3111 3144/3144 3145/3145
f 3113/3113 3112/3112 3146/3146
f 3112/3112 3145/3145 3146/3146
f 3114/3114 3113/3113 3147/3147
f 3113/3113 3146/3146 3147/3147
f 3115/3115 3114/3114 3148/3148
f 3114/3114 3147/3147 3148/3148
f 3116/3116 3115/3115 3149/3149
f 3115/3115 3148/3148 3149/3149
f 3117/3117 3116/3116 3150/3150
f 3116/3116 3149/3149 3150/3150
f 3118/3118 3117/3117 3151/3151
f 3117/3117 3150/3150 3151/3151
f 3119/3119 3118/3118 3152/3152
f 3118/3118 3151/3151 3152/3152
f 3120/3120 3119/3119 3153/3153
f 3119/3119 3152/3152 3153/3153
f 3121/3121 3120/3120 3154/3154
f 3120/3120 3153/3153 3154/3154
f 3122/3122 3121/3121 3155/3155
f 3121/3121 3154/3154 3155/3155
f 3123/3123 3122/3122 3156/3156
f 3122/3122 3155/3155 3156/3156
f 3124/3124 3123/3123 3157/3157
f 3123/3123 3156/3156 3157/3157
f 3125/3125 3124/3124 3158/3158
f 3124/3124 3157/3157 3158/3158
f 3126/3126 3125/3125 3159/3159
f 3125/3125 3158/3158 3159/3159
f 3127/3127 3126/3126 3160/3160
f 3126/3126 3159/3159 3160/3160
f 3128/3128 3127/3127 3161/3161
f 3127/3127 3160/3160 3161/3161
f 3129/3129 3128/3128 3162/3162
f 3128/3128 3161/3161 3162/3162
f 3130/3130 3129/3129 3163/3163
f 3129/3129 3162/3162 3163/3163
f 3131/3131 3130/3130 3164/3164
f 3130/3130 3163/3163 3164/3164
f 3132/3132 3131/3131 3165/3165
f 3131/3131 3164/3164 3165/3165
f 3133/3133 3132/3132 3166/3166
f 3132/3132 3165/3165 3166/3166
f 3134/3134 3133/3133 3167/3167
f 3133/3133 3166/3166 3167/3167
f 3135/3135 3134/3134 3168/3168
f 3134/3134 3167/3167 3168/3168
f 3136/3136 3135/3135 3169/3169
f 3135/3135 3168/3168 3169/3169
f 3137/3137 3136/3136 3170/3170
f 3136/3136 3169/3169 3170/3170
f 3138/3138 3137/3137 3171/3171
f 3137/3137 3170/3170 3171/3171
f 3140/3140 3139/3139 3173/3173
f 3139/3139 3172/3172 3173/3173
f 3141/3141 3140/3140 3174/3174
f 3140/3140 3173/3173 3174/3174
f 3142/3142 3141/3141 3175/3175
f 3141/3141 3174/3174 3175/3175
f 3143/3143 3142/3142 3176/3176
f 3142/3142 3175/3175 3176/3176
f 3144/3144 3143/3143 3177/3177
f 3143/3143 3176/3176 3177/3177
f 3145/3145 3144/3144 3178/3178
f 3144/3144 3177/3177 3178/3178
f 3146/3146 3145/3145 3179/3179
f 3145/3145 3178/3178 3179/3179
f 3147/3147 3146/3146 3180/3180
f 3146/3146 3179/3179 3180/3180
f 3148/3148 3147/3147 3181/3181
f 3147/3147 3180/3180 3181/3181
f 3149/3149 3148/3148 3182/3182
f 3148/3148 3181/3181 3182/3182
f 3150/3150 3149/3149 3183/3183
f 3149/3149 3182/3182 3183/3183
f 3151/3151 3150/3150 3184/3184
f 3150/3150 3183/3183 3184/3184
f 3152/3152 3151/3151 3185/3185
f 3151/3151 3184/3184 3185/3185
f 3153/3153 3152/3152 3186/3186
f 3152/3152 3185/3185 3186/3186
f 3154/3154 3153/3153 3187/3187
f 3153/3153 3186/3186 3187/3187
f 3155/3155 3154/3154 3188/3188
f 3154/3154 3187/3187 3188/3188
f 3156/3156 3155/3155 3189/3189
f 3155/3155 3188/3188 3189/3189
f 3157/3157 3156/3156 3190/3190
f 3156/3156 3189/3189 3190/3190
f 3158/3158 3157/3157 3191/3191
f 3157/3157 3190/3190 3191/3191
f 3159/3159 3158/3158 3192/3192
f 3158/3158 3191/3191 3192/3192
f 3160/3160 3159/3159 3193/3193
f 3159/3159 3192/3192 3193/3193
f 3161/3161 3160/3160 3194/3194
f 3160/3160 3193/3193 3194/3194
f 3162/3162 3161/3161 3195/3195
f 3161/3161 3194/3194 3195/3195
f 3163/3163 3162/3162 3196/3196
f 3162/3162 3195/3195 3196/3196
f 3164/3164 3163/3163 3197/3197
f 3163/3163 3196/3196 3197/3197
f 3165/3165 3164/3164 3198/3198
f 3164/3164 3197/3197 3198/3198
f 3166/3166 3165/3165 3199/3199
f 3165/3165 3198/3198 3199/3199
f 3167/3167 3166/3166 3200/3200
f 3166/3166 3199/3199 3200/3200
f 3168/3168 3167/3167 3201/3201
f 3167/3167 3200/3200 3201/3201
f 3169/3169 3168/3168 3202/3202
f 3168/3168 3201/3201 3202/3202
f 3170/3170 3169/3169 3203/3203
f 3169/3169 3202/3202 3203/3203
f 3171/3171 3170/3170 3204/3204
f 3170/3170 3203/3203 3204/3204
f 3173/3173 3172/3172 3206/3206
f 3174/3174 3173/3173 3207/3207
f 3175/3175 3174/3174 3208/3208
f 3176/3176 3175/3175 3209/3209
f 3177/3177 3176/3176 3210/3210
f 3178/3178 3177/3177 3211/3211
f 3179/3179 3178/3178 3212/3212
f 3180/3180 3179/3179 3213/3213
f 3181/3181 3180/3180 3214/3214
f 3182/3182 3181/3181 3215/3215
f 3183/3183 3182/3182 3216/3216
f 3184/3184 3183/3183 3217/3217
f 3185/3185 3184/3184 3218/3218
f 3186/3186 3185/3185 3219/3219
f 3187/3187 3186/3186 3220/3220
f 3188/3188 3187/3187 3221/3221
f 3189/3189 3188/3188 3222/3222
f 3190/3190 3189/3189 3223/3223
f 3191/3191 3190/3190 3224/3224
f 3192/3192 3191/3191 3225/3225
f 3193/3193 3192/3192 3226/3226
f 3194/3194 3193/3193 3227/3227
f 3195/3195 3194/3194 3228/3228
f 3196/3196 3195/3195 3229/3229
f 3197/3197 3196/3196 3230/3230
f 3198/3198 3197/3197 3231/3231
f 3199/3199 3198/3198 3232/3232
f 3200/3200 3199/3199 3233/3233
f 3201/3201 3200/3200 3234/3234
f 3202/3202 3201/3201 3235/3235
f 3203/3203 3202/3202 3236/3236
f 3204/3204 3203/3203 3237/3237
v -20.370 64.794 24.003
v -18.130 64.799 23.687
v -16.173 64.530 22.581
v -14.800 64.029 20.854
v -14.218 63.370 18.768
v -14.516 62.656 16.642
v -15.650 61.993 14.799
v -17.445 61.484 13.518
v -19.630 61.206 12.997
v -21.870 61.201 13.313
v -23.827 61.470 14.419
v -25.200 61.971 16.146
v -25.782 62.630 18.232
v -25.484 63.344 20.358
v -24.350 64.007 22.201
v -22.555 64.516 23.482
v -20.370 64.794 24.003
v -18.370 23.794 37.503
v -16.130 23.799 37.187
v -14.173 23.530 36.081
v -12.800 23.029 34.354
v -12.218 22.370 32.268
v -12.516 21.656 30.142
v -13.650 20.993 28.299
v -15.445 20.484 27.018
v -17.630 20.206 26.497
v -19.870 20.201 26.813
v -21.827 20.470 27.919
v -23.200 20.971 29.646
v -23.782 21.630 31.732
v -23.484 22.344 33.858
v -22.350 23.007 35.701
v -20.555 23.516 36.982
v -18.370 23.794 37.503
v -20.000 63.000 18.500
v -20.000 63.000 18.500
v -20.000 63.000 18.500
v -20.000 63.000 18.500
v -20.000 63.000 18.500
v -20.000 63.000 18.500
v -20.000 63.000 18.500
v -20.000 63.000 18.500
v -20.000 63.000 18.500
v -20.000 63.000 18.500
v -20.000 63.000 18.500
v -20.000 63.000 18.500
v -20.000 63.000 18.500
v -20.000 63.000 18.500
v -20.000 63.000 18.500
v -20.000 63.000 18.500
v -20.370 64.794 24.003
v -18.130 64.799 23.687
v -16.173 64.530 22.581
v -14.800 64.029 20.854
v -14.218 63.370 18.768
v -14.516 62.656 16.642
v -15.650 61.993 14.799
v -17.445 61.484 13.518
v -19.630 61.206 12.997
v -21.870 61.201 13.313
v -23.827 61.470 14.419
v -25.200 61.971 16.146
v -25.782 62.630 18.232
v -25.484 63.344 20.358
v -24.350 64.007 22.201
v -22.555 64.516 23.482
v -20.370 64.794 24.003
v -18.000 22.000 32.000
v -18.000 22.000 32.000
v -18.000 22.000 32.000
v -18.000 22.000 32.000
v -18.000 22.000 32.000
v -18.000 22.000 32.000
v -18.000 22.000 32.000
v -18.000 22.000 32.000
v -18.000 22.000 32.000
v -18.000 22.000 32.000
v -18.000 22.000 32.000
v -18.000 22.000 32.000
v -18.000 22.000 32.000
v -18.000 22.000 32.000
v -18.000 22.000 32.000
v -18.000 22.000 32.000
v -18.370 23.794 37.503
v -16.130 23.799 37.187
v -14.173 23.530 36.081
v -12.800 23.029 34.354
v -12.218 22.370 32.268
v -12.516 21.656 30.142
v -13.650 20.993 28.299
v -15.445 20.484 27.018
v -17.630 20.206 26.497
v -19.870 20.201 26.813
v -21.827 20.470 27.919
v -23.200 20.971 29.646
v -23.782 21.630 31.732
v -23.484 22.344 33.858
v -22.350 23.007 35.701
v -20.555 23.516 36.982
v -18.370 23.794 37.503
vt 0.00000 1.00000
vt 0.06250 1.00000
vt 0.12500 1.00000
vt 0.18750 1.00000
vt 0.25000 1.00000
vt 0.31250 1.00000
vt 0.37500 1.00000
vt 0.43750 1.00000
vt 0.50000 1.00000
vt 0.56250 1.00000
vt 0.62500 1.00000
vt 0.68750 1.00000
vt 0.75000 1.00000
vt 0.81250 1.00000
vt 0.87500 1.00000
vt 0.93750 1.00000
vt 1.00000 1.00000
vt 0.00000 0.00000
vt 0.06250 0.00000
vt 0.12500 0.00000
vt 0.18750 0.00000
vt 0.25000 0.00000
vt 0.31250 0.00000
vt 0.37500 0.00000
vt 0.43750 0.00000
vt 0.50000 0.00000
vt 0.56250 0.00000
vt 0.62500 0.00000
vt 0.68750 0.00000
vt 0.75000 0.00000
vt 0.81250 0.00000
vt 0.87500 0.00000
vt 0.93750 0.00000
vt 1.00000 0.00000
vt 0.50000 0.50000
vt 0.50000 0.50000
vt 0.50000 0.50000
vt 0.50000 0.50000
vt 0.50000 0.50000
vt 0.50000 0.50000
vt 0.50000 0.50000
vt 0.50000 0.50000
vt 0.50000 0.50000
vt 0.50000 0.50000
vt 0.50000 0.50000
vt 0.50000 0.50000
vt 0.50000 0.50000
vt 0.50000 0.50000
vt 0.50000 0.50000
vt 0.50000 0.50000
vt 1.00000 0.50000
vt 0.96194 0.69134
vt 0.85355 0.85355
vt 0.69134 0.96194
vt 0.50000 1.00000
vt 0.30866 0.96194
vt 0.14645 0.85355
vt 0.03806 0.69134
vt 0.00000 0.50000
vt 0.03806 0.30866
vt 0.14645 0.14645
vt 0.30866 0.03806
vt 0.50000 0.00000
vt 0.69134 0.03806
vt 0.85355 0.14645
vt 0.96194 0.30866
vt 1.00000 0.50000
vt 0.50000 0.50000
vt 0.50000 0.50000
vt 0.50000 0.50000
vt 0.50000 0.50000
vt 0.50000 0.50000
vt 0.50000 0.50000
vt 0.50000 0.50000
vt 0.50000 0.50000
vt 0.50000 0.50000
vt 0.50000 0.50000
vt 0.50000 0.50000
vt 0.50000 0.50000
vt 0.50000 0.50000
vt 0.50000 0.50000
vt 0.50000 0.50000
vt 0.50000 0.50000
vt 1.00000 0.50000
vt 0.96194 0.30866
vt 0.85355 0.14645
vt 0.69134 0.03806
vt 0.50000 0.00000
vt 0.30866 0.03806
vt 0.14645 0.14645
vt 0.03806 0.30866
vt 0.00000 0.50000
vt 0.03806 0.69134
vt 0.14645 0.85355
vt 0.30866 0.96194
vt 0.50000 1.00000
vt 0.69134 0.96194
vt 0.85355 0.85355
vt 0.96194 0.69134
vt 1.00000 0.50000
f 3238/3238 3255/3255 3239/3239
f 3255/3255 3256/3256 3239/3239
f 3239/3239 3256/3256 3240/3240
f 3256/3256 3257/3257 3240/3240
f 3240/3240 3257/3257 3241/3241
f 3257/3257 3258/3258 3241/3241
f 3241/3241 3258/3258 3242/3242
f 3258/3258 3259/3259 3242/3242
f 3242/3242 3259/3259 3243/3243
f 3259/3259 3260/3260 3243/3243
f 3243/3243 3260/3260 3244/3244
f 3260/3260 3261/3261 3244/3244
f 3244/3244 3261/3261 3245/3245
f 3261/3261 3262/3262 3245/3245
f 3245/3245 3262/3262 3246/3246
f 3262/3262 3263/3263 3246/3246
f 3246/3246 3263/3263 3247/3247
f 3263/3263 3264/3264 3247/3247
f 3247/3247 3264/3264 3248/3248
f 3264/3264 3265/3265 3248/3248
f 3248/3248 3265/3265 3249/3249
f 3265/3265 3266/3266 3249/3249
f 3249/3249 3266/3266 3250/3250
f 3266/3266 3267/3267 3250/3250
f 3250/3250 3267/3267 3251/3251
f 3267/3267 3268/3268 3251/3251
f 3251/3251 3268/3268 3252/3252
f 3268/3268 3269/3269 3252/3252
f 3252/3252 3269/3269 3253/3253
f 3269/3269 3270/3270 3253/3253
f 3253/3253 3270/3270 3254/3254
f 3270/3270 3271/3271 3254/3254
f 3288/3288 3289/3289 3272/3272
f 3289/3289 3290/3290 3273/3273
f 3290/3290 3291/3291 3274/3274
f 3291/3291 3292/3292 3275/3275
f 3292/3292 3293/3293 3276/3276
f 3293/3293 3294/3294 3277/3277
f 3294/3294 3295/3295 3278/3278
f 3295/3295 3296/3296 3279/3279
f 3296/3296 3297/3297 3280/3280
f 3297/3297 3298/3298 3281/3281
f 3298/3298 3299/3299 3282/3282
f 3299/3299 3300/3300 3283/3283
f 3300/3300 3301/3301 3284/3284
f 3301/3301 3302/3302 3285/3285
f 3302/3302 3303/3303 3286/3286
f 3303/3303 3304/3304 3287/3287
f 3322/3322 3321/3321 3305/3305
f 3323/3323 3322/3322 3306/3306
f 3324/3324 3323/3323 3307/3307
f 3325/3325 3324/3324 3308/3308
f 3326/3326 3325/3325 3309/3309
f 3327/3327 3326/3326 3310/3310
f 3328/3328 3327/3327 3311/3311
f 3329/3329 3328/3328 3312/3312
f 3330/3330 3329/3329 3313/3313
f 3331/3331 3330/3330 3314/3314
f 3332/3332 3331/3331 3315/3315
f 3333/3333 3332/3332 3316/3316
f 3334/3334 3333/3333 3317/3317
f 3335/3335 3334/3334 3318/3318
f 3336/3336 3335/3335 3319/3319
f 3337/3337 3336/3336 3320/3320
v 26.272 4.538 49.317
v 28.123 3.476 48.454
v 29.346 2.188 46.989
v 29.755 0.872 45.145
v 29.288 -0.272 43.203
v 28.016 -1.070 41.458
v 26.133 -1.401 40.177
v 23.925 -1.214 39.553
v 21.728 -0.538 39.683
v 19.877 0.524 40.546
v 18.654 1.812 42.011
v 18.245 3.128 43.855
v 18.712 4.272 45.797
v 19.984 5.070 47.542
v 21.867 5.401 48.823
v 24.075 5.214 49.447
v 26.272 4.538 49.317
v 19.272 -21.462 66.317
v 21.123 -22.524 65.454
v 22.346 -23.812 63.989
v 22.755 -25.128 62.145
v 22.288 -26.272 60.203
v 21.016 -27.070 58.458
v 19.133 -27.401 57.177
v 16.925 -27.214 56.553
v 14.728 -26.538 56.683
v 12.877 -25.476 57.546
v 11.654 -24.188 59.011
v 11.245 -22.872 60.855
v 11.712 -21.728 62.797
v 12.984 -20.930 64.542
v 14.867 -20.599 65.823
v 17.075 -20.786 66.447
v 19.272 -21.462 66.317
v 24.000 2.000 44.500
v 24.000 2.000 44.500
v 24.000 2.000 44.500
v 24.000 2.000 44.500
v 24.000 2.000 44.500
v 24.000 2.000 44.500
v 24.000 2.000 44.500
v 24.000 2.000 44.500
v 24.000 2.000 44.500
v 24.000 2.000 44.500
v 24.000 2.000 44.500
v 24.000 2.000 44.500
v 24.000 2.000 44.500
v 24.000 2.000 44.500
v 24.000 2.000 44.500
v 24.000 2.000 44.500
v 26.272 4.538 49.317
v 28.123 3.476 48.454
v 29.346 2.188 46.989
v 29.755 0.872 45.145
v 29.288 -0.272 43.203
v 28.016 -1.070 41.458
v 26.133 -1.401 40.177
v 23.925 -1.214 39.553
v 21.728 -0.538 39.683
v 19.877 0.524 40.546
v 18.654 1.812 42.011
v 18.245 3.128 43.855
v 18.712 4.272 45.797
v 19.984 5.070 47.542
v 21.867 5.401 48.823
v 24.075 5.214 49.447
v 26.272 4.538 49.317
v 17.000 -24.000 61.500
v 17.000 -24.000 61.500
v 17.000 -24.000 61.500
v 17.000 -24.000 61.500
v 17.000 -24.000 61.500
v 17.000 -24.000 61.500
v 17.000 -24.000 61.500
v 17.000 -24.000 61.500
v 17.000 -24.000 61.500
v 17.000 -24.000 61.500
v 17.000 -24.000 61.500
v 17.000 -24.000 61.500
v 17.000 -24.000 61.500
v 17.000 -24.000 61.500
v 17.000 -24.000 61.500
v 17.000 -24.000 61.500
v 19.272 -21.462 66.317
v 21.123 -22.524 65.454
v 22.346 -23.812 63.989
v 22.755 -25.128 62.145
v 22.288 -26.272 60.203
v 21.016 -27.070 58.458
v 19.133 -27.401 57.177
v 16.925 -27.214 56.553
v 14.728 -26.538 56.683
v 12.877 -25.476 57.546
v 11.654 -24.188 59.011
v 11.245 -22.872 60.855
v 11.712 -21.728 62.797
v 12.984 -20.930 64.542
v 14.867 -20.599 65.823
v 17.075 -20.786 66.447
v 19.272 -21.462 66.317
vt 0.00000 1.00000
vt 0.06250 1.00000
vt 0.12500 1.00000
vt 0.18750 1.00000
vt 0.25000 1.00000
vt 0.31250 1.00000
vt 0.37500 1.00000
vt 0.43750 1.00000
vt 0.50000 1.00000
vt 0.56250 1.00000
vt 0.62500 1.00000
vt 0.68750 1.00000
vt 0.75000 1.00000
vt 0.81250 1.00000
vt 0.87500 1.00000
vt 0.93750 1.00000
vt 1.00000 1.00000
vt 0.00000 0.00000
vt 0.06250 0.00000
vt 0.12500 0.00000
vt 0.18750 0.00000
vt 0.25000 0.00000
vt 0.31250 0.00000
vt 0.37500 0.00000
vt 0.43750 0.00000
vt 0.50000 0.00000
vt 0.56250 0.00000
vt 0.62500 0.00000
vt 0.68750 0.00000
vt 0.75000 0.00000
vt 0.81250 0.00000
vt 0.87500 0.00000
vt 0.93750 0.00000
vt 1.00000 0.00000
vt 0.50000 0.50000
vt 0.50000 0.50000
vt 0.50000 0.50000
vt 0.50000 0.50000
vt 0.50000 0.50000
vt 0.50000 0.50000
vt 0.50000 0.50000
vt 0.50000 0.50000
vt 0.50000 0.50000
vt 0.50000 0.50000
vt 0.50000 0.50000
vt 0.50000 0.50000
vt 0.50000 0.50000
vt 0.50000 0.50000
vt 0.50000 0.50000
vt 0.50000 0.50000
vt 1.00000 0.50000
vt 0.96194 0.69134
vt 0.85355 0.85355
vt 0.69134 0.96194
vt 0.50000 1.00000
vt 0.30866 0.96194
vt 0.14645 0.85355
vt 0.03806 0.69134
vt 0.00000 0.50000
vt 0.03806 0.30866
vt 0.14645 0.14645
vt 0.30866 0.03806
vt 0.50000 0.00000
vt 0.69134 0.03806
vt 0.85355 0.14645
vt 0.96194 0.30866
vt 1.00000 0.50000
vt 0.50000 0.50000
vt 0.50000 0.50000
vt 0.50000 0.50000
vt 0.50000 0.50000
vt 0.50000 0.50000
vt 0.50000 0.50000
vt 0.50000 0.50000
vt 0.50000 0.50000
vt 0.50000 0.50000
vt 0.50000 0.50000
vt 0.50000 0.50000
vt 0.50000 0.50000
vt 0.50000 0.50000
vt 0.50000 0.50000
vt 0.50000 0.50000
vt 0.50000 0.50000
vt 1.00000 0.50000
vt 0.96194 0.30866
vt 0.85355 0.14645
vt 0.69134 0.03806
vt 0.50000 0.00000
vt 0.30866 0.03806
vt 0.14645 0.14645
vt 0.03806 0.30866
vt 0.00000 0.50000
vt 0.03806 0.69134
vt 0.14645 0.85355
vt 0.30866 0.96194
vt 0.50000 1.00000
vt 0.69134 0.96194
vt 0.85355 0.85355
vt 0.96194 0.69134
vt 1.00000 0.50000
f 3338/3338 3355/3355 3339/3339
f 3355/3355 3356/3356 3339/3339
f 3339/3339 3356/3356 3340/3340
f 3356/3356 3357/3357 3340/3340
f 3340/3340 3357/3357 3341/3341
f 3357/3357 3358/3358 3341/3341
f 3341/3341 3358/3358 3342/3342
f 3358/3358 3359/3359 3342/3342
f 3342/3342 3359/3359 3343/3343
f 3359/3359 3360/3360 3343/3343
f 3343/3343 3360/3360 3344/3344
f 3360/3360 3361/3361 3344/3344
f 3344/3344 3361/3361 3345/3345
f 3361/3361 3362/3362 3345/3345
f 3345/3345 3362/3362 3346/3346
f 3362/3362 3363/3363 3346/3346
f 3346/3346 3363/3363 3347/3347
f 3363/3363 3364/3364 3347/3347
f 3347/3347 3364/3364 3348/3348
f 3364/3364 3365/3365 3348/3348
f 3348/3348 3365/3365 3349/3349
f 3365/3365 3366/3366 3349/3349
f 3349/3349 3366/3366 3350/3350
f 3366/3366 3367/3367 3350/3350
f 3350/3350 3367/3367 3351/3351
f 3367/3367 3368/3368 3351/3351
f 3351/3351 3368/3368 3352/3352
f 3368/3368 3369/3369 3352/3352
f 3352/3352 3369/3369 3353/3353
f 3369/3369 3370/3370 3353/3353
f 3353/3353 3370/3370 3354/3354
f 3370/3370 3371/3371 3354/3354
f 3388/3388 3389/3389 3372/3372
f 3389/3389 3390/3390 3373/3373
f 3390/3390 3391/3391 3374/3374
f 3391/3391 3392/3392 3375/3375
f 3392/3392 3393/3393 3376/3376
f 3393/3393 3394/3394 3377/3377
f 3394/3394 3395/3395 3378/3378
f 3395/3395 3396/3396 3379/3379
f 3396/3396 3397/3397 3380/3380
f 3397/3397 3398/3398 3381/3381
f 3398/3398 3399/3399 3382/3382
f 3399/3399 3400/3400 3383/3383
f 3400/3400 3401/3401 3384/3384
f 3401/3401 3402/3402 3385/3385
f 3402/3402 3403/3403 3386/3386
f 3403/3403 3404/3404 3387/3387
f 3422/3422 3421/3421 3405/3405
f 3423/3423 3422/3422 3406/3406
f 3424/3424 3423/3423 3407/3407
f 3425/3425 3424/3424 3408/3408
f 3426/3426 3425/3425 3409/3409
f 3427/3427 3426/3426 3410/3410
f 3428/3428 3427/3427 3411/3411
f 3429/3429 3428/3428 3412/3412
f 3430/3430 3429/3429 3413/3413
f 3431/3431 3430/3430 3414/3414
f 3432/3432 3431/3431 3415/3415
f 3433/3433 3432/3432 3416/3416
f 3434/3434 3433/3433 3417/3417
f 3435/3435 3434/3434 3418/3418
f 3436/3436 3435/3435 3419/3419
f 3437/3437 3436/3436 3420/3420
v 24.000 2.000 51.000
v 24.000 2.000 51.000
v 24.000 2.000 51.000
v 24.000 2.000 51.000
v 24.000 2.000 51.000
v 24.000 2.000 51.000
v 24.000 2.000 51.000
v 24.000 2.000 51.000
v 24.000 2.000 51.000
v 24.000 2.000 51.000
v 24.000 2.000 51.000
v 24.000 2.000 51.000
v 24.000 2.000 51.000
v 24.000 2.000 51.000
v 24.000 2.000 51.000
v 24.000 2.000 51.000
v 24.000 2.000 51.000
v 24.000 2.000 51.000
v 24.000 2.000 51.000
v 24.000 2.000 51.000
v 24.000 2.000 51.000
v 24.000 2.000 51.000
v 24.000 2.000 51.000
v 24.000 2.000 51.000
v 24.000 2.000 51.000
v 24.000 2.000 51.000
v 24.000 2.000 51.000
v 24.000 2.000 51.000
v 24.000 2.000 51.000
v 24.000 2.000 51.000
v 24.000 2.000 51.000
v 24.000 2.000 51.000
v 24.000 2.000 51.000
v 23.046 2.000 50.920
v 23.064 1.811 50.920
v 23.118 1.629 50.920
v 23.207 1.461 50.920
v 23.325 1.314 50.920
v 23.470 1.194 50.920
v 23.635 1.104 50.920
v 23.814 1.049 50.920
v 24.000 1.030 50.920
v 24.186 1.049 50.920
v 24.365 1.104 50.920
v 24.530 1.194 50.920
v 24.675 1.314 50.920
v 24.793 1.461 50.920
v 24.882 1.629 50.920
v 24.936 1.811 50.920
v 24.954 2.000 50.920
v 24.936 2.189 50.920
v 24.882 2.371 50.920
v 24.793 2.539 50.920
v 24.675 2.686 50.920
v 24.530 2.806 50.920
v 24.365 2.896 50.920
v 24.186 2.951 50.920
v 24.000 2.970 50.920
v 23.814 2.951 50.920
v 23.635 2.896 50.920
v 23.470 2.806 50.920
v 23.325 2.686 50.920
v 23.207 2.539 50.920
v 23.118 2.371 50.920
v 23.064 2.189 50.920
v 23.046 2.000 50.920
v 22.115 2.000 50.682
v 22.151 1.626 50.682
v 22.258 1.267 50.682
v 22.433 0.936 50.682
v 22.667 0.645 50.682
v 22.953 0.407 50.682
v 23.279 0.230 50.682
v 23.632 0.121 50.682
v 24.000 0.084 50.682
v 24.368 0.121 50.682
v 24.721 0.230 50.682
v 25.047 0.407 50.682
v 25.333 0.645 50.682
v 25.567 0.936 50.682
v 25.742 1.267 50.682
v 25.849 1.626 50.682
v 25.885 2.000 50.682
v 25.849 2.374 50.682
v 25.742 2.733 50.682
v 25.567 3.064 50.682
v 25.333 3.355 50.682
v 25.047 3.593 50.682
v 24.721 3.770 50.682
v 24.368 3.879 50.682
v 24.000 3.916 50.682
v 23.632 3.879 50.682
v 23.279 3.770 50.682
v 22.953 3.593 50.682
v 22.667 3.355 50.682
v 22.433 3.064 50.682
v 22.258 2.733 50.682
v 22.151 2.374 50.682
v 22.115 2.000 50.682
v 21.231 2.000 50.292
v 21.284 1.451 50.292
v 21.441 0.923 50.292
v 21.697 0.436 50.292
v 22.042 0.010 50.292
v 22.461 -0.340 50.292
v 22.940 -0.600 50.292
v 23.460 -0.761 50.292
v 24.000 -0.815 50.292
v 24.540 -0.761 50.292
v 25.060 -0.600 50.292
v 25.539 -0.340 50.292
v 25.958 0.010 50.292
v 26.303 0.436 50.292
v 26.559 0.923 50.292
v 26.716 1.451 50.292
v 26.769 2.000 50.292
v 26.716 2.549 50.292
v 26.559 3.077 50.292
v 26.303 3.564 50.292
v 25.958 3.990 50.292
v 25.539 4.340 50.292
v 25.060 4.600 50.292
v 24.540 4.761 50.292
v 24.000 4.815 50.292
v 23.460 4.761 50.292
v 22.940 4.600 50.292
v 22.461 4.340 50.292
v 22.042 3.990 50.292
v 21.697 3.564 50.292
v 21.441 3.077 50.292
v 21.284 2.549 50.292
v 21.231 2.000 50.292
v 20.415 2.000 49.759
v 20.483 1.289 49.759
v 20.687 0.605 49.759
v 21.019 -0.025 49.759
v 21.465 -0.577 49.759
v 22.008 -1.030 49.759
v 22.628 -1.367 49.759
v 23.301 -1.574 49.759
v 24.000 -1.644 49.759
v 24.699 -1.574 49.759
v 25.372 -1.367 49.759
v 25.992 -1.030 49.759
v 26.535 -0.577 49.759
v 26.981 -0.025 49.759
v 27.313 0.605 49.759
v 27.517 1.289 49.759
v 27.585 2.000 49.759
v 27.517 2.711 49.759
v 27.313 3.395 49.759
v 26.981 4.025 49.759
v 26.535 4.577 49.759
v 25.992 5.030 49.759
v 25.372 5.367 49.759
v 24.699 5.574 49.759
v 24.000 5.644 49.759
v 23.301 5.574 49.759
v 22.628 5.367 49.759
v 22.008 5.030 49.759
v 21.465 4.577 49.759
v 21.019 4.025 49.759
v 20.687 3.395 49.759
v 20.483 2.711 49.759
v 20.415 2.000 49.759
v 19.687 2.000 49.096
v 19.770 1.145 49.096
v 20.015 0.322 49.096
v 20.414 -0.436 49.096
v 20.950 -1.100 49.096
v 21.604 -1.645 49.096
v 22.349 -2.050 49.096
v 23.159 -2.300 49.096
v 24.000 -2.384 49.096
v 24.841 -2.300 49.096
v 25.651 -2.050 49.096
v 26.396 -1.645 49.096
v 27.050 -1.100 49.096
v 27.586 -0.436 49.096
v 27.985 0.322 49.096
v 28.230 1.145 49.096
v 28.313 2.000 49.096
v 28.230 2.855 49.096
v 27.985 3.678 49.096
v 27.586 4.436 49.096
v 27.050 5.100 49.096
v 26.396 5.645 49.096
v 25.651 6.050 49.096
v 24.841 6.300 49.096
v 24.000 6.384 49.096
v 23.159 6.300 49.096
v 22.349 6.050 49.096
v 21.604 5.645 49.096
v 20.950 5.100 49.096
v 20.414 4.436 49.096
v 20.015 3.678 49.096
v 19.770 2.855 49.096
v 19.687 2.000 49.096
v 19.065 2.000 48.321
v 19.160 1.021 48.321
v 19.441 0.080 48.321
v 19.897 -0.787 48.321
v 20.510 -1.547 48.321
v 21.258 -2.171 48.321
v 22.111 -2.634 48.321
v 23.037 -2.920 48.321
v 24.000 -3.016 48.321
v 24.963 -2.920 48.321
v 25.889 -2.634 48.321
v 26.742 -2.171 48.321
v 27.490 -1.547 48.321
v 28.103 -0.787 48.321
v 28.559 0.080 48.321
v 28.840 1.021 48.321
v 28.935 2.000 48.321
v 28.840 2.979 48.321
v 28.559 3.920 48.321
v 28.103 4.787 48.321
v 27.490 5.547 48.321
v 26.742 6.171 48.321
v 25.889 6.634 48.321
v 24.963 6.920 48.321
v 24.000 7.016 48.321
v 23.037 6.920 48.321
v 22.111 6.634 48.321
v 21.258 6.171 48.321
v 20.510 5.547 48.321
v 19.897 4.787 48.321
v 19.441 3.920 48.321
v 19.160 2.979 48.321
v 19.065 2.000 48.321
v 18.565 2.000 47.451
v 18.669 0.922 47.451
v 18.979 -0.114 47.451
v 19.481 -1.069 47.451
v 20.157 -1.906 47.451
v 20.980 -2.593 47.451
v 21.920 -3.104 47.451
v 22.940 -3.418 47.451
v 24.000 -3.524 47.451
v 25.060 -3.418 47.451
v 26.080 -3.104 47.451
v 27.020 -2.593 47.451
v 27.843 -1.906 47.451
v 28.519 -1.069 47.451
v 29.021 -0.114 47.451
v 29.331 0.922 47.451
v 29.435 2.000 47.451
v 29.331 3.078 47.451
v 29.021 4.114 47.451
v 28.519 5.069 47.451
v 27.843 5.906 47.451
v 27.020 6.593 47.451
v 26.080 7.104 47.451
v 25.060 7.418 47.451
v 24.000 7.524 47.451
v 22.940 7.418 47.451
v 21.920 7.104 47.451
v 20.980 6.593 47.451
v 20.157 5.906 47.451
v 19.481 5.069 47.451
v 18.979 4.114 47.451
v 18.669 3.078 47.451
v 18.565 2.000 47.451
v 18.199 2.000 46.509
v 18.310 0.850 46.509
v 18.640 -0.257 46.509
v 19.176 -1.276 46.509
v 19.898 -2.169 46.509
v 20.777 -2.903 46.509
v 21.780 -3.448 46.509
v 22.868 -3.783 46.509
v 24.000 -3.897 46.509
v 25.132 -3.783 46.509
v 26.220 -3.448 46.509
v 27.223 -2.903 46.509
v 28.102 -2.169 46.509
v 28.824 -1.276 46.509
v 29.360 -0.257 46.509
v 29.690 0.850 46.509
v 29.801 2.000 46.509
v 29.690 3.150 46.509
v 29.360 4.257 46.509
v 28.824 5.276 46.509
v 28.102 6.169 46.509
v 27.223 6.903 46.509
v 26.220 7.448 46.509
v 25.132 7.783 46.509
v 24.000 7.897 46.509
v 22.868 7.783 46.509
v 21.780 7.448 46.509
v 20.777 6.903 46.509
v 19.898 6.169 46.509
v 19.176 5.276 46.509
v 18.640 4.257 46.509
v 18.310 3.150 46.509
v 18.199 2.000 46.509
v 17.975 2.000 45.517
v 18.091 0.805 45.517
v 18.434 -0.343 45.517
v 18.990 -1.402 45.517
v 19.740 -2.330 45.517
v 20.653 -3.092 45.517
v 21.694 -3.658 45.517
v 22.825 -4.006 45.517
v 24.000 -4.124 45.517
v 25.175 -4.006 45.517
v 26.306 -3.658 45.517
v 27.347 -3.092 45.517
v 28.260 -2.330 45.517
v 29.010 -1.402 45.517
v 29.566 -0.343 45.517
v 29.909 0.805 45.517
v 30.025 2.000 45.517
v 29.909 3.195 45.517
v 29.566 4.343 45.517
v 29.010 5.402 45.517
v 28.260 6.330 45.517
v 27.347 7.092 45.517
v 26.306 7.658 45.517
v 25.175 8.006 45.517
v 24.000 8.124 45.517
v 22.825 8.006 45.517
v 21.694 7.658 45.517
v 20.653 7.092 45.517
v 19.740 6.330 45.517
v 18.990 5.402 45.517
v 18.434 4.343 45.517
v 18.091 3.195 45.517
v 17.975 2.000 45.517
v 17.900 2.000 44.500
v 18.017 0.790 44.500
v 18.364 -0.373 44.500
v 18.928 -1.445 44.500
v 19.687 -2.384 44.500
v 20.611 -3.155 44.500
v 21.666 -3.728 44.500
v 22.810 -4.081 44.500
v 24.000 -4.200 44.500
v 25.190 -4.081 44.500
v 26.334 -3.728 44.500
v 27.389 -3.155 44.500
v 28.313 -2.384 44.500
v 29.072 -1.445 44.500
v 29.636 -0.373 44.500
v 29.983 0.790 44.500
v 30.100 2.000 44.500
v 29.983 3.210 44.500
v 29.636 4.373 44.500
v 29.072 5.445 44.500
v 28.313 6.384 44.500
v 27.389 7.155 44.500
v 26.334 7.728 44.500
v 25.190 8.081 44.500
v 24.000 8.200 44.500
v 22.810 8.081 44.500
v 21.666 7.728 44.500
v 20.611 7.155 44.500
v 19.687 6.384 44.500
v 18.928 5.445 44.500
v 18.364 4.373 44.500
v 18.017 3.210 44.500
v 17.900 2.000 44.500
v 17.975 2.000 43.483
v 18.091 0.805 43.483
v 18.434 -0.343 43.483
v 18.990 -1.402 43.483
v 19.740 -2.330 43.483
v 20.653 -3.092 43.483
v 21.694 -3.658 43.483
v 22.825 -4.006 43.483
v 24.000 -4.124 43.483
v 25.175 -4.006 43.483
v 26.306 -3.658 43.483
v 27.347 -3.092 43.483
v 28.260 -2.330 43.483
v 29.010 -1.402 43.483
v 29.566 -0.343 43.483
v 29.909 0.805 43.483
v 30.025 2.000 43.483
v 29.909 3.195 43.483
v 29.566 4.343 43.483
v 29.010 5.402 43.483
v 28.260 6.330 43.483
v 27.347 7.092 43.483
v 26.306 7.658 43.483
v 25.175 8.006 43.483
v 24.000 8.124 43.483
v 22.825 8.006 43.483
v 21.694 7.658 43.483
v 20.653 7.092 43.483
v 19.740 6.330 43.483
v 18.990 5.402 43.483
v 18.434 4.343 43.483
v 18.091 3.195 43.483
v 17.975 2.000 43.483
v 18.199 2.000 42.491
v 18.310 0.850 42.491
v 18.640 -0.257 42.491
v 19.176 -1.276 42.491
v 19.898 -2.169 42.491
v 20.777 -2.903 42.491
v 21.780 -3.448 42.491
v 22.868 -3.783 42.491
v 24.000 -3.897 42.491
v 25.132 -3.783 42.491
v 26.220 -3.448 42.491
v 27.223 -2.903 42.491
v 28.102 -2.169 42.491
v 28.824 -1.276 42.491
v 29.360 -0.257 42.491
v 29.690 0.850 42.491
v 29.801 2.000 42.491
v 29.690 3.150 42.491
v 29.360 4.257 42.491
v 28.824 5.276 42.491
v 28.102 6.169 42.491
v 27.223 6.903 42.491
v 26.220 7.448 42.491
v 25.132 7.783 42.491
v 24.000 7.897 42.491
v 22.868 7.783 42.491
v 21.780 7.448 42.491
v 20.777 6.903 42.491
v 19.898 6.169 42.491
v 19.176 5.276 42.491
v 18.640 4.257 42.491
v 18.310 3.150 42.491
v 18.199 2.000 42.491
v 18.565 2.000 41.549
v 18.669 0.922 41.549
v 18.979 -0.114 41.549
v 19.481 -1.069 41.549
v 20.157 -1.906 41.549
v 20.980 -2.593 41.549
v 21.920 -3.104 41.549
v 22.940 -3.418 41.549
v 24.000 -3.524 41.549
v 25.060 -3.418 41.549
v 26.080 -3.104 41.549
v 27.020 -2.593 41.549
v 27.843 -1.906 41.549
v 28.519 -1.069 41.549
v 29.021 -0.114 41.549
v 29.331 0.922 41.549
v 29.435 2.000 41.549
v 29.331 3.078 41.549
v 29.021 4.114 41.549
v 28.519 5.069 41.549
v 27.843 5.906 41.549
v 27.020 6.593 41.549
v 26.080 7.104 41.549
v 25.060 7.418 41.549
v 24.000 7.524 41.549
v 22.940 7.418 41.549
v 21.920 7.104 41.549
v 20.980 6.593 41.549
v 20.157 5.906 41.549
v 19.481 5.069 41.549
v 18.979 4.114 41.549
v 18.669 3.078 41.549
v 18.565 2.000 41.549
v 19.065 2.000 40.679
v 19.160 1.021 40.679
v 19.441 0.080 40.679
v 19.897 -0.787 40.679
v 20.510 -1.547 40.679
v 21.258 -2.171 40.679
v 22.111 -2.634 40.679
v 23.037 -2.920 40.679
v 24.000 -3.016 40.679
v 24.963 -2.920 40.679
v 25.889 -2.634 40.679
v 26.742 -2.171 40.679
v 27.490 -1.547 40.679
v 28.103 -0.787 40.679
v 28.559 0.080 40.679
v 28.840 1.021 40.679
v 28.935 2.000 40.679
v 28.840 2.979 40.679
v 28.559 3.920 40.679
v 28.103 4.787 40.679
v 27.490 5.547 40.679
v 26.742 6.171 40.679
v 25.889 6.634 40.679
v 24.963 6.920 40.679
v 24.000 7.016 40.679
v 23.037 6.920 40.679
v 22.111 6.634 40.679
v 21.258 6.171 40.679
v 20.510 5.547 40.679
v 19.897 4.787 40.679
v 19.441 3.920 40.679
v 19.160 2.979 40.679
v 19.065 2.000 40.679
v 19.687 2.000 39.904
v 19.770 1.145 39.904
v 20.015 0.322 39.904
v 20.414 -0.436 39.904
v 20.950 -1.100 39.904
v 21.604 -1.645 39.904
v 22.349 -2.050 39.904
v 23.159 -2.300 39.904
v 24.000 -2.384 39.904
v 24.841 -2.300 39.904
v 25.651 -2.050 39.904
v 26.396 -1.645 39.904
v 27.050 -1.100 39.904
v 27.586 -0.436 39.904
v 27.985 0.322 39.904
v 28.230 1.145 39.904
v 28.313 2.000 39.904
v 28.230 2.855 39.904
v 27.985 3.678 39.904
v 27.586 4.436 39.904
v 27.050 5.100 39.904
v 26.396 5.645 39.904
v 25.651 6.050 39.904
v 24.841 6.300 39.904
v 24.000 6.384 39.904
v 23.159 6.300 39.904
v 22.349 6.050 39.904
v 21.604 5.645 39.904
v 20.950 5.100 39.904
v 20.414 4.436 39.904
v 20.015 3.678 39.904
v 19.770 2.855 39.904
v 19.687 2.000 39.904
v 20.415 2.000 39.241
v 20.483 1.289 39.241
v 20.687 0.605 39.241
v 21.019 -0.025 39.241
v 21.465 -0.577 39.241
v 22.008 -1.030 39.241
v 22.628 -1.367 39.241
v 23.301 -1.574 39.241
v 24.000 -1.644 39.241
v 24.699 -1.574 39.241
v 25.372 -1.367 39.241
v 25.992 -1.030 39.241
v 26.535 -0.577 39.241
v 26.981 -0.025 39.241
v 27.313 0.605 39.241
v 27.517 1.289 39.241
v 27.585 2.000 39.241
v 27.517 2.711 39.241
v 27.313 3.395 39.241
v 26.981 4.025 39.241
v 26.535 4.577 39.241
v 25.992 5.030 39.241
v 25.372 5.367 39.241
v 24.699 5.574 39.241
v 24.000 5.644 39.241
v 23.301 5.574 39.241
v 22.628 5.367 39.241
v 22.008 5.030 39.241
v 21.465 4.577 39.241
v 21.019 4.025 39.241
v 20.687 3.395 39.241
v 20.483 2.711 39.241
v 20.415 2.000 39.241
v 21.231 2.000 38.708
v 21.284 1.451 38.708
v 21.441 0.923 38.708
v 21.697 0.436 38.708
v 22.042 0.010 38.708
v 22.461 -0.340 38.708
v 22.940 -0.600 38.708
v 23.460 -0.761 38.708
v 24.000 -0.815 38.708
v 24.540 -0.761 38.708
v 25.060 -0.600 38.708
v 25.539 -0.340 38.708
v 25.958 0.010 38.708
v 26.303 0.436 38.708
v 26.559 0.923 38.708
v 26.716 1.451 38.708
v 26.769 2.000 38.708
v 26.716 2.549 38.708
v 26.559 3.077 38.708
v 26.303 3.564 38.708
v 25.958 3.990 38.708
v 25.539 4.340 38.708
v 25.060 4.600 38.708
v 24.540 4.761 38.708
v 24.000 4.815 38.708
v 23.460 4.761 38.708
v 22.940 4.600 38.708
v 22.461 4.340 38.708
v 22.042 3.990 38.708
v 21.697 3.564 38.708
v 21.441 3.077 38.708
v 21.284 2.549 38.708
v 21.231 2.000 38.708
v 22.115 2.000 38.318
v 22.151 1.626 38.318
v 22.258 1.267 38.318
v 22.433 0.936 38.318
v 22.667 0.645 38.318
v 22.953 0.407 38.318
v 23.279 0.230 38.318
v 23.632 0.121 38.318
v 24.000 0.084 38.318
v 24.368 0.121 38.318
v 24.721 0.230 38.318
v 25.047 0.407 38.318
v 25.333 0.645 38.318
v 25.567 0.936 38.318
v 25.742 1.267 38.318
v 25.849 1.626 38.318
v 25.885 2.000 38.318
v 25.849 2.374 38.318
v 25.742 2.733 38.318
v 25.567 3.064 38.318
v 25.333 3.355 38.318
v 25.047 3.593 38.318
v 24.721 3.770 38.318
v 24.368 3.879 38.318
v 24.000 3.916 38.318
v 23.632 3.879 38.318
v 23.279 3.770 38.318
v 22.953 3.593 38.318
v 22.667 3.355 38.318
v 22.433 3.064 38.318
v 22.258 2.733 38.318
v 22.151 2.374 38.318
v 22.115 2.000 38.318
v 23.046 2.000 38.080
v 23.064 1.811 38.080
v 23.118 1.629 38.080
v 23.207 1.461 38.080
v 23.325 1.314 38.080
v 23.470 1.194 38.080
v 23.635 1.104 38.080
v 23.814 1.049 38.080
v 24.000 1.030 38.080
v 24.186 1.049 38.080
v 24.365 1.104 38.080
v 24.530 1.194 38.080
v 24.675 1.314 38.080
v 24.793 1.461 38.080
v 24.882 1.629 38.080
v 24.936 1.811 38.080
v 24.954 2.000 38.080
v 24.936 2.189 38.080
v 24.882 2.371 38.080
v 24.793 2.539 38.080
v 24.675 2.686 38.080
v 24.530 2.806 38.080
v 24.365 2.896 38.080
v 24.186 2.951 38.080
v 24.000 2.970 38.080
v 23.814 2.951 38.080
v 23.635 2.896 38.080
v 23.470 2.806 38.080
v 23.325 2.686 38.080
v 23.207 2.539 38.080
v 23.118 2.371 38.080
v 23.064 2.189 38.080
v 23.046 2.000 38.080
v 24.000 2.000 38.000
v 24.000 2.000 38.000
v 24.000 2.000 38.000
v 24.000 2.000 38.000
v 24.000 2.000 38.000
v 24.000 2.000 38.000
v 24.000 2.000 38.000
v 24.000 2.000 38.000
v 24.000 2.000 38.000
v 24.000 2.000 38.000
v 24.000 2.000 38.000
v 24.000 2.000 38.000
v 24.000 2.000 38.000
v 24.000 2.000 38.000
v 24.000 2.000 38.000
v 24.000 2.000 38.000
v 24.000 2.000 38.000
v 24.000 2.000 38.000
v 24.000 2.000 38.000
v 24.000 2.000 38.000
v 24.000 2.000 38.000
v 24.000 2.000 38.000
v 24.000 2.000 38.000
v 24.000 2.000 38.000
v 24.000 2.000 38.000
v 24.000 2.000 38.000
v 24.000 2.000 38.000
v 24.000 2.000 38.000
v 24.000 2.000 38.000
v 24.000 2.000 38.000
v 24.000 2.000 38.000
v 24.000 2.000 38.000
v 24.000 2.000 38.000
vt 0.01563 1.00000
vt 0.04688 1.00000
vt 0.07813 1.00000
vt 0.10938 1.00000
vt 0.14063 1.00000
vt 0.17188 1.00000
vt 0.20313 1.00000
vt 0.23438 1.00000
vt 0.26563 1.00000
vt 0.29688 1.00000
vt 0.32813 1.00000
vt 0.35938 1.00000
vt 0.39063 1.00000
vt 0.42188 1.00000
vt 0.45313 1.00000
vt 0.48438 1.00000
vt 0.51563 1.00000
vt 0.54688 1.00000
vt 0.57813 1.00000
vt 0.60938 1.00000
vt 0.64063 1.00000
vt 0.67188 1.00000
vt 0.70313 1.00000
vt 0.73438 1.00000
vt 0.76563 1.00000
vt 0.79688 1.00000
vt 0.82813 1.00000
vt 0.85938 1.00000
vt 0.89063 1.00000
vt 0.92188 1.00000
vt 0.95313 1.00000
vt 0.98438 1.00000
vt 1.01563 1.00000
vt 0.00000 0.95000
vt 0.03125 0.95000
vt 0.06250 0.95000
vt 0.09375 0.95000
vt 0.12500 0.95000
vt 0.15625 0.95000
vt 0.18750 0.95000
vt 0.21875 0.95000
vt 0.25000 0.95000
vt 0.28125 0.95000
vt 0.31250 0.95000
vt 0.34375 0.95000
vt 0.37500 0.95000
vt 0.40625 0.95000
vt 0.43750 0.95000
vt 0.46875 0.95000
vt 0.50000 0.95000
vt 0.53125 0.95000
vt 0.56250 0.95000
vt 0.59375 0.95000
vt 0.62500 0.95000
vt 0.65625 0.95000
vt 0.68750 0.95000
vt 0.71875 0.95000
vt 0.75000 0.95000
vt 0.78125 0.95000
vt 0.81250 0.95000
vt 0.84375 0.95000
vt 0.87500 0.95000
vt 0.90625 0.95000
vt 0.93750 0.95000
vt 0.96875 0.95000
vt 1.00000 0.95000
vt 0.00000 0.90000
vt 0.03125 0.90000
vt 0.06250 0.90000
vt 0.09375 0.90000
vt 0.12500 0.90000
vt 0.15625 0.90000
vt 0.18750 0.90000
vt 0.21875 0.90000
vt 0.25000 0.90000
vt 0.28125 0.90000
vt 0.31250 0.90000
vt 0.34375 0.90000
vt 0.37500 0.90000
vt 0.40625 0.90000
vt 0.43750 0.90000
vt 0.46875 0.90000
vt 0.50000 0.90000
vt 0.53125 0.90000
vt 0.56250 0.90000
vt 0.59375 0.90000
vt 0.62500 0.90000
vt 0.65625 0.90000
vt 0.68750 0.90000
vt 0.71875 0.90000
vt 0.75000 0.90000
vt 0.78125 0.90000
vt 0.81250 0.90000
vt 0.84375 0.90000
vt 0.87500 0.90000
vt 0.90625 0.90000
vt 0.93750 0.90000
vt 0.96875 0.90000
vt 1.00000 0.90000
vt 0.00000 0.85000
vt 0.03125 0.85000
vt 0.06250 0.85000
vt 0.09375 0.85000
vt 0.12500 0.85000
vt 0.15625 0.85000
vt 0.18750 0.85000
vt 0.21875 0.85000
vt 0.25000 0.85000
vt 0.28125 0.85000
vt 0.31250 0.85000
vt 0.34375 0.85000
vt 0.37500 0.85000
vt 0.40625 0.85000
vt 0.43750 0.85000
vt 0.46875 0.85000
vt 0.50000 0.85000
vt 0.53125 0.85000
vt 0.56250 0.85000
vt 0.59375 0.85000
vt 0.62500 0.85000
vt 0.65625 0.85000
vt 0.68750 0.85000
vt 0.71875 0.85000
vt 0.75000 0.85000
vt 0.78125 0.85000
vt 0.81250 0.85000
vt 0.84375 0.85000
vt 0.87500 0.85000
vt 0.90625 0.85000
vt 0.93750 0.85000
vt 0.96875 0.85000
vt 1.00000 0.85000
vt 0.00000 0.80000
vt 0.03125 0.80000
vt 0.06250 0.80000
vt 0.09375 0.80000
vt 0.12500 0.80000
vt 0.15625 0.80000
vt 0.18750 0.80000
vt 0.21875 0.80000
vt 0.25000 0.80000
vt 0.28125 0.80000
vt 0.31250 0.80000
vt 0.34375 0.80000
vt 0.37500 0.80000
vt 0.40625 0.80000
vt 0.43750 0.80000
vt 0.46875 0.80000
vt 0.50000 0.80000
vt 0.53125 0.80000
vt 0.56250 0.80000
vt 0.59375 0.80000
vt 0.62500 0.80000
vt 0.65625 0.80000
vt 0.68750 0.80000
vt 0.71875 0.80000
vt 0.75000 0.80000
vt 0.78125 0.80000
vt 0.81250 0.80000
vt 0.84375 0.80000
vt 0.87500 0.80000
vt 0.90625 0.80000
vt 0.93750 0.80000
vt 0.96875 0.80000
vt 1.00000 0.80000
vt 0.00000 0.75000
vt 0.03125 0.75000
vt 0.06250 0.75000
vt 0.09375 0.75000
vt 0.12500 0.75000
vt 0.15625 0.75000
vt 0.18750 0.75000
vt 0.21875 0.75000
vt 0.25000 0.75000
vt 0.28125 0.75000
vt 0.31250 0.75000
vt 0.34375 0.75000
vt 0.37500 0.75000
vt 0.40625 0.75000
vt 0.43750 0.75000
vt 0.46875 0.75000
vt 0.50000 0.75000
vt 0.53125 0.75000
vt 0.56250 0.75000
vt 0.59375 0.75000
vt 0.62500 0.75000
vt 0.65625 0.75000
vt 0.68750 0.75000
vt 0.71875 0.75000
vt 0.75000 0.75000
vt 0.78125 0.75000
vt 0.81250 0.75000
vt 0.84375 0.75000
vt 0.87500 0.75000
vt 0.90625 0.75000
vt 0.93750 0.75000
vt 0.96875 0.75000
vt 1.00000 0.75000
vt 0.00000 0.70000
vt 0.03125 0.70000
vt 0.06250 0.70000
vt 0.09375 0.70000
vt 0.12500 0.70000
vt 0.15625 0.70000
vt 0.18750 0.70000
vt 0.21875 0.70000
vt 0.25000 0.70000
vt 0.28125 0.70000
vt 0.31250 0.70000
vt 0.34375 0.70000
vt 0.37500 0.70000
vt 0.40625 0.70000
vt 0.43750 0.70000
vt 0.46875 0.70000
vt 0.50000 0.70000
vt 0.53125 0.70000
vt 0.56250 0.70000
vt 0.59375 0.70000
vt 0.62500 0.70000
vt 0.65625 0.70000
vt 0.68750 0.70000
vt 0.71875 0.70000
vt 0.75000 0.70000
vt 0.78125 0.70000
vt 0.81250 0.70000
vt 0.84375 0.70000
vt 0.87500 0.70000
vt 0.90625 0.70000
vt 0.93750 0.70000
vt 0.96875 0.70000
vt 1.00000 0.70000
vt 0.00000 0.65000
vt 0.03125 0.65000
vt 0.06250 0.65000
vt 0.09375 0.65000
vt 0.12500 0.65000
vt 0.15625 0.65000
vt 0.18750 0.65000
vt 0.21875 0.65000
vt 0.25000 0.65000
vt 0.28125 0.65000
vt 0.31250 0.65000
vt 0.34375 0.65000
vt 0.37500 0.65000
vt 0.40625 0.65000
vt 0.43750 0.65000
vt 0.46875 0.65000
vt 0.50000 0.65000
vt 0.53125 0.65000
vt 0.56250 0.65000
vt 0.59375 0.65000
vt 0.62500 0.65000
vt 0.65625 0.65000
vt 0.68750 0.65000
vt 0.71875 0.65000
vt 0.75000 0.65000
vt 0.78125 0.65000
vt 0.81250 0.65000
vt 0.84375 0.65000
vt 0.87500 0.65000
vt 0.90625 0.65000
vt 0.93750 0.65000
vt 0.96875 0.65000
vt 1.00000 0.65000
vt 0.00000 0.60000
vt 0.03125 0.60000
vt 0.06250 0.60000
vt 0.09375 0.60000
vt 0.12500 0.60000
vt 0.15625 0.60000
vt 0.18750 0.60000
vt 0.21875 0.60000
vt 0.25000 0.60000
vt 0.28125 0.60000
vt 0.31250 0.60000
vt 0.34375 0.60000
vt 0.37500 0.60000
vt 0.40625 0.60000
vt 0.43750 0.60000
vt 0.46875 0.60000
vt 0.50000 0.60000
vt 0.53125 0.60000
vt 0.56250 0.60000
vt 0.59375 0.60000
vt 0.62500 0.60000
vt 0.65625 0.60000
vt 0.68750 0.60000
vt 0.71875 0.60000
vt 0.75000 0.60000
vt 0.78125 0.60000
vt 0.81250 0.60000
vt 0.84375 0.60000
vt 0.87500 0.60000
vt 0.90625 0.60000
vt 0.93750 0.60000
vt 0.96875 0.60000
vt 1.00000 0.60000
vt 0.00000 0.55000
vt 0.03125 0.55000
vt 0.06250 0.55000
vt 0.09375 0.55000
vt 0.12500 0.55000
vt 0.15625 0.55000
vt 0.18750 0.55000
vt 0.21875 0.55000
vt 0.25000 0.55000
vt 0.28125 0.55000
vt 0.31250 0.55000
vt 0.34375 0.55000
vt 0.37500 0.55000
vt 0.40625 0.55000
vt 0.43750 0.55000
vt 0.46875 0.55000
vt 0.50000 0.55000
vt 0.53125 0.55000
vt 0.56250 0.55000
vt 0.59375 0.55000
vt 0.62500 0.55000
vt 0.65625 0.55000
vt 0.68750 0.55000
vt 0.71875 0.55000
vt 0.75000 0.55000
vt 0.78125 0.55000
vt 0.81250 0.55000
vt 0.84375 0.55000
vt 0.87500 0.55000
vt 0.90625 0.55000
vt 0.93750 0.55000
vt 0.96875 0.55000
vt 1.00000 0.55000
vt 0.00000 0.50000
vt 0.03125 0.50000
vt 0.06250 0.50000
vt 0.09375 0.50000
vt 0.12500 0.50000
vt 0.15625 0.50000
vt 0.18750 0.50000
vt 0.21875 0.50000
vt 0.25000 0.50000
vt 0.28125 0.50000
vt 0.31250 0.50000
vt 0.34375 0.50000
vt 0.37500 0.50000
vt 0.40625 0.50000
vt 0.43750 0.50000
vt 0.46875 0.50000
vt 0.50000 0.50000
vt 0.53125 0.50000
vt 0.56250 0.50000
vt 0.59375 0.50000
vt 0.62500 0.50000
vt 0.65625 0.50000
vt 0.68750 0.50000
vt 0.71875 0.50000
vt 0.75000 0.50000
vt 0.78125 0.50000
vt 0.81250 0.50000
vt 0.84375 0.50000
vt 0.87500 0.50000
vt 0.90625 0.50000
vt 0.93750 0.50000
vt 0.96875 0.50000
vt 1.00000 0.50000
vt 0.00000 0.45000
vt 0.03125 0.45000
vt 0.06250 0.45000
vt 0.09375 0.45000
vt 0.12500 0.45000
vt 0.15625 0.45000
vt 0.18750 0.45000
vt 0.21875 0.45000
vt 0.25000 0.45000
vt 0.28125 0.45000
vt 0.31250 0.45000
vt 0.34375 0.45000
vt 0.37500 0.45000
vt 0.40625 0.45000
vt 0.43750 0.45000
vt 0.46875 0.45000
vt 0.50000 0.45000
vt 0.53125 0.45000
vt 0.56250 0.45000
vt 0.59375 0.45000
vt 0.62500 0.45000
vt 0.65625 0.45000
vt 0.68750 0.45000
vt 0.71875 0.45000
vt 0.75000 0.45000
vt 0.78125 0.45000
vt 0.81250 0.45000
vt 0.84375 0.45000
vt 0.87500 0.45000
vt 0.90625 0.45000
vt 0.93750 0.45000
vt 0.96875 0.45000
vt 1.00000 0.45000
vt 0.00000 0.40000
vt 0.03125 0.40000
vt 0.06250 0.40000
vt 0.09375 0.40000
vt 0.12500 0.40000
vt 0.15625 0.40000
vt 0.18750 0.40000
vt 0.21875 0.40000
vt 0.25000 0.40000
vt 0.28125 0.40000
vt 0.31250 0.40000
vt 0.34375 0.40000
vt 0.37500 0.40000
vt 0.40625 0.40000
vt 0.43750 0.40000
vt 0.46875 0.40000
vt 0.50000 0.40000
vt 0.53125 0.40000
vt 0.56250 0.40000
vt 0.59375 0.40000
vt 0.62500 0.40000
vt 0.65625 0.40000
vt 0.68750 0.40000
vt 0.71875 0.40000
vt 0.75000 0.40000
vt 0.78125 0.40000
vt 0.81250 0.40000
vt 0.84375 0.40000
vt 0.87500 0.40000
vt 0.90625 0.40000
vt 0.93750 0.40000
vt 0.96875 0.40000
vt 1.00000 0.40000
vt 0.00000 0.35000
vt 0.03125 0.35000
vt 0.06250 0.35000
vt 0.09375 0.35000
vt 0.12500 0.35000
vt 0.15625 0.35000
vt 0.18750 0.35000
vt 0.21875 0.35000
vt 0.25000 0.35000
vt 0.28125 0.35000
vt 0.31250 0.35000
vt 0.34375 0.35000
vt 0.37500 0.35000
vt 0.40625 0.35000
vt 0.43750 0.35000
vt 0.46875 0.35000
vt 0.50000 0.35000
vt 0.53125 0.35000
vt 0.56250 0.35000
vt 0.59375 0.35000
vt 0.62500 0.35000
vt 0.65625 0.35000
vt 0.68750 0.35000
vt 0.71875 0.35000
vt 0.75000 0.35000
vt 0.78125 0.35000
vt 0.81250 0.35000
vt 0.84375 0.35000
vt 0.87500 0.35000
vt 0.90625 0.35000
vt 0.93750 0.35000
vt 0.96875 0.35000
vt 1.00000 0.35000
vt 0.00000 0.30000
vt 0.03125 0.30000
vt 0.06250 0.30000
vt 0.09375 0.30000
vt 0.12500 0.30000
vt 0.15625 0.30000
vt 0.18750 0.30000
vt 0.21875 0.30000
vt 0.25000 0.30000
vt 0.28125 0.30000
vt 0.31250 0.30000
vt 0.34375 0.30000
vt 0.37500 0.30000
vt 0.40625 0.30000
vt 0.43750 0.30000
vt 0.46875 0.30000
vt 0.50000 0.30000
vt 0.53125 0.30000
vt 0.56250 0.30000
vt 0.59375 0.30000
vt 0.62500 0.30000
vt 0.65625 0.30000
vt 0.68750 0.30000
vt 0.71875 0.30000
vt 0.75000 0.30000
vt 0.78125 0.30000
vt 0.81250 0.30000
vt 0.84375 0.30000
vt 0.87500 0.30000
vt 0.90625 0.30000
vt 0.93750 0.30000
vt 0.96875 0.30000
vt 1.00000 0.30000
vt 0.00000 0.25000
vt 0.03125 0.25000
vt 0.06250 0.25000
vt 0.09375 0.25000
vt 0.12500 0.25000
vt 0.15625 0.25000
vt 0.18750 0.25000
vt 0.21875 0.25000
vt 0.25000 0.25000
vt 0.28125 0.25000
vt 0.31250 0.25000
vt 0.34375 0.25000
vt 0.37500 0.25000
vt 0.40625 0.25000
vt 0.43750 0.25000
vt 0.46875 0.25000
vt 0.50000 0.25000
vt 0.53125 0.25000
vt 0.56250 0.25000
vt 0.59375 0.25000
vt 0.62500 0.25000
vt 0.65625 0.25000
vt 0.68750 0.25000
vt 0.71875 0.25000
vt 0.75000 0.25000
vt 0.78125 0.25000
vt 0.81250 0.25000
vt 0.84375 0.25000
vt 0.87500 0.25000
vt 0.90625 0.25000
vt 0.93750 0.25000
vt 0.96875 0.25000
vt 1.00000 0.25000
vt 0.00000 0.20000
vt 0.03125 0.20000
vt 0.06250 0.20000
vt 0.09375 0.20000
vt 0.12500 0.20000
vt 0.15625 0.20000
vt 0.18750 0.20000
vt 0.21875 0.20000
vt 0.25000 0.20000
vt 0.28125 0.20000
vt 0.31250 0.20000
vt 0.34375 0.20000
vt 0.37500 0.20000
vt 0.40625 0.20000
vt 0.43750 0.20000
vt 0.46875 0.20000
vt 0.50000 0.20000
vt 0.53125 0.20000
vt 0.56250 0.20000
vt 0.59375 0.20000
vt 0.62500 0.20000
vt 0.65625 0.20000
vt 0.68750 0.20000
vt 0.71875 0.20000
vt 0.75000 0.20000
vt 0.78125 0.20000
vt 0.81250 0.20000
vt 0.84375 0.20000
vt 0.87500 0.20000
vt 0.90625 0.20000
vt 0.93750 0.20000
vt 0.96875 0.20000
vt 1.00000 0.20000
vt 0.00000 0.15000
vt 0.03125 0.15000
vt 0.06250 0.15000
vt 0.09375 0.15000
vt 0.12500 0.15000
vt 0.15625 0.15000
vt 0.18750 0.15000
vt 0.21875 0.15000
vt 0.25000 0.15000
vt 0.28125 0.15000
vt 0.31250 0.15000
vt 0.34375 0.15000
vt 0.37500 0.15000
vt 0.40625 0.15000
vt 0.43750 0.15000
vt 0.46875 0.15000
vt 0.50000 0.15000
vt 0.53125 0.15000
vt 0.56250 0.15000
vt 0.59375 0.15000
vt 0.62500 0.15000
vt 0.65625 0.15000
vt 0.68750 0.15000
vt 0.71875 0.15000
vt 0.75000 0.15000
vt 0.78125 0.15000
vt 0.81250 0.15000
vt 0.84375 0.15000
vt 0.87500 0.15000
vt 0.90625 0.15000
vt 0.93750 0.15000
vt 0.96875 0.15000
vt 1.00000 0.15000
vt 0.00000 0.10000
vt 0.03125 0.10000
vt 0.06250 0.10000
vt 0.09375 0.10000
vt 0.12500 0.10000
vt 0.15625 0.10000
vt 0.18750 0.10000
vt 0.21875 0.10000
vt 0.25000 0.10000
vt 0.28125 0.10000
vt 0.31250 0.10000
vt 0.34375 0.10000
vt 0.37500 0.10000
vt 0.40625 0.10000
vt 0.43750 0.10000
vt 0.46875 0.10000
vt 0.50000 0.10000
vt 0.53125 0.10000
vt 0.56250 0.10000
vt 0.59375 0.10000
vt 0.62500 0.10000
vt 0.65625 0.10000
vt 0.68750 0.10000
vt 0.71875 0.10000
vt 0.75000 0.10000
vt 0.78125 0.10000
vt 0.81250 0.10000
vt 0.84375 0.10000
vt 0.87500 0.10000
vt 0.90625 0.10000
vt 0.93750 0.10000
vt 0.96875 0.10000
vt 1.00000 0.10000
vt 0.00000 0.05000
vt 0.03125 0.05000
vt 0.06250 0.05000
vt 0.09375 0.05000
vt 0.12500 0.05000
vt 0.15625 0.05000
vt 0.18750 0.05000
vt 0.21875 0.05000
vt 0.25000 0.05000
vt 0.28125 0.05000
vt 0.31250 0.05000
vt 0.34375 0.05000
vt 0.37500 0.05000
vt 0.40625 0.05000
vt 0.43750 0.05000
vt 0.46875 0.05000
vt 0.50000 0.05000
vt 0.53125 0.05000
vt 0.56250 0.05000
vt 0.59375 0.05000
vt 0.62500 0.05000
vt 0.65625 0.05000
vt 0.68750 0.05000
vt 0.71875 0.05000
vt 0.75000 0.05000
vt 0.78125 0.05000
vt 0.81250 0.05000
vt 0.84375 0.05000
vt 0.87500 0.05000
vt 0.90625 0.05000
vt 0.93750 0.05000
vt 0.96875 0.05000
vt 1.00000 0.05000
vt -0.01563 0.00000
vt 0.01563 0.00000
vt 0.04688 0.00000
vt 0.07813 0.00000
vt 0.10938 0.00000
vt 0.14063 0.00000
vt 0.17188 0.00000
vt 0.20313 0.00000
vt 0.23438 0.00000
vt 0.26563 0.00000
vt 0.29688 0.00000
vt 0.32813 0.00000
vt 0.35938 0.00000
vt 0.39063 0.00000
vt 0.42188 0.00000
vt 0.45313 0.00000
vt 0.48438 0.00000
vt 0.51563 0.00000
vt 0.54688 0.00000
vt 0.57813 0.00000
vt 0.60938 0.00000
vt 0.64063 0.00000
vt 0.67188 0.00000
vt 0.70313 0.00000
vt 0.73438 0.00000
vt 0.76563 0.00000
vt 0.79688 0.00000
vt 0.82813 0.00000
vt 0.85938 0.00000
vt 0.89063 0.00000
vt 0.92188 0.00000
vt 0.95313 0.00000
vt 0.98438 0.00000
f 3438/3438 3471/3471 3472/3472
f 3439/3439 3472/3472 3473/3473
f 3440/3440 3473/3473 3474/3474
f 3441/3441 3474/3474 3475/3475
f 3442/3442 3475/3475 3476/3476
f 3443/3443 3476/3476 3477/3477
f 3444/3444 3477/3477 3478/3478
f 3445/3445 3478/3478 3479/3479
f 3446/3446 3479/3479 3480/3480
f 3447/3447 3480/3480 3481/3481
f 3448/3448 3481/3481 3482/3482
f 3449/3449 3482/3482 3483/3483
f 3450/3450 3483/3483 3484/3484
f 3451/3451 3484/3484 3485/3485
f 3452/3452 3485/3485 3486/3486
f 3453/3453 3486/3486 3487/3487
f 3454/3454 3487/3487 3488/3488
f 3455/3455 3488/3488 3489/3489
f 3456/3456 3489/3489 3490/3490
f 3457/3457 3490/3490 3491/3491
f 3458/3458 3491/3491 3492/3492
f 3459/3459 3492/3492 3493/3493
f 3460/3460 3493/3493 3494/3494
f 3461/3461 3494/3494 3495/3495
f 3462/3462 3495/3495 3496/3496
f 3463/3463 3496/3496 3497/3497
f 3464/3464 3497/3497 3498/3498
f 3465/3465 3498/3498 3499/3499
f 3466/3466 3499/3499 3500/3500
f 3467/3467 3500/3500 3501/3501
f 3468/3468 3501/3501 3502/3502
f 3469/3469 3502/3502 3503/3503
f 3472/3472 3471/3471 3505/3505
f 3471/3471 3504/3504 3505/3505
f 3473/3473 3472/3472 3506/3506
f 3472/3472 3505/3505 3506/3506
f 3474/3474 3473/3473 3507/3507
f 3473/3473 3506/3506 3507/3507
f 3475/3475 3474/3474 3508/3508
f 3474/3474 3507/3507 3508/3508
f 3476/3476 3475/3475 3509/3509
f 3475/3475 3508/3508 3509/3509
f 3477/3477 3476/3476 3510/3510
f 3476/3476 3509/3509 3510/3510
f 3478/3478 3477/3477 3511/3511
f 3477/3477 3510/3510 3511/3511
f 3479/3479 3478/3478 3512/3512
f 3478/3478 3511/3511 3512/3512
f 3480/3480 3479/3479 3513/3513
f 3479/3479 3512/3512 3513/3513
f 3481/3481 3480/3480 3514/3514
f 3480/3480 3513/3513 3514/3514
f 3482/3482 3481/3481 3515/3515
f 3481/3481 3514/3514 3515/3515
f 3483/3483 3482/3482 3516/3516
f 3482/3482 3515/3515 3516/3516
f 3484/3484 3483/3483 3517/3517
f 3483/3483 3516/3516 3517/3517
f 3485/3485 3484/3484 3518/3518
f 3484/3484 3517/3517 3518/3518
f 3486/3486 3485/3485 3519/3519
f 3485/3485 3518/3518 3519/3519
f 3487/3487 3486/3486 3520/3520
f 3486/3486 3519/3519 3520/3520
f 3488/3488 3487/3487 3521/3521
f 3487/3487 3520/3520 3521/3521
f 3489/3489 3488/3488 3522/3522
f 3488/3488 3521/3521 3522/3522
f 3490/3490 3489/3489 3523/3523
f 3489/3489 3522/3522 3523/3523
f 3491/3491 3490/3490 3524/3524
f 3490/3490 3523/3523 3524/3524
f 3492/3492 3491/3491 3525/3525
f 3491/3491 3524/3524 3525/3525
f 3493/3493 3492/3492 3526/3526
f 3492/3492 3525/3525 3526/3526
f 3494/3494 3493/3493 3527/3527
f 3493/3493 3526/3526 3527/3527
f 3495/3495 3494/3494 3528/3528
f 3494/3494 3527/3527 3528/3528
f 3496/3496 3495/3495 3529/3529
f 3495/3495 3528/3528 3529/3529
f 3497/3497 3496/3496 3530/3530
f 3496/3496 3529/3529 3530/3530
f 3498/3498 3497/3497 3531/3531
f 3497/3497 3530/3530 3531/3531
f 3499/3499 3498/3498 3532/3532
f 3498/3498 3531/3531 3532/3532
f 3500/3500 3499/3499 3533/3533
f 3499/3499 3532/3532 3533/3533
f 3501/3501 3500/3500 3534/3534
f 3500/3500 3533/3533 3534/3534
f 3502/3502 3501/3501 3535/3535
f 3501/3501 3534/3534 3535/3535
f 3503/3503 3502/3502 3536/3536
f 3502/3502 3535/3535 3536/3536
f 3505/3505 3504/3504 3538/3538
f 3504/3504 3537/3537 3538/3538
f 3506/3506 3505/3505 3539/3539
f 3505/3505 3538/3538 3539/3539
f 3507/3507 3506/3506 3540/3540
f 3506/3506 3539/3539 3540/3540
f 3508/3508 3507/3507 3541/3541
f 3507/3507 3540/3540 3541/3541
f 3509/3509 3508/3508 3542/3542
f 3508/3508 3541/3541 3542/3542
f 3510/3510 3509/3509 3543/3543
f 3509/3509 3542/3542 3543/3543
f 3511/3511 3510/3510 3544/3544
f 3510/3510 3543/3543 3544/3544
f 3512/3512 3511/3511 3545/3545
f 3511/3511 3544/3544 3545/3545
f 3513/3513 3512/3512 3546/3546
f 3512/3512 3545/3545 3546/3546
f 3514/3514 3513/3513 3547/3547
f 3513/3513 3546/3546 3547/3547
f 3515/3515 3514/3514 3548/3548
f 3514/3514 3547/3547 3548/3548
f 3516/3516 3515/3515 3549/3549
f 3515/3515 3548/3548 3549/3549
f 3517/3517 3516/3516 3550/3550
f 3516/3516 3549/3549 3550/3550
f 3518/3518 3517/3517 3551/3551
f 3517/3517 3550/3550 3551/3551
f 3519/3519 3518/3518 3552/3552
f 3518/3518 3551/3551 3552/3552
f 3520/3520 3519/3519 3553/3553
f 3519/3519 3552/3552 3553/3553
f 3521/3521 3520/3520 3554/3554
f 3520/3520 3553/3553 3554/3554
f 3522/3522 3521/3521 3555/3555
f 3521/3521 3554/3554 3555/3555
f 3523/3523 3522/3522 3556/3556
f 3522/3522 3555/3555 3556/3556
f 3524/3524 3523/3523 3557/3557
f 3523/3523 3556/3556 3557/3557
f 3525/3525 3524/3524 3558/3558
f 3524/3524 3557/3557 3558/3558
f 3526/3526 3525/3525 3559/3559
f 3525/3525 3558/3558 3559/3559
f 3527/3527 3526/3526 3560/3560
f 3526/3526 3559/3559 3560/3560
f 3528/3528 3527/3527 3561/3561
f 3527/3527 3560/3560 3561/3561
f 3529/3529 3528/3528 3562/3562
f 3528/3528 3561/3561 3562/3562
f 3530/3530 3529/3529 3563/3563
f 3529/3529 3562/3562 3563/3563
f 3531/3531 3530/3530 3564/3564
f 3530/3530 3563/3563 3564/3564
f 3532/3532 3531/3531 3565/3565
f 3531/3531 3564/3564 3565/3565
f 3533/3533 3532/3532 3566/3566
f 3532/3532 3565/3565 3566/3566
f 3534/3534 3533/3533 3567/3567
f 3533/3533 3566/3566 3567/3567
f 3535/3535 3534/3534 3568/3568
f 3534/3534 3567/3567 3568/3568
f 3536/3536 3535/3535 3569/3569
f 3535/3535 3568/3568 3569/3569
f 3538/3538 3537/3537 3571/3571
f 3537/3537 3570/3570 3571/3571
f 3539/3539 3538/3538 3572/3572
f 3538/3538 3571/3571 3572/3572
f 3540/3540 3539/3539 3573/3573
f 3539/3539 3572/3572 3573/3573
f 3541/3541 3540/3540 3574/3574
f 3540/3540 3573/3573 3574/3574
f 3542/3542 3541/3541 3575/3575
f 3541/3541 3574/3574 3575/3575
f 3543/3543 3542/3542 3576/3576
f 3542/3542 3575/3575 3576/3576
f 3544/3544 3543/3543 3577/3577
f 3543/3543 3576/3576 3577/3577
f 3545/3545 3544/3544 3578/3578
f 3544/3544 3577/3577 3578/3578
f 3546/3546 3545/3545 3579/3579
f 3545/3545 3578/3578 3579/3579
f 3547/3547 3546/3546 3580/3580
f 3546/3546 3579/3579 3580/3580
f 3548/3548 3547/3547 3581/3581
f 3547/3547 3580/3580 3581/3581
f 3549/3549 3548/3548 3582/3582
f 3548/3548 3581/3581 3582/3582
f 3550/3550 3549/3549 3583/3583
f 3549/3549 3582/3582 3583/3583
f 3551/3551 3550/3550 3584/3584
f 3550/3550 3583/3583 3584/3584
f 3552/3552 3551/3551 3585/3585
f 3551/3551 3584/3584 3585/3585
f 3553/3553 3552/3552 3586/3586
f 3552/3552 3585/3585 3586/3586
f 3554/3554 3553/3553 3587/3587
f 3553/3553 3586/3586 3587/3587
f 3555/3555 3554/3554 3588/3588
f 3554/3554 3587/3587 3588/3588
f 3556/3556 3555/3555 3589/3589
f 3555/3555 3588/3588 3589/3589
f 3557/3557 3556/3556 3590/3590
f 3556/3556 3589/3589 3590/3590
f 3558/3558 3557/3557 3591/3591
f 3557/3557 3590/3590 3591/3591
f 3559/3559 3558/3558 3592/3592
f 3558/3558 3591/3591 3592/3592
f 3560/3560 3559/3559 3593/3593
f 3559/3559 3592/3592 3593/3593
f 3561/3561 3560/3560 3594/3594
f 3560/3560 3593/3593 3594/3594
f 3562/3562 3561/3561 3595/3595
f 3561/3561 3594/3594 3595/3595
f 3563/3563 3562/3562 3596/3596
f 3562/3562 3595/3595 3596/3596
f 3564/3564 3563/3563 3597/3597
f 3563/3563 3596/3596 3597/3597
f 3565/3565 3564/3564 3598/3598
f 3564/3564 3597/3597 3598/3598
f 3566/3566 3565/3565 3599/3599
f 3565/3565 3598/3598 3599/3599
f 3567/3567 3566/3566 3600/3600
f 3566/3566 3599/3599 3600/3600
f 3568/3568 3567/3567 3601/3601
f 3567/3567 3600/3600 3601/3601
f 3569/3569 3568/3568 3602/3602
f 3568/3568 3601/3601 3602/3602
f 3571/3571 3570/3570 3604/3604
f 3570/3570 3603/3603 3604/3604
f 3572/3572 3571/3571 3605/3605
f 3571/3571 3604/3604 3605/3605
f 3573/3573 3572/3572 3606/3606
f 3572/3572 3605/3605 3606/3606
f 3574/3574 3573/3573 3607/3607
f 3573/3573 3606/3606 3607/3607
f 3575/3575 3574/3574 3608/3608
f 3574/3574 3607/3607 3608/3608
f 3576/3576 3575/3575 3609/3609
f 3575/3575 3608/3608 3609/3609
f 3577/3577 3576/3576 3610/3610
f 3576/3576 3609/3609 3610/3610
f 3578/3578 3577/3577 3611/3611
f 3577/3577 3610/3610 3611/3611
f 3579/3579 3578/3578 3612/3612
f 3578/3578 3611/3611 3612/3612
f 3580/3580 3579/3579 3613/3613
f 3579/3579 3612/3612 3613/3613
f 3581/3581 3580/3580 3614/3614
f 3580/3580 3613/3613 3614/3614
f 3582/3582 3581/3581 3615/3615
f 3581/3581 3614/3614 3615/3615
f 3583/3583 3582/3582 3616/3616
f 3582/3582 3615/3615 3616/3616
f 3584/3584 3583/3583 3617/3617
f 3583/3583 3616/3616 3617/3617
f 3585/3585 3584/3584 3618/3618
f 3584/3584 3617/3617 3618/3618
f 3586/3586 3585/3585 3619/3619
f 3585/3585 3618/3618 3619/3619
f 3587/3587 3586/3586 3620/3620
f 3586/3586 3619/3619 3620/3620
f 3588/3588 3587/3587 3621/3621
f 3587/3587 3620/3620 3621/3621
f 3589/3589 3588/3588 3622/3622
f 3588/3588 3621/3621 3622/3622
f 3590/3590 3589/3589 3623/3623
f 3589/3589 3622/3622 3623/3623
f 3591/3591 3590/3590 3624/3624
f 3590/3590 3623/3623 3624/3624
f 3592/3592 3591/3591 3625/3625
f 3591/3591 3624/3624 3625/3625
f 3593/3593 3592/3592 3626/3626
f 3592/3592 3625/3625 3626/3626
f 3594/3594 3593/3593 3627/3627
f 3593/3593 3626/3626 3627/3627
f 3595/3595 3594/3594 3628/3628
f 3594/3594 3627/3627 3628/3628
f 3596/3596 3595/3595 3629/3629
f 3595/3595 3628/3628 3629/3629
f 3597/3597 3596/3596 3630/3630
f 3596/3596 3629/3629 3630/3630
f 3598/3598 3597/3597 3631/3631
f 3597/3597 3630/3630 3631/3631
f 3599/3599 3598/3598 3632/3632
f 3598/3598 3631/3631 3632/3632
f 3600/3600 3599/3599 3633/3633
f 3599/3599 3632/3632 3633/3633
f 3601/3601 3600/3600 3634/3634
f 3600/3600 3633/3633 3634/3634
f 3602/3602 3601/3601 3635/3635
f 3601/3601 3634/3634 3635/3635
f 3604/3604 3603/3603 3637/3637
f 3603/3603 3636/3636 3637/3637
f 3605/3605 3604/3604 3638/3638
f 3604/3604 3637/3637 3638/3638
f 3606/3606 3605/3605 3639/3639
f 3605/3605 3638/3638 3639/3639
f 3607/3607 3606/3606 3640/3640
f 3606/3606 3639/3639 3640/3640
f 3608/3608 3607/3607 3641/3641
f 3607/3607 3640/3640 3641/3641
f 3609/3609 3608/3608 3642/3642
f 3608/3608 3641/3641 3642/3642
f 3610/3610 3609/3609 3643/3643
f 3609/3609 3642/3642 3643/3643
f 3611/3611 3610/3610 3644/3644
f 3610/3610 3643/3643 3644/3644
f 3612/3612 3611/3611 3645/3645
f 3611/3611 3644/3644 3645/3645
f 3613/3613 3612/3612 3646/3646
f 3612/3612 3645/3645 3646/3646
f 3614/3614 3613/3613 3647/3647
f 3613/3613 3646/3646 3647/3647
f 3615/3615 3614/3614 3648/3648
f 3614/3614 3647/3647 3648/3648
f 3616/3616 3615/3615 3649/3649
f 3615/3615 3648/3648 3649/3649
f 3617/3617 3616/3616 3650/3650
f 3616/3616 3649/3649 3650/3650
f 3618/3618 3617/3617 3651/3651
f 3617/3617 3650/3650 3651/3651
f 3619/3619 3618/3618 3652/3652
f 3618/3618 3651/3651 3652/3652
f 3620/3620 3619/3619 3653/3653
f 3619/3619 3652/3652 3653/3653
f 3621/3621 3620/3620 3654/3654
f 3620/3620 3653/3653 3654/3654
f 3622/3622 3621/3621 3655/3655
f 3621/3621 3654/3654 3655/3655
f 3623/3623 3622/3622 3656/3656
f 3622/3622 3655/3655 3656/3656
f 3624/3624 3623/3623 3657/3657
f 3623/3623 3656/3656 3657/3657
f 3625/3625 3624/3624 3658/3658
f 3624/3624 3657/3657 3658/3658
f 3626/3626 3625/3625 3659/3659
f 3625/3625 3658/3658 3659/3659
f 3627/3627 3626/3626 3660/3660
f 3626/3626 3659/3659 3660/3660
f 3628/3628 3627/3627 3661/3661
f 3627/3627 3660/3660 3661/3661
f 3629/3629 3628/3628 3662/3662
f 3628/3628 3661/3661 3662/3662
f 3630/3630 3629/3629 3663/3663
f 3629/3629 3662/3662 3663/3663
f 3631/3631 3630/3630 3664/3664
f 3630/3630 3663/3663 3664/3664
f 3632/3632 3631/3631 3665/3665
f 3631/3631 3664/3664 3665/3665
f 3633/3633 3632/3632 3666/3666
f 3632/3632 3665/3665 3666/3666
f 3634/3634 3633/3633 3667/3667
f 3633/3633 3666/3666 3667/3667
f 3635/3635 3634/3634 3668/3668
f 3634/3634 3667/3667 3668/3668
f 3637/3637 3636/3636 3670/3670
f 3636/3636 3669/3669 3670/3670
f 3638/3638 3637/3637 3671/3671
f 3637/3637 3670/3670 3671/3671
f 3639/3639 3638/3638 3672/3672
f 3638/3638 3671/3671 3672/3672
f 3640/3640 3639/3639 3673/3673
f 3639/3639 3672/3672 3673/3673
f 3641/3641 3640/3640 3674/3674
f 3640/3640 3673/3673 3674/3674
f 3642/3642 3641/3641 3675/3675
f 3641/3641 3674/3674 3675/3675
f 3643/3643 3642/3642 3676/3676
f 3642/3642 3675/3675 3676/3676
f 3644/3644 3643/3643 3677/3677
f 3643/3643 3676/3676 3677/3677
f 3645/3645 3644/3644 3678/3678
f 3644/3644 3677/3677 3678/3678
f 3646/3646 3645/3645 3679/3679
f 3645/3645 3678/3678 3679/3679
f 3647/3647 3646/3646 3680/3680
f 3646/3646 3679/3679 3680/3680
f 3648/3648 3647/3647 3681/3681
f 3647/3647 3680/3680 3681/3681
f 3649/3649 3648/3648 3682/3682
f 3648/3648 3681/3681 3682/3682
f 3650/3650 3649/3649 3683/3683
f 3649/3649 3682/3682 3683/3683
f 3651/3651 3650/3650 3684/3684
f 3650/3650 3683/3683 3684/3684
f 3652/3652 3651/3651 3685/3685
f 3651/3651 3684/3684 3685/3685
f 3653/3653 3652/3652 3686/3686
f 3652/3652 3685/3685 3686/3686
f 3654/3654 3653/3653 3687/3687
f 3653/3653 3686/3686 3687/3687
f 3655/3655 3654/3654 3688/3688
f 3654/3654 3687/3687 3688/3688
f 3656/3656 3655/3655 3689/3689
f 3655/3655 3688/3688 3689/3689
f 3657/3657 3656/3656 3690/3690
f 3656/3656 3689/3689 3690/3690
f 3658/3658 3657/3657 3691/3691
f 3657/3657 3690/3690 3691/3691
f 3659/3659 3658/3658 3692/3692
f 3658/3658 3691/3691 3692/3692
f 3660/3660 3659/3659 3693/3693
f 3659/3659 3692/3692 3693/3693
f 3661/3661 3660/3660 3694/3694
f 3660/3660 3693/3693 3694/3694
f 3662/3662 3661/3661 3695/3695
f 3661/3661 3694/3694 3695/3695
f 3663/3663 3662/3662 3696/3696
f 3662/3662 3695/3695 3696/3696
f 3664/3664 3663/3663 3697/3697
f 3663/3663 3696/3696 3697/3697
f 3665/3665 3664/3664 3698/3698
f 3664/3664 3697/3697 3698/3698
f 3666/3666 3665/3665 3699/3699
f 3665/3665 3698/3698 3699/3699
f 3667/3667 3666/3666 3700/3700
f 3666/3666 3699/3699 3700/3700
f 3668/3668 3667/3667 3701/3701
f 3667/3667 3700/3700 3701/3701
f 3670/3670 3669/3669 3703/3703
f 3669/3669 3702/3702 3703/3703
f 3671/3671 3670/3670 3704/3704
f 3670/3670 3703/3703 3704/3704
f 3672/3672 3671/3671 3705/3705
f 3671/3671 3704/3704 3705/3705
f 3673/3673 3672/3672 3706/3706
f 3672/3672 3705/3705 3706/3706
f 3674/3674 3673/3673 3707/3707
f 3673/3673 3706/3706 3707/3707
f 3675/3675 3674/3674 3708/3708
f 3674/3674 3707/3707 3708/3708
f 3676/3676 3675/3675 3709/3709
f 3675/3675 3708/3708 3709/3709
f 3677/3677 3676/3676 3710/3710
f 3676/3676 3709/3709 3710/3710
f 3678/3678 3677/3677 3711/3711
f 3677/3677 3710/3710 3711/3711
f 3679/3679 3678/3678 3712/3712
f 3678/3678 3711/3711 3712/3712
f 3680/3680 3679/3679 3713/3713
f 3679/3679 3712/3712 3713/3713
f 3681/3681 3680/3680 3714/3714
f 3680/3680 3713/3713 3714/3714
f 3682/3682 3681/3681 3715/3715
f 3681/3681 3714/3714 3715/3715
f 3683/3683 3682/3682 3716/3716
f 3682/3682 3715/3715 3716/3716
f 3684/3684 3683/3683 3717/3717
f 3683/3683 3716/3716 3717/3717
f 3685/3685 3684/3684 3718/3718
f 3684/3684 3717/3717 3718/3718
f 3686/3686 3685/3685 3719/3719
f 3685/3685 3718/3718 3719/3719
f 3687/3687 3686/3686 3720/3720
f 3686/3686 3719/3719 3720/3720
f 3688/3688 3687/3687 3721/3721
f 3687/3687 3720/3720 3721/3721
f 3689/3689 3688/3688 3722/3722
f 3688/3688 3721/3721 3722/3722
f 3690/3690 3689/3689 3723/3723
f 3689/3689 3722/3722 3723/3723
f 3691/3691 3690/3690 3724/3724
f 3690/3690 3723/3723 3724/3724
f 3692/3692 3691/3691 3725/3725
f 3691/3691 3724/3724 3725/3725
f 3693/3693 3692/3692 3726/3726
f 3692/3692 3725/3725 3726/3726
f 3694/3694 3693/3693 3727/3727
f 3693/3693 3726/3726 3727/3727
f 3695/3695 3694/3694 3728/3728
f 3694/3694 3727/3727 3728/3728
f 3696/3696 3695/3695 3729/3729
f 3695/3695 3728/3728 3729/3729
f 3697/3697 3696/3696 3730/3730
f 3696/3696 3729/3729 3730/3730
f 3698/3698 3697/3697 3731/3731
f 3697/3697 3730/3730 3731/3731
f 3699/3699 3698/3698 3732/3732
f 3698/3698 3731/3731 3732/3732
f 3700/3700 3699/3699 3733/3733
f 3699/3699 3732/3732 3733/3733
f 3701/3701 3700/3700 3734/3734
f 3700/3700 3733/3733 3734/3734
f 3703/3703 3702/3702 3736/3736
f 3702/3702 3735/3735 3736/3736
f 3704/3704 3703/3703 3737/3737
f 3703/3703 3736/3736 3737/3737
f 3705/3705 3704/3704 3738/3738
f 3704/3704 3737/3737 3738/3738
f 3706/3706 3705/3705 3739/3739
f 3705/3705 3738/3738 3739/3739
f 3707/3707 3706/3706 3740/3740
f 3706/3706 3739/3739 3740/3740
f 3708/3708 3707/3707 3741/3741
f 3707/3707 3740/3740 3741/3741
f 3709/3709 3708/3708 3742/3742
f 3708/3708 3741/3741 3742/3742
f 3710/3710 3709/3709 3743/3743
f 3709/3709 3742/3742 3743/3743
f 3711/3711 3710/3710 3744/3744
f 3710/3710 3743/3743 3744/3744
f 3712/3712 3711/3711 3745/3745
f 3711/3711 3744/3744 3745/3745
f 3713/3713 3712/3712 3746/3746
f 3712/3712 3745/3745 3746/3746
f 3714/3714 3713/3713 3747/3747
f 3713/3713 3746/3746 3747/3747
f 3715/3715 3714/3714 3748/3748
f 3714/3714 3747/3747 3748/3748
f 3716/3716 3715/3715 3749/3749
f 3715/3715 3748/3748 3749/3749
f 3717/3717 3716/3716 3750/3750
f 3716/3716 3749/3749 3750/3750
f 3718/3718 3717/3717 3751/3751
f 3717/3717 3750/3750 3751/3751
f 3719/3719 3718/3718 3752/3752
f 3718/3718 3751/3751 3752/3752
f 3720/3720 3719/3719 3753/3753
f 3719/3719 3752/3752 3753/3753
f 3721/3721 3720/3720 3754/3754
f 3720/3720 3753/3753 3754/3754
f 3722/3722 3721/3721 3755/3755
f 3721/3721 3754/3754 3755/3755
f 3723/3723 3722/3722 3756/3756
f 3722/3722 3755/3755 3756/3756
f 3724/3724 3723/3723 3757/3757
f 3723/3723 3756/3756 3757/3757
f 3725/3725 3724/3724 3758/3758
f 3724/3724 3757/3757 3758/3758
f 3726/3726 3725/3725 3759/3759
f 3725/3725 3758/3758 3759/3759
f 3727/3727 3726/3726 3760/3760
f 3726/3726 3759/3759 3760/3760
f 3728/3728 3727/3727 3761/3761
f 3727/3727 3760/3760 3761/3761
f 3729/3729 3728/3728 3762/3762
f 3728/3728 3761/3761 3762/3762
f 3730/3730 3729/3729 3763/3763
f 3729/3729 3762/3762 3763/3763
f 3731/3731 3730/3730 3764/3764
f 3730/3730 3763/3763 3764/3764
f 3732/3732 3731/3731 3765/3765
f 3731/3731 3764/3764 3765/3765
f 3733/3733 3732/3732 3766/3766
f 3732/3732 3765/3765 3766/3766
f 3734/3734 3733/3733 3767/3767
f 3733/3733 3766/3766 3767/3767
f 3736/3736 3735/3735 3769/3769
f 3735/3735 3768/3768 3769/3769
f 3737/3737 3736/3736 3770/3770
f 3736/3736 3769/3769 3770/3770
f 3738/3738 3737/3737 3771/3771
f 3737/3737 3770/3770 3771/3771
f 3739/3739 3738/3738 3772/3772
f 3738/3738 3771/3771 3772/3772
f 3740/3740 3739/3739 3773/3773
f 3739/3739 3772/3772 3773/3773
f 3741/3741 3740/3740 3774/3774
f 3740/3740 3773/3773 3774/3774
f 3742/3742 3741/3741 3775/3775
f 3741/3741 3774/3774 3775/3775
f 3743/3743 3742/3742 3776/3776
f 3742/3742 3775/3775 3776/3776
f 3744/3744 3743/3743 3777/3777
f 3743/3743 3776/3776 3777/3777
f 3745/3745 3744/3744 3778/3778
f 3744/3744 3777/3777 3778/3778
f 3746/3746 3745/3745 3779/3779
f 3745/3745 3778/3778 3779/3779
f 3747/3747 3746/3746 3780/3780
f 3746/3746 3779/3779 3780/3780
f 3748/3748 3747/3747 3781/3781
f 3747/3747 3780/3780 3781/3781
f 3749/3749 3748/3748 3782/3782
f 3748/3748 3781/3781 3782/3782
f 3750/3750 3749/3749 3783/3783
f 3749/3749 3782/3782 3783/3783
f 3751/3751 3750/3750 3784/3784
f 3750/3750 3783/3783 3784/3784
f 3752/3752 3751/3751 3785/3785
f 3751/3751 3784/3784 3785/3785
f 3753/3753 3752/3752 3786/3786
f 3752/3752 3785/3785 3786/3786
f 3754/3754 3753/3753 3787/3787
f 3753/3753 3786/3786 3787/3787
f 3755/3755 3754/3754 3788/3788
f 3754/3754 3787/3787 3788/3788
f 3756/3756 3755/3755 3789/3789
f 3755/3755 3788/3788 3789/3789
f 3757/3757 3756/3756 3790/3790
f 3756/3756 3789/3789 3790/3790
f 3758/3758 3757/3757 3791/3791
f 3757/3757 3790/3790 3791/3791
f 3759/3759 3758/3758 3792/3792
f 3758/3758 3791/3791 3792/3792
f 3760/3760 3759/3759 3793/3793
f 3759/3759 3792/3792 3793/3793
f 3761/3761 3760/3760 3794/3794
f 3760/3760 3793/3793 3794/3794
f 3762/3762 3761/3761 3795/3795
f 3761/3761 3794/3794 3795/3795
f 3763/3763 3762/3762 3796/3796
f 3762/3762 3795/3795 3796/3796
f 3764/3764 3763/3763 3797/3797
f 3763/3763 3796/3796 3797/3797
f 3765/3765 3764/3764 3798/3798
f 3764/3764 3797/3797 3798/3798
f 3766/3766 3765/3765 3799/3799
f 3765/3765 3798/3798 3799/3799
f 3767/3767 3766/3766 3800/3800
f 3766/3766 3799/3799 3800/3800
f 3769/3769 3768/3768 3802/3802
f 3768/3768 3801/3801 3802/3802
f 3770/3770 3769/3769 3803/3803
f 3769/3769 3802/3802 3803/3803
f 3771/3771 3770/3770 3804/3804
f 3770/3770 3803/3803 3804/3804
f 3772/3772 3771/3771 3805/3805
f 3771/3771 3804/3804 3805/3805
f 3773/3773 3772/3772 3806/3806
f 3772/3772 3805/3805 3806/3806
f 3774/3774 3773/3773 3807/3807
f 3773/3773 3806/3806 3807/3807
f 3775/3775 3774/3774 3808/3808
f 3774/3774 3807/3807 3808/3808
f 3776/3776 3775/3775 3809/3809
f 3775/3775 3808/3808 3809/3809
f 3777/3777 3776/3776 3810/3810
f 3776/3776 3809/3809 3810/3810
f 3778/3778 3777/3777 3811/3811
f 3777/3777 3810/3810 3811/3811
f 3779/3779 3778/3778 3812/3812
f 3778/3778 3811/3811 3812/3812
f 3780/3780 3779/3779 3813/3813
f 3779/3779 3812/3812 3813/3813
f 3781/3781 3780/3780 3814/3814
f 3780/3780 3813/3813 3814/3814
f 3782/3782 3781/3781 3815/3815
f 3781/3781 3814/3814 3815/3815
f 3783/3783 3782/3782 3816/3816
f 3782/3782 3815/3815 3816/3816
f 3784/3784 3783/3783 3817/3817
f 3783/3783 3816/3816 3817/3817
f 3785/3785 3784/3784 3818/3818
f 3784/3784 3817/3817 3818/3818
f 3786/3786 3785/3785 3819/3819
f 3785/3785 3818/3818 3819/3819
f 3787/3787 3786/3786 3820/3820
f 3786/3786 3819/3819 3820/3820
f 3788/3788 3787/3787 3821/3821
f 3787/3787 3820/3820 3821/3821
f 3789/3789 3788/3788 3822/3822
f 3788/3788 3821/3821 3822/3822
f 3790/3790 3789/3789 3823/3823
f 3789/3789 3822/3822 3823/3823
f 3791/3791 3790/3790 3824/3824
f 3790/3790 3823/3823 3824/3824
f 3792/3792 3791/3791 3825/3825
f 3791/3791 3824/3824 3825/3825
f 3793/3793 3792/3792 3826/3826
f 3792/3792 3825/3825 3826/3826
f 3794/3794 3793/3793 3827/3827
f 3793/3793 3826/3826 3827/3827
f 3795/3795 3794/3794 3828/3828
f 3794/3794 3827/3827 3828/3828
f 3796/3796 3795/3795 3829/3829
f 3795/3795 3828/3828 3829/3829
f 3797/3797 3796/3796 3830/3830
f 3796/3796 3829/3829 3830/3830
f 3798/3798 3797/3797 3831/3831
f 3797/3797 3830/3830 3831/3831
f 3799/3799 3798/3798 3832/3832
f 3798/3798 3831/3831 3832/3832
f 3800/3800 3799/3799 3833/3833
f 3799/3799 3832/3832 3833/3833
f 3802/3802 3801/3801 3835/3835
f 3801/3801 3834/3834 3835/3835
f 3803/3803 3802/3802 3836/3836
f 3802/3802 3835/3835 3836/3836
f 3804/3804 3803/3803 3837/3837
f 3803/3803 3836/3836 3837/3837
f 3805/3805 3804/3804 3838/3838
f 3804/3804 3837/3837 3838/3838
f 3806/3806 3805/3805 3839/3839
f 3805/3805 3838/3838 3839/3839
f 3807/3807 3806/3806 3840/3840
f 3806/3806 3839/3839 3840/3840
f 3808/3808 3807/3807 3841/3841
f 3807/3807 3840/3840 3841/3841
f 3809/3809 3808/3808 3842/3842
f 3808/3808 3841/3841 3842/3842
f 3810/3810 3809/3809 3843/3843
f 3809/3809 3842/3842 3843/3843
f 3811/3811 3810/3810 3844/3844
f 3810/3810 3843/3843 3844/3844
f 3812/3812 3811/3811 3845/3845
f 3811/3811 3844/3844 3845/3845
f 3813/3813 3812/3812 3846/3846
f 3812/3812 3845/3845 3846/3846
f 3814/3814 3813/3813 3847/3847
f 3813/3813 3846/3846 3847/3847
f 3815/3815 3814/3814 3848/3848
f 3814/3814 3847/3847 3848/3848
f 3816/3816 3815/3815 3849/3849
f 3815/3815 3848/3848 3849/3849
f 3817/3817 3816/3816 3850/3850
f 3816/3816 3849/3849 3850/3850
f 3818/3818 3817/3817 3851/3851
f 3817/3817 3850/3850 3851/3851
f 3819/3819 3818/3818 3852/3852
f 3818/3818 3851/3851 3852/3852
f 3820/3820 3819/3819 3853/3853
f 3819/3819 3852/3852 3853/3853
f 3821/3821 3820/3820 3854/3854
f 3820/3820 3853/3853 3854/3854
f 3822/3822 3821/3821 3855/3855
f 3821/3821 3854/3854 3855/3855
f 3823/3823 3822/3822 3856/3856
f 3822/3822 3855/3855 3856/3856
f 3824/3824 3823/3823 3857/3857
f 3823/3823 3856/3856 3857/3857
f 3825/3825 3824/3824 3858/3858
f 3824/3824 3857/3857 3858/3858
f 3826/3826 3825/3825 3859/3859
f 3825/3825 3858/3858 3859/3859
f 3827/3827 3826/3826 3860/3860
f 3826/3826 3859/3859 3860/3860
f 3828/3828 3827/3827 3861/3861
f 3827/3827 3860/3860 3861/3861
f 3829/3829 3828/3828 3862/3862
f 3828/3828 3861/3861 3862/3862
f 3830/3830 3829/3829 3863/3863
f 3829/3829 3862/3862 3863/3863
f 3831/3831 3830/3830 3864/3864
f 3830/3830 3863/3863 3864/3864
f 3832/3832 3831/3831 3865/3865
f 3831/3831 3864/3864 3865/3865
f 3833/3833 3832/3832 3866/3866
f 3832/3832 3865/3865 3866/3866
f 3835/3835 3834/3834 3868/3868
f 3834/3834 3867/3867 3868/3868
f 3836/3836 3835/3835 3869/3869
f 3835/3835 3868/3868 3869/3869
f 3837/3837 3836/3836 3870/3870
f 3836/3836 3869/3869 3870/3870
f 3838/3838 3837/3837 3871/3871
f 3837/3837 3870/3870 3871/3871
f 3839/3839 3838/3838 3872/3872
f 3838/3838 3871/3871 3872/3872
f 3840/3840 3839/3839 3873/3873
f 3839/3839 3872/3872 3873/3873
f 3841/3841 3840/3840 3874/3874
f 3840/3840 3873/3873 3874/3874
f 3842/3842 3841/3841 3875/3875
f 3841/3841 3874/3874 3875/3875
f 3843/3843 3842/3842 3876/3876
f 3842/3842 3875/3875 3876/3876
f 3844/3844 3843/3843 3877/3877
f 3843/3843 3876/3876 3877/3877
f 3845/3845 3844/3844 3878/3878
f 3844/3844 3877/3877 3878/3878
f 3846/3846 3845/3845 3879/3879
f 3845/3845 3878/3878 3879/3879
f 3847/3847 3846/3846 3880/3880
f 3846/3846 3879/3879 3880/3880
f 3848/3848 3847/3847 3881/3881
f 3847/3847 3880/3880 3881/3881
f 3849/3849 3848/3848 3882/3882
f 3848/3848 3881/3881 3882/3882
f 3850/3850 3849/3849 3883/3883
f 3849/3849 3882/3882 3883/3883
f 3851/3851 3850/3850 3884/3884
f 3850/3850 3883/3883 3884/3884
f 3852/3852 3851/3851 3885/3885
f 3851/3851 3884/3884 3885/3885
f 3853/3853 3852/3852 3886/3886
f 3852/3852 3885/3885 3886/3886
f 3854/3854 3853/3853 3887/3887
f 3853/3853 3886/3886 3887/3887
f 3855/3855 3854/3854 3888/3888
f 3854/3854 3887/3887 3888/3888
f 3856/3856 3855/3855 3889/3889
f 3855/3855 3888/3888 3889/3889
f 3857/3857 3856/3856 3890/3890
f 3856/3856 3889/3889 3890/3890
f 3858/3858 3857/3857 3891/3891
f 3857/3857 3890/3890 3891/3891
f 3859/3859 3858/3858 3892/3892
f 3858/3858 3891/3891 3892/3892
f 3860/3860 3859/3859 3893/3893
f 3859/3859 3892/3892 3893/3893
f 3861/3861 3860/3860 3894/3894
f 3860/3860 3893/3893 3894/3894
f 3862/3862 3861/3861 3895/3895
f 3861/3861 3894/3894 3895/3895
f 3863/3863 3862/3862 3896/3896
f 3862/3862 3895/3895 3896/3896
f 3864/3864 3863/3863 3897/3897
f 3863/3863 3896/3896 3897/3897
f 3865/3865 3864/3864 3898/3898
f 3864/3864 3897/3897 3898/3898
f 3866/3866 3865/3865 3899/3899
f 3865/3865 3898/3898 3899/3899
f 3868/3868 3867/3867 3901/3901
f 3867/3867 3900/3900 3901/3901
f 3869/3869 3868/3868 3902/3902
f 3868/3868 3901/3901 3902/3902
f 3870/3870 3869/3869 3903/3903
f 3869/3869 3902/3902 3903/3903
f 3871/3871 3870/3870 3904/3904
f 3870/3870 3903/3903 3904/3904
f 3872/3872 3871/3871 3905/3905
f 3871/3871 3904/3904 3905/3905
f 3873/3873 3872/3872 3906/3906
f 3872/3872 3905/3905 3906/3906
f 3874/3874 3873/3873 3907/3907
f 3873/3873 3906/3906 3907/3907
f 3875/3875 3874/3874 3908/3908
f 3874/3874 3907/3907 3908/3908
f 3876/3876 3875/3875 3909/3909
f 3875/3875 3908/3908 3909/3909
f 3877/3877 3876/3876 3910/3910
f 3876/3876 3909/3909 3910/3910
f 3878/3878 3877/3877 3911/3911
f 3877/3877 3910/3910 3911/3911
f 3879/3879 3878/3878 3912/3912
f 3878/3878 3911/3911 3912/3912
f 3880/3880 3879/3879 3913/3913
f 3879/3879 3912/3912 3913/3913
f 3881/3881 3880/3880 3914/3914
f 3880/3880 3913/3913 3914/3914
f 3882/3882 3881/3881 3915/3915
f 3881/3881 3914/3914 3915/3915
f 3883/3883 3882/3882 3916/3916
f 3882/3882 3915/3915 3916/3916
f 3884/3884 3883/3883 3917/3917
f 3883/3883 3916/3916 3917/3917
f 3885/3885 3884/3884 3918/3918
f 3884/3884 3917/3917 3918/3918
f 3886/3886 3885/3885 3919/3919
f 3885/3885 3918/3918 3919/3919
f 3887/3887 3886/3886 3920/3920
f 3886/3886 3919/3919 3920/3920
f 3888/3888 3887/3887 3921/3921
f 3887/3887 3920/3920 3921/3921
f 3889/3889 3888/3888 3922/3922
f 3888/3888 3921/3921 3922/3922
f 3890/3890 3889/3889 3923/3923
f 3889/3889 3922/3922 3923/3923
f 3891/3891 3890/3890 3924/3924
f 3890/3890 3923/3923 3924/3924
f 3892/3892 3891/3891 3925/3925
f 3891/3891 3924/3924 3925/3925
f 3893/3893 3892/3892 3926/3926
f 3892/3892 3925/3925 3926/3926
f 3894/3894 3893/3893 3927/3927
f 3893/3893 3926/3926 3927/3927
f 3895/3895 3894/3894 3928/3928
f 3894/3894 3927/3927 3928/3928
f 3896/3896 3895/3895 3929/3929
f 3895/3895 3928/3928 3929/3929
f 3897/3897 3896/3896 3930/3930
f 3896/3896 3929/3929 3930/3930
f 3898/3898 3897/3897 3931/3931
f 3897/3897 3930/3930 3931/3931
f 3899/3899 3898/3898 3932/3932
f 3898/3898 3931/3931 3932/3932
f 3901/3901 3900/3900 3934/3934
f 3900/3900 3933/3933 3934/3934
f 3902/3902 3901/3901 3935/3935
f 3901/3901 3934/3934 3935/3935
f 3903/3903 3902/3902 3936/3936
f 3902/3902 3935/3935 3936/3936
f 3904/3904 3903/3903 3937/3937
f 3903/3903 3936/3936 3937/3937
f 3905/3905 3904/3904 3938/3938
f 3904/3904 3937/3937 3938/3938
f 3906/3906 3905/3905 3939/3939
f 3905/3905 3938/3938 3939/3939
f 3907/3907 3906/3906 3940/3940
f 3906/3906 3939/3939 3940/3940
f 3908/3908 3907/3907 3941/3941
f 3907/3907 3940/3940 3941/3941
f 3909/3909 3908/3908 3942/3942
f 3908/3908 3941/3941 3942/3942
f 3910/3910 3909/3909 3943/3943
f 3909/3909 3942/3942 3943/3943
f 3911/3911 3910/3910 3944/3944
f 3910/3910 3943/3943 3944/3944
f 3912/3912 3911/3911 3945/3945
f 3911/3911 3944/3944 3945/3945
f 3913/3913 3912/3912 3946/3946
f 3912/3912 3945/3945 3946/3946
f 3914/3914 3913/3913 3947/3947
f 3913/3913 3946/3946 3947/3947
f 3915/3915 3914/3914 3948/3948
f 3914/3914 3947/3947 3948/3948
f 3916/3916 3915/3915 3949/3949
f 3915/3915 3948/3948 3949/3949
f 3917/3917 3916/3916 3950/3950
f 3916/3916 3949/3949 3950/3950
f 3918/3918 3917/3917 3951/3951
f 3917/3917 3950/3950 3951/3951
f 3919/3919 3918/3918 3952/3952
f 3918/3918 3951/3951 3952/3952
f 3920/3920 3919/3919 3953/3953
f 3919/3919 3952/3952 3953/3953
f 3921/3921 3920/3920 3954/3954
f 3920/3920 3953/3953 3954/3954
f 3922/3922 3921/3921 3955/3955
f 3921/3921 3954/3954 3955/3955
f 3923/3923 3922/3922 3956/3956
f 3922/3922 3955/3955 3956/3956
f 3924/3924 3923/3923 3957/3957
f 3923/3923 3956/3956 3957/3957
f 3925/3925 3924/3924 3958/3958
f 3924/3924 3957/3957 3958/3958
f 3926/3926 3925/3925 3959/3959
f 3925/3925 3958/3958 3959/3959
f 3927/3927 3926/3926 3960/3960
f 3926/3926 3959/3959 3960/3960
f 3928/3928 3927/3927 3961/3961
f 3927/3927 3960/3960 3961/3961
f 3929/3929 3928/3928 3962/3962
f 3928/3928 3961/3961 3962/3962
f 3930/3930 3929/3929 3963/3963
f 3929/3929 3962/3962 3963/3963
f 3931/3931 3930/3930 3964/3964
f 3930/3930 3963/3963 3964/3964
f 3932/3932 3931/3931 3965/3965
f 3931/3931 3964/3964 3965/3965
f 3934/3934 3933/3933 3967/3967
f 3933/3933 3966/3966 3967/3967
f 3935/3935 3934/3934 3968/3968
f 3934/3934 3967/3967 3968/3968
f 3936/3936 3935/3935 3969/3969
f 3935/3935 3968/3968 3969/3969
f 3937/3937 3936/3936 3970/3970
f 3936/3936 3969/3969 3970/3970
f 3938/3938 3937/3937 3971/3971
f 3937/3937 3970/3970 3971/3971
f 3939/3939 3938/3938 3972/3972
f 3938/3938 3971/3971 3972/3972
f 3940/3940 3939/3939 3973/3973
f 3939/3939 3972/3972 3973/3973
f 3941/3941 3940/3940 3974/3974
f 3940/3940 3973/3973 3974/3974
f 3942/3942 3941/3941 3975/3975
f 3941/3941 3974/3974 3975/3975
f 3943/3943 3942/3942 3976/3976
f 3942/3942 3975/3975 3976/3976
f 3944/3944 3943/3943 3977/3977
f 3943/3943 3976/3976 3977/3977
f 3945/3945 3944/3944 3978/3978
f 3944/3944 3977/3977 3978/3978
f 3946/3946 3945/3945 3979/3979
f 3945/3945 3978/3978 3979/3979
f 3947/3947 3946/3946 3980/3980
f 3946/3946 3979/3979 3980/3980
f 3948/3948 3947/3947 3981/3981
f 3947/3947 3980/3980 3981/3981
f 3949/3949 3948/3948 3982/3982
f 3948/3948 3981/3981 3982/3982
f 3950/3950 3949/3949 3983/3983
f 3949/3949 3982/3982 3983/3983
f 3951/3951 3950/3950 3984/3984
f 3950/3950 3983/3983 3984/3984
f 3952/3952 3951/3951 3985/3985
f 3951/3951 3984/3984 3985/3985
f 3953/3953 3952/3952 3986/3986
f 3952/3952 3985/3985 3986/3986
f 3954/3954 3953/3953 3987/3987
f 3953/3953 3986/3986 3987/3987
f 3955/3955 3954/3954 3988/3988
f 3954/3954 3987/3987 3988/3988
f 3956/3956 3955/3955 3989/3989
f 3955/3955 3988/3988 3989/3989
f 3957/3957 3956/3956 3990/3990
f 3956/3956 3989/3989 3990/3990
f 3958/3958 3957/3957 3991/3991
f 3957/3957 3990/3990 3991/3991
f 3959/3959 3958/3958 3992/3992
f 3958/3958 3991/3991 3992/3992
f 3960/3960 3959/3959 3993/3993
f 3959/3959 3992/3992 3993/3993
f 3961/3961 3960/3960 3994/3994
f 3960/3960 3993/3993 3994/3994
f 3962/3962 3961/3961 3995/3995
f 3961/3961 3994/3994 3995/3995
f 3963/3963 3962/3962 3996/3996
f 3962/3962 3995/3995 3996/3996
f 3964/3964 3963/3963 3997/3997
f 3963/3963 3996/3996 3997/3997
f 3965/3965 3964/3964 3998/3998
f 3964/3964 3997/3997 3998/3998
f 3967/3967 3966/3966 4000/4000
f 3966/3966 3999/3999 4000/4000
f 3968/3968 3967/3967 4001/4001
f 3967/3967 4000/4000 4001/4001
f 3969/3969 3968/3968 4002/4002
f 3968/3968 4001/4001 4002/4002
f 3970/3970 3969/3969 4003/4003
f 3969/3969 4002/4002 4003/4003
f 3971/3971 3970/3970 4004/4004
f 3970/3970 4003/4003 4004/4004
f 3972/3972 3971/3971 4005/4005
f 3971/3971 4004/4004 4005/4005
f 3973/3973 3972/3972 4006/4006
f 3972/3972 4005/4005 4006/4006
f 3974/3974 3973/3973 4007/4007
f 3973/3973 4006/4006 4007/4007
f 3975/3975 3974/3974 4008/4008
f 3974/3974 4007/4007 4008/4008
f 3976/3976 3975/3975 4009/4009
f 3975/3975 4008/4008 4009/4009
f 3977/3977 3976/3976 4010/4010
f 3976/3976 4009/4009 4010/4010
f 3978/3978 3977/3977 4011/4011
f 3977/3977 4010/4010 4011/4011
f 3979/3979 3978/3978 4012/4012
f 3978/3978 4011/4011 4012/4012
f 3980/3980 3979/3979 4013/4013
f 3979/3979 4012/4012 4013/4013
f 3981/3981 3980/3980 4014/4014
f 3980/3980 4013/4013 4014/4014
f 3982/3982 3981/3981 4015/4015
f 3981/3981 4014/4014 4015/4015
f 3983/3983 3982/3982 4016/4016
f 3982/3982 4015/4015 4016/4016
f 3984/3984 3983/3983 4017/4017
f 3983/3983 4016/4016 4017/4017
f 3985/3985 3984/3984 4018/4018
f 3984/3984 4017/4017 4018/4018
f 3986/3986 3985/3985 4019/4019
f 3985/3985 4018/4018 4019/4019
f 3987/3987 3986/3986 4020/4020
f 3986/3986 4019/4019 4020/4020
f 3988/3988 3987/3987 4021/4021
f 3987/3987 4020/4020 4021/4021
f 3989/3989 3988/3988 4022/4022
f 3988/3988 4021/4021 4022/4022
f 3990/3990 3989/3989 4023/4023
f 3989/3989 4022/4022 4023/4023
f 3991/3991 3990/3990 4024/4024
f 3990/3990 4023/4023 4024/4024
f 3992/3992 3991/3991 4025/4025
f 3991/3991 4024/4024 4025/4025
f 3993/3993 3992/3992 4026/4026
f 3992/3992 4025/4025 4026/4026
f 3994/3994 3993/3993 4027/4027
f 3993/3993 4026/4026 4027/4027
f 3995/3995 3994/3994 4028/4028
f 3994/3994 4027/4027 4028/4028
f 3996/3996 3995/3995 4029/4029
f 3995/3995 4028/4028 4029/4029
f 3997/3997 3996/3996 4030/4030
f 3996/3996 4029/4029 4030/4030
f 3998/3998 3997/3997 4031/4031
f 3997/3997 4030/4030 4031/4031
f 4000/4000 3999/3999 4033/4033
f 3999/3999 4032/4032 4033/4033
f 4001/4001 4000/4000 4034/4034
f 4000/4000 4033/4033 4034/4034
f 4002/4002 4001/4001 4035/4035
f 4001/4001 4034/4034 4035/4035
f 4003/4003 4002/4002 4036/4036
f 4002/4002 4035/4035 4036/4036
f 4004/4004 4003/4003 4037/4037
f 4003/4003 4036/4036 4037/4037
f 4005/4005 4004/4004 4038/4038
f 4004/4004 4037/4037 4038/4038
f 4006/4006 4005/4005 4039/4039
f 4005/4005 4038/4038 4039/4039
f 4007/4007 4006/4006 4040/4040
f 4006/4006 4039/4039 4040/4040
f 4008/4008 4007/4007 4041/4041
f 4007/4007 4040/4040 4041/4041
f 4009/4009 4008/4008 4042/4042
f 4008/4008 4041/4041 4042/4042
f 4010/4010 4009/4009 4043/4043
f 4009/4009 4042/4042 4043/4043
f 4011/4011 4010/4010 4044/4044
f 4010/4010 4043/4043 4044/4044
f 4012/4012 4011/4011 4045/4045
f 4011/4011 4044/4044 4045/4045
f 4013/4013 4012/4012 4046/4046
f 4012/4012 4045/4045 4046/4046
f 4014/4014 4013/4013 4047/4047
f 4013/4013 4046/4046 4047/4047
f 4015/4015 4014/4014 4048/4048
f 4014/4014 4047/4047 4048/4048
f 4016/4016 4015/4015 4049/4049
f 4015/4015 4048/4048 4049/4049
f 4017/4017 4016/4016 4050/4050
f 4016/4016 4049/4049 4050/4050
f 4018/4018 4017/4017 4051/4051
f 4017/4017 4050/4050 4051/4051
f 4019/4019 4018/4018 4052/4052
f 4018/4018 4051/4051 4052/4052
f 4020/4020 4019/4019 4053/4053
f 4019/4019 4052/4052 4053/4053
f 4021/4021 4020/4020 4054/4054
f 4020/4020 4053/4053 4054/4054
f 4022/4022 4021/4021 4055/4055
f 4021/4021 4054/4054 4055/4055
f 4023/4023 4022/4022 4056/4056
f 4022/4022 4055/4055 4056/4056
f 4024/4024 4023/4023 4057/4057
f 4023/4023 4056/4056 4057/4057
f 4025/4025 4024/4024 4058/4058
f 4024/4024 4057/4057 4058/4058
f 4026/4026 4025/4025 4059/4059
f 4025/4025 4058/4058 4059/4059
f 4027/4027 4026/4026 4060/4060
f 4026/4026 4059/4059 4060/4060
f 4028/4028 4027/4027 4061/4061
f 4027/4027 4060/4060 4061/4061
f 4029/4029 4028/4028 4062/4062
f 4028/4028 4061/4061 4062/4062
f 4030/4030 4029/4029 4063/4063
f 4029/4029 4062/4062 4063/4063
f 4031/4031 4030/4030 4064/4064
f 4030/4030 4063/4063 4064/4064
f 4033/4033 4032/4032 4066/4066
f 4032/4032 4065/4065 4066/4066
f 4034/4034 4033/4033 4067/4067
f 4033/4033 4066/4066 4067/4067
f 4035/4035 4034/4034 4068/4068
f 4034/4034 4067/4067 4068/4068
f 4036/4036 4035/4035 4069/4069
f 4035/4035 4068/4068 4069/4069
f 4037/4037 4036/4036 4070/4070
f 4036/4036 4069/4069 4070/4070
f 4038/4038 4037/4037 4071/4071
f 4037/4037 4070/4070 4071/4071
f 4039/4039 4038/4038 4072/4072
f 4038/4038 4071/4071 4072/4072
f 4040/4040 4039/4039 4073/4073
f 4039/4039 4072/4072 4073/4073
f 4041/4041 4040/4040 4074/4074
f 4040/4040 4073/4073 4074/4074
f 4042/4042 4041/4041 4075/4075
f 4041/4041 4074/4074 4075/4075
f 4043/4043 4042/4042 4076/4076
f 4042/4042 4075/4075 4076/4076
f 4044/4044 4043/4043 4077/4077
f 4043/4043 4076/4076 4077/4077
f 4045/4045 4044/4044 4078/4078
f 4044/4044 4077/4077 4078/4078
f 4046/4046 4045/4045 4079/4079
f 4045/4045 4078/4078 4079/4079
f 4047/4047 4046/4046 4080/4080
f 4046/4046 4079/4079 4080/4080
f 4048/4048 4047/4047 4081/4081
f 4047/4047 4080/4080 4081/4081
f 4049/4049 4048/4048 4082/4082
f 4048/4048 4081/4081 4082/4082
f 4050/4050 4049/4049 4083/4083
f 4049/4049 4082/4082 4083/4083
f 4051/4051 4050/4050 4084/4084
f 4050/4050 4083/4083 4084/4084
f 4052/4052 4051/4051 4085/4085
f 4051/4051 4084/4084 4085/4085
f 4053/4053 4052/4052 4086/4086
f 4052/4052 4085/4085 4086/4086
f 4054/4054 4053/4053 4087/4087
f 4053/4053 4086/4086 4087/4087
f 4055/4055 4054/4054 4088/4088
f 4054/4054 4087/4087 4088/4088
f 4056/4056 4055/4055 4089/4089
f 4055/4055 4088/4088 4089/4089
f 4057/4057 4056/4056 4090/4090
f 4056/4056 4089/4089 4090/4090
f 4058/4058 4057/4057 4091/4091
f 4057/4057 4090/4090 4091/4091
f 4059/4059 4058/4058 4092/4092
f 4058/4058 4091/4091 4092/4092
f 4060/4060 4059/4059 4093/4093
f 4059/4059 4092/4092 4093/4093
f 4061/4061 4060/4060 4094/4094
f 4060/4060 4093/4093 4094/4094
f 4062/4062 4061/4061 4095/4095
f 4061/4061 4094/4094 4095/4095
f 4063/4063 4062/4062 4096/4096
f 4062/4062 4095/4095 4096/4096
f 4064/4064 4063/4063 4097/4097
f 4063/4063 4096/4096 4097/4097
f 4066/4066 4065/4065 4099/4099
f 4067/4067 4066/4066 4100/4100
f 4068/4068 4067/4067 4101/4101
f 4069/4069 4068/4068 4102/4102
f 4070/4070 4069/4069 4103/4103
f 4071/4071 4070/4070 4104/4104
f 4072/4072 4071/4071 4105/4105
f 4073/4073 4072/4072 4106/4106
f 4074/4074 4073/4073 4107/4107
f 4075/4075 4074/4074 4108/4108
f 4076/4076 4075/4075 4109/4109
f 4077/4077 4076/4076 4110/4110
f 4078/4078 4077/4077 4111/4111
f 4079/4079 4078/4078 4112/4112
f 4080/4080 4079/4079 4113/4113
f 4081/4081 4080/4080 4114/4114
f 4082/4082 4081/4081 4115/4115
f 4083/4083 4082/4082 4116/4116
f 4084/4084 4083/4083 4117/4117
f 4085/4085 4084/4084 4118/4118
f 4086/4086 4085/4085 4119/4119
f 4087/4087 4086/4086 4120/4120
f 4088/4088 4087/4087 4121/4121
f 4089/4089 4088/4088 4122/4122
f 4090/4090 4089/4089 4123/4123
f 4091/4091 4090/4090 4124/4124
f 4092/4092 4091/4091 4125/4125
f 4093/4093 4092/4092 4126/4126
f 4094/4094 4093/4093 4127/4127
f 4095/4095 4094/4094 4128/4128
f 4096/4096 4095/4095 4129/4129
f 4097/4097 4096/4096 4130/4130
v 12.238 21.260 61.695
v 13.929 21.837 62.108
v 15.509 22.743 61.896
v 16.738 23.840 61.090
v 17.428 24.962 59.814
v 17.474 25.937 58.262
v 16.870 26.618 56.670
v 15.707 26.900 55.280
v 14.162 26.740 54.305
v 12.471 26.163 53.892
v 10.891 25.257 54.104
v 9.662 24.160 54.910
v 8.972 23.038 56.186
v 8.926 22.063 57.738
v 9.530 21.382 59.330
v 10.693 21.100 60.720
v 12.238 21.260 61.695
v 23.038 -0.740 48.195
v 24.729 -0.163 48.608
v 26.309 0.743 48.396
v 27.538 1.840 47.590
v 28.228 2.962 46.314
v 28.274 3.937 44.762
v 27.670 4.618 43.170
v 26.507 4.900 41.780
v 24.962 4.740 40.805
v 23.271 4.163 40.392
v 21.691 3.257 40.604
v 20.462 2.160 41.410
v 19.772 1.038 42.686
v 19.726 0.063 44.238
v 20.330 -0.618 45.830
v 21.493 -0.900 47.220
v 23.038 -0.740 48.195
v 13.200 24.000 58.000
v 13.200 24.000 58.000
v 13.200 24.000 58.000
v 13.200 24.000 58.000
v 13.200 24.000 58.000
v 13.200 24.000 58.000
v 13.200 24.000 58.000
v 13.200 24.000 58.000
v 13.200 24.000 58.000
v 13.200 24.000 58.000
v 13.200 24.000 58.000
v 13.200 24.000 58.000
v 13.200 24.000 58.000
v 13.200 24.000 58.000
v 13.200 24.000 58.000
v 13.200 24.000 58.000
v 12.238 21.260 61.695
v 13.929 21.837 62.108
v 15.509 22.743 61.896
v 16.738 23.840 61.090
v 17.428 24.962 59.814
v 17.474 25.937 58.262
v 16.870 26.618 56.670
v 15.707 26.900 55.280
v 14.162 26.740 54.305
v 12.471 26.163 53.892
v 10.891 25.257 54.104
v 9.662 24.160 54.910
v 8.972 23.038 56.186
v 8.926 22.063 57.738
v 9.530 21.382 59.330
v 10.693 21.100 60.720
v 12.238 21.260 61.695
v 24.000 2.000 44.500
v 24.000 2.000 44.500
v 24.000 2.000 44.500
v 24.000 2.000 44.500
v 24.000 2.000 44.500
v 24.000 2.000 44.500
v 24.000 2.000 44.500
v 24.000 2.000 44.500
v 24.000 2.000 44.500
v 24.000 2.000 44.500
v 24.000 2.000 44.500
v 24.000 2.000 44.500
v 24.000 2.000 44.500
v 24.000 2.000 44.500
v 24.000 2.000 44.500
v 24.000 2.000 44.500
v 23.038 -0.740 48.195
v 24.729 -0.163 48.608
v 26.309 0.743 48.396
v 27.538 1.840 47.590
v 28.228 2.962 46.314
v 28.274 3.937 44.762
v 27.670 4.618 43.170
v 26.507 4.900 41.780
v 24.962 4.740 40.805
v 23.271 4.163 40.392
v 21.691 3.257 40.604
v 20.462 2.160 41.410
v 19.772 1.038 42.686
v 19.726 0.063 44.238
v 20.330 -0.618 45.830
v 21.493 -0.900 47.220
v 23.038 -0.740 48.195
vt 0.00000 1.00000
vt 0.06250 1.00000
vt 0.12500 1.00000
vt 0.18750 1.00000
vt 0.25000 1.00000
vt 0.31250 1.00000
vt 0.37500 1.00000
vt 0.43750 1.00000
vt 0.50000 1.00000
vt 0.56250 1.00000
vt 0.62500 1.00000
vt 0.68750 1.00000
vt 0.75000 1.00000
vt 0.81250 1.00000
vt 0.87500 1.00000
vt 0.93750 1.00000
vt 1.00000 1.00000
vt 0.00000 0.00000
vt 0.06250 0.00000
vt 0.12500 0.00000
vt 0.18750 0.00000
vt 0.25000 0.00000
vt 0.31250 0.00000
vt 0.37500 0.00000
vt 0.43750 0.00000
vt 0.50000 0.00000
vt 0.56250 0.00000
vt 0.62500 0.00000
vt 0.68750 0.00000
vt 0.75000 0.00000
vt 0.81250 0.00000
vt 0.87500 0.00000
vt 0.93750 0.00000
vt 1.00000 0.00000
vt 0.50000 0.50000
vt 0.50000 0.50000
vt 0.50000 0.50000
vt 0.50000 0.50000
vt 0.50000 0.50000
vt 0.50000 0.50000
vt 0.50000 0.50000
vt 0.50000 0.50000
vt 0.50000 0.50000
vt 0.50000 0.50000
vt 0.50000 0.50000
vt 0.50000 0.50000
vt 0.50000 0.50000
vt 0.50000 0.50000
vt 0.50000 0.50000
vt 0.50000 0.50000
vt 1.00000 0.50000
vt 0.96194 0.69134
vt 0.85355 0.85355
vt 0.69134 0.96194
vt 0.50000 1.00000
vt 0.30866 0.96194
vt 0.14645 0.85355
vt 0.03806 0.69134
vt 0.00000 0.50000
vt 0.03806 0.30866
vt 0.14645 0.14645
vt 0.30866 0.03806
vt 0.50000 0.00000
vt 0.69134 0.03806
vt 0.85355 0.14645
vt 0.96194 0.30866
vt 1.00000 0.50000
vt 0.50000 0.50000
vt 0.50000 0.50000
vt 0.50000 0.50000
vt 0.50000 0.50000
vt 0.50000 0.50000
vt 0.50000 0.50000
vt 0.50000 0.50000
vt 0.50000 0.50000
vt 0.50000 0.50000
vt 0.50000 0.50000
vt 0.50000 0.50000
vt 0.50000 0.50000
vt 0.50000 0.50000
vt 0.50000 0.50000
vt 0.50000 0.50000
vt 0.50000 0.50000
vt 1.00000 0.50000
vt 0.96194 0.30866
vt 0.85355 0.14645
vt 0.69134 0.03806
vt 0.50000 0.00000
vt 0.30866 0.03806
vt 0.14645 0.14645
vt 0.03806 0.30866
vt 0.00000 0.50000
vt 0.03806 0.69134
vt 0.14645 0.85355
vt 0.30866 0.96194
vt 0.50000 1.00000
vt 0.69134 0.96194
vt 0.85355 0.85355
vt 0.96194 0.69134
vt 1.00000 0.50000
f 4131/4131 4148/4148 4132/4132
f 4148/4148 4149/4149 4132/4132
f 4132/4132 4149/4149 4133/4133
f 4149/4149 4150/4150 4133/4133
f 4133/4133 4150/4150 4134/4134
f 4150/4150 4151/4151 4134/4134
f 4134/4134 4151/4151 4135/4135
f 4151/4151 4152/4152 4135/4135
f 4135/4135 4152/4152 4136/4136
f 4152/4152 4153/4153 4136/4136
f 4136/4136 4153/4153 4137/4137
f 4153/4153 4154/4154 4137/4137
f 4137/4137 4154/4154 4138/4138
f 4154/4154 4155/4155 4138/4138
f 4138/4138 4155/4155 4139/4139
f 4155/4155 4156/4156 4139/4139
f 4139/4139 4156/4156 4140/4140
f 4156/4156 4157/4157 4140/4140
f 4140/4140 4157/4157 4141/4141
f 4157/4157 4158/4158 4141/4141
f 4141/4141 4158/4158 4142/4142
f 4158/4158 4159/4159 4142/4142
f 4142/4142 4159/4159 4143/4143
f 4159/4159 4160/4160 4143/4143
f 4143/4143 4160/4160 4144/4144
f 4160/4160 4161/4161 4144/4144
f 4144/4144 4161/4161 4145/4145
f 4161/4161 4162/4162 4145/4145
f 4145/4145 4162/4162 4146/4146
f 4162/4162 4163/4163 4146/4146
f 4146/4146 4163/4163 4147/4147
f 4163/4163 4164/4164 4147/4147
f 4181/4181 4182/4182 4165/4165
f 4182/4182 4183/4183 4166/4166
f 4183/4183 4184/4184 4167/4167
f 4184/4184 4185/4185 4168/4168
f 4185/4185 4186/4186 4169/4169
f 4186/4186 4187/4187 4170/4170
f 4187/4187 4188/4188 4171/4171
f 4188/4188 4189/4189 4172/4172
f 4189/4189 4190/4190 4173/4173
f 4190/4190 4191/4191 4174/4174
f 4191/4191 4192/4192 4175/4175
f 4192/4192 4193/4193 4176/4176
f 4193/4193 4194/4194 4177/4177
f 4194/4194 4195/4195 4178/4178
f 4195/4195 4196/4196 4179/4179
f 4196/4196 4197/4197 4180/4180
f 4215/4215 4214/4214 4198/4198
f 4216/4216 4215/4215 4199/4199
f 4217/4217 4216/4216 4200/4200
f 4218/4218 4217/4217 4201/4201
f 4219/4219 4218/4218 4202/4202
f 4220/4220 4219/4219 4203/4203
f 4221/4221 4220/4220 4204/4204
f 4222/4222 4221/4221 4205/4205
f 4223/4223 4222/4222 4206/4206
f 4224/4224 4223/4223 4207/4207
f 4225/4225 4224/4224 4208/4208
f 4226/4226 4225/4225 4209/4209
f 4227/4227 4226/4226 4210/4210
f 4228/4228 4227/4227 4211/4211
f 4229/4229 4228/4228 4212/4212
f 4230/4230 4229/4229 4213/4213
v 19.264 21.409 39.369
v 21.949 20.971 38.292
v 24.034 20.689 36.258
v 25.199 20.606 33.575
v 25.269 20.736 30.652
v 24.232 21.058 27.935
v 22.246 21.524 25.836
v 19.614 22.062 24.676
v 16.736 22.591 24.631
v 14.051 23.029 25.708
v 11.966 23.311 27.742
v 10.801 23.394 30.425
v 10.731 23.264 33.348
v 11.768 22.942 36.065
v 13.754 22.476 38.164
v 16.386 21.938 39.324
v 19.264 21.409 39.369
v 11.764 -19.591 37.369
v 14.449 -20.029 36.292
v 16.534 -20.311 34.258
v 17.699 -20.394 31.575
v 17.769 -20.264 28.652
v 16.732 -19.942 25.935
v 14.746 -19.476 23.836
v 12.114 -18.938 22.676
v 9.236 -18.409 22.631
v 6.551 -17.971 23.708
v 4.466 -17.689 25.742
v 3.301 -17.606 28.425
v 3.231 -17.736 31.348
v 4.268 -18.058 34.065
v 6.254 -18.524 36.164
v 8.886 -19.062 37.324
v 11.764 -19.591 37.369
v 18.000 22.000 32.000
v 18.000 22.000 32.000
v 18.000 22.000 32.000
v 18.000 22.000 32.000
v 18.000 22.000 32.000
v 18.000 22.000 32.000
v 18.000 22.000 32.000
v 18.000 22.000 32.000
v 18.000 22.000 32.000
v 18.000 22.000 32.000
v 18.000 22.000 32.000
v 18.000 22.000 32.000
v 18.000 22.000 32.000
v 18.000 22.000 32.000
v 18.000 22.000 32.000
v 18.000 22.000 32.000
v 19.264 21.409 39.369
v 21.949 20.971 38.292
v 24.034 20.689 36.258
v 25.199 20.606 33.575
v 25.269 20.736 30.652
v 24.232 21.058 27.935
v 22.246 21.524 25.836
v 19.614 22.062 24.676
v 16.736 22.591 24.631
v 14.051 23.029 25.708
v 11.966 23.311 27.742
v 10.801 23.394 30.425
v 10.731 23.264 33.348
v 11.768 22.942 36.065
v 13.754 22.476 38.164
v 16.386 21.938 39.324
v 19.264 21.409 39.369
v 10.500 -19.000 30.000
v 10.500 -19.000 30.000
v 10.500 -19.000 30.000
v 10.500 -19.000 30.000
v 10.500 -19.000 30.000
v 10.500 -19.000 30.000
v 10.500 -19.000 30.000
v 10.500 -19.000 30.000
v 10.500 -19.000 30.000
v 10.500 -19.000 30.000
v 10.500 -19.000 30.000
v 10.500 -19.000 30.000
v 10.500 -19.000 30.000
v 10.500 -19.000 30.000
v 10.500 -19.000 30.000
v 10.500 -19.000 30.000
v 11.764 -19.591 37.369
v 14.449 -20.029 36.292
v 16.534 -20.311 34.258
v 17.699 -20.394 31.575
v 17.769 -20.264 28.652
v 16.732 -19.942 25.935
v 14.746 -19.476 23.836
v 12.114 -18.938 22.676
v 9.236 -18.409 22.631
v 6.551 -17.971 23.708
v 4.466 -17.689 25.742
v 3.301 -17.606 28.425
v 3.231 -17.736 31.348
v 4.268 -18.058 34.065
v 6.254 -18.524 36.164
v 8.886 -19.062 37.324
v 11.764 -19.591 37.369
vt 0.00000 1.00000
vt 0.06250 1.00000
vt 0.12500 1.00000
vt 0.18750 1.00000
vt 0.25000 1.00000
vt 0.31250 1.00000
vt 0.37500 1.00000
vt 0.43750 1.00000
vt 0.50000 1.00000
vt 0.56250 1.00000
vt 0.62500 1.00000
vt 0.68750 1.00000
vt 0.75000 1.00000
vt 0.81250 1.00000
vt 0.87500 1.00000
vt 0.93750 1.00000
vt 1.00000 1.00000
vt 0.00000 0.00000
vt 0.06250 0.00000
vt 0.12500 0.00000
vt 0.18750 0.00000
vt 0.25000 0.00000
vt 0.31250 0.00000
vt 0.37500 0.00000
vt 0.43750 0.00000
vt 0.50000 0.00000
vt 0.56250 0.00000
vt 0.62500 0.00000
vt 0.68750 0.00000
vt 0.75000 0.00000
vt 0.81250 0.00000
vt 0.87500 0.00000
vt 0.93750 0.00000
vt 1.00000 0.00000
vt 0.50000 0.50000
vt 0.50000 0.50000
vt 0.50000 0.50000
vt 0.50000 0.50000
vt 0.50000 0.50000
vt 0.50000 0.50000
vt 0.50000 0.50000
vt 0.50000 0.50000
vt 0.50000 0.50000
vt 0.50000 0.50000
vt 0.50000 0.50000
vt 0.50000 0.50000
vt 0.50000 0.50000
vt 0.50000 0.50000
vt 0.50000 0.50000
vt 0.50000 0.50000
vt 1.00000 0.50000
vt 0.96194 0.69134
vt 0.85355 0.85355
vt 0.69134 0.96194
vt 0.50000 1.00000
vt 0.30866 0.96194
vt 0.14645 0.85355
vt 0.03806 0.69134
vt 0.00000 0.50000
vt 0.03806 0.30866
vt 0.14645 0.14645
vt 0.30866 0.03806
vt 0.50000 0.00000
vt 0.69134 0.03806
vt 0.85355 0.14645
vt 0.96194 0.30866
vt 1.00000 0.50000
vt 0.50000 0.50000
vt 0.50000 0.50000
vt 0.50000 0.50000
vt 0.50000 0.50000
vt 0.50000 0.50000
vt 0.50000 0.50000
vt 0.50000 0.50000
vt 0.50000 0.50000
vt 0.50000 0.50000
vt 0.50000 0.50000
vt 0.50000 0.50000
vt 0.50000 0.50000
vt 0.50000 0.50000
vt 0.50000 0.50000
vt 0.50000 0.50000
vt 0.50000 0.50000
vt 1.00000 0.50000
vt 0.96194 0.30866
vt 0.85355 0.14645
vt 0.69134 0.03806
vt 0.50000 0.00000
vt 0.30866 0.03806
vt 0.14645 0.14645
vt 0.03806 0.30866
vt 0.00000 0.50000
vt 0.03806 0.69134
vt 0.14645 0.85355
vt 0.30866 0.96194
vt 0.50000 1.00000
vt 0.69134 0.96194
vt 0.85355 0.85355
vt 0.96194 0.69134
vt 1.00000 0.50000
f 4231/4231 4248/4248 4232/4232
f 4248/4248 4249/4249 4232/4232
f 4232/4232 4249/4249 4233/4233
f 4249/4249 4250/4250 4233/4233
f 4233/4233 4250/4250 4234/4234
f 4250/4250 4251/4251 4234/4234
f 4234/4234 4251/4251 4235/4235
f 4251/4251 4252/4252 4235/4235
f 4235/4235 4252/4252 4236/4236
f 4252/4252 4253/4253 4236/4236
f 4236/4236 4253/4253 4237/4237
f 4253/4253 4254/4254 4237/4237
f 4237/4237 4254/4254 4238/4238
f 4254/4254 4255/4255 4238/4238
f 4238/4238 4255/4255 4239/4239
f 4255/4255 4256/4256 4239/4239
f 4239/4239 4256/4256 4240/4240
f 4256/4256 4257/4257 4240/4240
f 4240/4240 4257/4257 4241/4241
f 4257/4257 4258/4258 4241/4241
f 4241/4241 4258/4258 4242/4242
f 4258/4258 4259/4259 4242/4242
f 4242/4242 4259/4259 4243/4243
f 4259/4259 4260/4260 4243/4243
f 4243/4243 4260/4260 4244/4244
f 4260/4260 4261/4261 4244/4244
f 4244/4244 4261/4261 4245/4245
f 4261/4261 4262/4262 4245/4245
f 4245/4245 4262/4262 4246/4246
f 4262/4262 4263/4263 4246/4246
f 4246/4246 4263/4263 4247/4247
f 4263/4263 4264/4264 4247/4247
f 4281/4281 4282/4282 4265/4265
f 4282/4282 4283/4283 4266/4266
f 4283/4283 4284/4284 4267/4267
f 4284/4284 4285/4285 4268/4268
f 4285/4285 4286/4286 4269/4269
f 4286/4286 4287/4287 4270/4270
f 4287/4287 4288/4288 4271/4271
f 4288/4288 4289/4289 4272/4272
f 4289/4289 4290/4290 4273/4273
f 4290/4290 4291/4291 4274/4274
f 4291/4291 4292/4292 4275/4275
f 4292/4292 4293/4293 4276/4276
f 4293/4293 4294/4294 4277/4277
f 4294/4294 4295/4295 4278/4278
f 4295/4295 4296/4296 4279/4279
f 4296/4296 4297/4297 4280/4280
f 4315/4315 4314/4314 4298/4298
f 4316/4316 4315/4315 4299/4299
f 4317/4317 4316/4316 4300/4300
f 4318/4318 4317/4317 4301/4301
f 4319/4319 4318/4318 4302/4302
f 4320/4320 4319/4319 4303/4303
f 4321/4321 4320/4320 4304/4304
f 4322/4322 4321/4321 4305/4305
f 4323/4323 4322/4322 4306/4306
f 4324/4324 4323/4323 4307/4307
f 4325/4325 4324/4324 4308/4308
f 4326/4326 4325/4325 4309/4309
f 4327/4327 4326/4326 4310/4310
f 4328/4328 4327/4327 4311/4311
f 4329/4329 4328/4328 4312/4312
f 4330/4330 4329/4329 4313/4313
v 18.000 22.000 39.300
v 18.000 22.000 39.300
v 18.000 22.000 39.300
v 18.000 22.000 39.300
v 18.000 22.000 39.300
v 18.000 22.000 39.300
v 18.000 22.000 39.300
v 18.000 22.000 39.300
v 18.000 22.000 39.300
v 18.000 22.000 39.300
v 18.000 22.000 39.300
v 18.000 22.000 39.300
v 18.000 22.000 39.300
v 18.000 22.000 39.300
v 18.000 22.000 39.300
v 18.000 22.000 39.300
v 18.000 22.000 39.300
v 18.000 22.000 39.300
v 18.000 22.000 39.300
v 18.000 22.000 39.300
v 18.000 22.000 39.300
v 18.000 22.000 39.300
v 18.000 22.000 39.300
v 18.000 22.000 39.300
v 18.000 22.000 39.300
v 18.000 22.000 39.300
v 18.000 22.000 39.300
v 18.000 22.000 39.300
v 18.000 22.000 39.300
v 18.000 22.000 39.300
v 18.000 22.000 39.300
v 18.000 22.000 39.300
v 18.000 22.000 39.300
v 16.827 22.000 39.210
v 16.849 21.753 39.210
v 16.916 21.515 39.210
v 17.024 21.296 39.210
v 17.170 21.104 39.210
v 17.348 20.946 39.210
v 17.551 20.829 39.210
v 17.771 20.757 39.210
v 18.000 20.733 39.210
v 18.229 20.757 39.210
v 18.449 20.829 39.210
v 18.652 20.946 39.210
v 18.830 21.104 39.210
v 18.976 21.296 39.210
v 19.084 21.515 39.210
v 19.151 21.753 39.210
v 19.173 22.000 39.210
v 19.151 22.247 39.210
v 19.084 22.485 39.210
v 18.976 22.704 39.210
v 18.830 22.896 39.210
v 18.652 23.054 39.210
v 18.449 23.171 39.210
v 18.229 23.243 39.210
v 18.000 23.267 39.210
v 17.771 23.243 39.210
v 17.551 23.171 39.210
v 17.348 23.054 39.210
v 17.170 22.896 39.210
v 17.024 22.704 39.210
v 16.916 22.485 39.210
v 16.849 22.247 39.210
v 16.827 22.000 39.210
v 15.682 22.000 38.943
v 15.727 21.512 38.943
v 15.859 21.042 38.943
v 16.073 20.609 38.943
v 16.361 20.230 38.943
v 16.712 19.919 38.943
v 17.113 19.687 38.943
v 17.548 19.545 38.943
v 18.000 19.497 38.943
v 18.452 19.545 38.943
v 18.887 19.687 38.943
v 19.288 19.919 38.943
v 19.639 20.230 38.943
v 19.927 20.609 38.943
v 20.141 21.042 38.943
v 20.273 21.512 38.943
v 20.318 22.000 38.943
v 20.273 22.488 38.943
v 20.141 22.958 38.943
v 19.927 23.391 38.943
v 19.639 23.770 38.943
v 19.288 24.081 38.943
v 18.887 24.313 38.943
v 18.452 24.455 38.943
v 18.000 24.503 38.943
v 17.548 24.455 38.943
v 17.113 24.313 38.943
v 16.712 24.081 38.943
v 16.361 23.770 38.943
v 16.073 23.391 38.943
v 15.859 22.958 38.943
v 15.727 22.488 38.943
v 15.682 22.000 38.943
v 14.595 22.000 38.504
v 14.660 21.283 38.504
v 14.854 20.593 38.504
v 15.169 19.957 38.504
v 15.592 19.400 38.504
v 16.108 18.942 38.504
v 16.697 18.603 38.504
v 17.336 18.393 38.504
v 18.000 18.323 38.504
v 18.664 18.393 38.504
v 19.303 18.603 38.504
v 19.892 18.942 38.504
v 20.408 19.400 38.504
v 20.831 19.957 38.504
v 21.146 20.593 38.504
v 21.340 21.283 38.504
v 21.405 22.000 38.504
v 21.340 22.717 38.504
v 21.146 23.407 38.504
v 20.831 24.043 38.504
v 20.408 24.600 38.504
v 19.892 25.058 38.504
v 19.303 25.397 38.504
v 18.664 25.607 38.504
v 18.000 25.677 38.504
v 17.336 25.607 38.504
v 16.697 25.397 38.504
v 16.108 25.058 38.504
v 15.592 24.600 38.504
v 15.169 24.043 38.504
v 14.854 23.407 38.504
v 14.660 22.717 38.504
v 14.595 22.000 38.504
v 13.592 22.000 37.906
v 13.676 21.071 37.906
v 13.927 20.178 37.906
v 14.335 19.355 37.906
v 14.883 18.633 37.906
v 15.551 18.041 37.906
v 16.313 17.601 37.906
v 17.140 17.330 37.906
v 18.000 17.239 37.906
v 18.860 17.330 37.906
v 19.687 17.601 37.906
v 20.449 18.041 37.906
v 21.117 18.633 37.906
v 21.665 19.355 37.906
v 22.073 20.178 37.906
v 22.324 21.071 37.906
v 22.408 22.000 37.906
v 22.324 22.929 37.906
v 22.073 23.822 37.906
v 21.665 24.645 37.906
v 21.117 25.367 37.906
v 20.449 25.959 37.906
v 19.687 26.399 37.906
v 18.860 26.670 37.906
v 18.000 26.761 37.906
v 17.140 26.670 37.906
v 16.313 26.399 37.906
v 15.551 25.959 37.906
v 14.883 25.367 37.906
v 14.335 24.645 37.906
v 13.927 23.822 37.906
v 13.676 22.929 37.906
v 13.592 22.000 37.906
v 12.697 22.000 37.162
v 12.799 20.883 37.162
v 13.100 19.808 37.162
v 13.590 18.818 37.162
v 14.250 17.950 37.162
v 15.054 17.238 37.162
v 15.971 16.708 37.162
v 16.965 16.382 37.162
v 18.000 16.272 37.162
v 19.035 16.382 37.162
v 20.029 16.708 37.162
v 20.946 17.238 37.162
v 21.750 17.950 37.162
v 22.410 18.818 37.162
v 22.900 19.808 37.162
v 23.201 20.883 37.162
v 23.303 22.000 37.162
v 23.201 23.117 37.162
v 22.900 24.192 37.162
v 22.410 25.182 37.162
v 21.750 26.050 37.162
v 20.946 26.762 37.162
v 20.029 27.292 37.162
v 19.035 27.618 37.162
v 18.000 27.728 37.162
v 16.965 27.618 37.162
v 15.971 27.292 37.162
v 15.054 26.762 37.162
v 14.250 26.050 37.162
v 13.590 25.182 37.162
v 13.100 24.192 37.162
v 12.799 23.117 37.162
v 12.697 22.000 37.162
v 11.932 22.000 36.291
v 12.049 20.722 36.291
v 12.394 19.492 36.291
v 12.955 18.359 36.291
v 13.710 17.366 36.291
v 14.629 16.551 36.291
v 15.678 15.946 36.291
v 16.816 15.573 36.291
v 18.000 15.447 36.291
v 19.184 15.573 36.291
v 20.322 15.946 36.291
v 21.371 16.551 36.291
v 22.290 17.366 36.291
v 23.045 18.359 36.291
v 23.606 19.492 36.291
v 23.951 20.722 36.291
v 24.068 22.000 36.291
v 23.951 23.278 36.291
v 23.606 24.508 36.291
v 23.045 25.641 36.291
v 22.290 26.634 36.291
v 21.371 27.449 36.291
v 20.322 28.054 36.291
v 19.184 28.427 36.291
v 18.000 28.553 36.291
v 16.816 28.427 36.291
v 15.678 28.054 36.291
v 14.629 27.449 36.291
v 13.710 26.634 36.291
v 12.955 25.641 36.291
v 12.394 24.508 36.291
v 12.049 23.278 36.291
v 11.932 22.000 36.291
v 11.317 22.000 35.314
v 11.446 20.592 35.314
v 11.826 19.238 35.314
v 12.444 17.990 35.314
v 13.275 16.897 35.314
v 14.287 15.999 35.314
v 15.443 15.332 35.314
v 16.696 14.922 35.314
v 18.000 14.783 35.314
v 19.304 14.922 35.314
v 20.557 15.332 35.314
v 21.713 15.999 35.314
v 22.725 16.897 35.314
v 23.556 17.990 35.314
v 24.174 19.238 35.314
v 24.554 20.592 35.314
v 24.683 22.000 35.314
v 24.554 23.408 35.314
v 24.174 24.762 35.314
v 23.556 26.010 35.314
v 22.725 27.103 35.314
v 21.713 28.001 35.314
v 20.557 28.668 35.314
v 19.304 29.078 35.314
v 18.000 29.217 35.314
v 16.696 29.078 35.314
v 15.443 28.668 35.314
v 14.287 28.001 35.314
v 13.275 27.103 35.314
v 12.444 26.010 35.314
v 11.826 24.762 35.314
v 11.446 23.408 35.314
v 11.317 22.000 35.314
v 10.867 22.000 34.256
v 11.004 20.497 34.256
v 11.410 19.052 34.256
v 12.069 17.720 34.256
v 12.956 16.553 34.256
v 14.037 15.595 34.256
v 15.270 14.883 34.256
v 16.608 14.444 34.256
v 18.000 14.296 34.256
v 19.392 14.444 34.256
v 20.730 14.883 34.256
v 21.963 15.595 34.256
v 23.044 16.553 34.256
v 23.931 17.720 34.256
v 24.590 19.052 34.256
v 24.996 20.497 34.256
v 25.133 22.000 34.256
v 24.996 23.503 34.256
v 24.590 24.948 34.256
v 23.931 26.280 34.256
v 23.044 27.447 34.256
v 21.963 28.405 34.256
v 20.730 29.117 34.256
v 19.392 29.556 34.256
v 18.000 29.704 34.256
v 16.608 29.556 34.256
v 15.270 29.117 34.256
v 14.037 28.405 34.256
v 12.956 27.447 34.256
v 12.069 26.280 34.256
v 11.410 24.948 34.256
v 11.004 23.503 34.256
v 10.867 22.000 34.256
v 10.592 22.000 33.142
v 10.735 20.439 33.142
v 11.156 18.938 33.142
v 11.841 17.555 33.142
v 12.762 16.343 33.142
v 13.885 15.348 33.142
v 15.165 14.609 33.142
v 16.555 14.153 33.142
v 18.000 14.000 33.142
v 19.445 14.153 33.142
v 20.835 14.609 33.142
v 22.115 15.348 33.142
v 23.238 16.343 33.142
v 24.159 17.555 33.142
v 24.844 18.938 33.142
v 25.265 20.439 33.142
v 25.408 22.000 33.142
v 25.265 23.561 33.142
v 24.844 25.062 33.142
v 24.159 26.445 33.142
v 23.238 27.657 33.142
v 22.115 28.652 33.142
v 20.835 29.391 33.142
v 19.445 29.847 33.142
v 18.000 30.000 33.142
v 16.555 29.847 33.142
v 15.165 29.391 33.142
v 13.885 28.652 33.142
v 12.762 27.657 33.142
v 11.841 26.445 33.142
v 11.156 25.062 33.142
v 10.735 23.561 33.142
v 10.592 22.000 33.142
v 10.500 22.000 32.000
v 10.644 20.420 32.000
v 11.071 18.900 32.000
v 11.764 17.500 32.000
v 12.697 16.272 32.000
v 13.833 15.265 32.000
v 15.130 14.517 32.000
v 16.537 14.056 32.000
v 18.000 13.900 32.000
v 19.463 14.056 32.000
v 20.870 14.517 32.000
v 22.167 15.265 32.000
v 23.303 16.272 32.000
v 24.236 17.500 32.000
v 24.929 18.900 32.000
v 25.356 20.420 32.000
v 25.500 22.000 32.000
v 25.356 23.580 32.000
v 24.929 25.100 32.000
v 24.236 26.500 32.000
v 23.303 27.728 32.000
v 22.167 28.735 32.000
v 20.870 29.483 32.000
v 19.463 29.944 32.000
v 18.000 30.100 32.000
v 16.537 29.944 32.000
v 15.130 29.483 32.000
v 13.833 28.735 32.000
v 12.697 27.728 32.000
v 11.764 26.500 32.000
v 11.071 25.100 32.000
v 10.644 23.580 32.000
v 10.500 22.000 32.000
v 10.592 22.000 30.858
v 10.735 20.439 30.858
v 11.156 18.938 30.858
v 11.841 17.555 30.858
v 12.762 16.343 30.858
v 13.885 15.348 30.858
v 15.165 14.609 30.858
v 16.555 14.153 30.858
v 18.000 14.000 30.858
v 19.445 14.153 30.858
v 20.835 14.609 30.858
v 22.115 15.348 30.858
v 23.238 16.343 30.858
v 24.159 17.555 30.858
v 24.844 18.938 30.858
v 25.265 20.439 30.858
v 25.408 22.000 30.858
v 25.265 23.561 30.858
v 24.844 25.062 30.858
v 24.159 26.445 30.858
v 23.238 27.657 30.858
v 22.115 28.652 30.858
v 20.835 29.391 30.858
v 19.445 29.847 30.858
v 18.000 30.000 30.858
v 16.555 29.847 30.858
v 15.165 29.391 30.858
v 13.885 28.652 30.858
v 12.762 27.657 30.858
v 11.841 26.445 30.858
v 11.156 25.062 30.858
v 10.735 23.561 30.858
v 10.592 22.000 30.858
v 10.867 22.000 29.744
v 11.004 20.497 29.744
v 11.410 19.052 29.744
v 12.069 17.720 29.744
v 12.956 16.553 29.744
v 14.037 15.595 29.744
v 15.270 14.883 29.744
v 16.608 14.444 29.744
v 18.000 14.296 29.744
v 19.392 14.444 29.744
v 20.730 14.883 29.744
v 21.963 15.595 29.744
v 23.044 16.553 29.744
v 23.931 17.720 29.744
v 24.590 19.052 29.744
v 24.996 20.497 29.744
v 25.133 22.000 29.744
v 24.996 23.503 29.744
v 24.590 24.948 29.744
v 23.931 26.280 29.744
v 23.044 27.447 29.744
v 21.963 28.405 29.744
v 20.730 29.117 29.744
v 19.392 29.556 29.744
v 18.000 29.704 29.744
v 16.608 29.556 29.744
v 15.270 29.117 29.744
v 14.037 28.405 29.744
v 12.956 27.447 29.744
v 12.069 26.280 29.744
v 11.410 24.948 29.744
v 11.004 23.503 29.744
v 10.867 22.000 29.744
v 11.317 22.000 28.686
v 11.446 20.592 28.686
v 11.826 19.238 28.686
v 12.444 17.990 28.686
v 13.275 16.897 28.686
v 14.287 15.999 28.686
v 15.443 15.332 28.686
v 16.696 14.922 28.686
v 18.000 14.783 28.686
v 19.304 14.922 28.686
v 20.557 15.332 28.686
v 21.713 15.999 28.686
v 22.725 16.897 28.686
v 23.556 17.990 28.686
v 24.174 19.238 28.686
v 24.554 20.592 28.686
v 24.683 22.000 28.686
v 24.554 23.408 28.686
v 24.174 24.762 28.686
v 23.556 26.010 28.686
v 22.725 27.103 28.686
v 21.713 28.001 28.686
v 20.557 28.668 28.686
v 19.304 29.078 28.686
v 18.000 29.217 28.686
v 16.696 29.078 28.686
v 15.443 28.668 28.686
v 14.287 28.001 28.686
v 13.275 27.103 28.686
v 12.444 26.010 28.686
v 11.826 24.762 28.686
v 11.446 23.408 28.686
v 11.317 22.000 28.686
v 11.932 22.000 27.709
v 12.049 20.722 27.709
v 12.394 19.492 27.709
v 12.955 18.359 27.709
v 13.710 17.366 27.709
v 14.629 16.551 27.709
v 15.678 15.946 27.709
v 16.816 15.573 27.709
v 18.000 15.447 27.709
v 19.184 15.573 27.709
v 20.322 15.946 27.709
v 21.371 16.551 27.709
v 22.290 17.366 27.709
v 23.045 18.359 27.709
v 23.606 19.492 27.709
v 23.951 20.722 27.709
v 24.068 22.000 27.709
v 23.951 23.278 27.709
v 23.606 24.508 27.709
v 23.045 25.641 27.709
v 22.290 26.634 27.709
v 21.371 27.449 27.709
v 20.322 28.054 27.709
v 19.184 28.427 27.709
v 18.000 28.553 27.709
v 16.816 28.427 27.709
v 15.678 28.054 27.709
v 14.629 27.449 27.709
v 13.710 26.634 27.709
v 12.955 25.641 27.709
v 12.394 24.508 27.709
v 12.049 23.278 27.709
v 11.932 22.000 27.709
v 12.697 22.000 26.838
v 12.799 20.883 26.838
v 13.100 19.808 26.838
v 13.590 18.818 26.838
v 14.250 17.950 26.838
v 15.054 17.238 26.838
v 15.971 16.708 26.838
v 16.965 16.382 26.838
v 18.000 16.272 26.838
v 19.035 16.382 26.838
v 20.029 16.708 26.838
v 20.946 17.238 26.838
v 21.750 17.950 26.838
v 22.410 18.818 26.838
v 22.900 19.808 26.838
v 23.201 20.883 26.838
v 23.303 22.000 26.838
v 23.201 23.117 26.838
v 22.900 24.192 26.838
v 22.410 25.182 26.838
v 21.750 26.050 26.838
v 20.946 26.762 26.838
v 20.029 27.292 26.838
v 19.035 27.618 26.838
v 18.000 27.728 26.838
v 16.965 27.618 26.838
v 15.971 27.292 26.838
v 15.054 26.762 26.838
v 14.250 26.050 26.838
v 13.590 25.182 26.838
v 13.100 24.192 26.838
v 12.799 23.117 26.838
v 12.697 22.000 26.838
v 13.592 22.000 26.094
v 13.676 21.071 26.094
v 13.927 20.178 26.094
v 14.335 19.355 26.094
v 14.883 18.633 26.094
v 15.551 18.041 26.094
v 16.313 17.601 26.094
v 17.140 17.330 26.094
v 18.000 17.239 26.094
v 18.860 17.330 26.094
v 19.687 17.601 26.094
v 20.449 18.041 26.094
v 21.117 18.633 26.094
v 21.665 19.355 26.094
v 22.073 20.178 26.094
v 22.324 21.071 26.094
v 22.408 22.000 26.094
v 22.324 22.929 26.094
v 22.073 23.822 26.094
v 21.665 24.645 26.094
v 21.117 25.367 26.094
v 20.449 25.959 26.094
v 19.687 26.399 26.094
v 18.860 26.670 26.094
v 18.000 26.761 26.094
v 17.140 26.670 26.094
v 16.313 26.399 26.094
v 15.551 25.959 26.094
v 14.883 25.367 26.094
v 14.335 24.645 26.094
v 13.927 23.822 26.094
v 13.676 22.929 26.094
v 13.592 22.000 26.094
v 14.595 22.000 25.496
v 14.660 21.283 25.496
v 14.854 20.593 25.496
v 15.169 19.957 25.496
v 15.592 19.400 25.496
v 16.108 18.942 25.496
v 16.697 18.603 25.496
v 17.336 18.393 25.496
v 18.000 18.323 25.496
v 18.664 18.393 25.496
v 19.303 18.603 25.496
v 19.892 18.942 25.496
v 20.408 19.400 25.496
v 20.831 19.957 25.496
v 21.146 20.593 25.496
v 21.340 21.283 25.496
v 21.405 22.000 25.496
v 21.340 22.717 25.496
v 21.146 23.407 25.496
v 20.831 24.043 25.496
v 20.408 24.600 25.496
v 19.892 25.058 25.496
v 19.303 25.397 25.496
v 18.664 25.607 25.496
v 18.000 25.677 25.496
v 17.336 25.607 25.496
v 16.697 25.397 25.496
v 16.108 25.058 25.496
v 15.592 24.600 25.496
v 15.169 24.043 25.496
v 14.854 23.407 25.496
v 14.660 22.717 25.496
v 14.595 22.000 25.496
v 15.682 22.000 25.057
v 15.727 21.512 25.057
v 15.859 21.042 25.057
v 16.073 20.609 25.057
v 16.361 20.230 25.057
v 16.712 19.919 25.057
v 17.113 19.687 25.057
v 17.548 19.545 25.057
v 18.000 19.497 25.057
v 18.452 19.545 25.057
v 18.887 19.687 25.057
v 19.288 19.919 25.057
v 19.639 20.230 25.057
v 19.927 20.609 25.057
v 20.141 21.042 25.057
v 20.273 21.512 25.057
v 20.318 22.000 25.057
v 20.273 22.488 25.057
v 20.141 22.958 25.057
v 19.927 23.391 25.057
v 19.639 23.770 25.057
v 19.288 24.081 25.057
v 18.887 24.313 25.057
v 18.452 24.455 25.057
v 18.000 24.503 25.057
v 17.548 24.455 25.057
v 17.113 24.313 25.057
v 16.712 24.081 25.057
v 16.361 23.770 25.057
v 16.073 23.391 25.057
v 15.859 22.958 25.057
v 15.727 22.488 25.057
v 15.682 22.000 25.057
v 16.827 22.000 24.790
v 16.849 21.753 24.790
v 16.916 21.515 24.790
v 17.024 21.296 24.790
v 17.170 21.104 24.790
v 17.348 20.946 24.790
v 17.551 20.829 24.790
v 17.771 20.757 24.790
v 18.000 20.733 24.790
v 18.229 20.757 24.790
v 18.449 20.829 24.790
v 18.652 20.946 24.790
v 18.830 21.104 24.790
v 18.976 21.296 24.790
v 19.084 21.515 24.790
v 19.151 21.753 24.790
v 19.173 22.000 24.790
v 19.151 22.247 24.790
v 19.084 22.485 24.790
v 18.976 22.704 24.790
v 18.830 22.896 24.790
v 18.652 23.054 24.790
v 18.449 23.171 24.790
v 18.229 23.243 24.790
v 18.000 23.267 24.790
v 17.771 23.243 24.790
v 17.551 23.171 24.790
v 17.348 23.054 24.790
v 17.170 22.896 24.790
v 17.024 22.704 24.790
v 16.916 22.485 24.790
v 16.849 22.247 24.790
v 16.827 22.000 24.790
v 18.000 22.000 24.700
v 18.000 22.000 24.700
v 18.000 22.000 24.700
v 18.000 22.000 24.700
v 18.000 22.000 24.700
v 18.000 22.000 24.700
v 18.000 22.000 24.700
v 18.000 22.000 24.700
v 18.000 22.000 24.700
v 18.000 22.000 24.700
v 18.000 22.000 24.700
v 18.000 22.000 24.700
v 18.000 22.000 24.700
v 18.000 22.000 24.700
v 18.000 22.000 24.700
v 18.000 22.000 24.700
v 18.000 22.000 24.700
v 18.000 22.000 24.700
v 18.000 22.000 24.700
v 18.000 22.000 24.700
v 18.000 22.000 24.700
v 18.000 22.000 24.700
v 18.000 22.000 24.700
v 18.000 22.000 24.700
v 18.000 22.000 24.700
v 18.000 22.000 24.700
v 18.000 22.000 24.700
v 18.000 22.000 24.700
v 18.000 22.000 24.700
v 18.000 22.000 24.700
v 18.000 22.000 24.700
v 18.000 22.000 24.700
v 18.000 22.000 24.700
vt 0.01563 1.00000
vt 0.04688 1.00000
vt 0.07813 1.00000
vt 0.10938 1.00000
vt 0.14063 1.00000
vt 0.17188 1.00000
vt 0.20313 1.00000
vt 0.23438 1.00000
vt 0.26563 1.00000
vt 0.29688 1.00000
vt 0.32813 1.00000
vt 0.35938 1.00000
vt 0.39063 1.00000
vt 0.42188 1.00000
vt 0.45313 1.00000
vt 0.48438 1.00000
vt 0.51563 1.00000
vt 0.54688 1.00000
vt 0.57813 1.00000
vt 0.60938 1.00000
vt 0.64063 1.00000
vt 0.67188 1.00000
vt 0.70313 1.00000
vt 0.73438 1.00000
vt 0.76563 1.00000
vt 0.79688 1.00000
vt 0.82813 1.00000
vt 0.85938 1.00000
vt 0.89063 1.00000
vt 0.92188 1.00000
vt 0.95313 1.00000
vt 0.98438 1.00000
vt 1.01563 1.00000
vt 0.00000 0.95000
vt 0.03125 0.95000
vt 0.06250 0.95000
vt 0.09375 0.95000
vt 0.12500 0.95000
vt 0.15625 0.95000
vt 0.18750 0.95000
vt 0.21875 0.95000
vt 0.25000 0.95000
vt 0.28125 0.95000
vt 0.31250 0.95000
vt 0.34375 0.95000
vt 0.37500 0.95000
vt 0.40625 0.95000
vt 0.43750 0.95000
vt 0.46875 0.95000
vt 0.50000 0.95000
vt 0.53125 0.95000
vt 0.56250 0.95000
vt 0.59375 0.95000
vt 0.62500 0.95000
vt 0.65625 0.95000
vt 0.68750 0.95000
vt 0.71875 0.95000
vt 0.75000 0.95000
vt 0.78125 0.95000
vt 0.81250 0.95000
vt 0.84375 0.95000
vt 0.87500 0.95000
vt 0.90625 0.95000
vt 0.93750 0.95000
vt 0.96875 0.95000
vt 1.00000 0.95000
vt 0.00000 0.90000
vt 0.03125 0.90000
vt 0.06250 0.90000
vt 0.09375 0.90000
vt 0.12500 0.90000
vt 0.15625 0.90000
vt 0.18750 0.90000
vt 0.21875 0.90000
vt 0.25000 0.90000
vt 0.28125 0.90000
vt 0.31250 0.90000
vt 0.34375 0.90000
vt 0.37500 0.90000
vt 0.40625 0.90000
vt 0.43750 0.90000
vt 0.46875 0.90000
vt 0.50000 0.90000
vt 0.53125 0.90000
vt 0.56250 0.90000
vt 0.59375 0.90000
vt 0.62500 0.90000
vt 0.65625 0.90000
vt 0.68750 0.90000
vt 0.71875 0.90000
vt 0.75000 0.90000
vt 0.78125 0.90000
vt 0.81250 0.90000
vt 0.84375 0.90000
vt 0.87500 0.90000
vt 0.90625 0.90000
vt 0.93750 0.90000
vt 0.96875 0.90000
vt 1.00000 0.90000
vt 0.00000 0.85000
vt 0.03125 0.85000
vt 0.06250 0.85000
vt 0.09375 0.85000
vt 0.12500 0.85000
vt 0.15625 0.85000
vt 0.18750 0.85000
vt 0.21875 0.85000
vt 0.25000 0.85000
vt 0.28125 0.85000
vt 0.31250 0.85000
vt 0.34375 0.85000
vt 0.37500 0.85000
vt 0.40625 0.85000
vt 0.43750 0.85000
vt 0.46875 0.85000
vt 0.50000 0.85000
vt 0.53125 0.85000
vt 0.56250 0.85000
vt 0.59375 0.85000
vt 0.62500 0.85000
vt 0.65625 0.85000
vt 0.68750 0.85000
vt 0.71875 0.85000
vt 0.75000 0.85000
vt 0.78125 0.85000
vt 0.81250 0.85000
vt 0.84375 0.85000
vt 0.87500 0.85000
vt 0.90625 0.85000
vt 0.93750 0.85000
vt 0.96875 0.85000
vt 1.00000 0.85000
vt 0.00000 0.80000
vt 0.03125 0.80000
vt 0.06250 0.80000
vt 0.09375 0.80000
vt 0.12500 0.80000
vt 0.15625 0.80000
vt 0.18750 0.80000
vt 0.21875 0.80000
vt 0.25000 0.80000
vt 0.28125 0.80000
vt 0.31250 0.80000
vt 0.34375 0.80000
vt 0.37500 0.80000
vt 0.40625 0.80000
vt 0.43750 0.80000
vt 0.46875 0.80000
vt 0.50000 0.80000
vt 0.53125 0.80000
vt 0.56250 0.80000
vt 0.59375 0.80000
vt 0.62500 0.80000
vt 0.65625 0.80000
vt 0.68750 0.80000
vt 0.71875 0.80000
vt 0.75000 0.80000
vt 0.78125 0.80000
vt 0.81250 0.80000
vt 0.84375 0.80000
vt 0.87500 0.80000
vt 0.90625 0.80000
vt 0.93750 0.80000
vt 0.96875 0.80000
vt 1.00000 0.80000
vt 0.00000 0.75000
vt 0.03125 0.75000
vt 0.06250 0.75000
vt 0.09375 0.75000
vt 0.12500 0.75000
vt 0.15625 0.75000
vt 0.18750 0.75000
vt 0.21875 0.75000
vt 0.25000 0.75000
vt 0.28125 0.75000
vt 0.31250 0.75000
vt 0.34375 0.75000
vt 0.37500 0.75000
vt 0.40625 0.75000
vt 0.43750 0.75000
vt 0.46875 0.75000
vt 0.50000 0.75000
vt 0.53125 0.75000
vt 0.56250 0.75000
vt 0.59375 0.75000
vt 0.62500 0.75000
vt 0.65625 0.75000
vt 0.68750 0.75000
vt 0.71875 0.75000
vt 0.75000 0.75000
vt 0.78125 0.75000
vt 0.81250 0.75000
vt 0.84375 0.75000
vt 0.87500 0.75000
vt 0.90625 0.75000
vt 0.93750 0.75000
vt 0.96875 0.75000
vt 1.00000 0.75000
vt 0.00000 0.70000
vt 0.03125 0.70000
vt 0.06250 0.70000
vt 0.09375 0.70000
vt 0.12500 0.70000
vt 0.15625 0.70000
vt 0.18750 0.70000
vt 0.21875 0.70000
vt 0.25000 0.70000
vt 0.28125 0.70000
vt 0.31250 0.70000
vt 0.34375 0.70000
vt 0.37500 0.70000
vt 0.40625 0.70000
vt 0.43750 0.70000
vt 0.46875 0.70000
vt 0.50000 0.70000
vt 0.53125 0.70000
vt 0.56250 0.70000
vt 0.59375 0.70000
vt 0.62500 0.70000
vt 0.65625 0.70000
vt 0.68750 0.70000
vt 0.71875 0.70000
vt 0.75000 0.70000
vt 0.78125 0.70000
vt 0.81250 0.70000
vt 0.84375 0.70000
vt 0.87500 0.70000
vt 0.90625 0.70000
vt 0.93750 0.70000
vt 0.96875 0.70000
vt 1.00000 0.70000
vt 0.00000 0.65000
vt 0.03125 0.65000
vt 0.06250 0.65000
vt 0.09375 0.65000
vt 0.12500 0.65000
vt 0.15625 0.65000
vt 0.18750 0.65000
vt 0.21875 0.65000
vt 0.25000 0.65000
vt 0.28125 0.65000
vt 0.31250 0.65000
vt 0.34375 0.65000
vt 0.37500 0.65000
vt 0.40625 0.65000
vt 0.43750 0.65000
vt 0.46875 0.65000
vt 0.50000 0.65000
vt 0.53125 0.65000
vt 0.56250 0.65000
vt 0.59375 0.65000
vt 0.62500 0.65000
vt 0.65625 0.65000
vt 0.68750 0.65000
vt 0.71875 0.65000
vt 0.75000 0.65000
vt 0.78125 0.65000
vt 0.81250 0.65000
vt 0.84375 0.65000
vt 0.87500 0.65000
vt 0.90625 0.65000
vt 0.93750 0.65000
vt 0.96875 0.65000
vt 1.00000 0.65000
vt 0.00000 0.60000
vt 0.03125 0.60000
vt 0.06250 0.60000
vt 0.09375 0.60000
vt 0.12500 0.60000
vt 0.15625 0.60000
vt 0.18750 0.60000
vt 0.21875 0.60000
vt 0.25000 0.60000
vt 0.28125 0.60000
vt 0.31250 0.60000
vt 0.34375 0.60000
vt 0.37500 0.60000
vt 0.40625 0.60000
vt 0.43750 0.60000
vt 0.46875 0.60000
vt 0.50000 0.60000
vt 0.53125 0.60000
vt 0.56250 0.60000
vt 0.59375 0.60000
vt 0.62500 0.60000
vt 0.65625 0.60000
vt 0.68750 0.60000
vt 0.71875 0.60000
vt 0.75000 0.60000
vt 0.78125 0.60000
vt 0.81250 0.60000
vt 0.84375 0.60000
vt 0.87500 0.60000
vt 0.90625 0.60000
vt 0.93750 0.60000
vt 0.96875 0.60000
vt 1.00000 0.60000
vt 0.00000 0.55000
vt 0.03125 0.55000
vt 0.06250 0.55000
vt 0.09375 0.55000
vt 0.12500 0.55000
vt 0.15625 0.55000
vt 0.18750 0.55000
vt 0.21875 0.55000
vt 0.25000 0.55000
vt 0.28125 0.55000
vt 0.31250 0.55000
vt 0.34375 0.55000
vt 0.37500 0.55000
vt 0.40625 0.55000
vt 0.43750 0.55000
vt 0.46875 0.55000
vt 0.50000 0.55000
vt 0.53125 0.55000
vt 0.56250 0.55000
vt 0.59375 0.55000
vt 0.62500 0.55000
vt 0.65625 0.55000
vt 0.68750 0.55000
vt 0.71875 0.55000
vt 0.75000 0.55000
vt 0.78125 0.55000
vt 0.81250 0.55000
vt 0.84375 0.55000
vt 0.87500 0.55000
vt 0.90625 0.55000
vt 0.93750 0.55000
vt 0.96875 0.55000
vt 1.00000 0.55000
vt 0.00000 0.50000
vt 0.03125 0.50000
vt 0.06250 0.50000
vt 0.09375 0.50000
vt 0.12500 0.50000
vt 0.15625 0.50000
vt 0.18750 0.50000
vt 0.21875 0.50000
vt 0.25000 0.50000
vt 0.28125 0.50000
vt 0.31250 0.50000
vt 0.34375 0.50000
vt 0.37500 0.50000
vt 0.40625 0.50000
vt 0.43750 0.50000
vt 0.46875 0.50000
vt 0.50000 0.50000
vt 0.53125 0.50000
vt 0.56250 0.50000
vt 0.59375 0.50000
vt 0.62500 0.50000
vt 0.65625 0.50000
vt 0.68750 0.50000
vt 0.71875 0.50000
vt 0.75000 0.50000
vt 0.78125 0.50000
vt 0.81250 0.50000
vt 0.84375 0.50000
vt 0.87500 0.50000
vt 0.90625 0.50000
vt 0.93750 0.50000
vt 0.96875 0.50000
vt 1.00000 0.50000
vt 0.00000 0.45000
vt 0.03125 0.45000
vt 0.06250 0.45000
vt 0.09375 0.45000
vt 0.12500 0.45000
vt 0.15625 0.45000
vt 0.18750 0.45000
vt 0.21875 0.45000
vt 0.25000 0.45000
vt 0.28125 0.45000
vt 0.31250 0.45000
vt 0.34375 0.45000
vt 0.37500 0.45000
vt 0.40625 0.45000
vt 0.43750 0.45000
vt 0.46875 0.45000
vt 0.50000 0.45000
vt 0.53125 0.45000
vt 0.56250 0.45000
vt 0.59375 0.45000
vt 0.62500 0.45000
vt 0.65625 0.45000
vt 0.68750 0.45000
vt 0.71875 0.45000
vt 0.75000 0.45000
vt 0.78125 0.45000
vt 0.81250 0.45000
vt 0.84375 0.45000
vt 0.87500 0.45000
vt 0.90625 0.45000
vt 0.93750 0.45000
vt 0.96875 0.45000
vt 1.00000 0.45000
vt 0.00000 0.40000
vt 0.03125 0.40000
vt 0.06250 0.40000
vt 0.09375 0.40000
vt 0.12500 0.40000
vt 0.15625 0.40000
vt 0.18750 0.40000
vt 0.21875 0.40000
vt 0.25000 0.40000
vt 0.28125 0.40000
vt 0.31250 0.40000
vt 0.34375 0.40000
vt 0.37500 0.40000
vt 0.40625 0.40000
vt 0.43750 0.40000
vt 0.46875 0.40000
vt 0.50000 0.40000
vt 0.53125 0.40000
vt 0.56250 0.40000
vt 0.59375 0.40000
vt 0.62500 0.40000
vt 0.65625 0.40000
vt 0.68750 0.40000
vt 0.71875 0.40000
vt 0.75000 0.40000
vt 0.78125 0.40000
vt 0.81250 0.40000
vt 0.84375 0.40000
vt 0.87500 0.40000
vt 0.90625 0.40000
vt 0.93750 0.40000
vt 0.96875 0.40000
vt 1.00000 0.40000
vt 0.00000 0.35000
vt 0.03125 0.35000
vt 0.06250 0.35000
vt 0.09375 0.35000
vt 0.12500 0.35000
vt 0.15625 0.35000
vt 0.18750 0.35000
vt 0.21875 0.35000
vt 0.25000 0.35000
vt 0.28125 0.35000
vt 0.31250 0.35000
vt 0.34375 0.35000
vt 0.37500 0.35000
vt 0.40625 0.35000
vt 0.43750 0.35000
vt 0.46875 0.35000
vt 0.50000 0.35000
vt 0.53125 0.35000
vt 0.56250 0.35000
vt 0.59375 0.35000
vt 0.62500 0.35000
vt 0.65625 0.35000
vt 0.68750 0.35000
vt 0.71875 0.35000
vt 0.75000 0.35000
vt 0.78125 0.35000
vt 0.81250 0.35000
vt 0.84375 0.35000
vt 0.87500 0.35000
vt 0.90625 0.35000
vt 0.93750 0.35000
vt 0.96875 0.35000
vt 1.00000 0.35000
vt 0.00000 0.30000
vt 0.03125 0.30000
vt 0.06250 0.30000
vt 0.09375 0.30000
vt 0.12500 0.30000
vt 0.15625 0.30000
vt 0.18750 0.30000
vt 0.21875 0.30000
vt 0.25000 0.30000
vt 0.28125 0.30000
vt 0.31250 0.30000
vt 0.34375 0.30000
vt 0.37500 0.30000
vt 0.40625 0.30000
vt 0.43750 0.30000
vt 0.46875 0.30000
vt 0.50000 0.30000
vt 0.53125 0.30000
vt 0.56250 0.30000
vt 0.59375 0.30000
vt 0.62500 0.30000
vt 0.65625 0.30000
vt 0.68750 0.30000
vt 0.71875 0.30000
vt 0.75000 0.30000
vt 0.78125 0.30000
vt 0.81250 0.30000
vt 0.84375 0.30000
vt 0.87500 0.30000
vt 0.90625 0.30000
vt 0.93750 0.30000
vt 0.96875 0.30000
vt 1.00000 0.30000
vt 0.00000 0.25000
vt 0.03125 0.25000
vt 0.06250 0.25000
vt 0.09375 0.25000
vt 0.12500 0.25000
vt 0.15625 0.25000
vt 0.18750 0.25000
vt 0.21875 0.25000
vt 0.25000 0.25000
vt 0.28125 0.25000
vt 0.31250 0.25000
vt 0.34375 0.25000
vt 0.37500 0.25000
vt 0.40625 0.25000
vt 0.43750 0.25000
vt 0.46875 0.25000
vt 0.50000 0.25000
vt 0.53125 0.25000
vt 0.56250 0.25000
vt 0.59375 0.25000
vt 0.62500 0.25000
vt 0.65625 0.25000
vt 0.68750 0.25000
vt 0.71875 0.25000
vt 0.75000 0.25000
vt 0.78125 0.25000
vt 0.81250 0.25000
vt 0.84375 0.25000
vt 0.87500 0.25000
vt 0.90625 0.25000
vt 0.93750 0.25000
vt 0.96875 0.25000
vt 1.00000 0.25000
vt 0.00000 0.20000
vt 0.03125 0.20000
vt 0.06250 0.20000
vt 0.09375 0.20000
vt 0.12500 0.20000
vt 0.15625 0.20000
vt 0.18750 0.20000
vt 0.21875 0.20000
vt 0.25000 0.20000
vt 0.28125 0.20000
vt 0.31250 0.20000
vt 0.34375 0.20000
vt 0.37500 0.20000
vt 0.40625 0.20000
vt 0.43750 0.20000
vt 0.46875 0.20000
vt 0.50000 0.20000
vt 0.53125 0.20000
vt 0.56250 0.20000
vt 0.59375 0.20000
vt 0.62500 0.20000
vt 0.65625 0.20000
vt 0.68750 0.20000
vt 0.71875 0.20000
vt 0.75000 0.20000
vt 0.78125 0.20000
vt 0.81250 0.20000
vt 0.84375 0.20000
vt 0.87500 0.20000
vt 0.90625 0.20000
vt 0.93750 0.20000
vt 0.96875 0.20000
vt 1.00000 0.20000
vt 0.00000 0.15000
vt 0.03125 0.15000
vt 0.06250 0.15000
vt 0.09375 0.15000
vt 0.12500 0.15000
vt 0.15625 0.15000
vt 0.18750 0.15000
vt 0.21875 0.15000
vt 0.25000 0.15000
vt 0.28125 0.15000
vt 0.31250 0.15000
vt 0.34375 0.15000
vt 0.37500 0.15000
vt 0.40625 0.15000
vt 0.43750 0.15000
vt 0.46875 0.15000
vt 0.50000 0.15000
vt 0.53125 0.15000
vt 0.56250 0.15000
vt 0.59375 0.15000
vt 0.62500 0.15000
vt 0.65625 0.15000
vt 0.68750 0.15000
vt 0.71875 0.15000
vt 0.75000 0.15000
vt 0.78125 0.15000
vt 0.81250 0.15000
vt 0.84375 0.15000
vt 0.87500 0.15000
vt 0.90625 0.15000
vt 0.93750 0.15000
vt 0.96875 0.15000
vt 1.00000 0.15000
vt 0.00000 0.10000
vt 0.03125 0.10000
vt 0.06250 0.10000
vt 0.09375 0.10000
vt 0.12500 0.10000
vt 0.15625 0.10000
vt 0.18750 0.10000
vt 0.21875 0.10000
vt 0.25000 0.10000
vt 0.28125 0.10000
vt 0.31250 0.10000
vt 0.34375 0.10000
vt 0.37500 0.10000
vt 0.40625 0.10000
vt 0.43750 0.10000
vt 0.46875 0.10000
vt 0.50000 0.10000
vt 0.53125 0.10000
vt 0.56250 0.10000
vt 0.59375 0.10000
vt 0.62500 0.10000
vt 0.65625 0.10000
vt 0.68750 0.10000
vt 0.71875 0.10000
vt 0.75000 0.10000
vt 0.78125 0.10000
vt 0.81250 0.10000
vt 0.84375 0.10000
vt 0.87500 0.10000
vt 0.90625 0.10000
vt 0.93750 0.10000
vt 0.96875 0.10000
vt 1.00000 0.10000
vt 0.00000 0.05000
vt 0.03125 0.05000
vt 0.06250 0.05000
vt 0.09375 0.05000
vt 0.12500 0.05000
vt 0.15625 0.05000
vt 0.18750 0.05000
vt 0.21875 0.05000
vt 0.25000 0.05000
vt 0.28125 0.05000
vt 0.31250 0.05000
vt 0.34375 0.05000
vt 0.37500 0.05000
vt 0.40625 0.05000
vt 0.43750 0.05000
vt 0.46875 0.05000
vt 0.50000 0.05000
vt 0.53125 0.05000
vt 0.56250 0.05000
vt 0.59375 0.05000
vt 0.62500 0.05000
vt 0.65625 0.05000
vt 0.68750 0.05000
vt 0.71875 0.05000
vt 0.75000 0.05000
vt 0.78125 0.05000
vt 0.81250 0.05000
vt 0.84375 0.05000
vt 0.87500 0.05000
vt 0.90625 0.05000
vt 0.93750 0.05000
vt 0.96875 0.05000
vt 1.00000 0.05000
vt -0.01563 0.00000
vt 0.01563 0.00000
vt 0.04688 0.00000
vt 0.07813 0.00000
vt 0.10938 0.00000
vt 0.14063 0.00000
vt 0.17188 0.00000
vt 0.20313 0.00000
vt 0.23438 0.00000
vt 0.26563 0.00000
vt 0.29688 0.00000
vt 0.32813 0.00000
vt 0.35938 0.00000
vt 0.39063 0.00000
vt 0.42188 0.00000
vt 0.45313 0.00000
vt 0.48438 0.00000
vt 0.51563 0.00000
vt 0.54688 0.00000
vt 0.57813 0.00000
vt 0.60938 0.00000
vt 0.64063 0.00000
vt 0.67188 0.00000
vt 0.70313 0.00000
vt 0.73438 0.00000
vt 0.76563 0.00000
vt 0.79688 0.00000
vt 0.82813 0.00000
vt 0.85938 0.00000
vt 0.89063 0.00000
vt 0.92188 0.00000
vt 0.95313 0.00000
vt 0.98438 0.00000
f 4331/4331 4364/4364 4365/4365
f 4332/4332 4365/4365 4366/4366
f 4333/4333 4366/4366 4367/4367
f 4334/4334 4367/4367 4368/4368
f 4335/4335 4368/4368 4369/4369
f 4336/4336 4369/4369 4370/4370
f 4337/4337 4370/4370 4371/4371
f 4338/4338 4371/4371 4372/4372
f 4339/4339 4372/4372 4373/4373
f 4340/4340 4373/4373 4374/4374
f 4341/4341 4374/4374 4375/4375
f 4342/4342 4375/4375 4376/4376
f 4343/4343 4376/4376 4377/4377
f 4344/4344 4377/4377 4378/4378
f 4345/4345 4378/4378 4379/4379
f 4346/4346 4379/4379 4380/4380
f 4347/4347 4380/4380 4381/4381
f 4348/4348 4381/4381 4382/4382
f 4349/4349 4382/4382 4383/4383
f 4350/4350 4383/4383 4384/4384
f 4351/4351 4384/4384 4385/4385
f 4352/4352 4385/4385 4386/4386
f 4353/4353 4386/4386 4387/4387
f 4354/4354 4387/4387 4388/4388
f 4355/4355 4388/4388 4389/4389
f 4356/4356 4389/4389 4390/4390
f 4357/4357 4390/4390 4391/4391
f 4358/4358 4391/4391 4392/4392
f 4359/4359 4392/4392 4393/4393
f 4360/4360 4393/4393 4394/4394
f 4361/4361 4394/4394 4395/4395
f 4362/4362 4395/4395 4396/4396
f 4365/4365 4364/4364 4398/4398
f 4364/4364 4397/4397 4398/4398
f 4366/4366 4365/4365 4399/4399
f 4365/4365 4398/4398 4399/4399
f 4367/4367 4366/4366 4400/4400
f 4366/4366 4399/4399 4400/4400
f 4368/4368 4367/4367 4401/4401
f 4367/4367 4400/4400 4401/4401
f 4369/4369 4368/4368 4402/4402
f 4368/4368 4401/4401 4402/4402
f 4370/4370 4369/4369 4403/4403
f 4369/4369 4402/4402 4403/4403
f 4371/4371 4370/4370 4404/4404
f 4370/4370 4403/4403 4404/4404
f 4372/4372 4371/4371 4405/4405
f 4371/4371 4404/4404 4405/4405
f 4373/4373 4372/4372 4406/4406
f 4372/4372 4405/4405 4406/4406
f 4374/4374 4373/4373 4407/4407
f 4373/4373 4406/4406 4407/4407
f 4375/4375 4374/4374 4408/4408
f 4374/4374 4407/4407 4408/4408
f 4376/4376 4375/4375 4409/4409
f 4375/4375 4408/4408 4409/4409
f 4377/4377 4376/4376 4410/4410
f 4376/4376 4409/4409 4410/4410
f 4378/4378 4377/4377 4411/4411
f 4377/4377 4410/4410 4411/4411
f 4379/4379 4378/4378 4412/4412
f 4378/4378 4411/4411 4412/4412
f 4380/4380 4379/4379 4413/4413
f 4379/4379 4412/4412 4413/4413
f 4381/4381 4380/4380 4414/4414
f 4380/4380 4413/4413 4414/4414
f 4382/4382 4381/4381 4415/4415
f 4381/4381 4414/4414 4415/4415
f 4383/4383 4382/4382 4416/4416
f 4382/4382 4415/4415 4416/4416
f 4384/4384 4383/4383 4417/4417
f 4383/4383 4416/4416 4417/4417
f 4385/4385 4384/4384 4418/4418
f 4384/4384 4417/4417 4418/4418
f 4386/4386 4385/4385 4419/4419
f 4385/4385 4418/4418 4419/4419
f 4387/4387 4386/4386 4420/4420
f 4386/4386 4419/4419 4420/4420
f 4388/4388 4387/4387 4421/4421
f 4387/4387 4420/4420 4421/4421
f 4389/4389 4388/4388 4422/4422
f 4388/4388 4421/4421 4422/4422
f 4390/4390 4389/4389 4423/4423
f 4389/4389 4422/4422 4423/4423
f 4391/4391 4390/4390 4424/4424
f 4390/4390 4423/4423 4424/4424
f 4392/4392 4391/4391 4425/4425
f 4391/4391 4424/4424 4425/4425
f 4393/4393 4392/4392 4426/4426
f 4392/4392 4425/4425 4426/4426
f 4394/4394 4393/4393 4427/4427
f 4393/4393 4426/4426 4427/4427
f 4395/4395 4394/4394 4428/4428
f 4394/4394 4427/4427 4428/4428
f 4396/4396 4395/4395 4429/4429
f 4395/4395 4428/4428 4429/4429
f 4398/4398 4397/4397 4431/4431
f 4397/4397 4430/4430 4431/4431
f 4399/4399 4398/4398 4432/4432
f 4398/4398 4431/4431 4432/4432
f 4400/4400 4399/4399 4433/4433
f 4399/4399 4432/4432 4433/4433
f 4401/4401 4400/4400 4434/4434
f 4400/4400 4433/4433 4434/4434
f 4402/4402 4401/4401 4435/4435
f 4401/4401 4434/4434 4435/4435
f 4403/4403 4402/4402 4436/4436
f 4402/4402 4435/4435 4436/4436
f 4404/4404 4403/4403 4437/4437
f 4403/4403 4436/4436 4437/4437
f 4405/4405 4404/4404 4438/4438
f 4404/4404 4437/4437 4438/4438
f 4406/4406 4405/4405 4439/4439
f 4405/4405 4438/4438 4439/4439
f 4407/4407 4406/4406 4440/4440
f 4406/4406 4439/4439 4440/4440
f 4408/4408 4407/4407 4441/4441
f 4407/4407 4440/4440 4441/4441
f 4409/4409 4408/4408 4442/4442
f 4408/4408 4441/4441 4442/4442
f 4410/4410 4409/4409 4443/4443
f 4409/4409 4442/4442 4443/4443
f 4411/4411 4410/4410 4444/4444
f 4410/4410 4443/4443 4444/4444
f 4412/4412 4411/4411 4445/4445
f 4411/4411 4444/4444 4445/4445
f 4413/4413 4412/4412 4446/4446
f 4412/4412 4445/4445 4446/4446
f 4414/4414 4413/4413 4447/4447
f 4413/4413 4446/4446 4447/4447
f 4415/4415 4414/4414 4448/4448
f 4414/4414 4447/4447 4448/4448
f 4416/4416 4415/4415 4449/4449
f 4415/4415 4448/4448 4449/4449
f 4417/4417 4416/4416 4450/4450
f 4416/4416 4449/4449 4450/4450
f 4418/4418 4417/4417 4451/4451
f 4417/4417 4450/4450 4451/4451
f 4419/4419 4418/4418 4452/4452
f 4418/4418 4451/4451 4452/4452
f 4420/4420 4419/4419 4453/4453
f 4419/4419 4452/4452 4453/4453
f 4421/4421 4420/4420 4454/4454
f 4420/4420 4453/4453 4454/4454
f 4422/4422 4421/4421 4455/4455
f 4421/4421 4454/4454 4455/4455
f 4423/4423 4422/4422 4456/4456
f 4422/4422 4455/4455 4456/4456
f 4424/4424 4423/4423 4457/4457
f 4423/4423 4456/4456 4457/4457
f 4425/4425 4424/4424 4458/4458
f 4424/4424 4457/4457 4458/4458
f 4426/4426 4425/4425 4459/4459
f 4425/4425 4458/4458 4459/4459
f 4427/4427 4426/4426 4460/4460
f 4426/4426 4459/4459 4460/4460
f 4428/4428 4427/4427 4461/4461
f 4427/4427 4460/4460 4461/4461
f 4429/4429 4428/4428 4462/4462
f 4428/4428 4461/4461 4462/4462
f 4431/4431 4430/4430 4464/4464
f 4430/4430 4463/4463 4464/4464
f 4432/4432 4431/4431 4465/4465
f 4431/4431 4464/4464 4465/4465
f 4433/4433 4432/4432 4466/4466
f 4432/4432 4465/4465 4466/4466
f 4434/4434 4433/4433 4467/4467
f 4433/4433 4466/4466 4467/4467
f 4435/4435 4434/4434 4468/4468
f 4434/4434 4467/4467 4468/4468
f 4436/4436 4435/4435 4469/4469
f 4435/4435 4468/4468 4469/4469
f 4437/4437 4436/4436 4470/4470
f 4436/4436 4469/4469 4470/4470
f 4438/4438 4437/4437 4471/4471
f 4437/4437 4470/4470 4471/4471
f 4439/4439 4438/4438 4472/4472
f 4438/4438 4471/4471 4472/4472
f 4440/4440 4439/4439 4473/4473
f 4439/4439 4472/4472 4473/4473
f 4441/4441 4440/4440 4474/4474
f 4440/4440 4473/4473 4474/4474
f 4442/4442 4441/4441 4475/4475
f 4441/4441 4474/4474 4475/4475
f 4443/4443 4442/4442 4476/4476
f 4442/4442 4475/4475 4476/4476
f 4444/4444 4443/4443 4477/4477
f 4443/4443 4476/4476 4477/4477
f 4445/4445 4444/4444 4478/4478
f 4444/4444 4477/4477 4478/4478
f 4446/4446 4445/4445 4479/4479
f 4445/4445 4478/4478 4479/4479
f 4447/4447 4446/4446 4480/4480
f 4446/4446 4479/4479 4480/4480
f 4448/4448 4447/4447 4481/4481
f 4447/4447 4480/4480 4481/4481
f 4449/4449 4448/4448 4482/4482
f 4448/4448 4481/4481 4482/4482
f 4450/4450 4449/4449 4483/4483
f 4449/4449 4482/4482 4483/4483
f 4451/4451 4450/4450 4484/4484
f 4450/4450 4483/4483 4484/4484
f 4452/4452 4451/4451 4485/4485
f 4451/4451 4484/4484 4485/4485
f 4453/4453 4452/4452 4486/4486
f 4452/4452 4485/4485 4486/4486
f 4454/4454 4453/4453 4487/4487
f 4453/4453 4486/4486 4487/4487
f 4455/4455 4454/4454 4488/4488
f 4454/4454 4487/4487 4488/4488
f 4456/4456 4455/4455 4489/4489
f 4455/4455 4488/4488 4489/4489
f 4457/4457 4456/4456 4490/4490
f 4456/4456 4489/4489 4490/4490
f 4458/4458 4457/4457 4491/4491
f 4457/4457 4490/4490 4491/4491
f 4459/4459 4458/4458 4492/4492
f 4458/4458 4491/4491 4492/4492
f 4460/4460 4459/4459 4493/4493
f 4459/4459 4492/4492 4493/4493
f 4461/4461 4460/4460 4494/4494
f 4460/4460 4493/4493 4494/4494
f 4462/4462 4461/4461 4495/4495
f 4461/4461 4494/4494 4495/4495
f 4464/4464 4463/4463 4497/4497
f 4463/4463 4496/4496 4497/4497
f 4465/4465 4464/4464 4498/4498
f 4464/4464 4497/4497 4498/4498
f 4466/4466 4465/4465 4499/4499
f 4465/4465 4498/4498 4499/4499
f 4467/4467 4466/4466 4500/4500
f 4466/4466 4499/4499 4500/4500
f 4468/4468 4467/4467 4501/4501
f 4467/4467 4500/4500 4501/4501
f 4469/4469 4468/4468 4502/4502
f 4468/4468 4501/4501 4502/4502
f 4470/4470 4469/4469 4503/4503
f 4469/4469 4502/4502 4503/4503
f 4471/4471 4470/4470 4504/4504
f 4470/4470 4503/4503 4504/4504
f 4472/4472 4471/4471 4505/4505
f 4471/4471 4504/4504 4505/4505
f 4473/4473 4472/4472 4506/4506
f 4472/4472 4505/4505 4506/4506
f 4474/4474 4473/4473 4507/4507
f 4473/4473 4506/4506 4507/4507
f 4475/4475 4474/4474 4508/4508
f 4474/4474 4507/4507 4508/4508
f 4476/4476 4475/4475 4509/4509
f 4475/4475 4508/4508 4509/4509
f 4477/4477 4476/4476 4510/4510
f 4476/4476 4509/4509 4510/4510
f 4478/4478 4477/4477 4511/4511
f 4477/4477 4510/4510 4511/4511
f 4479/4479 4478/4478 4512/4512
f 4478/4478 4511/4511 4512/4512
f 4480/4480 4479/4479 4513/4513
f 4479/4479 4512/4512 4513/4513
f 4481/4481 4480/4480 4514/4514
f 4480/4480 4513/4513 4514/4514
f 4482/4482 4481/4481 4515/4515
f 4481/4481 4514/4514 4515/4515
f 4483/4483 4482/4482 4516/4516
f 4482/4482 4515/4515 4516/4516
f 4484/4484 4483/4483 4517/4517
f 4483/4483 4516/4516 4517/4517
f 4485/4485 4484/4484 4518/4518
f 4484/4484 4517/4517 4518/4518
f 4486/4486 4485/4485 4519/4519
f 4485/4485 4518/4518 4519/4519
f 4487/4487 4486/4486 4520/4520
f 4486/4486 4519/4519 4520/4520
f 4488/4488 4487/4487 4521/4521
f 4487/4487 4520/4520 4521/4521
f 4489/4489 4488/4488 4522/4522
f 4488/4488 4521/4521 4522/4522
f 4490/4490 4489/4489 4523/4523
f 4489/4489 4522/4522 4523/4523
f 4491/4491 4490/4490 4524/4524
f 4490/4490 4523/4523 4524/4524
f 4492/4492 4491/4491 4525/4525
f 4491/4491 4524/4524 4525/4525
f 4493/4493 4492/4492 4526/4526
f 4492/4492 4525/4525 4526/4526
f 4494/4494 4493/4493 4527/4527
f 4493/4493 4526/4526 4527/4527
f 4495/4495 4494/4494 4528/4528
f 4494/4494 4527/4527 4528/4528
f 4497/4497 4496/4496 4530/4530
f 4496/4496 4529/4529 4530/4530
f 4498/4498 4497/4497 4531/4531
f 4497/4497 4530/4530 4531/4531
f 4499/4499 4498/4498 4532/4532
f 4498/4498 4531/4531 4532/4532
f 4500/4500 4499/4499 4533/4533
f 4499/4499 4532/4532 4533/4533
f 4501/4501 4500/4500 4534/4534
f 4500/4500 4533/4533 4534/4534
f 4502/4502 4501/4501 4535/4535
f 4501/4501 4534/4534 4535/4535
f 4503/4503 4502/4502 4536/4536
f 4502/4502 4535/4535 4536/4536
f 4504/4504 4503/4503 4537/4537
f 4503/4503 4536/4536 4537/4537
f 4505/4505 4504/4504 4538/4538
f 4504/4504 4537/4537 4538/4538
f 4506/4506 4505/4505 4539/4539
f 4505/4505 4538/4538 4539/4539
f 4507/4507 4506/4506 4540/4540
f 4506/4506 4539/4539 4540/4540
f 4508/4508 4507/4507 4541/4541
f 4507/4507 4540/4540 4541/4541
f 4509/4509 4508/4508 4542/4542
f 4508/4508 4541/4541 4542/4542
f 4510/4510 4509/4509 4543/4543
f 4509/4509 4542/4542 4543/4543
f 4511/4511 4510/4510 4544/4544
f 4510/4510 4543/4543 4544/4544
f 4512/4512 4511/4511 4545/4545
f 4511/4511 4544/4544 4545/4545
f 4513/4513 4512/4512 4546/4546
f 4512/4512 4545/4545 4546/4546
f 4514/4514 4513/4513 4547/4547
f 4513/4513 4546/4546 4547/4547
f 4515/4515 4514/4514 4548/4548
f 4514/4514 4547/4547 4548/4548
f 4516/4516 4515/4515 4549/4549
f 4515/4515 4548/4548 4549/4549
f 4517/4517 4516/4516 4550/4550
f 4516/4516 4549/4549 4550/4550
f 4518/4518 4517/4517 4551/4551
f 4517/4517 4550/4550 4551/4551
f 4519/4519 4518/4518 4552/4552
f 4518/4518 4551/4551 4552/4552
f 4520/4520 4519/4519 4553/4553
f 4519/4519 4552/4552 4553/4553
f 4521/4521 4520/4520 4554/4554
f 4520/4520 4553/4553 4554/4554
f 4522/4522 4521/4521 4555/4555
f 4521/4521 4554/4554 4555/4555
f 4523/4523 4522/4522 4556/4556
f 4522/4522 4555/4555 4556/4556
f 4524/4524 4523/4523 4557/4557
f 4523/4523 4556/4556 4557/4557
f 4525/4525 4524/4524 4558/4558
f 4524/4524 4557/4557 4558/4558
f 4526/4526 4525/4525 4559/4559
f 4525/4525 4558/4558 4559/4559
f 4527/4527 4526/4526 4560/4560
f 4526/4526 4559/4559 4560/4560
f 4528/4528 4527/4527 4561/4561
f 4527/4527 4560/4560 4561/4561
f 4530/4530 4529/4529 4563/4563
f 4529/4529 4562/4562 4563/4563
f 4531/4531 4530/4530 4564/4564
f 4530/4530 4563/4563 4564/4564
f 4532/4532 4531/4531 4565/4565
f 4531/4531 4564/4564 4565/4565
f 4533/4533 4532/4532 4566/4566
f 4532/4532 4565/4565 4566/4566
f 4534/4534 4533/4533 4567/4567
f 4533/4533 4566/4566 4567/4567
f 4535/4535 4534/4534 4568/4568
f 4534/4534 4567/4567 4568/4568
f 4536/4536 4535/4535 4569/4569
f 4535/4535 4568/4568 4569/4569
f 4537/4537 4536/4536 4570/4570
f 4536/4536 4569/4569 4570/4570
f 4538/4538 4537/4537 4571/4571
f 4537/4537 4570/4570 4571/4571
f 4539/4539 4538/4538 4572/4572
f 4538/4538 4571/4571 4572/4572
f 4540/4540 4539/4539 4573/4573
f 4539/4539 4572/4572 4573/4573
f 4541/4541 4540/4540 4574/4574
f 4540/4540 4573/4573 4574/4574
f 4542/4542 4541/4541 4575/4575
f 4541/4541 4574/4574 4575/4575
f 4543/4543 4542/4542 4576/4576
f 4542/4542 4575/4575 4576/4576
f 4544/4544 4543/4543 4577/4577
f 4543/4543 4576/4576 4577/4577
f 4545/4545 4544/4544 4578/4578
f 4544/4544 4577/4577 4578/4578
f 4546/4546 4545/4545 4579/4579
f 4545/4545 4578/4578 4579/4579
f 4547/4547 4546/4546 4580/4580
f 4546/4546 4579/4579 4580/4580
f 4548/4548 4547/4547 4581/4581
f 4547/4547 4580/4580 4581/4581
f 4549/4549 4548/4548 4582/4582
f 4548/4548 4581/4581 4582/4582
f 4550/4550 4549/4549 4583/4583
f 4549/4549 4582/4582 4583/4583
f 4551/4551 4550/4550 4584/4584
f 4550/4550 4583/4583 4584/4584
f 4552/4552 4551/4551 4585/4585
f 4551/4551 4584/4584 4585/4585
f 4553/4553 4552/4552 4586/4586
f 4552/4552 4585/4585 4586/4586
f 4554/4554 4553/4553 4587/4587
f 4553/4553 4586/4586 4587/4587
f 4555/4555 4554/4554 4588/4588
f 4554/4554 4587/4587 4588/4588
f 4556/4556 4555/4555 4589/4589
f 4555/4555 4588/4588 4589/4589
f 4557/4557 4556/4556 4590/4590
f 4556/4556 4589/4589 4590/4590
f 4558/4558 4557/4557 4591/4591
f 4557/4557 4590/4590 4591/4591
f 4559/4559 4558/4558 4592/4592
f 4558/4558 4591/4591 4592/4592
f 4560/4560 4559/4559 4593/4593
f 4559/4559 4592/4592 4593/4593
f 4561/4561 4560/4560 4594/4594
f 4560/4560 4593/4593 4594/4594
f 4563/4563 4562/4562 4596/4596
f 4562/4562 4595/4595 4596/4596
f 4564/4564 4563/4563 4597/4597
f 4563/4563 4596/4596 4597/4597
f 4565/4565 4564/4564 4598/4598
f 4564/4564 4597/4597 4598/4598
f 4566/4566 4565/4565 4599/4599
f 4565/4565 4598/4598 4599/4599
f 4567/4567 4566/4566 4600/4600
f 4566/4566 4599/4599 4600/4600
f 4568/4568 4567/4567 4601/4601
f 4567/4567 4600/4600 4601/4601
f 4569/4569 4568/4568 4602/4602
f 4568/4568 4601/4601 4602/4602
f 4570/4570 4569/4569 4603/4603
f 4569/4569 4602/4602 4603/4603
f 4571/4571 4570/4570 4604/4604
f 4570/4570 4603/4603 4604/4604
f 4572/4572 4571/4571 4605/4605
f 4571/4571 4604/4604 4605/4605
f 4573/4573 4572/4572 4606/4606
f 4572/4572 4605/4605 4606/4606
f 4574/4574 4573/4573 4607/4607
f 4573/4573 4606/4606 4607/4607
f 4575/4575 4574/4574 4608/4608
f 4574/4574 4607/4607 4608/4608
f 4576/4576 4575/4575 4609/4609
f 4575/4575 4608/4608 4609/4609
f 4577/4577 4576/4576 4610/4610
f 4576/4576 4609/4609 4610/4610
f 4578/4578 4577/4577 4611/4611
f 4577/4577 4610/4610 4611/4611
f 4579/4579 4578/4578 4612/4612
f 4578/4578 4611/4611 4612/4612
f 4580/4580 4579/4579 4613/4613
f 4579/4579 4612/4612 4613/4613
f 4581/4581 4580/4580 4614/4614
f 4580/4580 4613/4613 4614/4614
f 4582/4582 4581/4581 4615/4615
f 4581/4581 4614/4614 4615/4615
f 4583/4583 4582/4582 4616/4616
f 4582/4582 4615/4615 4616/4616
f 4584/4584 4583/4583 4617/4617
f 4583/4583 4616/4616 4617/4617
f 4585/4585 4584/4584 4618/4618
f 4584/4584 4617/4617 4618/4618
f 4586/4586 4585/4585 4619/4619
f 4585/4585 4618/4618 4619/4619
f 4587/4587 4586/4586 4620/4620
f 4586/4586 4619/4619 4620/4620
f 4588/4588 4587/4587 4621/4621
f 4587/4587 4620/4620 4621/4621
f 4589/4589 4588/4588 4622/4622
f 4588/4588 4621/4621 4622/4622
f 4590/4590 4589/4589 4623/4623
f 4589/4589 4622/4622 4623/4623
f 4591/4591 4590/4590 4624/4624
f 4590/4590 4623/4623 4624/4624
f 4592/4592 4591/4591 4625/4625
f 4591/4591 4624/4624 4625/4625
f 4593/4593 4592/4592 4626/4626
f 4592/4592 4625/4625 4626/4626
f 4594/4594 4593/4593 4627/4627
f 4593/4593 4626/4626 4627/4627
f 4596/4596 4595/4595 4629/4629
f 4595/4595 4628/4628 4629/4629
f 4597/4597 4596/4596 4630/4630
f 4596/4596 4629/4629 4630/4630
f 4598/4598 4597/4597 4631/4631
f 4597/4597 4630/4630 4631/4631
f 4599/4599 4598/4598 4632/4632
f 4598/4598 4631/4631 4632/4632
f 4600/4600 4599/4599 4633/4633
f 4599/4599 4632/4632 4633/4633
f 4601/4601 4600/4600 4634/4634
f 4600/4600 4633/4633 4634/4634
f 4602/4602 4601/4601 4635/4635
f 4601/4601 4634/4634 4635/4635
f 4603/4603 4602/4602 4636/4636
f 4602/4602 4635/4635 4636/4636
f 4604/4604 4603/4603 4637/4637
f 4603/4603 4636/4636 4637/4637
f 4605/4605 4604/4604 4638/4638
f 4604/4604 4637/4637 4638/4638
f 4606/4606 4605/4605 4639/4639
f 4605/4605 4638/4638 4639/4639
f 4607/4607 4606/4606 4640/4640
f 4606/4606 4639/4639 4640/4640
f 4608/4608 4607/4607 4641/4641
f 4607/4607 4640/4640 4641/4641
f 4609/4609 4608/4608 4642/4642
f 4608/4608 4641/4641 4642/4642
f 4610/4610 4609/4609 4643/4643
f 4609/4609 4642/4642 4643/4643
f 4611/4611 4610/4610 4644/4644
f 4610/4610 4643/4643 4644/4644
f 4612/4612 4611/4611 4645/4645
f 4611/4611 4644/4644 4645/4645
f 4613/4613 4612/4612 4646/4646
f 4612/4612 4645/4645 4646/4646
f 4614/4614 4613/4613 4647/4647
f 4613/4613 4646/4646 4647/4647
f 4615/4615 4614/4614 4648/4648
f 4614/4614 4647/4647 4648/4648
f 4616/4616 4615/4615 4649/4649
f 4615/4615 4648/4648 4649/4649
f 4617/4617 4616/4616 4650/4650
f 4616/4616 4649/4649 4650/4650
f 4618/4618 4617/4617 4651/4651
f 4617/4617 4650/4650 4651/4651
f 4619/4619 4618/4618 4652/4652
f 4618/4618 4651/4651 4652/4652
f 4620/4620 4619/4619 4653/4653
f 4619/4619 4652/4652 4653/4653
f 4621/4621 4620/4620 4654/4654
f 4620/4620 4653/4653 4654/4654
f 4622/4622 4621/4621 4655/4655
f 4621/4621 4654/4654 4655/4655
f 4623/4623 4622/4622 4656/4656
f 4622/4622 4655/4655 4656/4656
f 4624/4624 4623/4623 4657/4657
f 4623/4623 4656/4656 4657/4657
f 4625/4625 4624/4624 4658/4658
f 4624/4624 4657/4657 4658/4658
f 4626/4626 4625/4625 4659/4659
f 4625/4625 4658/4658 4659/4659
f 4627/4627 4626/4626 4660/4660
f 4626/4626 4659/4659 4660/4660
f 4629/4629 4628/4628 4662/4662
f 4628/4628 4661/4661 4662/4662
f 4630/4630 4629/4629 4663/4663
f 4629/4629 4662/4662 4663/4663
f 4631/4631 4630/4630 4664/4664
f 4630/4630 4663/4663 4664/4664
f 4632/4632 4631/4631 4665/4665
f 4631/4631 4664/4664 4665/4665
f 4633/4633 4632/4632 4666/4666
f 4632/4632 4665/4665 4666/4666
f 4634/4634 4633/4633 4667/4667
f 4633/4633 4666/4666 4667/4667
f 4635/4635 4634/4634 4668/4668
f 4634/4634 4667/4667 4668/4668
f 4636/4636 4635/4635 4669/4669
f 4635/4635 4668/4668 4669/4669
f 4637/4637 4636/4636 4670/4670
f 4636/4636 4669/4669 4670/4670
f 4638/4638 4637/4637 4671/4671
f 4637/4637 4670/4670 4671/4671
f 4639/4639 4638/4638 4672/4672
f 4638/4638 4671/4671 4672/4672
f 4640/4640 4639/4639 4673/4673
f 4639/4639 4672/4672 4673/4673
f 4641/4641 4640/4640 4674/4674
f 4640/4640 4673/4673 4674/4674
f 4642/4642 4641/4641 4675/4675
f 4641/4641 4674/4674 4675/4675
f 4643/4643 4642/4642 4676/4676
f 4642/4642 4675/4675 4676/4676
f 4644/4644 4643/4643 4677/4677
f 4643/4643 4676/4676 4677/4677
f 4645/4645 4644/4644 4678/4678
f 4644/4644 4677/4677 4678/4678
f 4646/4646 4645/4645 4679/4679
f 4645/4645 4678/4678 4679/4679
f 4647/4647 4646/4646 4680/4680
f 4646/4646 4679/4679 4680/4680
f 4648/4648 4647/4647 4681/4681
f 4647/4647 4680/4680 4681/4681
f 4649/4649 4648/4648 4682/4682
f 4648/4648 4681/4681 4682/4682
f 4650/4650 4649/4649 4683/4683
f 4649/4649 4682/4682 4683/4683
f 4651/4651 4650/4650 4684/4684
f 4650/4650 4683/4683 4684/4684
f 4652/4652 4651/4651 4685/4685
f 4651/4651 4684/4684 4685/4685
f 4653/4653 4652/4652 4686/4686
f 4652/4652 4685/4685 4686/4686
f 4654/4654 4653/4653 4687/4687
f 4653/4653 4686/4686 4687/4687
f 4655/4655 4654/4654 4688/4688
f 4654/4654 4687/4687 4688/4688
f 4656/4656 4655/4655 4689/4689
f 4655/4655 4688/4688 4689/4689
f 4657/4657 4656/4656 4690/4690
f 4656/4656 4689/4689 4690/4690
f 4658/4658 4657/4657 4691/4691
f 4657/4657 4690/4690 4691/4691
f 4659/4659 4658/4658 4692/4692
f 4658/4658 4691/4691 4692/4692
f 4660/4660 4659/4659 4693/4693
f 4659/4659 4692/4692 4693/4693
f 4662/4662 4661/4661 4695/4695
f 4661/4661 4694/4694 4695/4695
f 4663/4663 4662/4662 4696/4696
f 4662/4662 4695/4695 4696/4696
f 4664/4664 4663/4663 4697/4697
f 4663/4663 4696/4696 4697/4697
f 4665/4665 4664/4664 4698/4698
f 4664/4664 4697/4697 4698/4698
f 4666/4666 4665/4665 4699/4699
f 4665/4665 4698/4698 4699/4699
f 4667/4667 4666/4666 4700/4700
f 4666/4666 4699/4699 4700/4700
f 4668/4668 4667/4667 4701/4701
f 4667/4667 4700/4700 4701/4701
f 4669/4669 4668/4668 4702/4702
f 4668/4668 4701/4701 4702/4702
f 4670/4670 4669/4669 4703/4703
f 4669/4669 4702/4702 4703/4703
f 4671/4671 4670/4670 4704/4704
f 4670/4670 4703/4703 4704/4704
f 4672/4672 4671/4671 4705/4705
f 4671/4671 4704/4704 4705/4705
f 4673/4673 4672/4672 4706/4706
f 4672/4672 4705/4705 4706/4706
f 4674/4674 4673/4673 4707/4707
f 4673/4673 4706/4706 4707/4707
f 4675/4675 4674/4674 4708/4708
f 4674/4674 4707/4707 4708/4708
f 4676/4676 4675/4675 4709/4709
f 4675/4675 4708/4708 4709/4709
f 4677/4677 4676/4676 4710/4710
f 4676/4676 4709/4709 4710/4710
f 4678/4678 4677/4677 4711/4711
f 4677/4677 4710/4710 4711/4711
f 4679/4679 4678/4678 4712/4712
f 4678/4678 4711/4711 4712/4712
f 4680/4680 4679/4679 4713/4713
f 4679/4679 4712/4712 4713/4713
f 4681/4681 4680/4680 4714/4714
f 4680/4680 4713/4713 4714/4714
f 4682/4682 4681/4681 4715/4715
f 4681/4681 4714/4714 4715/4715
f 4683/4683 4682/4682 4716/4716
f 4682/4682 4715/4715 4716/4716
f 4684/4684 4683/4683 4717/4717
f 4683/4683 4716/4716 4717/4717
f 4685/4685 4684/4684 4718/4718
f 4684/4684 4717/4717 4718/4718
f 4686/4686 4685/4685 4719/4719
f 4685/4685 4718/4718 4719/4719
f 4687/4687 4686/4686 4720/4720
f 4686/4686 4719/4719 4720/4720
f 4688/4688 4687/4687 4721/4721
f 4687/4687 4720/4720 4721/4721
f 4689/4689 4688/4688 4722/4722
f 4688/4688 4721/4721 4722/4722
f 4690/4690 4689/4689 4723/4723
f 4689/4689 4722/4722 4723/4723
f 4691/4691 4690/4690 4724/4724
f 4690/4690 4723/4723 4724/4724
f 4692/4692 4691/4691 4725/4725
f 4691/4691 4724/4724 4725/4725
f 4693/4693 4692/4692 4726/4726
f 4692/4692 4725/4725 4726/4726
f 4695/4695 4694/4694 4728/4728
f 4694/4694 4727/4727 4728/4728
f 4696/4696 4695/4695 4729/4729
f 4695/4695 4728/4728 4729/4729
f 4697/4697 4696/4696 4730/4730
f 4696/4696 4729/4729 4730/4730
f 4698/4698 4697/4697 4731/4731
f 4697/4697 4730/4730 4731/4731
f 4699/4699 4698/4698 4732/4732
f 4698/4698 4731/4731 4732/4732
f 4700/4700 4699/4699 4733/4733
f 4699/4699 4732/4732 4733/4733
f 4701/4701 4700/4700 4734/4734
f 4700/4700 4733/4733 4734/4734
f 4702/4702 4701/4701 4735/4735
f 4701/4701 4734/4734 4735/4735
f 4703/4703 4702/4702 4736/4736
f 4702/4702 4735/4735 4736/4736
f 4704/4704 4703/4703 4737/4737
f 4703/4703 4736/4736 4737/4737
f 4705/4705 4704/4704 4738/4738
f 4704/4704 4737/4737 4738/4738
f 4706/4706 4705/4705 4739/4739
f 4705/4705 4738/4738 4739/4739
f 4707/4707 4706/4706 4740/4740
f 4706/4706 4739/4739 4740/4740
f 4708/4708 4707/4707 4741/4741
f 4707/4707 4740/4740 4741/4741
f 4709/4709 4708/4708 4742/4742
f 4708/4708 4741/4741 4742/4742
f 4710/4710 4709/4709 4743/4743
f 4709/4709 4742/4742 4743/4743
f 4711/4711 4710/4710 4744/4744
f 4710/4710 4743/4743 4744/4744
f 4712/4712 4711/4711 4745/4745
f 4711/4711 4744/4744 4745/4745
f 4713/4713 4712/4712 4746/4746
f 4712/4712 4745/4745 4746/4746
f 4714/4714 4713/4713 4747/4747
f 4713/4713 4746/4746 4747/4747
f 4715/4715 4714/4714 4748/4748
f 4714/4714 4747/4747 4748/4748
f 4716/4716 4715/4715 4749/4749
f 4715/4715 4748/4748 4749/4749
f 4717/4717 4716/4716 4750/4750
f 4716/4716 4749/4749 4750/4750
f 4718/4718 4717/4717 4751/4751
f 4717/4717 4750/4750 4751/4751
f 4719/4719 4718/4718 4752/4752
f 4718/4718 4751/4751 4752/4752
f 4720/4720 4719/4719 4753/4753
f 4719/4719 4752/4752 4753/4753
f 4721/4721 4720/4720 4754/4754
f 4720/4720 4753/4753 4754/4754
f 4722/4722 4721/4721 4755/4755
f 4721/4721 4754/4754 4755/4755
f 4723/4723 4722/4722 4756/4756
f 4722/4722 4755/4755 4756/4756
f 4724/4724 4723/4723 4757/4757
f 4723/4723 4756/4756 4757/4757
f 4725/4725 4724/4724 4758/4758
f 4724/4724 4757/4757 4758/4758
f 4726/4726 4725/4725 4759/4759
f 4725/4725 4758/4758 4759/4759
f 4728/4728 4727/4727 4761/4761
f 4727/4727 4760/4760 4761/4761
f 4729/4729 4728/4728 4762/4762
f 4728/4728 4761/4761 4762/4762
f 4730/4730 4729/4729 4763/4763
f 4729/4729 4762/4762 4763/4763
f 4731/4731 4730/4730 4764/4764
f 4730/4730 4763/4763 4764/4764
f 4732/4732 4731/4731 4765/4765
f 4731/4731 4764/4764 4765/4765
f 4733/4733 4732/4732 4766/4766
f 4732/4732 4765/4765 4766/4766
f 4734/4734 4733/4733 4767/4767
f 4733/4733 4766/4766 4767/4767
f 4735/4735 4734/4734 4768/4768
f 4734/4734 4767/4767 4768/4768
f 4736/4736 4735/4735 4769/4769
f 4735/4735 4768/4768 4769/4769
f 4737/4737 4736/4736 4770/4770
f 4736/4736 4769/4769 4770/4770
f 4738/4738 4737/4737 4771/4771
f 4737/4737 4770/4770 4771/4771
f 4739/4739 4738/4738 4772/4772
f 4738/4738 4771/4771 4772/4772
f 4740/4740 4739/4739 4773/4773
f 4739/4739 4772/4772 4773/4773
f 4741/4741 4740/4740 4774/4774
f 4740/4740 4773/4773 4774/4774
f 4742/4742 4741/4741 4775/4775
f 4741/4741 4774/4774 4775/4775
f 4743/4743 4742/4742 4776/4776
f 4742/4742 4775/4775 4776/4776
f 4744/4744 4743/4743 4777/4777
f 4743/4743 4776/4776 4777/4777
f 4745/4745 4744/4744 4778/4778
f 4744/4744 4777/4777 4778/4778
f 4746/4746 4745/4745 4779/4779
f 4745/4745 4778/4778 4779/4779
f 4747/4747 4746/4746 4780/4780
f 4746/4746 4779/4779 4780/4780
f 4748/4748 4747/4747 4781/4781
f 4747/4747 4780/4780 4781/4781
f 4749/4749 4748/4748 4782/4782
f 4748/4748 4781/4781 4782/4782
f 4750/4750 4749/4749 4783/4783
f 4749/4749 4782/4782 4783/4783
f 4751/4751 4750/4750 4784/4784
f 4750/4750 4783/4783 4784/4784
f 4752/4752 4751/4751 4785/4785
f 4751/4751 4784/4784 4785/4785
f 4753/4753 4752/4752 4786/4786
f 4752/4752 4785/4785 4786/4786
f 4754/4754 4753/4753 4787/4787
f 4753/4753 4786/4786 4787/4787
f 4755/4755 4754/4754 4788/4788
f 4754/4754 4787/4787 4788/4788
f 4756/4756 4755/4755 4789/4789
f 4755/4755 4788/4788 4789/4789
f 4757/4757 4756/4756 4790/4790
f 4756/4756 4789/4789 4790/4790
f 4758/4758 4757/4757 4791/4791
f 4757/4757 4790/4790 4791/4791
f 4759/4759 4758/4758 4792/4792
f 4758/4758 4791/4791 4792/4792
f 4761/4761 4760/4760 4794/4794
f 4760/4760 4793/4793 4794/4794
f 4762/4762 4761/4761 4795/4795
f 4761/4761 4794/4794 4795/4795
f 4763/4763 4762/4762 4796/4796
f 4762/4762 4795/4795 4796/4796
f 4764/4764 4763/4763 4797/4797
f 4763/4763 4796/4796 4797/4797
f 4765/4765 4764/4764 4798/4798
f 4764/4764 4797/4797 4798/4798
f 4766/4766 4765/4765 4799/4799
f 4765/4765 4798/4798 4799/4799
f 4767/4767 4766/4766 4800/4800
f 4766/4766 4799/4799 4800/4800
f 4768/4768 4767/4767 4801/4801
f 4767/4767 4800/4800 4801/4801
f 4769/4769 4768/4768 4802/4802
f 4768/4768 4801/4801 4802/4802
f 4770/4770 4769/4769 4803/4803
f 4769/4769 4802/4802 4803/4803
f 4771/4771 4770/4770 4804/4804
f 4770/4770 4803/4803 4804/4804
f 4772/4772 4771/4771 4805/4805
f 4771/4771 4804/4804 4805/4805
f 4773/4773 4772/4772 4806/4806
f 4772/4772 4805/4805 4806/4806
f 4774/4774 4773/4773 4807/4807
f 4773/4773 4806/4806 4807/4807
f 4775/4775 4774/4774 4808/4808
f 4774/4774 4807/4807 4808/4808
f 4776/4776 4775/4775 4809/4809
f 4775/4775 4808/4808 4809/4809
f 4777/4777 4776/4776 4810/4810
f 4776/4776 4809/4809 4810/4810
f 4778/4778 4777/4777 4811/4811
f 4777/4777 4810/4810 4811/4811
f 4779/4779 4778/4778 4812/4812
f 4778/4778 4811/4811 4812/4812
f 4780/4780 4779/4779 4813/4813
f 4779/4779 4812/4812 4813/4813
f 4781/4781 4780/4780 4814/4814
f 4780/4780 4813/4813 4814/4814
f 4782/4782 4781/4781 4815/4815
f 4781/4781 4814/4814 4815/4815
f 4783/4783 4782/4782 4816/4816
f 4782/4782 4815/4815 4816/4816
f 4784/4784 4783/4783 4817/4817
f 4783/4783 4816/4816 4817/4817
f 4785/4785 4784/4784 4818/4818
f 4784/4784 4817/4817 4818/4818
f 4786/4786 4785/4785 4819/4819
f 4785/4785 4818/4818 4819/4819
f 4787/4787 4786/4786 4820/4820
f 4786/4786 4819/4819 4820/4820
f 4788/4788 4787/4787 4821/4821
f 4787/4787 4820/4820 4821/4821
f 4789/4789 4788/4788 4822/4822
f 4788/4788 4821/4821 4822/4822
f 4790/4790 4789/4789 4823/4823
f 4789/4789 4822/4822 4823/4823
f 4791/4791 4790/4790 4824/4824
f 4790/4790 4823/4823 4824/4824
f 4792/4792 4791/4791 4825/4825
f 4791/4791 4824/4824 4825/4825
f 4794/4794 4793/4793 4827/4827
f 4793/4793 4826/4826 4827/4827
f 4795/4795 4794/4794 4828/4828
f 4794/4794 4827/4827 4828/4828
f 4796/4796 4795/4795 4829/4829
f 4795/4795 4828/4828 4829/4829
f 4797/4797 4796/4796 4830/4830
f 4796/4796 4829/4829 4830/4830
f 4798/4798 4797/4797 4831/4831
f 4797/4797 4830/4830 4831/4831
f 4799/4799 4798/4798 4832/4832
f 4798/4798 4831/4831 4832/4832
f 4800/4800 4799/4799 4833/4833
f 4799/4799 4832/4832 4833/4833
f 4801/4801 4800/4800 4834/4834
f 4800/4800 4833/4833 4834/4834
f 4802/4802 4801/4801 4835/4835
f 4801/4801 4834/4834 4835/4835
f 4803/4803 4802/4802 4836/4836
f 4802/4802 4835/4835 4836/4836
f 4804/4804 4803/4803 4837/4837
f 4803/4803 4836/4836 4837/4837
f 4805/4805 4804/4804 4838/4838
f 4804/4804 4837/4837 4838/4838
f 4806/4806 4805/4805 4839/4839
f 4805/4805 4838/4838 4839/4839
f 4807/4807 4806/4806 4840/4840
f 4806/4806 4839/4839 4840/4840
f 4808/4808 4807/4807 4841/4841
f 4807/4807 4840/4840 4841/4841
f 4809/4809 4808/4808 4842/4842
f 4808/4808 4841/4841 4842/4842
f 4810/4810 4809/4809 4843/4843
f 4809/4809 4842/4842 4843/4843
f 4811/4811 4810/4810 4844/4844
f 4810/4810 4843/4843 4844/4844
f 4812/4812 4811/4811 4845/4845
f 4811/4811 4844/4844 4845/4845
f 4813/4813 4812/4812 4846/4846
f 4812/4812 4845/4845 4846/4846
f 4814/4814 4813/4813 4847/4847
f 4813/4813 4846/4846 4847/4847
f 4815/4815 4814/4814 4848/4848
f 4814/4814 4847/4847 4848/4848
f 4816/4816 4815/4815 4849/4849
f 4815/4815 4848/4848 4849/4849
f 4817/4817 4816/4816 4850/4850
f 4816/4816 4849/4849 4850/4850
f 4818/4818 4817/4817 4851/4851
f 4817/4817 4850/4850 4851/4851
f 4819/4819 4818/4818 4852/4852
f 4818/4818 4851/4851 4852/4852
f 4820/4820 4819/4819 4853/4853
f 4819/4819 4852/4852 4853/4853
f 4821/4821 4820/4820 4854/4854
f 4820/4820 4853/4853 4854/4854
f 4822/4822 4821/4821 4855/4855
f 4821/4821 4854/4854 4855/4855
f 4823/4823 4822/4822 4856/4856
f 4822/4822 4855/4855 4856/4856
f 4824/4824 4823/4823 4857/4857
f 4823/4823 4856/4856 4857/4857
f 4825/4825 4824/4824 4858/4858
f 4824/4824 4857/4857 4858/4858
f 4827/4827 4826/4826 4860/4860
f 4826/4826 4859/4859 4860/4860
f 4828/4828 4827/4827 4861/4861
f 4827/4827 4860/4860 4861/4861
f 4829/4829 4828/4828 4862/4862
f 4828/4828 4861/4861 4862/4862
f 4830/4830 4829/4829 4863/4863
f 4829/4829 4862/4862 4863/4863
f 4831/4831 4830/4830 4864/4864
f 4830/4830 4863/4863 4864/4864
f 4832/4832 4831/4831 4865/4865
f 4831/4831 4864/4864 4865/4865
f 4833/4833 4832/4832 4866/4866
f 4832/4832 4865/4865 4866/4866
f 4834/4834 4833/4833 4867/4867
f 4833/4833 4866/4866 4867/4867
f 4835/4835 4834/4834 4868/4868
f 4834/4834 4867/4867 4868/4868
f 4836/4836 4835/4835 4869/4869
f 4835/4835 4868/4868 4869/4869
f 4837/4837 4836/4836 4870/4870
f 4836/4836 4869/4869 4870/4870
f 4838/4838 4837/4837 4871/4871
f 4837/4837 4870/4870 4871/4871
f 4839/4839 4838/4838 4872/4872
f 4838/4838 4871/4871 4872/4872
f 4840/4840 4839/4839 4873/4873
f 4839/4839 4872/4872 4873/4873
f 4841/4841 4840/4840 4874/4874
f 4840/4840 4873/4873 4874/4874
f 4842/4842 4841/4841 4875/4875
f 4841/4841 4874/4874 4875/4875
f 4843/4843 4842/4842 4876/4876
f 4842/4842 4875/4875 4876/4876
f 4844/4844 4843/4843 4877/4877
f 4843/4843 4876/4876 4877/4877
f 4845/4845 4844/4844 4878/4878
f 4844/4844 4877/4877 4878/4878
f 4846/4846 4845/4845 4879/4879
f 4845/4845 4878/4878 4879/4879
f 4847/4847 4846/4846 4880/4880
f 4846/4846 4879/4879 4880/4880
f 4848/4848 4847/4847 4881/4881
f 4847/4847 4880/4880 4881/4881
f 4849/4849 4848/4848 4882/4882
f 4848/4848 4881/4881 4882/4882
f 4850/4850 4849/4849 4883/4883
f 4849/4849 4882/4882 4883/4883
f 4851/4851 4850/4850 4884/4884
f 4850/4850 4883/4883 4884/4884
f 4852/4852 4851/4851 4885/4885
f 4851/4851 4884/4884 4885/4885
f 4853/4853 4852/4852 4886/4886
f 4852/4852 4885/4885 4886/4886
f 4854/4854 4853/4853 4887/4887
f 4853/4853 4886/4886 4887/4887
f 4855/4855 4854/4854 4888/4888
f 4854/4854 4887/4887 4888/4888
f 4856/4856 4855/4855 4889/4889
f 4855/4855 4888/4888 4889/4889
f 4857/4857 4856/4856 4890/4890
f 4856/4856 4889/4889 4890/4890
f 4858/4858 4857/4857 4891/4891
f 4857/4857 4890/4890 4891/4891
f 4860/4860 4859/4859 4893/4893
f 4859/4859 4892/4892 4893/4893
f 4861/4861 4860/4860 4894/4894
f 4860/4860 4893/4893 4894/4894
f 4862/4862 4861/4861 4895/4895
f 4861/4861 4894/4894 4895/4895
f 4863/4863 4862/4862 4896/4896
f 4862/4862 4895/4895 4896/4896
f 4864/4864 4863/4863 4897/4897
f 4863/4863 4896/4896 4897/4897
f 4865/4865 4864/4864 4898/4898
f 4864/4864 4897/4897 4898/4898
f 4866/4866 4865/4865 4899/4899
f 4865/4865 4898/4898 4899/4899
f 4867/4867 4866/4866 4900/4900
f 4866/4866 4899/4899 4900/4900
f 4868/4868 4867/4867 4901/4901
f 4867/4867 4900/4900 4901/4901
f 4869/4869 4868/4868 4902/4902
f 4868/4868 4901/4901 4902/4902
f 4870/4870 4869/4869 4903/4903
f 4869/4869 4902/4902 4903/4903
f 4871/4871 4870/4870 4904/4904
f 4870/4870 4903/4903 4904/4904
f 4872/4872 4871/4871 4905/4905
f 4871/4871 4904/4904 4905/4905
f 4873/4873 4872/4872 4906/4906
f 4872/4872 4905/4905 4906/4906
f 4874/4874 4873/4873 4907/4907
f 4873/4873 4906/4906 4907/4907
f 4875/4875 4874/4874 4908/4908
f 4874/4874 4907/4907 4908/4908
f 4876/4876 4875/4875 4909/4909
f 4875/4875 4908/4908 4909/4909
f 4877/4877 4876/4876 4910/4910
f 4876/4876 4909/4909 4910/4910
f 4878/4878 4877/4877 4911/4911
f 4877/4877 4910/4910 4911/4911
f 4879/4879 4878/4878 4912/4912
f 4878/4878 4911/4911 4912/4912
f 4880/4880 4879/4879 4913/4913
f 4879/4879 4912/4912 4913/4913
f 4881/4881 4880/4880 4914/4914
f 4880/4880 4913/4913 4914/4914
f 4882/4882 4881/4881 4915/4915
f 4881/4881 4914/4914 4915/4915
f 4883/4883 4882/4882 4916/4916
f 4882/4882 4915/4915 4916/4916
f 4884/4884 4883/4883 4917/4917
f 4883/4883 4916/4916 4917/4917
f 4885/4885 4884/4884 4918/4918
f 4884/4884 4917/4917 4918/4918
f 4886/4886 4885/4885 4919/4919
f 4885/4885 4918/4918 4919/4919
f 4887/4887 4886/4886 4920/4920
f 4886/4886 4919/4919 4920/4920
f 4888/4888 4887/4887 4921/4921
f 4887/4887 4920/4920 4921/4921
f 4889/4889 4888/4888 4922/4922
f 4888/4888 4921/4921 4922/4922
f 4890/4890 4889/4889 4923/4923
f 4889/4889 4922/4922 4923/4923
f 4891/4891 4890/4890 4924/4924
f 4890/4890 4923/4923 4924/4924
f 4893/4893 4892/4892 4926/4926
f 4892/4892 4925/4925 4926/4926
f 4894/4894 4893/4893 4927/4927
f 4893/4893 4926/4926 4927/4927
f 4895/4895 4894/4894 4928/4928
f 4894/4894 4927/4927 4928/4928
f 4896/4896 4895/4895 4929/4929
f 4895/4895 4928/4928 4929/4929
f 4897/4897 4896/4896 4930/4930
f 4896/4896 4929/4929 4930/4930
f 4898/4898 4897/4897 4931/4931
f 4897/4897 4930/4930 4931/4931
f 4899/4899 4898/4898 4932/4932
f 4898/4898 4931/4931 4932/4932
f 4900/4900 4899/4899 4933/4933
f 4899/4899 4932/4932 4933/4933
f 4901/4901 4900/4900 4934/4934
f 4900/4900 4933/4933 4934/4934
f 4902/4902 4901/4901 4935/4935
f 4901/4901 4934/4934 4935/4935
f 4903/4903 4902/4902 4936/4936
f 4902/4902 4935/4935 4936/4936
f 4904/4904 4903/4903 4937/4937
f 4903/4903 4936/4936 4937/4937
f 4905/4905 4904/4904 4938/4938
f 4904/4904 4937/4937 4938/4938
f 4906/4906 4905/4905 4939/4939
f 4905/4905 4938/4938 4939/4939
f 4907/4907 4906/4906 4940/4940
f 4906/4906 4939/4939 4940/4940
f 4908/4908 4907/4907 4941/4941
f 4907/4907 4940/4940 4941/4941
f 4909/4909 4908/4908 4942/4942
f 4908/4908 4941/4941 4942/4942
f 4910/4910 4909/4909 4943/4943
f 4909/4909 4942/4942 4943/4943
f 4911/4911 4910/4910 4944/4944
f 4910/4910 4943/4943 4944/4944
f 4912/4912 4911/4911 4945/4945
f 4911/4911 4944/4944 4945/4945
f 4913/4913 4912/4912 4946/4946
f 4912/4912 4945/4945 4946/4946
f 4914/4914 4913/4913 4947/4947
f 4913/4913 4946/4946 4947/4947
f 4915/4915 4914/4914 4948/4948
f 4914/4914 4947/4947 4948/4948
f 4916/4916 4915/4915 4949/4949
f 4915/4915 4948/4948 4949/4949
f 4917/4917 4916/4916 4950/4950
f 4916/4916 4949/4949 4950/4950
f 4918/4918 4917/4917 4951/4951
f 4917/4917 4950/4950 4951/4951
f 4919/4919 4918/4918 4952/4952
f 4918/4918 4951/4951 4952/4952
f 4920/4920 4919/4919 4953/4953
f 4919/4919 4952/4952 4953/4953
f 4921/4921 4920/4920 4954/4954
f 4920/4920 4953/4953 4954/4954
f 4922/4922 4921/4921 4955/4955
f 4921/4921 4954/4954 4955/4955
f 4923/4923 4922/4922 4956/4956
f 4922/4922 4955/4955 4956/4956
f 4924/4924 4923/4923 4957/4957
f 4923/4923 4956/4956 4957/4957
f 4926/4926 4925/4925 4959/4959
f 4925/4925 4958/4958 4959/4959
f 4927/4927 4926/4926 4960/4960
f 4926/4926 4959/4959 4960/4960
f 4928/4928 4927/4927 4961/4961
f 4927/4927 4960/4960 4961/4961
f 4929/4929 4928/4928 4962/4962
f 4928/4928 4961/4961 4962/4962
f 4930/4930 4929/4929 4963/4963
f 4929/4929 4962/4962 4963/4963
f 4931/4931 4930/4930 4964/4964
f 4930/4930 4963/4963 4964/4964
f 4932/4932 4931/4931 4965/4965
f 4931/4931 4964/4964 4965/4965
f 4933/4933 4932/4932 4966/4966
f 4932/4932 4965/4965 4966/4966
f 4934/4934 4933/4933 4967/4967
f 4933/4933 4966/4966 4967/4967
f 4935/4935 4934/4934 4968/4968
f 4934/4934 4967/4967 4968/4968
f 4936/4936 4935/4935 4969/4969
f 4935/4935 4968/4968 4969/4969
f 4937/4937 4936/4936 4970/4970
f 4936/4936 4969/4969 4970/4970
f 4938/4938 4937/4937 4971/4971
f 4937/4937 4970/4970 4971/4971
f 4939/4939 4938/4938 4972/4972
f 4938/4938 4971/4971 4972/4972
f 4940/4940 4939/4939 4973/4973
f 4939/4939 4972/4972 4973/4973
f 4941/4941 4940/4940 4974/4974
f 4940/4940 4973/4973 4974/4974
f 4942/4942 4941/4941 4975/4975
f 4941/4941 4974/4974 4975/4975
f 4943/4943 4942/4942 4976/4976
f 4942/4942 4975/4975 4976/4976
f 4944/4944 4943/4943 4977/4977
f 4943/4943 4976/4976 4977/4977
f 4945/4945 4944/4944 4978/4978
f 4944/4944 4977/4977 4978/4978
f 4946/4946 4945/4945 4979/4979
f 4945/4945 4978/4978 4979/4979
f 4947/4947 4946/4946 4980/4980
f 4946/4946 4979/4979 4980/4980
f 4948/4948 4947/4947 4981/4981
f 4947/4947 4980/4980 4981/4981
f 4949/4949 4948/4948 4982/4982
f 4948/4948 4981/4981 4982/4982
f 4950/4950 4949/4949 4983/4983
f 4949/4949 4982/4982 4983/4983
f 4951/4951 4950/4950 4984/4984
f 4950/4950 4983/4983 4984/4984
f 4952/4952 4951/4951 4985/4985
f 4951/4951 4984/4984 4985/4985
f 4953/4953 4952/4952 4986/4986
f 4952/4952 4985/4985 4986/4986
f 4954/4954 4953/4953 4987/4987
f 4953/4953 4986/4986 4987/4987
f 4955/4955 4954/4954 4988/4988
f 4954/4954 4987/4987 4988/4988
f 4956/4956 4955/4955 4989/4989
f 4955/4955 4988/4988 4989/4989
f 4957/4957 4956/4956 4990/4990
f 4956/4956 4989/4989 4990/4990
f 4959/4959 4958/4958 4992/4992
f 4960/4960 4959/4959 4993/4993
f 4961/4961 4960/4960 4994/4994
f 4962/4962 4961/4961 4995/4995
f 4963/4963 4962/4962 4996/4996
f 4964/4964 4963/4963 4997/4997
f 4965/4965 4964/4964 4998/4998
f 4966/4966 4965/4965 4999/4999
f 4967/4967 4966/4966 5000/5000
f 4968/4968 4967/4967 5001/5001
f 4969/4969 4968/4968 5002/5002
f 4970/4970 4969/4969 5003/5003
f 4971/4971 4970/4970 5004/5004
f 4972/4972 4971/4971 5005/5005
f 4973/4973 4972/4972 5006/5006
f 4974/4974 4973/4973 5007/5007
f 4975/4975 4974/4974 5008/5008
f 4976/4976 4975/4975 5009/5009
f 4977/4977 4976/4976 5010/5010
f 4978/4978 4977/4977 5011/5011
f 4979/4979 4978/4978 5012/5012
f 4980/4980 4979/4979 5013/5013
f 4981/4981 4980/4980 5014/5014
f 4982/4982 4981/4981 5015/5015
f 4983/4983 4982/4982 5016/5016
f 4984/4984 4983/4983 5017/5017
f 4985/4985 4984/4984 5018/5018
f 4986/4986 4985/4985 5019/5019
f 4987/4987 4986/4986 5020/5020
f 4988/4988 4987/4987 5021/5021
f 4989/4989 4988/4988 5022/5022
f 4990/4990 4989/4989 5023/5023
v 20.370 64.794 24.003
v 22.555 64.516 23.482
v 24.350 64.007 22.201
v 25.484 63.344 20.358
v 25.782 62.630 18.232
v 25.200 61.971 16.146
v 23.827 61.470 14.419
v 21.870 61.201 13.313
v 19.630 61.206 12.997
v 17.445 61.484 13.518
v 15.650 61.993 14.799
v 14.516 62.656 16.642
v 14.218 63.370 18.768
v 14.800 64.029 20.854
v 16.173 64.530 22.581
v 18.130 64.799 23.687
v 20.370 64.794 24.003
v 18.370 23.794 37.503
v 20.555 23.516 36.982
v 22.350 23.007 35.701
v 23.484 22.344 33.858
v 23.782 21.630 31.732
v 23.200 20.971 29.646
v 21.827 20.470 27.919
v 19.870 20.201 26.813
v 17.630 20.206 26.497
v 15.445 20.484 27.018
v 13.650 20.993 28.299
v 12.516 21.656 30.142
v 12.218 22.370 32.268
v 12.800 23.029 34.354
v 14.173 23.530 36.081
v 16.130 23.799 37.187
v 18.370 23.794 37.503
v 20.000 63.000 18.500
v 20.000 63.000 18.500
v 20.000 63.000 18.500
v 20.000 63.000 18.500
v 20.000 63.000 18.500
v 20.000 63.000 18.500
v 20.000 63.000 18.500
v 20.000 63.000 18.500
v 20.000 63.000 18.500
v 20.000 63.000 18.500
v 20.000 63.000 18.500
v 20.000 63.000 18.500
v 20.000 63.000 18.500
v 20.000 63.000 18.500
v 20.000 63.000 18.500
v 20.000 63.000 18.500
v 20.370 64.794 24.003
v 22.555 64.516 23.482
v 24.350 64.007 22.201
v 25.484 63.344 20.358
v 25.782 62.630 18.232
v 25.200 61.971 16.146
v 23.827 61.470 14.419
v 21.870 61.201 13.313
v 19.630 61.206 12.997
v 17.445 61.484 13.518
v 15.650 61.993 14.799
v 14.516 62.656 16.642
v 14.218 63.370 18.768
v 14.800 64.029 20.854
v 16.173 64.530 22.581
v 18.130 64.799 23.687
v 20.370 64.794 24.003
v 18.000 22.000 32.000
v 18.000 22.000 32.000
v 18.000 22.000 32.000
v 18.000 22.000 32.000
v 18.000 22.000 32.000
v 18.000 22.000 32.000
v 18.000 22.000 32.000
v 18.000 22.000 32.000
v 18.000 22.000 32.000
v 18.000 22.000 32.000
v 18.000 22.000 32.000
v 18.000 22.000 32.000
v 18.000 22.000 32.000
v 18.000 22.000 32.000
v 18.000 22.000 32.000
v 18.000 22.000 32.000
v 18.370 23.794 37.503
v 20.555 23.516 36.982
v 22.350 23.007 35.701
v 23.484 22.344 33.858
v 23.782 21.630 31.732
v 23.200 20.971 29.646
v 21.827 20.470 27.919
v 19.870 20.201 26.813
v 17.630 20.206 26.497
v 15.445 20.484 27.018
v 13.650 20.993 28.299
v 12.516 21.656 30.142
v 12.218 22.370 32.268
v 12.800 23.029 34.354
v 14.173 23.530 36.081
v 16.130 23.799 37.187
v 18.370 23.794 37.503
vt 0.00000 1.00000
vt 0.06250 1.00000
vt 0.12500 1.00000
vt 0.18750 1.00000
vt 0.25000 1.00000
vt 0.31250 1.00000
vt 0.37500 1.00000
vt 0.43750 1.00000
vt 0.50000 1.00000
vt 0.56250 1.00000
vt 0.62500 1.00000
vt 0.68750 1.00000
vt 0.75000 1.00000
vt 0.81250 1.00000
vt 0.87500 1.00000
vt 0.93750 1.00000
vt 1.00000 1.00000
vt 0.00000 0.00000
vt 0.06250 0.00000
vt 0.12500 0.00000
vt 0.18750 0.00000
vt 0.25000 0.00000
vt 0.31250 0.00000
vt 0.37500 0.00000
vt 0.43750 0.00000
vt 0.50000 0.00000
vt 0.56250 0.00000
vt 0.62500 0.00000
vt 0.68750 0.00000
vt 0.75000 0.00000
vt 0.81250 0.00000
vt 0.87500 0.00000
vt 0.93750 0.00000
vt 1.00000 0.00000
vt 0.50000 0.50000
vt 0.50000 0.50000
vt 0.50000 0.50000
vt 0.50000 0.50000
vt 0.50000 0.50000
vt 0.50000 0.50000
vt 0.50000 0.50000
vt 0.50000 0.50000
vt 0.50000 0.50000
vt 0.50000 0.50000
vt 0.50000 0.50000
vt 0.50000 0.50000
vt 0.50000 0.50000
vt 0.50000 0.50000
vt 0.50000 0.50000
vt 0.50000 0.50000
vt 1.00000 0.50000
vt 0.96194 0.69134
vt 0.85355 0.85355
vt 0.69134 0.96194
vt 0.50000 1.00000
vt 0.30866 0.96194
vt 0.14645 0.85355
vt 0.03806 0.69134
vt 0.00000 0.50000
vt 0.03806 0.30866
vt 0.14645 0.14645
vt 0.30866 0.03806
vt 0.50000 0.00000
vt 0.69134 0.03806
vt 0.85355 0.14645
vt 0.96194 0.30866
vt 1.00000 0.50000
vt 0.50000 0.50000
vt 0.50000 0.50000
vt 0.50000 0.50000
vt 0.50000 0.50000
vt 0.50000 0.50000
vt 0.50000 0.50000
vt 0.50000 0.50000
vt 0.50000 0.50000
vt 0.50000 0.50000
vt 0.50000 0.50000
vt 0.50000 0.50000
vt 0.50000 0.50000
vt 0.50000 0.50000
vt 0.50000 0.50000
vt 0.50000 0.50000
vt 0.50000 0.50000
vt 1.00000 0.50000
vt 0.96194 0.30866
vt 0.85355 0.14645
vt 0.69134 0.03806
vt 0.50000 0.00000
vt 0.30866 0.03806
vt 0.14645 0.14645
vt 0.03806 0.30866
vt 0.00000 0.50000
vt 0.03806 0.69134
vt 0.14645 0.85355
vt 0.30866 0.96194
vt 0.50000 1.00000
vt 0.69134 0.96194
vt 0.85355 0.85355
vt 0.96194 0.69134
vt 1.00000 0.50000
f 5024/5024 5041/5041 5025/5025
f 5041/5041 5042/5042 5025/5025
f 5025/5025 5042/5042 5026/5026
f 5042/5042 5043/5043 5026/5026
f 5026/5026 5043/5043 5027/5027
f 5043/5043 5044/5044 5027/5027
f 5027/5027 5044/5044 5028/5028
f 5044/5044 5045/5045 5028/5028
f 5028/5028 5045/5045 5029/5029
f 5045/5045 5046/5046 5029/5029
f 5029/5029 5046/5046 5030/5030
f 5046/5046 5047/5047 5030/5030
f 5030/5030 5047/5047 5031/5031
f 5047/5047 5048/5048 5031/5031
f 5031/5031 5048/5048 5032/5032
f 5048/5048 5049/5049 5032/5032
f 5032/5032 5049/5049 5033/5033
f 5049/5049 5050/5050 5033/5033
f 5033/5033 5050/5050 5034/5034
f 5050/5050 5051/5051 5034/5034
f 5034/5034 5051/5051 5035/5035
f 5051/5051 5052/5052 5035/5035
f 5035/5035 5052/5052 5036/5036
f 5052/5052 5053/5053 5036/5036
f 5036/5036 5053/5053 5037/5037
f 5053/5053 5054/5054 5037/5037
f 5037/5037 5054/5054 5038/5038
f 5054/5054 5055/5055 5038/5038
f 5038/5038 5055/5055 5039/5039
f 5055/5055 5056/5056 5039/5039
f 5039/5039 5056/5056 5040/5040
f 5056/5056 5057/5057 5040/5040
f 5074/5074 5075/5075 5058/5058
f 5075/5075 5076/5076 5059/5059
f 5076/5076 5077/5077 5060/5060
f 5077/5077 5078/5078 5061/5061
f 5078/5078 5079/5079 5062/5062
f 5079/5079 5080/5080 5063/5063
f 5080/5080 5081/5081 5064/5064
f 5081/5081 5082/5082 5065/5065
f 5082/5082 5083/5083 5066/5066
f 5083/5083 5084/5084 5067/5067
f 5084/5084 5085/5085 5068/5068
f 5085/5085 5086/5086 5069/5069
f 5086/5086 5087/5087 5070/5070
f 5087/5087 5088/5088 5071/5071
f 5088/5088 5089/5089 5072/5072
f 5089/5089 5090/5090 5073/5073
f 5108/5108 5107/5107 5091/5091
f 5109/5109 5108/5108 5092/5092
f 5110/5110 5109/5109 5093/5093
f 5111/5111 5110/5110 5094/5094
f 5112/5112 5111/5111 5095/5095
f 5113/5113 5112/5112 5096/5096
f 5114/5114 5113/5113 5097/5097
f 5115/5115 5114/5114 5098/5098
f 5116/5116 5115/5115 5099/5099
f 5117/5117 5116/5116 5100/5100
f 5118/5118 5117/5117 5101/5101
f 5119/5119 5118/5118 5102/5102
f 5120/5120 5119/5119 5103/5103
f 5121/5121 5120/5120 5104/5104
f 5122/5122 5121/5121 5105/5105
f 5123/5123 5122/5122 5106/5106
v 4.100 -13.050 58.750
v 4.100 -12.150 58.750
v 4.100 -13.050 54.250
v 4.100 -12.150 54.250
v -4.100 -12.150 58.750
v -4.100 -13.050 58.750
v -4.100 -12.150 54.250
v -4.100 -13.050 54.250
v -4.100 -12.150 58.750
v 4.100 -12.150 58.750
v -4.100 -13.050 58.750
v 4.100 -13.050 58.750
v -4.100 -13.050 54.250
v 4.100 -13.050 54.250
v -4.100 -12.150 54.250
v 4.100 -12.150 54.250
v -4.100 -13.050 58.750
v 4.100 -13.050 58.750
v -4.100 -13.050 54.250
v 4.100 -13.050 54.250
v 4.100 -12.150 58.750
v -4.100 -12.150 58.750
v 4.100 -12.150 54.250
v -4.100 -12.150 54.250
vt 0.00000 1.00000
vt 1.00000 1.00000
vt 0.00000 0.00000
vt 1.00000 0.00000
vt 0.00000 1.00000
vt 1.00000 1.00000
vt 0.00000 0.00000
vt 1.00000 0.00000
vt 0.00000 1.00000
vt 1.00000 1.00000
vt 0.00000 0.00000
vt 1.00000 0.00000
vt 0.00000 1.00000
vt 1.00000 1.00000
vt 0.00000 0.00000
vt 1.00000 0.00000
vt 0.00000 1.00000
vt 1.00000 1.00000
vt 0.00000 0.00000
vt 1.00000 0.00000
vt 0.00000 1.00000
vt 1.00000 1.00000
vt 0.00000 0.00000
vt 1.00000 0.00000
f 5124/5124 5126/5126 5125/5125
f 5126/5126 5127/5127 5125/5125
f 5128/5128 5130/5130 5129/5129
f 5130/5130 5131/5131 5129/5129
f 5132/5132 5134/5134 5133/5133
f 5134/5134 5135/5135 5133/5133
f 5136/5136 5138/5138 5137/5137
f 5138/5138 5139/5139 5137/5137
f 5140/5140 5142/5142 5141/5141
f 5142/5142 5143/5143 5141/5141
f 5144/5144 5146/5146 5145/5145
f 5146/5146 5147/5147 5145/5145