# RoadToF1 authored geometry. Centimetres, Z up.
v -13.200 24.000 62.200
v -13.200 24.000 62.200
v -13.200 24.000 62.200
v -13.200 24.000 62.200
v -13.200 24.000 62.200
v -13.200 24.000 62.200
v -13.200 24.000 62.200
v -13.200 24.000 62.200
v -13.200 24.000 62.200
v -13.200 24.000 62.200
v -13.200 24.000 62.200
v -13.200 24.000 62.200
v -13.200 24.000 62.200
v -13.200 24.000 62.200
v -13.200 24.000 62.200
v -13.200 24.000 62.200
v -13.200 24.000 62.200
v -13.200 24.000 62.200
v -13.200 24.000 62.200
v -13.200 24.000 62.200
v -13.200 24.000 62.200
v -13.200 24.000 62.200
v -13.200 24.000 62.200
v -13.200 24.000 62.200
v -13.200 24.000 62.200
v -13.200 24.000 62.200
v -13.200 24.000 62.200
v -13.200 24.000 62.200
v -13.200 24.000 62.200
v -13.200 24.000 62.200
v -13.200 24.000 62.200
v -13.200 24.000 62.200
v -13.200 24.000 62.200
v -13.873 24.000 62.148
v -13.860 23.847 62.148
v -13.821 23.701 62.148
v -13.759 23.565 62.148
v -13.676 23.447 62.148
v -13.574 23.350 62.148
v -13.457 23.277 62.148
v -13.331 23.233 62.148
v -13.200 23.218 62.148
v -13.069 23.233 62.148
v -12.943 23.277 62.148
v -12.826 23.350 62.148
v -12.724 23.447 62.148
v -12.641 23.565 62.148
v -12.579 23.701 62.148
v -12.540 23.847 62.148
v -12.527 24.000 62.148
v -12.540 24.153 62.148
v -12.579 24.299 62.148
v -12.641 24.435 62.148
v -12.724 24.553 62.148
v -12.826 24.650 62.148
v -12.943 24.723 62.148
v -13.069 24.767 62.148
v -13.200 24.782 62.148
v -13.331 24.767 62.148
v -13.457 24.723 62.148
v -13.574 24.650 62.148
v -13.676 24.553 62.148
v -13.759 24.435 62.148
v -13.821 24.299 62.148
v -13.860 24.153 62.148
v -13.873 24.000 62.148
v -14.529 24.000 61.994
v -14.503 23.699 61.994
v -14.428 23.409 61.994
v -14.305 23.142 61.994
v -14.140 22.907 61.994
v -13.938 22.715 61.994
v -13.708 22.573 61.994
v -13.459 22.485 61.994
v -13.200 22.455 61.994
v -12.941 22.485 61.994
v -12.692 22.573 61.994
v -12.462 22.715 61.994
v -12.260 22.907 61.994
v -12.095 23.142 61.994
v -11.972 23.409 61.994
v -11.897 23.699 61.994
v -11.871 24.000 61.994
v -11.897 24.301 61.994
v -11.972 24.591 61.994
v -12.095 24.858 61.994
v -12.260 25.093 61.994
v -12.462 25.285 61.994
v -12.692 25.427 61.994
v -12.941 25.515 61.994
v -13.200 25.545 61.994
v -13.459 25.515 61.994
v -13.708 25.427 61.994
v -13.938 25.285 61.994
v -14.140 25.093 61.994
v -14.305 24.858 61.994
v -14.428 24.591 61.994
v -14.503 24.301 61.994
v -14.529 24.000 61.994
v -15.152 24.000 61.742
v -15.115 23.557 61.742
v -15.004 23.131 61.742
v -14.823 22.739 61.742
v -14.580 22.395 61.742
v -14.285 22.113 61.742
v -13.947 21.903 61.742
v -13.581 21.774 61.742
v -13.200 21.730 61.742
v -12.819 21.774 61.742
v -12.453 21.903 61.742
v -12.115 22.113 61.742
v -11.820 22.395 61.742
v -11.577 22.739 61.742
v -11.396 23.131 61.742
v -11.285 23.557 61.742
v -11.248 24.000 61.742
v -11.285 24.443 61.742
v -11.396 24.869 61.742
v -11.577 25.261 61.742
v -11.820 25.605 61.742
v -12.115 25.887 61.742
v -12.453 26.097 61.742
v -12.819 26.226 61.742
v -13.200 26.270 61.742
v -13.581 26.226 61.742
v -13.947 26.097 61.742
v -14.285 25.887 61.742
v -14.580 25.605 61.742
v -14.823 25.261 61.742
v -15.004 24.869 61.742
v -15.115 24.443 61.742
v -15.152 24.000 61.742
v -15.727 24.000 61.398
v -15.679 23.427 61.398
v -15.535 22.875 61.398
v -15.302 22.367 61.398
v -14.987 21.922 61.398
v -14.604 21.556 61.398
v -14.167 21.285 61.398
v -13.693 21.118 61.398
v -13.200 21.061 61.398
v -12.707 21.118 61.398
v -12.233 21.285 61.398
v -11.796 21.556 61.398
v -11.413 21.922 61.398
v -11.098 22.367 61.398
v -10.865 22.875 61.398
v -10.721 23.427 61.398
v -10.673 24.000 61.398
v -10.721 24.573 61.398
v -10.865 25.125 61.398
v -11.098 25.633 61.398
v -11.413 26.078 61.398
v -11.796 26.444 61.398
v -12.233 26.715 61.398
v -12.707 26.882 61.398
v -13.200 26.939 61.398
v -13.693 26.882 61.398
v -14.167 26.715 61.398
v -14.604 26.444 61.398
v -14.987 26.078 61.398
v -15.302 25.633 61.398
v -15.535 25.125 61.398
v -15.679 24.573 61.398
v -15.727 24.000 61.398
v -16.241 24.000 60.970
v -16.182 23.310 60.970
v -16.009 22.647 60.970
v -15.728 22.036 60.970
v -15.350 21.500 60.970
v -14.889 21.060 60.970
v -14.364 20.734 60.970
v -13.793 20.532 60.970
v -13.200 20.464 60.970
v -12.607 20.532 60.970
v -12.036 20.734 60.970
v -11.511 21.060 60.970
v -11.050 21.500 60.970
v -10.672 22.036 60.970
v -10.391 22.647 60.970
v -10.218 23.310 60.970
v -10.159 24.000 60.970
v -10.218 24.690 60.970
v -10.391 25.353 60.970
v -10.672 25.964 60.970
v -11.050 26.500 60.970
v -11.511 26.940 60.970
v -12.036 27.266 60.970
v -12.607 27.468 60.970
v -13.200 27.536 60.970
v -13.793 27.468 60.970
v -14.364 27.266 60.970
v -14.889 26.940 60.970
v -15.350 26.500 60.970
v -15.728 25.964 60.970
v -16.009 25.353 60.970
v -16.182 24.690 60.970
v -16.241 24.000 60.970
v -16.679 24.000 60.469
v -16.612 23.211 60.469
v -16.414 22.452 60.469
v -16.092 21.753 60.469
v -15.660 21.140 60.469
v -15.133 20.637 60.469
v -14.531 20.263 60.469
v -13.879 20.033 60.469
v -13.200 19.955 60.469
v -12.521 20.033 60.469
v -11.869 20.263 60.469
v -11.267 20.637 60.469
v -10.740 21.140 60.469
v -10.308 21.753 60.469
v -9.986 22.452 60.469
v -9.788 23.211 60.469
v -9.721 24.000 60.469
v -9.788 24.789 60.469
v -9.986 25.548 60.469
v -10.308 26.247 60.469
v -10.740 26.860 60.469
v -11.267 27.363 60.469
v -11.869 27.737 60.469
v -12.521 27.967 60.469
v -13.200 28.045 60.469
v -13.879 27.967 60.469
v -14.531 27.737 60.469
v -15.133 27.363 60.469
v -15.660 26.860 60.469
v -16.092 26.247 60.469
v -16.414 25.548 60.469
v -16.612 24.789 60.469
v -16.679 24.000 60.469
v -17.031 24.000 59.907
v -16.958 23.131 59.907
v -16.740 22.295 59.907
v -16.386 21.525 59.907
v -15.909 20.850 59.907
v -15.329 20.296 59.907
v -14.666 19.884 59.907
v -13.947 19.631 59.907
v -13.200 19.545 59.907
v -12.453 19.631 59.907
v -11.734 19.884 59.907
v -11.071 20.296 59.907
v -10.491 20.850 59.907
v -10.014 21.525 59.907
v -9.660 22.295 59.907
v -9.442 23.131 59.907
v -9.369 24.000 59.907
v -9.442 24.869 59.907
v -9.660 25.705 59.907
v -10.014 26.475 59.907
v -10.491 27.150 59.907
v -11.071 27.704 59.907
v -11.734 28.116 59.907
v -12.453 28.369 59.907
v -13.200 28.455 59.907
v -13.947 28.369 59.907
v -14.666 28.116 59.907
v -15.329 27.704 59.907
v -15.909 27.150 59.907
v -16.386 26.475 59.907
v -16.740 25.705 59.907
v -16.958 24.869 59.907
v -17.031 24.000 59.907
v -17.290 24.000 59.298
v -17.211 23.072 59.298
v -16.978 22.180 59.298
v -16.600 21.358 59.298
v -16.092 20.638 59.298
v -15.472 20.046 59.298
v -14.765 19.607 59.298
v -13.998 19.336 59.298
v -13.200 19.245 59.298
v -12.402 19.336 59.298
v -11.635 19.607 59.298
v -10.928 20.046 59.298
v -10.308 20.638 59.298
v -9.800 21.358 59.298
v -9.422 22.180 59.298
v -9.189 23.072 59.298
v -9.110 24.000 59.298
v -9.189 24.928 59.298
v -9.422 25.820 59.298
v -9.800 26.642 59.298
v -10.308 27.362 59.298
v -10.928 27.954 59.298
v -11.635 28.393 59.298
v -12.402 28.664 59.298
v -13.200 28.755 59.298
v -13.998 28.664 59.298
v -14.765 28.393 59.298
v -15.472 27.954 59.298
v -16.092 27.362 59.298
v -16.600 26.642 59.298
v -16.978 25.820 59.298
v -17.211 24.928 59.298
v -17.290 24.000 59.298
v -17.447 24.000 58.657
v -17.365 23.037 58.657
v -17.124 22.110 58.657
v -16.731 21.256 58.657
v -16.203 20.508 58.657
v -15.560 19.894 58.657
v -14.825 19.437 58.657
v -14.029 19.156 58.657
v -13.200 19.062 58.657
v -12.371 19.156 58.657
v -11.575 19.437 58.657
v -10.840 19.894 58.657
v -10.197 20.508 58.657
v -9.669 21.256 58.657
v -9.276 22.110 58.657
v -9.035 23.037 58.657
v -8.953 24.000 58.657
v -9.035 24.963 58.657
v -9.276 25.890 58.657
v -9.669 26.744 58.657
v -10.197 27.492 58.657
v -10.840 28.106 58.657
v -11.575 28.563 58.657
v -12.371 28.844 58.657
v -13.200 28.938 58.657
v -14.029 28.844 58.657
v -14.825 28.563 58.657
v -15.560 28.106 58.657
v -16.203 27.492 58.657
v -16.731 26.744 58.657
v -17.124 25.890 58.657
v -17.365 24.963 58.657
v -17.447 24.000 58.657
v -17.500 24.000 58.000
v -17.417 23.025 58.000
v -17.173 22.087 58.000
v -16.775 21.222 58.000
v -16.241 20.464 58.000
v -15.589 19.843 58.000
v -14.846 19.381 58.000
v -14.039 19.096 58.000
v -13.200 19.000 58.000
v -12.361 19.096 58.000
v -11.554 19.381 58.000
v -10.811 19.843 58.000
v -10.159 20.464 58.000
v -9.625 21.222 58.000
v -9.227 22.087 58.000
v -8.983 23.025 58.000
v -8.900 24.000 58.000
v -8.983 24.975 58.000
v -9.227 25.913 58.000
v -9.625 26.778 58.000
v -10.159 27.536 58.000
v -10.811 28.157 58.000
v -11.554 28.619 58.000
v -12.361 28.904 58.000
v -13.200 29.000 58.000
v -14.039 28.904 58.000
v -14.846 28.619 58.000
v -15.589 28.157 58.000
v -16.241 27.536 58.000
v -16.775 26.778 58.000
v -17.173 25.913 58.000
v -17.417 24.975 58.000
v -17.500 24.000 58.000
v -17.447 24.000 57.343
v -17.365 23.037 57.343
v -17.124 22.110 57.343
v -16.731 21.256 57.343
v -16.203 20.508 57.343
v -15.560 19.894 57.343
v -14.825 19.437 57.343
v -14.029 19.156 57.343
v -13.200 19.062 57.343
v -12.371 19.156 57.343
v -11.575 19.437 57.343
v -10.840 19.894 57.343
v -10.197 20.508 57.343
v -9.669 21.256 57.343
v -9.276 22.110 57.343
v -9.035 23.037 57.343
v -8.953 24.000 57.343
v -9.035 24.963 57.343
v -9.276 25.890 57.343
v -9.669 26.744 57.343
v -10.197 27.492 57.343
v -10.840 28.106 57.343
v -11.575 28.563 57.343
v -12.371 28.844 57.343
v -13.200 28.938 57.343
v -14.029 28.844 57.343
v -14.825 28.563 57.343
v -15.560 28.106 57.343
v -16.203 27.492 57.343
v -16.731 26.744 57.343
v -17.124 25.890 57.343
v -17.365 24.963 57.343
v -17.447 24.000 57.343
v -17.290 24.000 56.702
v -17.211 23.072 56.702
v -16.978 22.180 56.702
v -16.600 21.358 56.702
v -16.092 20.638 56.702
v -15.472 20.046 56.702
v -14.765 19.607 56.702
v -13.998 19.336 56.702
v -13.200 19.245 56.702
v -12.402 19.336 56.702
v -11.635 19.607 56.702
v -10.928 20.046 56.702
v -10.308 20.638 56.702
v -9.800 21.358 56.702
v -9.422 22.180 56.702
v -9.189 23.072 56.702
v -9.110 24.000 56.702
v -9.189 24.928 56.702
v -9.422 25.820 56.702
v -9.800 26.642 56.702
v -10.308 27.362 56.702
v -10.928 27.954 56.702
v -11.635 28.393 56.702
v -12.402 28.664 56.702
v -13.200 28.755 56.702
v -13.998 28.664 56.702
v -14.765 28.393 56.702
v -15.472 27.954 56.702
v -16.092 27.362 56.702
v -16.600 26.642 56.702
v -16.978 25.820 56.702
v -17.211 24.928 56.702
v -17.290 24.000 56.702
v -17.031 24.000 56.093
v -16.958 23.131 56.093
v -16.740 22.295 56.093
v -16.386 21.525 56.093
v -15.909 20.850 56.093
v -15.329 20.296 56.093
v -14.666 19.884 56.093
v -13.947 19.631 56.093
v -13.200 19.545 56.093
v -12.453 19.631 56.093
v -11.734 19.884 56.093
v -11.071 20.296 56.093
v -10.491 20.850 56.093
v -10.014 21.525 56.093
v -9.660 22.295 56.093
v -9.442 23.131 56.093
v -9.369 24.000 56.093
v -9.442 24.869 56.093
v -9.660 25.705 56.093
v -10.014 26.475 56.093
v -10.491 27.150 56.093
v -11.071 27.704 56.093
v -11.734 28.116 56.093
v -12.453 28.369 56.093
v -13.200 28.455 56.093
v -13.947 28.369 56.093
v -14.666 28.116 56.093
v -15.329 27.704 56.093
v -15.909 27.150 56.093
v -16.386 26.475 56.093
v -16.740 25.705 56.093
v -16.958 24.869 56.093
v -17.031 24.000 56.093
v -16.679 24.000 55.531
v -16.612 23.211 55.531
v -16.414 22.452 55.531
v -16.092 21.753 55.531
v -15.660 21.140 55.531
v -15.133 20.637 55.531
v -14.531 20.263 55.531
v -13.879 20.033 55.531
v -13.200 19.955 55.531
v -12.521 20.033 55.531
v -11.869 20.263 55.531
v -11.267 20.637 55.531
v -10.740 21.140 55.531
v -10.308 21.753 55.531
v -9.986 22.452 55.531
v -9.788 23.211 55.531
v -9.721 24.000 55.531
v -9.788 24.789 55.531
v -9.986 25.548 55.531
v -10.308 26.247 55.531
v -10.740 26.860 55.531
v -11.267 27.363 55.531
v -11.869 27.737 55.531
v -12.521 27.967 55.531
v -13.200 28.045 55.531
v -13.879 27.967 55.531
v -14.531 27.737 55.531
v -15.133 27.363 55.531
v -15.660 26.860 55.531
v -16.092 26.247 55.531
v -16.414 25.548 55.531
v -16.612 24.789 55.531
v -16.679 24.000 55.531
v -16.241 24.000 55.030
v -16.182 23.310 55.030
v -16.009 22.647 55.030
v -15.728 22.036 55.030
v -15.350 21.500 55.030
v -14.889 21.060 55.030
v -14.364 20.734 55.030
v -13.793 20.532 55.030
v -13.200 20.464 55.030
v -12.607 20.532 55.030
v -12.036 20.734 55.030
v -11.511 21.060 55.030
v -11.050 21.500 55.030
v -10.672 22.036 55.030
v -10.391 22.647 55.030
v -10.218 23.310 55.030
v -10.159 24.000 55.030
v -10.218 24.690 55.030
v -10.391 25.353 55.030
v -10.672 25.964 55.030
v -11.050 26.500 55.030
v -11.511 26.940 55.030
v -12.036 27.266 55.030
v -12.607 27.468 55.030
v -13.200 27.536 55.030
v -13.793 27.468 55.030
v -14.364 27.266 55.030
v -14.889 26.940 55.030
v -15.350 26.500 55.030
v -15.728 25.964 55.030
v -16.009 25.353 55.030
v -16.182 24.690 55.030
v -16.241 24.000 55.030
v -15.727 24.000 54.602
v -15.679 23.427 54.602
v -15.535 22.875 54.602
v -15.302 22.367 54.602
v -14.987 21.922 54.602
v -14.604 21.556 54.602
v -14.167 21.285 54.602
v -13.693 21.118 54.602
v -13.200 21.061 54.602
v -12.707 21.118 54.602
v -12.233 21.285 54.602
v -11.796 21.556 54.602
v -11.413 21.922 54.602
v -11.098 22.367 54.602
v -10.865 22.875 54.602
v -10.721 23.427 54.602
v -10.673 24.000 54.602
v -10.721 24.573 54.602
v -10.865 25.125 54.602
v -11.098 25.633 54.602
v -11.413 26.078 54.602
v -11.796 26.444 54.602
v -12.233 26.715 54.602
v -12.707 26.882 54.602
v -13.200 26.939 54.602
v -13.693 26.882 54.602
v -14.167 26.715 54.602
v -14.604 26.444 54.602
v -14.987 26.078 54.602
v -15.302 25.633 54.602
v -15.535 25.125 54.602
v -15.679 24.573 54.602
v -15.727 24.000 54.602
v -15.152 24.000 54.258
v -15.115 23.557 54.258
v -15.004 23.131 54.258
v -14.823 22.739 54.258
v -14.580 22.395 54.258
v -14.285 22.113 54.258
v -13.947 21.903 54.258
v -13.581 21.774 54.258
v -13.200 21.730 54.258
v -12.819 21.774 54.258
v -12.453 21.903 54.258
v -12.115 22.113 54.258
v -11.820 22.395 54.258
v -11.577 22.739 54.258
v -11.396 23.131 54.258
v -11.285 23.557 54.258
v -11.248 24.000 54.258
v -11.285 24.443 54.258
v -11.396 24.869 54.258
v -11.577 25.261 54.258
v -11.820 25.605 54.258
v -12.115 25.887 54.258
v -12.453 26.097 54.258
v -12.819 26.226 54.258
v -13.200 26.270 54.258
v -13.581 26.226 54.258
v -13.947 26.097 54.258
v -14.285 25.887 54.258
v -14.580 25.605 54.258
v -14.823 25.261 54.258
v -15.004 24.869 54.258
v -15.115 24.443 54.258
v -15.152 24.000 54.258
v -14.529 24.000 54.006
v -14.503 23.699 54.006
v -14.428 23.409 54.006
v -14.305 23.142 54.006
v -14.140 22.907 54.006
v -13.938 22.715 54.006
v -13.708 22.573 54.006
v -13.459 22.485 54.006
v -13.200 22.455 54.006
v -12.941 22.485 54.006
v -12.692 22.573 54.006
v -12.462 22.715 54.006
v -12.260 22.907 54.006
v -12.095 23.142 54.006
v -11.972 23.409 54.006
v -11.897 23.699 54.006
v -11.871 24.000 54.006
v -11.897 24.301 54.006
v -11.972 24.591 54.006
v -12.095 24.858 54.006
v -12.260 25.093 54.006
v -12.462 25.285 54.006
v -12.692 25.427 54.006
v -12.941 25.515 54.006
v -13.200 25.545 54.006
v -13.459 25.515 54.006
v -13.708 25.427 54.006
v -13.938 25.285 54.006
v -14.140 25.093 54.006
v -14.305 24.858 54.006
v -14.428 24.591 54.006
v -14.503 24.301 54.006
v -14.529 24.000 54.006
v -13.873 24.000 53.852
v -13.860 23.847 53.852
v -13.821 23.701 53.852
v -13.759 23.565 53.852
v -13.676 23.447 53.852
v -13.574 23.350 53.852
v -13.457 23.277 53.852
v -13.331 23.233 53.852
v -13.200 23.218 53.852
v -13.069 23.233 53.852
v -12.943 23.277 53.852
v -12.826 23.350 53.852
v -12.724 23.447 53.852
v -12.641 23.565 53.852
v -12.579 23.701 53.852
v -12.540 23.847 53.852
v -12.527 24.000 53.852
v -12.540 24.153 53.852
v -12.579 24.299 53.852
v -12.641 24.435 53.852
v -12.724 24.553 53.852
v -12.826 24.650 53.852
v -12.943 24.723 53.852
v -13.069 24.767 53.852
v -13.200 24.782 53.852
v -13.331 24.767 53.852
v -13.457 24.723 53.852
v -13.574 24.650 53.852
v -13.676 24.553 53.852
v -13.759 24.435 53.852
v -13.821 24.299 53.852
v -13.860 24.153 53.852
v -13.873 24.000 53.852
v -13.200 24.000 53.800
v -13.200 24.000 53.800
v -13.200 24.000 53.800
v -13.200 24.000 53.800
v -13.200 24.000 53.800
v -13.200 24.000 53.800
v -13.200 24.000 53.800
v -13.200 24.000 53.800
v -13.200 24.000 53.800
v -13.200 24.000 53.800
v -13.200 24.000 53.800
v -13.200 24.000 53.800
v -13.200 24.000 53.800
v -13.200 24.000 53.800
v -13.200 24.000 53.800
v -13.200 24.000 53.800
v -13.200 24.000 53.800
v -13.200 24.000 53.800
v -13.200 24.000 53.800
v -13.200 24.000 53.800
v -13.200 24.000 53.800
v -13.200 24.000 53.800
v -13.200 24.000 53.800
v -13.200 24.000 53.800
v -13.200 24.000 53.800
v -13.200 24.000 53.800
v -13.200 24.000 53.800
v -13.200 24.000 53.800
v -13.200 24.000 53.800
v -13.200 24.000 53.800
v -13.200 24.000 53.800
v -13.200 24.000 53.800
v -13.200 24.000 53.800
vt 0.01563 1.00000
vt 0.04688 1.00000
vt 0.07813 1.00000
vt 0.10938 1.00000
vt 0.14063 1.00000
vt 0.17188 1.00000
vt 0.20313 1.00000
vt 0.23438 1.00000
vt 0.26563 1.00000
vt 0.29688 1.00000
vt 0.32813 1.00000
vt 0.35938 1.00000
vt 0.39063 1.00000
vt 0.42188 1.00000
vt 0.45313 1.00000
vt 0.48438 1.00000
vt 0.51563 1.00000
vt 0.54688 1.00000
vt 0.57813 1.00000
vt 0.60938 1.00000
vt 0.64063 1.00000
vt 0.67188 1.00000
vt 0.70313 1.00000
vt 0.73438 1.00000
vt 0.76563 1.00000
vt 0.79688 1.00000
vt 0.82813 1.00000
vt 0.85938 1.00000
vt 0.89063 1.00000
vt 0.92188 1.00000
vt 0.95313 1.00000
vt 0.98438 1.00000
vt 1.01563 1.00000
vt 0.00000 0.95000
vt 0.03125 0.95000
vt 0.06250 0.95000
vt 0.09375 0.95000
vt 0.12500 0.95000
vt 0.15625 0.95000
vt 0.18750 0.95000
vt 0.21875 0.95000
vt 0.25000 0.95000
vt 0.28125 0.95000
vt 0.31250 0.95000
vt 0.34375 0.95000
vt 0.37500 0.95000
vt 0.40625 0.95000
vt 0.43750 0.95000
vt 0.46875 0.95000
vt 0.50000 0.95000
vt 0.53125 0.95000
vt 0.56250 0.95000
vt 0.59375 0.95000
vt 0.62500 0.95000
vt 0.65625 0.95000
vt 0.68750 0.95000
vt 0.71875 0.95000
vt 0.75000 0.95000
vt 0.78125 0.95000
vt 0.81250 0.95000
vt 0.84375 0.95000
vt 0.87500 0.95000
vt 0.90625 0.95000
vt 0.93750 0.95000
vt 0.96875 0.95000
vt 1.00000 0.95000
vt 0.00000 0.90000
vt 0.03125 0.90000
vt 0.06250 0.90000
vt 0.09375 0.90000
vt 0.12500 0.90000
vt 0.15625 0.90000
vt 0.18750 0.90000
vt 0.21875 0.90000
vt 0.25000 0.90000
vt 0.28125 0.90000
vt 0.31250 0.90000
vt 0.34375 0.90000
vt 0.37500 0.90000
vt 0.40625 0.90000
vt 0.43750 0.90000
vt 0.46875 0.90000
vt 0.50000 0.90000
vt 0.53125 0.90000
vt 0.56250 0.90000
vt 0.59375 0.90000
vt 0.62500 0.90000
vt 0.65625 0.90000
vt 0.68750 0.90000
vt 0.71875 0.90000
vt 0.75000 0.90000
vt 0.78125 0.90000
vt 0.81250 0.90000
vt 0.84375 0.90000
vt 0.87500 0.90000
vt 0.90625 0.90000
vt 0.93750 0.90000
vt 0.96875 0.90000
vt 1.00000 0.90000
vt 0.00000 0.85000
vt 0.03125 0.85000
vt 0.06250 0.85000
vt 0.09375 0.85000
vt 0.12500 0.85000
vt 0.15625 0.85000
vt 0.18750 0.85000
vt 0.21875 0.85000
vt 0.25000 0.85000
vt 0.28125 0.85000
vt 0.31250 0.85000
vt 0.34375 0.85000
vt 0.37500 0.85000
vt 0.40625 0.85000
vt 0.43750 0.85000
vt 0.46875 0.85000
vt 0.50000 0.85000
vt 0.53125 0.85000
vt 0.56250 0.85000
vt 0.59375 0.85000
vt 0.62500 0.85000
vt 0.65625 0.85000
vt 0.68750 0.85000
vt 0.71875 0.85000
vt 0.75000 0.85000
vt 0.78125 0.85000
vt 0.81250 0.85000
vt 0.84375 0.85000
vt 0.87500 0.85000
vt 0.90625 0.85000
vt 0.93750 0.85000
vt 0.96875 0.85000
vt 1.00000 0.85000
vt 0.00000 0.80000
vt 0.03125 0.80000
vt 0.06250 0.80000
vt 0.09375 0.80000
vt 0.12500 0.80000
vt 0.15625 0.80000
vt 0.18750 0.80000
vt 0.21875 0.80000
vt 0.25000 0.80000
vt 0.28125 0.80000
vt 0.31250 0.80000
vt 0.34375 0.80000
vt 0.37500 0.80000
vt 0.40625 0.80000
vt 0.43750 0.80000
vt 0.46875 0.80000
vt 0.50000 0.80000
vt 0.53125 0.80000
vt 0.56250 0.80000
vt 0.59375 0.80000
vt 0.62500 0.80000
vt 0.65625 0.80000
vt 0.68750 0.80000
vt 0.71875 0.80000
vt 0.75000 0.80000
vt 0.78125 0.80000
vt 0.81250 0.80000
vt 0.84375 0.80000
vt 0.87500 0.80000
vt 0.90625 0.80000
vt 0.93750 0.80000
vt 0.96875 0.80000
vt 1.00000 0.80000
vt 0.00000 0.75000
vt 0.03125 0.75000
vt 0.06250 0.75000
vt 0.09375 0.75000
vt 0.12500 0.75000
vt 0.15625 0.75000
vt 0.18750 0.75000
vt 0.21875 0.75000
vt 0.25000 0.75000
vt 0.28125 0.75000
vt 0.31250 0.75000
vt 0.34375 0.75000
vt 0.37500 0.75000
vt 0.40625 0.75000
vt 0.43750 0.75000
vt 0.46875 0.75000
vt 0.50000 0.75000
vt 0.53125 0.75000
vt 0.56250 0.75000
vt 0.59375 0.75000
vt 0.62500 0.75000
vt 0.65625 0.75000
vt 0.68750 0.75000
vt 0.71875 0.75000
vt 0.75000 0.75000
vt 0.78125 0.75000
vt 0.81250 0.75000
vt 0.84375 0.75000
vt 0.87500 0.75000
vt 0.90625 0.75000
vt 0.93750 0.75000
vt 0.96875 0.75000
vt 1.00000 0.75000
vt 0.00000 0.70000
vt 0.03125 0.70000
vt 0.06250 0.70000
vt 0.09375 0.70000
vt 0.12500 0.70000
vt 0.15625 0.70000
vt 0.18750 0.70000
vt 0.21875 0.70000
vt 0.25000 0.70000
vt 0.28125 0.70000
vt 0.31250 0.70000
vt 0.34375 0.70000
vt 0.37500 0.70000
vt 0.40625 0.70000
vt 0.43750 0.70000
vt 0.46875 0.70000
vt 0.50000 0.70000
vt 0.53125 0.70000
vt 0.56250 0.70000
vt 0.59375 0.70000
vt 0.62500 0.70000
vt 0.65625 0.70000
vt 0.68750 0.70000
vt 0.71875 0.70000
vt 0.75000 0.70000
vt 0.78125 0.70000
vt 0.81250 0.70000
vt 0.84375 0.70000
vt 0.87500 0.70000
vt 0.90625 0.70000
vt 0.93750 0.70000
vt 0.96875 0.70000
vt 1.00000 0.70000
vt 0.00000 0.65000
vt 0.03125 0.65000
vt 0.06250 0.65000
vt 0.09375 0.65000
vt 0.12500 0.65000
vt 0.15625 0.65000
vt 0.18750 0.65000
vt 0.21875 0.65000
vt 0.25000 0.65000
vt 0.28125 0.65000
vt 0.31250 0.65000
vt 0.34375 0.65000
vt 0.37500 0.65000
vt 0.40625 0.65000
vt 0.43750 0.65000
vt 0.46875 0.65000
vt 0.50000 0.65000
vt 0.53125 0.65000
vt 0.56250 0.65000
vt 0.59375 0.65000
vt 0.62500 0.65000
vt 0.65625 0.65000
vt 0.68750 0.65000
vt 0.71875 0.65000
vt 0.75000 0.65000
vt 0.78125 0.65000
vt 0.81250 0.65000
vt 0.84375 0.65000
vt 0.87500 0.65000
vt 0.90625 0.65000
vt 0.93750 0.65000
vt 0.96875 0.65000
vt 1.00000 0.65000
vt 0.00000 0.60000
vt 0.03125 0.60000
vt 0.06250 0.60000
vt 0.09375 0.60000
vt 0.12500 0.60000
vt 0.15625 0.60000
vt 0.18750 0.60000
vt 0.21875 0.60000
vt 0.25000 0.60000
vt 0.28125 0.60000
vt 0.31250 0.60000
vt 0.34375 0.60000
vt 0.37500 0.60000
vt 0.40625 0.60000
vt 0.43750 0.60000
vt 0.46875 0.60000
vt 0.50000 0.60000
vt 0.53125 0.60000
vt 0.56250 0.60000
vt 0.59375 0.60000
vt 0.62500 0.60000
vt 0.65625 0.60000
vt 0.68750 0.60000
vt 0.71875 0.60000
vt 0.75000 0.60000
vt 0.78125 0.60000
vt 0.81250 0.60000
vt 0.84375 0.60000
vt 0.87500 0.60000
vt 0.90625 0.60000
vt 0.93750 0.60000
vt 0.96875 0.60000
vt 1.00000 0.60000
vt 0.00000 0.55000
vt 0.03125 0.55000
vt 0.06250 0.55000
vt 0.09375 0.55000
vt 0.12500 0.55000
vt 0.15625 0.55000
vt 0.18750 0.55000
vt 0.21875 0.55000
vt 0.25000 0.55000
vt 0.28125 0.55000
vt 0.31250 0.55000
vt 0.34375 0.55000
vt 0.37500 0.55000
vt 0.40625 0.55000
vt 0.43750 0.55000
vt 0.46875 0.55000
vt 0.50000 0.55000
vt 0.53125 0.55000
vt 0.56250 0.55000
vt 0.59375 0.55000
vt 0.62500 0.55000
vt 0.65625 0.55000
vt 0.68750 0.55000
vt 0.71875 0.55000
vt 0.75000 0.55000
vt 0.78125 0.55000
vt 0.81250 0.55000
vt 0.84375 0.55000
vt 0.87500 0.55000
vt 0.90625 0.55000
vt 0.93750 0.55000
vt 0.96875 0.55000
vt 1.00000 0.55000
vt 0.00000 0.50000
vt 0.03125 0.50000
vt 0.06250 0.50000
vt 0.09375 0.50000
vt 0.12500 0.50000
vt 0.15625 0.50000
vt 0.18750 0.50000
vt 0.21875 0.50000
vt 0.25000 0.50000
vt 0.28125 0.50000
vt 0.31250 0.50000
vt 0.34375 0.50000
vt 0.37500 0.50000
vt 0.40625 0.50000
vt 0.43750 0.50000
vt 0.46875 0.50000
vt 0.50000 0.50000
vt 0.53125 0.50000
vt 0.56250 0.50000
vt 0.59375 0.50000
vt 0.62500 0.50000
vt 0.65625 0.50000
vt 0.68750 0.50000
vt 0.71875 0.50000
vt 0.75000 0.50000
vt 0.78125 0.50000
vt 0.81250 0.50000
vt 0.84375 0.50000
vt 0.87500 0.50000
vt 0.90625 0.50000
vt 0.93750 0.50000
vt 0.96875 0.50000
vt 1.00000 0.50000
vt 0.00000 0.45000
vt 0.03125 0.45000
vt 0.06250 0.45000
vt 0.09375 0.45000
vt 0.12500 0.45000
vt 0.15625 0.45000
vt 0.18750 0.45000
vt 0.21875 0.45000
vt 0.25000 0.45000
vt 0.28125 0.45000
vt 0.31250 0.45000
vt 0.34375 0.45000
vt 0.37500 0.45000
vt 0.40625 0.45000
vt 0.43750 0.45000
vt 0.46875 0.45000
vt 0.50000 0.45000
vt 0.53125 0.45000
vt 0.56250 0.45000
vt 0.59375 0.45000
vt 0.62500 0.45000
vt 0.65625 0.45000
vt 0.68750 0.45000
vt 0.71875 0.45000
vt 0.75000 0.45000
vt 0.78125 0.45000
vt 0.81250 0.45000
vt 0.84375 0.45000
vt 0.87500 0.45000
vt 0.90625 0.45000
vt 0.93750 0.45000
vt 0.96875 0.45000
vt 1.00000 0.45000
vt 0.00000 0.40000
vt 0.03125 0.40000
vt 0.06250 0.40000
vt 0.09375 0.40000
vt 0.12500 0.40000
vt 0.15625 0.40000
vt 0.18750 0.40000
vt 0.21875 0.40000
vt 0.25000 0.40000
vt 0.28125 0.40000
vt 0.31250 0.40000
vt 0.34375 0.40000
vt 0.37500 0.40000
vt 0.40625 0.40000
vt 0.43750 0.40000
vt 0.46875 0.40000
vt 0.50000 0.40000
vt 0.53125 0.40000
vt 0.56250 0.40000
vt 0.59375 0.40000
vt 0.62500 0.40000
vt 0.65625 0.40000
vt 0.68750 0.40000
vt 0.71875 0.40000
vt 0.75000 0.40000
vt 0.78125 0.40000
vt 0.81250 0.40000
vt 0.84375 0.40000
vt 0.87500 0.40000
vt 0.90625 0.40000
vt 0.93750 0.40000
vt 0.96875 0.40000
vt 1.00000 0.40000
vt 0.00000 0.35000
vt 0.03125 0.35000
vt 0.06250 0.35000
vt 0.09375 0.35000
vt 0.12500 0.35000
vt 0.15625 0.35000
vt 0.18750 0.35000
vt 0.21875 0.35000
vt 0.25000 0.35000
vt 0.28125 0.35000
vt 0.31250 0.35000
vt 0.34375 0.35000
vt 0.37500 0.35000
vt 0.40625 0.35000
vt 0.43750 0.35000
vt 0.46875 0.35000
vt 0.50000 0.35000
vt 0.53125 0.35000
vt 0.56250 0.35000
vt 0.59375 0.35000
vt 0.62500 0.35000
vt 0.65625 0.35000
vt 0.68750 0.35000
vt 0.71875 0.35000
vt 0.75000 0.35000
vt 0.78125 0.35000
vt 0.81250 0.35000
vt 0.84375 0.35000
vt 0.87500 0.35000
vt 0.90625 0.35000
vt 0.93750 0.35000
vt 0.96875 0.35000
vt 1.00000 0.35000
vt 0.00000 0.30000
vt 0.03125 0.30000
vt 0.06250 0.30000
vt 0.09375 0.30000
vt 0.12500 0.30000
vt 0.15625 0.30000
vt 0.18750 0.30000
vt 0.21875 0.30000
vt 0.25000 0.30000
vt 0.28125 0.30000
vt 0.31250 0.30000
vt 0.34375 0.30000
vt 0.37500 0.30000
vt 0.40625 0.30000
vt 0.43750 0.30000
vt 0.46875 0.30000
vt 0.50000 0.30000
vt 0.53125 0.30000
vt 0.56250 0.30000
vt 0.59375 0.30000
vt 0.62500 0.30000
vt 0.65625 0.30000
vt 0.68750 0.30000
vt 0.71875 0.30000
vt 0.75000 0.30000
vt 0.78125 0.30000
vt 0.81250 0.30000
vt 0.84375 0.30000
vt 0.87500 0.30000
vt 0.90625 0.30000
vt 0.93750 0.30000
vt 0.96875 0.30000
vt 1.00000 0.30000
vt 0.00000 0.25000
vt 0.03125 0.25000
vt 0.06250 0.25000
vt 0.09375 0.25000
vt 0.12500 0.25000
vt 0.15625 0.25000
vt 0.18750 0.25000
vt 0.21875 0.25000
vt 0.25000 0.25000
vt 0.28125 0.25000
vt 0.31250 0.25000
vt 0.34375 0.25000
vt 0.37500 0.25000
vt 0.40625 0.25000
vt 0.43750 0.25000
vt 0.46875 0.25000
vt 0.50000 0.25000
vt 0.53125 0.25000
vt 0.56250 0.25000
vt 0.59375 0.25000
vt 0.62500 0.25000
vt 0.65625 0.25000
vt 0.68750 0.25000
vt 0.71875 0.25000
vt 0.75000 0.25000
vt 0.78125 0.25000
vt 0.81250 0.25000
vt 0.84375 0.25000
vt 0.87500 0.25000
vt 0.90625 0.25000
vt 0.93750 0.25000
vt 0.96875 0.25000
vt 1.00000 0.25000
vt 0.00000 0.20000
vt 0.03125 0.20000
vt 0.06250 0.20000
vt 0.09375 0.20000
vt 0.12500 0.20000
vt 0.15625 0.20000
vt 0.18750 0.20000
vt 0.21875 0.20000
vt 0.25000 0.20000
vt 0.28125 0.20000
vt 0.31250 0.20000
vt 0.34375 0.20000
vt 0.37500 0.20000
vt 0.40625 0.20000
vt 0.43750 0.20000
vt 0.46875 0.20000
vt 0.50000 0.20000
vt 0.53125 0.20000
vt 0.56250 0.20000
vt 0.59375 0.20000
vt 0.62500 0.20000
vt 0.65625 0.20000
vt 0.68750 0.20000
vt 0.71875 0.20000
vt 0.75000 0.20000
vt 0.78125 0.20000
vt 0.81250 0.20000
vt 0.84375 0.20000
vt 0.87500 0.20000
vt 0.90625 0.20000
vt 0.93750 0.20000
vt 0.96875 0.20000
vt 1.00000 0.20000
vt 0.00000 0.15000
vt 0.03125 0.15000
vt 0.06250 0.15000
vt 0.09375 0.15000
vt 0.12500 0.15000
vt 0.15625 0.15000
vt 0.18750 0.15000
vt 0.21875 0.15000
vt 0.25000 0.15000
vt 0.28125 0.15000
vt 0.31250 0.15000
vt 0.34375 0.15000
vt 0.37500 0.15000
vt 0.40625 0.15000
vt 0.43750 0.15000
vt 0.46875 0.15000
vt 0.50000 0.15000
vt 0.53125 0.15000
vt 0.56250 0.15000
vt 0.59375 0.15000
vt 0.62500 0.15000
vt 0.65625 0.15000
vt 0.68750 0.15000
vt 0.71875 0.15000
vt 0.75000 0.15000
vt 0.78125 0.15000
vt 0.81250 0.15000
vt 0.84375 0.15000
vt 0.87500 0.15000
vt 0.90625 0.15000
vt 0.93750 0.15000
vt 0.96875 0.15000
vt 1.00000 0.15000
vt 0.00000 0.10000
vt 0.03125 0.10000
vt 0.06250 0.10000
vt 0.09375 0.10000
vt 0.12500 0.10000
vt 0.15625 0.10000
vt 0.18750 0.10000
vt 0.21875 0.10000
vt 0.25000 0.10000
vt 0.28125 0.10000
vt 0.31250 0.10000
vt 0.34375 0.10000
vt 0.37500 0.10000
vt 0.40625 0.10000
vt 0.43750 0.10000
vt 0.46875 0.10000
vt 0.50000 0.10000
vt 0.53125 0.10000
vt 0.56250 0.10000
vt 0.59375 0.10000
vt 0.62500 0.10000
vt 0.65625 0.10000
vt 0.68750 0.10000
vt 0.71875 0.10000
vt 0.75000 0.10000
vt 0.78125 0.10000
vt 0.81250 0.10000
vt 0.84375 0.10000
vt 0.87500 0.10000
vt 0.90625 0.10000
vt 0.93750 0.10000
vt 0.96875 0.10000
vt 1.00000 0.10000
vt 0.00000 0.05000
vt 0.03125 0.05000
vt 0.06250 0.05000
vt 0.09375 0.05000
vt 0.12500 0.05000
vt 0.15625 0.05000
vt 0.18750 0.05000
vt 0.21875 0.05000
vt 0.25000 0.05000
vt 0.28125 0.05000
vt 0.31250 0.05000
vt 0.34375 0.05000
vt 0.37500 0.05000
vt 0.40625 0.05000
vt 0.43750 0.05000
vt 0.46875 0.05000
vt 0.50000 0.05000
vt 0.53125 0.05000
vt 0.56250 0.05000
vt 0.59375 0.05000
vt 0.62500 0.05000
vt 0.65625 0.05000
vt 0.68750 0.05000
vt 0.71875 0.05000
vt 0.75000 0.05000
vt 0.78125 0.05000
vt 0.81250 0.05000
vt 0.84375 0.05000
vt 0.87500 0.05000
vt 0.90625 0.05000
vt 0.93750 0.05000
vt 0.96875 0.05000
vt 1.00000 0.05000
vt -0.01563 0.00000
vt 0.01563 0.00000
vt 0.04688 0.00000
vt 0.07813 0.00000
vt 0.10938 0.00000
vt 0.14063 0.00000
vt 0.17188 0.00000
vt 0.20313 0.00000
vt 0.23438 0.00000
vt 0.26563 0.00000
vt 0.29688 0.00000
vt 0.32813 0.00000
vt 0.35938 0.00000
vt 0.39063 0.00000
vt 0.42188 0.00000
vt 0.45313 0.00000
vt 0.48438 0.00000
vt 0.51563 0.00000
vt 0.54688 0.00000
vt 0.57813 0.00000
vt 0.60938 0.00000
vt 0.64063 0.00000
vt 0.67188 0.00000
vt 0.70313 0.00000
vt 0.73438 0.00000
vt 0.76563 0.00000
vt 0.79688 0.00000
vt 0.82813 0.00000
vt 0.85938 0.00000
vt 0.89063 0.00000
vt 0.92188 0.00000
vt 0.95313 0.00000
vt 0.98438 0.00000
f 1/1 34/34 35/35
f 2/2 35/35 36/36
f 3/3 36/36 37/37
f 4/4 37/37 38/38
f 5/5 38/38 39/39
f 6/6 39/39 40/40
f 7/7 40/40 41/41
f 8/8 41/41 42/42
f 9/9 42/42 43/43
f 10/10 43/43 44/44
f 11/11 44/44 45/45
f 12/12 45/45 46/46
f 13/13 46/46 47/47
f 14/14 47/47 48/48
f 15/15 48/48 49/49
f 16/16 49/49 50/50
f 17/17 50/50 51/51
f 18/18 51/51 52/52
f 19/19 52/52 53/53
f 20/20 53/53 54/54
f 21/21 54/54 55/55
f 22/22 55/55 56/56
f 23/23 56/56 57/57
f 24/24 57/57 58/58
f 25/25 58/58 59/59
f 26/26 59/59 60/60
f 27/27 60/60 61/61
f 28/28 61/61 62/62
f 29/29 62/62 63/63
f 30/30 63/63 64/64
f 31/31 64/64 65/65
f 32/32 65/65 66/66
f 35/35 34/34 68/68
f 34/34 67/67 68/68
f 36/36 35/35 69/69
f 35/35 68/68 69/69
f 37/37 36/36 70/70
f 36/36 69/69 70/70
f 38/38 37/37 71/71
f 37/37 70/70 71/71
f 39/39 38/38 72/72
f 38/38 71/71 72/72
f 40/40 39/39 73/73
f 39/39 72/72 73/73
f 41/41 40/40 74/74
f 40/40 73/73 74/74
f 42/42 41/41 75/75
f 41/41 74/74 75/75
f 43/43 42/42 76/76
f 42/42 75/75 76/76
f 44/44 43/43 77/77
f 43/43 76/76 77/77
f 45/45 44/44 78/78
f 44/44 77/77 78/78
f 46/46 45/45 79/79
f 45/45 78/78 79/79
f 47/47 46/46 80/80
f 46/46 79/79 80/80
f 48/48 47/47 81/81
f 47/47 80/80 81/81
f 49/49 48/48 82/82
f 48/48 81/81 82/82
f 50/50 49/49 83/83
f 49/49 82/82 83/83
f 51/51 50/50 84/84
f 50/50 83/83 84/84
f 52/52 51/51 85/85
f 51/51 84/84 85/85
f 53/53 52/52 86/86
f 52/52 85/85 86/86
f 54/54 53/53 87/87
f 53/53 86/86 87/87
f 55/55 54/54 88/88
f 54/54 87/87 88/88
f 56/56 55/55 89/89
f 55/55 88/88 89/89
f 57/57 56/56 90/90
f 56/56 89/89 90/90
f 58/58 57/57 91/91
f 57/57 90/90 91/91
f 59/59 58/58 92/92
f 58/58 91/91 92/92
f 60/60 59/59 93/93
f 59/59 92/92 93/93
f 61/61 60/60 94/94
f 60/60 93/93 94/94
f 62/62 61/61 95/95
f 61/61 94/94 95/95
f 63/63 62/62 96/96
f 62/62 95/95 96/96
f 64/64 63/63 97/97
f 63/63 96/96 97/97
f 65/65 64/64 98/98
f 64/64 97/97 98/98
f 66/66 65/65 99/99
f 65/65 98/98 99/99
f 68/68 67/67 101/101
f 67/67 100/100 101/101
f 69/69 68/68 102/102
f 68/68 101/101 102/102
f 70/70 69/69 103/103
f 69/69 102/102 103/103
f 71/71 70/70 104/104
f 70/70 103/103 104/104
f 72/72 71/71 105/105
f 71/71 104/104 105/105
f 73/73 72/72 106/106
f 72/72 105/105 106/106
f 74/74 73/73 107/107
f 73/73 106/106 107/107
f 75/75 74/74 108/108
f 74/74 107/107 108/108
f 76/76 75/75 109/109
f 75/75 108/108 109/109
f 77/77 76/76 110/110
f 76/76 109/109 110/110
f 78/78 77/77 111/111
f 77/77 110/110 111/111
f 79/79 78/78 112/112
f 78/78 111/111 112/112
f 80/80 79/79 113/113
f 79/79 112/112 113/113
f 81/81 80/80 114/114
f 80/80 113/113 114/114
f 82/82 81/81 115/115
f 81/81 114/114 115/115
f 83/83 82/82 116/116
f 82/82 115/115 116/116
f 84/84 83/83 117/117
f 83/83 116/116 117/117
f 85/85 84/84 118/118
f 84/84 117/117 118/118
f 86/86 85/85 119/119
f 85/85 118/118 119/119
f 87/87 86/86 120/120
f 86/86 119/119 120/120
f 88/88 87/87 121/121
f 87/87 120/120 121/121
f 89/89 88/88 122/122
f 88/88 121/121 122/122
f 90/90 89/89 123/123
f 89/89 122/122 123/123
f 91/91 90/90 124/124
f 90/90 123/123 124/124
f 92/92 91/91 125/125
f 91/91 124/124 125/125
f 93/93 92/92 126/126
f 92/92 125/125 126/126
f 94/94 93/93 127/127
f 93/93 126/126 127/127
f 95/95 94/94 128/128
f 94/94 127/127 128/128
f 96/96 95/95 129/129
f 95/95 128/128 129/129
f 97/97 96/96 130/130
f 96/96 129/129 130/130
f 98/98 97/97 131/131
f 97/97 130/130 131/131
f 99/99 98/98 132/132
f 98/98 131/131 132/132
f 101/101 100/100 134/134
f 100/100 133/133 134/134
f 102/102 101/101 135/135
f 101/101 134/134 135/135
f 103/103 102/102 136/136
f 102/102 135/135 136/136
f 104/104 103/103 137/137
f 103/103 136/136 137/137
f 105/105 104/104 138/138
f 104/104 137/137 138/138
f 106/106 105/105 139/139
f 105/105 138/138 139/139
f 107/107 106/106 140/140
f 106/106 139/139 140/140
f 108/108 107/107 141/141
f 107/107 140/140 141/141
f 109/109 108/108 142/142
f 108/108 141/141 142/142
f 110/110 109/109 143/143
f 109/109 142/142 143/143
f 111/111 110/110 144/144
f 110/110 143/143 144/144
f 112/112 111/111 145/145
f 111/111 144/144 145/145
f 113/113 112/112 146/146
f 112/112 145/145 146/146
f 114/114 113/113 147/147
f 113/113 146/146 147/147
f 115/115 114/114 148/148
f 114/114 147/147 148/148
f 116/116 115/115 149/149
f 115/115 148/148 149/149
f 117/117 116/116 150/150
f 116/116 149/149 150/150
f 118/118 117/117 151/151
f 117/117 150/150 151/151
f 119/119 118/118 152/152
f 118/118 151/151 152/152
f 120/120 119/119 153/153
f 119/119 152/152 153/153
f 121/121 120/120 154/154
f 120/120 153/153 154/154
f 122/122 121/121 155/155
f 121/121 154/154 155/155
f 123/123 122/122 156/156
f 122/122 155/155 156/156
f 124/124 123/123 157/157
f 123/123 156/156 157/157
f 125/125 124/124 158/158
f 124/124 157/157 158/158
f 126/126 125/125 159/159
f 125/125 158/158 159/159
f 127/127 126/126 160/160
f 126/126 159/159 160/160
f 128/128 127/127 161/161
f 127/127 160/160 161/161
f 129/129 128/128 162/162
f 128/128 161/161 162/162
f 130/130 129/129 163/163
f 129/129 162/162 163/163
f 131/131 130/130 164/164
f 130/130 163/163 164/164
f 132/132 131/131 165/165
f 131/131 164/164 165/165
f 134/134 133/133 167/167
f 133/133 166/166 167/167
f 135/135 134/134 168/168
f 134/134 167/167 168/168
f 136/136 135/135 169/169
f 135/135 168/168 169/169
f 137/137 136/136 170/170
f 136/136 169/169 170/170
f 138/138 137/137 171/171
f 137/137 170/170 171/171
f 139/139 138/138 172/172
f 138/138 171/171 172/172
f 140/140 139/139 173/173
f 139/139 172/172 173/173
f 141/141 140/140 174/174
f 140/140 173/173 174/174
f 142/142 141/141 175/175
f 141/141 174/174 175/175
f 143/143 142/142 176/176
f 142/142 175/175 176/176
f 144/144 143/143 177/177
f 143/143 176/176 177/177
f 145/145 144/144 178/178
f 144/144 177/177 178/178
f 146/146 145/145 179/179
f 145/145 178/178 179/179
f 147/147 146/146 180/180
f 146/146 179/179 180/180
f 148/148 147/147 181/181
f 147/147 180/180 181/181
f 149/149 148/148 182/182
f 148/148 181/181 182/182
f 150/150 149/149 183/183
f 149/149 182/182 183/183
f 151/151 150/150 184/184
f 150/150 183/183 184/184
f 152/152 151/151 185/185
f 151/151 184/184 185/185
f 153/153 152/152 186/186
f 152/152 185/185 186/186
f 154/154 153/153 187/187
f 153/153 186/186 187/187
f 155/155 154/154 188/188
f 154/154 187/187 188/188
f 156/156 155/155 189/189
f 155/155 188/188 189/189
f 157/157 156/156 190/190
f 156/156 189/189 190/190
f 158/158 157/157 191/191
f 157/157 190/190 191/191
f 159/159 158/158 192/192
f 158/158 191/191 192/192
f 160/160 159/159 193/193
f 159/159 192/192 193/193
f 161/161 160/160 194/194
f 160/160 193/193 194/194
f 162/162 161/161 195/195
f 161/161 194/194 195/195
f 163/163 162/162 196/196
f 162/162 195/195 196/196
f 164/164 163/163 197/197
f 163/163 196/196 197/197
f 165/165 164/164 198/198
f 164/164 197/197 198/198
f 167/167 166/166 200/200
f 166/166 199/199 200/200
f 168/168 167/167 201/201
f 167/167 200/200 201/201
f 169/169 168/168 202/202
f 168/168 201/201 202/202
f 170/170 169/169 203/203
f 169/169 202/202 203/203
f 171/171 170/170 204/204
f 170/170 203/203 204/204
f 172/172 171/171 205/205
f 171/171 204/204 205/205
f 173/173 172/172 206/206
f 172/172 205/205 206/206
f 174/174 173/173 207/207
f 173/173 206/206 207/207
f 175/175 174/174 208/208
f 174/174 207/207 208/208
f 176/176 175/175 209/209
f 175/175 208/208 209/209
f 177/177 176/176 210/210
f 176/176 209/209 210/210
f 178/178 177/177 211/211
f 177/177 210/210 211/211
f 179/179 178/178 212/212
f 178/178 211/211 212/212
f 180/180 179/179 213/213
f 179/179 212/212 213/213
f 181/181 180/180 214/214
f 180/180 213/213 214/214
f 182/182 181/181 215/215
f 181/181 214/214 215/215
f 183/183 182/182 216/216
f 182/182 215/215 216/216
f 184/184 183/183 217/217
f 183/183 216/216 217/217
f 185/185 184/184 218/218
f 184/184 217/217 218/218
f 186/186 185/185 219/219
f 185/185 218/218 219/219
f 187/187 186/186 220/220
f 186/186 219/219 220/220
f 188/188 187/187 221/221
f 187/187 220/220 221/221
f 189/189 188/188 222/222
f 188/188 221/221 222/222
f 190/190 189/189 223/223
f 189/189 222/222 223/223
f 191/191 190/190 224/224
f 190/190 223/223 224/224
f 192/192 191/191 225/225
f 191/191 224/224 225/225
f 193/193 192/192 226/226
f 192/192 225/225 226/226
f 194/194 193/193 227/227
f 193/193 226/226 227/227
f 195/195 194/194 228/228
f 194/194 227/227 228/228
f 196/196 195/195 229/229
f 195/195 228/228 229/229
f 197/197 196/196 230/230
f 196/196 229/229 230/230
f 198/198 197/197 231/231
f 197/197 230/230 231/231
f 200/200 199/199 233/233
f 199/199 232/232 233/233
f 201/201 200/200 234/234
f 200/200 233/233 234/234
f 202/202 201/201 235/235
f 201/201 234/234 235/235
f 203/203 202/202 236/236
f 202/202 235/235 236/236
f 204/204 203/203 237/237
f 203/203 236/236 237/237
f 205/205 204/204 238/238
f 204/204 237/237 238/238
f 206/206 205/205 239/239
f 205/205 238/238 239/239
f 207/207 206/206 240/240
f 206/206 239/239 240/240
f 208/208 207/207 241/241
f 207/207 240/240 241/241
f 209/209 208/208 242/242
f 208/208 241/241 242/242
f 210/210 209/209 243/243
f 209/209 242/242 243/243
f 211/211 210/210 244/244
f 210/210 243/243 244/244
f 212/212 211/211 245/245
f 211/211 244/244 245/245
f 213/213 212/212 246/246
f 212/212 245/245 246/246
f 214/214 213/213 247/247
f 213/213 246/246 247/247
f 215/215 214/214 248/248
f 214/214 247/247 248/248
f 216/216 215/215 249/249
f 215/215 248/248 249/249
f 217/217 216/216 250/250
f 216/216 249/249 250/250
f 218/218 217/217 251/251
f 217/217 250/250 251/251
f 219/219 218/218 252/252
f 218/218 251/251 252/252
f 220/220 219/219 253/253
f 219/219 252/252 253/253
f 221/221 220/220 254/254
f 220/220 253/253 254/254
f 222/222 221/221 255/255
f 221/221 254/254 255/255
f 223/223 222/222 256/256
f 222/222 255/255 256/256
f 224/224 223/223 257/257
f 223/223 256/256 257/257
f 225/225 224/224 258/258
f 224/224 257/257 258/258
f 226/226 225/225 259/259
f 225/225 258/258 259/259
f 227/227 226/226 260/260
f 226/226 259/259 260/260
f 228/228 227/227 261/261
f 227/227 260/260 261/261
f 229/229 228/228 262/262
f 228/228 261/261 262/262
f 230/230 229/229 263/263
f 229/229 262/262 263/263
f 231/231 230/230 264/264
f 230/230 263/263 264/264
f 233/233 232/232 266/266
f 232/232 265/265 266/266
f 234/234 233/233 267/267
f 233/233 266/266 267/267
f 235/235 234/234 268/268
f 234/234 267/267 268/268
f 236/236 235/235 269/269
f 235/235 268/268 269/269
f 237/237 236/236 270/270
f 236/236 269/269 270/270
f 238/238 237/237 271/271
f 237/237 270/270 271/271
f 239/239 238/238 272/272
f 238/238 271/271 272/272
f 240/240 239/239 273/273
f 239/239 272/272 273/273
f 241/241 240/240 274/274
f 240/240 273/273 274/274
f 242/242 241/241 275/275
f 241/241 274/274 275/275
f 243/243 242/242 276/276
f 242/242 275/275 276/276
f 244/244 243/243 277/277
f 243/243 276/276 277/277
f 245/245 244/244 278/278
f 244/244 277/277 278/278
f 246/246 245/245 279/279
f 245/245 278/278 279/279
f 247/247 246/246 280/280
f 246/246 279/279 280/280
f 248/248 247/247 281/281
f 247/247 280/280 281/281
f 249/249 248/248 282/282
f 248/248 281/281 282/282
f 250/250 249/249 283/283
f 249/249 282/282 283/283
f 251/251 250/250 284/284
f 250/250 283/283 284/284
f 252/252 251/251 285/285
f 251/251 284/284 285/285
f 253/253 252/252 286/286
f 252/252 285/285 286/286
f 254/254 253/253 287/287
f 253/253 286/286 287/287
f 255/255 254/254 288/288
f 254/254 287/287 288/288
f 256/256 255/255 289/289
f 255/255 288/288 289/289
f 257/257 256/256 290/290
f 256/256 289/289 290/290
f 258/258 257/257 291/291
f 257/257 290/290 291/291
f 259/259 258/258 292/292
f 258/258 291/291 292/292
f 260/260 259/259 293/293
f 259/259 292/292 293/293
f 261/261 260/260 294/294
f 260/260 293/293 294/294
f 262/262 261/261 295/295
f 261/261 294/294 295/295
f 263/263 262/262 296/296
f 262/262 295/295 296/296
f 264/264 263/263 297/297
f 263/263 296/296 297/297
f 266/266 265/265 299/299
f 265/265 298/298 299/299
f 267/267 266/266 300/300
f 266/266 299/299 300/300
f 268/268 267/267 301/301
f 267/267 300/300 301/301
f 269/269 268/268 302/302
f 268/268 301/301 302/302
f 270/270 269/269 303/303
f 269/269 302/302 303/303
f 271/271 270/270 304/304
f 270/270 303/303 304/304
f 272/272 271/271 305/305
f 271/271 304/304 305/305
f 273/273 272/272 306/306
f 272/272 305/305 306/306
f 274/274 273/273 307/307
f 273/273 306/306 307/307
f 275/275 274/274 308/308
f 274/274 307/307 308/308
f 276/276 275/275 309/309
f 275/275 308/308 309/309
f 277/277 276/276 310/310
f 276/276 309/309 310/310
f 278/278 277/277 311/311
f 277/277 310/310 311/311
f 279/279 278/278 312/312
f 278/278 311/311 312/312
f 280/280 279/279 313/313
f 279/279 312/312 313/313
f 281/281 280/280 314/314
f 280/280 313/313 314/314
f 282/282 281/281 315/315
f 281/281 314/314 315/315
f 283/283 282/282 316/316
f 282/282 315/315 316/316
f 284/284 283/283 317/317
f 283/283 316/316 317/317
f 285/285 284/284 318/318
f 284/284 317/317 318/318
f 286/286 285/285 319/319
f 285/285 318/318 319/319
f 287/287 286/286 320/320
f 286/286 319/319 320/320
f 288/288 287/287 321/321
f 287/287 320/320 321/321
f 289/289 288/288 322/322
f 288/288 321/321 322/322
f 290/290 289/289 323/323
f 289/289 322/322 323/323
f 291/291 290/290 324/324
f 290/290 323/323 324/324
f 292/292 291/291 325/325
f 291/291 324/324 325/325
f 293/293 292/292 326/326
f 292/292 325/325 326/326
f 294/294 293/293 327/327
f 293/293 326/326 327/327
f 295/295 294/294 328/328
f 294/294 327/327 328/328
f 296/296 295/295 329/329
f 295/295 328/328 329/329
f 297/297 296/296 330/330
f 296/296 329/329 330/330
f 299/299 298/298 332/332
f 298/298 331/331 332/332
f 300/300 299/299 333/333
f 299/299 332/332 333/333
f 301/301 300/300 334/334
f 300/300 333/333 334/334
f 302/302 301/301 335/335
f 301/301 334/334 335/335
f 303/303 302/302 336/336
f 302/302 335/335 336/336
f 304/304 303/303 337/337
f 303/303 336/336 337/337
f 305/305 304/304 338/338
f 304/304 337/337 338/338
f 306/306 305/305 339/339
f 305/305 338/338 339/339
f 307/307 306/306 340/340
f 306/306 339/339 340/340
f 308/308 307/307 341/341
f 307/307 340/340 341/341
f 309/309 308/308 342/342
f 308/308 341/341 342/342
f 310/310 309/309 343/343
f 309/309 342/342 343/343
f 311/311 310/310 344/344
f 310/310 343/343 344/344
f 312/312 311/311 345/345
f 311/311 344/344 345/345
f 313/313 312/312 346/346
f 312/312 345/345 346/346
f 314/314 313/313 347/347
f 313/313 346/346 347/347
f 315/315 314/314 348/348
f 314/314 347/347 348/348
f 316/316 315/315 349/349
f 315/315 348/348 349/349
f 317/317 316/316 350/350
f 316/316 349/349 350/350
f 318/318 317/317 351/351
f 317/317 350/350 351/351
f 319/319 318/318 352/352
f 318/318 351/351 352/352
f 320/320 319/319 353/353
f 319/319 352/352 353/353
f 321/321 320/320 354/354
f 320/320 353/353 354/354
f 322/322 321/321 355/355
f 321/321 354/354 355/355
f 323/323 322/322 356/356
f 322/322 355/355 356/356
f 324/324 323/323 357/357
f 323/323 356/356 357/357
f 325/325 324/324 358/358
f 324/324 357/357 358/358
f 326/326 325/325 359/359
f 325/325 358/358 359/359
f 327/327 326/326 360/360
f 326/326 359/359 360/360
f 328/328 327/327 361/361
f 327/327 360/360 361/361
f 329/329 328/328 362/362
f 328/328 361/361 362/362
f 330/330 329/329 363/363
f 329/329 362/362 363/363
f 332/332 331/331 365/365
f 331/331 364/364 365/365
f 333/333 332/332 366/366
f 332/332 365/365 366/366
f 334/334 333/333 367/367
f 333/333 366/366 367/367
f 335/335 334/334 368/368
f 334/334 367/367 368/368
f 336/336 335/335 369/369
f 335/335 368/368 369/369
f 337/337 336/336 370/370
f 336/336 369/369 370/370
f 338/338 337/337 371/371
f 337/337 370/370 371/371
f 339/339 338/338 372/372
f 338/338 371/371 372/372
f 340/340 339/339 373/373
f 339/339 372/372 373/373
f 341/341 340/340 374/374
f 340/340 373/373 374/374
f 342/342 341/341 375/375
f 341/341 374/374 375/375
f 343/343 342/342 376/376
f 342/342 375/375 376/376
f 344/344 343/343 377/377
f 343/343 376/376 377/377
f 345/345 344/344 378/378
f 344/344 377/377 378/378
f 346/346 345/345 379/379
f 345/345 378/378 379/379
f 347/347 346/346 380/380
f 346/346 379/379 380/380
f 348/348 347/347 381/381
f 347/347 380/380 381/381
f 349/349 348/348 382/382
f 348/348 381/381 382/382
f 350/350 349/349 383/383
f 349/349 382/382 383/383
f 351/351 350/350 384/384
f 350/350 383/383 384/384
f 352/352 351/351 385/385
f 351/351 384/384 385/385
f 353/353 352/352 386/386
f 352/352 385/385 386/386
f 354/354 353/353 387/387
f 353/353 386/386 387/387
f 355/355 354/354 388/388
f 354/354 387/387 388/388
f 356/356 355/355 389/389
f 355/355 388/388 389/389
f 357/357 356/356 390/390
f 356/356 389/389 390/390
f 358/358 357/357 391/391
f 357/357 390/390 391/391
f 359/359 358/358 392/392
f 358/358 391/391 392/392
f 360/360 359/359 393/393
f 359/359 392/392 393/393
f 361/361 360/360 394/394
f 360/360 393/393 394/394
f 362/362 361/361 395/395
f 361/361 394/394 395/395
f 363/363 362/362 396/396
f 362/362 395/395 396/396
f 365/365 364/364 398/398
f 364/364 397/397 398/398
f 366/366 365/365 399/399
f 365/365 398/398 399/399
f 367/367 366/366 400/400
f 366/366 399/399 400/400
f 368/368 367/367 401/401
f 367/367 400/400 401/401
f 369/369 368/368 402/402
f 368/368 401/401 402/402
f 370/370 369/369 403/403
f 369/369 402/402 403/403
f 371/371 370/370 404/404
f 370/370 403/403 404/404
f 372/372 371/371 405/405
f 371/371 404/404 405/405
f 373/373 372/372 406/406
f 372/372 405/405 406/406
f 374/374 373/373 407/407
f 373/373 406/406 407/407
f 375/375 374/374 408/408
f 374/374 407/407 408/408
f 376/376 375/375 409/409
f 375/375 408/408 409/409
f 377/377 376/376 410/410
f 376/376 409/409 410/410
f 378/378 377/377 411/411
f 377/377 410/410 411/411
f 379/379 378/378 412/412
f 378/378 411/411 412/412
f 380/380 379/379 413/413
f 379/379 412/412 413/413
f 381/381 380/380 414/414
f 380/380 413/413 414/414
f 382/382 381/381 415/415
f 381/381 414/414 415/415
f 383/383 382/382 416/416
f 382/382 415/415 416/416
f 384/384 383/383 417/417
f 383/383 416/416 417/417
f 385/385 384/384 418/418
f 384/384 417/417 418/418
f 386/386 385/385 419/419
f 385/385 418/418 419/419
f 387/387 386/386 420/420
f 386/386 419/419 420/420
f 388/388 387/387 421/421
f 387/387 420/420 421/421
f 389/389 388/388 422/422
f 388/388 421/421 422/422
f 390/390 389/389 423/423
f 389/389 422/422 423/423
f 391/391 390/390 424/424
f 390/390 423/423 424/424
f 392/392 391/391 425/425
f 391/391 424/424 425/425
f 393/393 392/392 426/426
f 392/392 425/425 426/426
f 394/394 393/393 427/427
f 393/393 426/426 427/427
f 395/395 394/394 428/428
f 394/394 427/427 428/428
f 396/396 395/395 429/429
f 395/395 428/428 429/429
f 398/398 397/397 431/431
f 397/397 430/430 431/431
f 399/399 398/398 432/432
f 398/398 431/431 432/432
f 400/400 399/399 433/433
f 399/399 432/432 433/433
f 401/401 400/400 434/434
f 400/400 433/433 434/434
f 402/402 401/401 435/435
f 401/401 434/434 435/435
f 403/403 402/402 436/436
f 402/402 435/435 436/436
f 404/404 403/403 437/437
f 403/403 436/436 437/437
f 405/405 404/404 438/438
f 404/404 437/437 438/438
f 406/406 405/405 439/439
f 405/405 438/438 439/439
f 407/407 406/406 440/440
f 406/406 439/439 440/440
f 408/408 407/407 441/441
f 407/407 440/440 441/441
f 409/409 408/408 442/442
f 408/408 441/441 442/442
f 410/410 409/409 443/443
f 409/409 442/442 443/443
f 411/411 410/410 444/444
f 410/410 443/443 444/444
f 412/412 411/411 445/445
f 411/411 444/444 445/445
f 413/413 412/412 446/446
f 412/412 445/445 446/446
f 414/414 413/413 447/447
f 413/413 446/446 447/447
f 415/415 414/414 448/448
f 414/414 447/447 448/448
f 416/416 415/415 449/449
f 415/415 448/448 449/449
f 417/417 416/416 450/450
f 416/416 449/449 450/450
f 418/418 417/417 451/451
f 417/417 450/450 451/451
f 419/419 418/418 452/452
f 418/418 451/451 452/452
f 420/420 419/419 453/453
f 419/419 452/452 453/453
f 421/421 420/420 454/454
f 420/420 453/453 454/454
f 422/422 421/421 455/455
f 421/421 454/454 455/455
f 423/423 422/422 456/456
f 422/422 455/455 456/456
f 424/424 423/423 457/457
f 423/423 456/456 457/457
f 425/425 424/424 458/458
f 424/424 457/457 458/458
f 426/426 425/425 459/459
f 425/425 458/458 459/459
f 427/427 426/426 460/460
f 426/426 459/459 460/460
f 428/428 427/427 461/461
f 427/427 460/460 461/461
f 429/429 428/428 462/462
f 428/428 461/461 462/462
f 431/431 430/430 464/464
f 430/430 463/463 464/464
f 432/432 431/431 465/465
f 431/431 464/464 465/465
f 433/433 432/432 466/466
f 432/432 465/465 466/466
f 434/434 433/433 467/467
f 433/433 466/466 467/467
f 435/435 434/434 468/468
f 434/434 467/467 468/468
f 436/436 435/435 469/469
f 435/435 468/468 469/469
f 437/437 436/436 470/470
f 436/436 469/469 470/470
f 438/438 437/437 471/471
f 437/437 470/470 471/471
f 439/439 438/438 472/472
f 438/438 471/471 472/472
f 440/440 439/439 473/473
f 439/439 472/472 473/473
f 441/441 440/440 474/474
f 440/440 473/473 474/474
f 442/442 441/441 475/475
f 441/441 474/474 475/475
f 443/443 442/442 476/476
f 442/442 475/475 476/476
f 444/444 443/443 477/477
f 443/443 476/476 477/477
f 445/445 444/444 478/478
f 444/444 477/477 478/478
f 446/446 445/445 479/479
f 445/445 478/478 479/479
f 447/447 446/446 480/480
f 446/446 479/479 480/480
f 448/448 447/447 481/481
f 447/447 480/480 481/481
f 449/449 448/448 482/482
f 448/448 481/481 482/482
f 450/450 449/449 483/483
f 449/449 482/482 483/483
f 451/451 450/450 484/484
f 450/450 483/483 484/484
f 452/452 451/451 485/485
f 451/451 484/484 485/485
f 453/453 452/452 486/486
f 452/452 485/485 486/486
f 454/454 453/453 487/487
f 453/453 486/486 487/487
f 455/455 454/454 488/488
f 454/454 487/487 488/488
f 456/456 455/455 489/489
f 455/455 488/488 489/489
f 457/457 456/456 490/490
f 456/456 489/489 490/490
f 458/458 457/457 491/491
f 457/457 490/490 491/491
f 459/459 458/458 492/492
f 458/458 491/491 492/492
f 460/460 459/459 493/493
f 459/459 492/492 493/493
f 461/461 460/460 494/494
f 460/460 493/493 494/494
f 462/462 461/461 495/495
f 461/461 494/494 495/495
f 464/464 463/463 497/497
f 463/463 496/496 497/497
f 465/465 464/464 498/498
f 464/464 497/497 498/498
f 466/466 465/465 499/499
f 465/465 498/498 499/499
f 467/467 466/466 500/500
f 466/466 499/499 500/500
f 468/468 467/467 501/501
f 467/467 500/500 501/501
f 469/469 468/468 502/502
f 468/468 501/501 502/502
f 470/470 469/469 503/503
f 469/469 502/502 503/503
f 471/471 470/470 504/504
f 470/470 503/503 504/504
f 472/472 471/471 505/505
f 471/471 504/504 505/505
f 473/473 472/472 506/506
f 472/472 505/505 506/506
f 474/474 473/473 507/507
f 473/473 506/506 507/507
f 475/475 474/474 508/508
f 474/474 507/507 508/508
f 476/476 475/475 509/509
f 475/475 508/508 509/509
f 477/477 476/476 510/510
f 476/476 509/509 510/510
f 478/478 477/477 511/511
f 477/477 510/510 511/511
f 479/479 478/478 512/512
f 478/478 511/511 512/512
f 480/480 479/479 513/513
f 479/479 512/512 513/513
f 481/481 480/480 514/514
f 480/480 513/513 514/514
f 482/482 481/481 515/515
f 481/481 514/514 515/515
f 483/483 482/482 516/516
f 482/482 515/515 516/516
f 484/484 483/483 517/517
f 483/483 516/516 517/517
f 485/485 484/484 518/518
f 484/484 517/517 518/518
f 486/486 485/485 519/519
f 485/485 518/518 519/519
f 487/487 486/486 520/520
f 486/486 519/519 520/520
f 488/488 487/487 521/521
f 487/487 520/520 521/521
f 489/489 488/488 522/522
f 488/488 521/521 522/522
f 490/490 489/489 523/523
f 489/489 522/522 523/523
f 491/491 490/490 524/524
f 490/490 523/523 524/524
f 492/492 491/491 525/525
f 491/491 524/524 525/525
f 493/493 492/492 526/526
f 492/492 525/525 526/526
f 494/494 493/493 527/527
f 493/493 526/526 527/527
f 495/495 494/494 528/528
f 494/494 527/527 528/528
f 497/497 496/496 530/530
f 496/496 529/529 530/530
f 498/498 497/497 531/531
f 497/497 530/530 531/531
f 499/499 498/498 532/532
f 498/498 531/531 532/532
f 500/500 499/499 533/533
f 499/499 532/532 533/533
f 501/501 500/500 534/534
f 500/500 533/533 534/534
f 502/502 501/501 535/535
f 501/501 534/534 535/535
f 503/503 502/502 536/536
f 502/502 535/535 536/536
f 504/504 503/503 537/537
f 503/503 536/536 537/537
f 505/505 504/504 538/538
f 504/504 537/537 538/538
f 506/506 505/505 539/539
f 505/505 538/538 539/539
f 507/507 506/506 540/540
f 506/506 539/539 540/540
f 508/508 507/507 541/541
f 507/507 540/540 541/541
f 509/509 508/508 542/542
f 508/508 541/541 542/542
f 510/510 509/509 543/543
f 509/509 542/542 543/543
f 511/511 510/510 544/544
f 510/510 543/543 544/544
f 512/512 511/511 545/545
f 511/511 544/544 545/545
f 513/513 512/512 546/546
f 512/512 545/545 546/546
f 514/514 513/513 547/547
f 513/513 546/546 547/547
f 515/515 514/514 548/548
f 514/514 547/547 548/548
f 516/516 515/515 549/549
f 515/515 548/548 549/549
f 517/517 516/516 550/550
f 516/516 549/549 550/550
f 518/518 517/517 551/551
f 517/517 550/550 551/551
f 519/519 518/518 552/552
f 518/518 551/551 552/552
f 520/520 519/519 553/553
f 519/519 552/552 553/553
f 521/521 520/520 554/554
f 520/520 553/553 554/554
f 522/522 521/521 555/555
f 521/521 554/554 555/555
f 523/523 522/522 556/556
f 522/522 555/555 556/556
f 524/524 523/523 557/557
f 523/523 556/556 557/557
f 525/525 524/524 558/558
f 524/524 557/557 558/558
f 526/526 525/525 559/559
f 525/525 558/558 559/559
f 527/527 526/526 560/560
f 526/526 559/559 560/560
f 528/528 527/527 561/561
f 527/527 560/560 561/561
f 530/530 529/529 563/563
f 529/529 562/562 563/563
f 531/531 530/530 564/564
f 530/530 563/563 564/564
f 532/532 531/531 565/565
f 531/531 564/564 565/565
f 533/533 532/532 566/566
f 532/532 565/565 566/566
f 534/534 533/533 567/567
f 533/533 566/566 567/567
f 535/535 534/534 568/568
f 534/534 567/567 568/568
f 536/536 535/535 569/569
f 535/535 568/568 569/569
f 537/537 536/536 570/570
f 536/536 569/569 570/570
f 538/538 537/537 571/571
f 537/537 570/570 571/571
f 539/539 538/538 572/572
f 538/538 571/571 572/572
f 540/540 539/539 573/573
f 539/539 572/572 573/573
f 541/541 540/540 574/574
f 540/540 573/573 574/574
f 542/542 541/541 575/575
f 541/541 574/574 575/575
f 543/543 542/542 576/576
f 542/542 575/575 576/576
f 544/544 543/543 577/577
f 543/543 576/576 577/577
f 545/545 544/544 578/578
f 544/544 577/577 578/578
f 546/546 545/545 579/579
f 545/545 578/578 579/579
f 547/547 546/546 580/580
f 546/546 579/579 580/580
f 548/548 547/547 581/581
f 547/547 580/580 581/581
f 549/549 548/548 582/582
f 548/548 581/581 582/582
f 550/550 549/549 583/583
f 549/549 582/582 583/583
f 551/551 550/550 584/584
f 550/550 583/583 584/584
f 552/552 551/551 585/585
f 551/551 584/584 585/585
f 553/553 552/552 586/586
f 552/552 585/585 586/586
f 554/554 553/553 587/587
f 553/553 586/586 587/587
f 555/555 554/554 588/588
f 554/554 587/587 588/588
f 556/556 555/555 589/589
f 555/555 588/588 589/589
f 557/557 556/556 590/590
f 556/556 589/589 590/590
f 558/558 557/557 591/591
f 557/557 590/590 591/591
f 559/559 558/558 592/592
f 558/558 591/591 592/592
f 560/560 559/559 593/593
f 559/559 592/592 593/593
f 561/561 560/560 594/594
f 560/560 593/593 594/594
f 563/563 562/562 596/596
f 562/562 595/595 596/596
f 564/564 563/563 597/597
f 563/563 596/596 597/597
f 565/565 564/564 598/598
f 564/564 597/597 598/598
f 566/566 565/565 599/599
f 565/565 598/598 599/599
f 567/567 566/566 600/600
f 566/566 599/599 600/600
f 568/568 567/567 601/601
f 567/567 600/600 601/601
f 569/569 568/568 602/602
f 568/568 601/601 602/602
f 570/570 569/569 603/603
f 569/569 602/602 603/603
f 571/571 570/570 604/604
f 570/570 603/603 604/604
f 572/572 571/571 605/605
f 571/571 604/604 605/605
f 573/573 572/572 606/606
f 572/572 605/605 606/606
f 574/574 573/573 607/607
f 573/573 606/606 607/607
f 575/575 574/574 608/608
f 574/574 607/607 608/608
f 576/576 575/575 609/609
f 575/575 608/608 609/609
f 577/577 576/576 610/610
f 576/576 609/609 610/610
f 578/578 577/577 611/611
f 577/577 610/610 611/611
f 579/579 578/578 612/612
f 578/578 611/611 612/612
f 580/580 579/579 613/613
f 579/579 612/612 613/613
f 581/581 580/580 614/614
f 580/580 613/613 614/614
f 582/582 581/581 615/615
f 581/581 614/614 615/615
f 583/583 582/582 616/616
f 582/582 615/615 616/616
f 584/584 583/583 617/617
f 583/583 616/616 617/617
f 585/585 584/584 618/618
f 584/584 617/617 618/618
f 586/586 585/585 619/619
f 585/585 618/618 619/619
f 587/587 586/586 620/620
f 586/586 619/619 620/620
f 588/588 587/587 621/621
f 587/587 620/620 621/621
f 589/589 588/588 622/622
f 588/588 621/621 622/622
f 590/590 589/589 623/623
f 589/589 622/622 623/623
f 591/591 590/590 624/624
f 590/590 623/623 624/624
f 592/592 591/591 625/625
f 591/591 624/624 625/625
f 593/593 592/592 626/626
f 592/592 625/625 626/626
f 594/594 593/593 627/627
f 593/593 626/626 627/627
f 596/596 595/595 629/629
f 595/595 628/628 629/629
f 597/597 596/596 630/630
f 596/596 629/629 630/630
f 598/598 597/597 631/631
f 597/597 630/630 631/631
f 599/599 598/598 632/632
f 598/598 631/631 632/632
f 600/600 599/599 633/633
f 599/599 632/632 633/633
f 601/601 600/600 634/634
f 600/600 633/633 634/634
f 602/602 601/601 635/635
f 601/601 634/634 635/635
f 603/603 602/602 636/636
f 602/602 635/635 636/636
f 604/604 603/603 637/637
f 603/603 636/636 637/637
f 605/605 604/604 638/638
f 604/604 637/637 638/638
f 606/606 605/605 639/639
f 605/605 638/638 639/639
f 607/607 606/606 640/640
f 606/606 639/639 640/640
f 608/608 607/607 641/641
f 607/607 640/640 641/641
f 609/609 608/608 642/642
f 608/608 641/641 642/642
f 610/610 609/609 643/643
f 609/609 642/642 643/643
f 611/611 610/610 644/644
f 610/610 643/643 644/644
f 612/612 611/611 645/645
f 611/611 644/644 645/645
f 613/613 612/612 646/646
f 612/612 645/645 646/646
f 614/614 613/613 647/647
f 613/613 646/646 647/647
f 615/615 614/614 648/648
f 614/614 647/647 648/648
f 616/616 615/615 649/649
f 615/615 648/648 649/649
f 617/617 616/616 650/650
f 616/616 649/649 650/650
f 618/618 617/617 651/651
f 617/617 650/650 651/651
f 619/619 618/618 652/652
f 618/618 651/651 652/652
f 620/620 619/619 653/653
f 619/619 652/652 653/653
f 621/621 620/620 654/654
f 620/620 653/653 654/654
f 622/622 621/621 655/655
f 621/621 654/654 655/655
f 623/623 622/622 656/656
f 622/622 655/655 656/656
f 624/624 623/623 657/657
f 623/623 656/656 657/657
f 625/625 624/624 658/658
f 624/624 657/657 658/658
f 626/626 625/625 659/659
f 625/625 658/658 659/659
f 627/627 626/626 660/660
f 626/626 659/659 660/660
f 629/629 628/628 662/662
f 630/630 629/629 663/663
f 631/631 630/630 664/664
f 632/632 631/631 665/665
f 633/633 632/632 666/666
f 634/634 633/633 667/667
f 635/635 634/634 668/668
f 636/636 635/635 669/669
f 637/637 636/636 670/670
f 638/638 637/637 671/671
f 639/639 638/638 672/672
f 640/640 639/639 673/673
f 641/641 640/640 674/674
f 642/642 641/641 675/675
f 643/643 642/642 676/676
f 644/644 643/643 677/677
f 645/645 644/644 678/678
f 646/646 645/645 679/679
f 647/647 646/646 680/680
f 648/648 647/647 681/681
f 649/649 648/648 682/682
f 650/650 649/649 683/683
f 651/651 650/650 684/684
f 652/652 651/651 685/685
f 653/653 652/652 686/686
f 654/654 653/653 687/687
f 655/655 654/654 688/688
f 656/656 655/655 689/689
f 657/657 656/656 690/690
f 658/658 657/657 691/691
f 659/659 658/658 692/692
f 660/660 659/659 693/693
v 13.200 24.000 62.200
v 13.200 24.000 62.200
v 13.200 24.000 62.200
v 13.200 24.000 62.200
v 13.200 24.000 62.200
v 13.200 24.000 62.200
v 13.200 24.000 62.200
v 13.200 24.000 62.200
v 13.200 24.000 62.200
v 13.200 24.000 62.200
v 13.200 24.000 62.200
v 13.200 24.000 62.200
v 13.200 24.000 62.200
v 13.200 24.000 62.200
v 13.200 24.000 62.200
v 13.200 24.000 62.200
v 13.200 24.000 62.200
v 13.200 24.000 62.200
v 13.200 24.000 62.200
v 13.200 24.000 62.200
v 13.200 24.000 62.200
v 13.200 24.000 62.200
v 13.200 24.000 62.200
v 13.200 24.000 62.200
v 13.200 24.000 62.200
v 13.200 24.000 62.200
v 13.200 24.000 62.200
v 13.200 24.000 62.200
v 13.200 24.000 62.200
v 13.200 24.000 62.200
v 13.200 24.000 62.200
v 13.200 24.000 62.200
v 13.200 24.000 62.200
v 12.527 24.000 62.148
v 12.540 23.847 62.148
v 12.579 23.701 62.148
v 12.641 23.565 62.148
v 12.724 23.447 62.148
v 12.826 23.350 62.148
v 12.943 23.277 62.148
v 13.069 23.233 62.148
v 13.200 23.218 62.148
v 13.331 23.233 62.148
v 13.457 23.277 62.148
v 13.574 23.350 62.148
v 13.676 23.447 62.148
v 13.759 23.565 62.148
v 13.821 23.701 62.148
v 13.860 23.847 62.148
v 13.873 24.000 62.148
v 13.860 24.153 62.148
v 13.821 24.299 62.148
v 13.759 24.435 62.148
v 13.676 24.553 62.148
v 13.574 24.650 62.148
v 13.457 24.723 62.148
v 13.331 24.767 62.148
v 13.200 24.782 62.148
v 13.069 24.767 62.148
v 12.943 24.723 62.148
v 12.826 24.650 62.148
v 12.724 24.553 62.148
v 12.641 24.435 62.148
v 12.579 24.299 62.148
v 12.540 24.153 62.148
v 12.527 24.000 62.148
v 11.871 24.000 61.994
v 11.897 23.699 61.994
v 11.972 23.409 61.994
v 12.095 23.142 61.994
v 12.260 22.907 61.994
v 12.462 22.715 61.994
v 12.692 22.573 61.994
v 12.941 22.485 61.994
v 13.200 22.455 61.994
v 13.459 22.485 61.994
v 13.708 22.573 61.994
v 13.938 22.715 61.994
v 14.140 22.907 61.994
v 14.305 23.142 61.994
v 14.428 23.409 61.994
v 14.503 23.699 61.994
v 14.529 24.000 61.994
v 14.503 24.301 61.994
v 14.428 24.591 61.994
v 14.305 24.858 61.994
v 14.140 25.093 61.994
v 13.938 25.285 61.994
v 13.708 25.427 61.994
v 13.459 25.515 61.994
v 13.200 25.545 61.994
v 12.941 25.515 61.994
v 12.692 25.427 61.994
v 12.462 25.285 61.994
v 12.260 25.093 61.994
v 12.095 24.858 61.994
v 11.972 24.591 61.994
v 11.897 24.301 61.994
v 11.871 24.000 61.994
v 11.248 24.000 61.742
v 11.285 23.557 61.742
v 11.396 23.131 61.742
v 11.577 22.739 61.742
v 11.820 22.395 61.742
v 12.115 22.113 61.742
v 12.453 21.903 61.742
v 12.819 21.774 61.742
v 13.200 21.730 61.742
v 13.581 21.774 61.742
v 13.947 21.903 61.742
v 14.285 22.113 61.742
v 14.580 22.395 61.742
v 14.823 22.739 61.742
v 15.004 23.131 61.742
v 15.115 23.557 61.742
v 15.152 24.000 61.742
v 15.115 24.443 61.742
v 15.004 24.869 61.742
v 14.823 25.261 61.742
v 14.580 25.605 61.742
v 14.285 25.887 61.742
v 13.947 26.097 61.742
v 13.581 26.226 61.742
v 13.200 26.270 61.742
v 12.819 26.226 61.742
v 12.453 26.097 61.742
v 12.115 25.887 61.742
v 11.820 25.605 61.742
v 11.577 25.261 61.742
v 11.396 24.869 61.742
v 11.285 24.443 61.742
v 11.248 24.000 61.742
v 10.673 24.000 61.398
v 10.721 23.427 61.398
v 10.865 22.875 61.398
v 11.098 22.367 61.398
v 11.413 21.922 61.398
v 11.796 21.556 61.398
v 12.233 21.285 61.398
v 12.707 21.118 61.398
v 13.200 21.061 61.398
v 13.693 21.118 61.398
v 14.167 21.285 61.398
v 14.604 21.556 61.398
v 14.987 21.922 61.398
v 15.302 22.367 61.398
v 15.535 22.875 61.398
v 15.679 23.427 61.398
v 15.727 24.000 61.398
v 15.679 24.573 61.398
v 15.535 25.125 61.398
v 15.302 25.633 61.398
v 14.987 26.078 61.398
v 14.604 26.444 61.398
v 14.167 26.715 61.398
v 13.693 26.882 61.398
v 13.200 26.939 61.398
v 12.707 26.882 61.398
v 12.233 26.715 61.398
v 11.796 26.444 61.398
v 11.413 26.078 61.398
v 11.098 25.633 61.398
v 10.865 25.125 61.398
v 10.721 24.573 61.398
v 10.673 24.000 61.398
v 10.159 24.000 60.970
v 10.218 23.310 60.970
v 10.391 22.647 60.970
v 10.672 22.036 60.970
v 11.050 21.500 60.970
v 11.511 21.060 60.970
v 12.036 20.734 60.970
v 12.607 20.532 60.970
v 13.200 20.464 60.970
v 13.793 20.532 60.970
v 14.364 20.734 60.970
v 14.889 21.060 60.970
v 15.350 21.500 60.970
v 15.728 22.036 60.970
v 16.009 22.647 60.970
v 16.182 23.310 60.970
v 16.241 24.000 60.970
v 16.182 24.690 60.970
v 16.009 25.353 60.970
v 15.728 25.964 60.970
v 15.350 26.500 60.970
v 14.889 26.940 60.970
v 14.364 27.266 60.970
v 13.793 27.468 60.970
v 13.200 27.536 60.970
v 12.607 27.468 60.970
v 12.036 27.266 60.970
v 11.511 26.940 60.970
v 11.050 26.500 60.970
v 10.672 25.964 60.970
v 10.391 25.353 60.970
v 10.218 24.690 60.970
v 10.159 24.000 60.970
v 9.721 24.000 60.469
v 9.788 23.211 60.469
v 9.986 22.452 60.469
v 10.308 21.753 60.469
v 10.740 21.140 60.469
v 11.267 20.637 60.469
v 11.869 20.263 60.469
v 12.521 20.033 60.469
v 13.200 19.955 60.469
v 13.879 20.033 60.469
v 14.531 20.263 60.469
v 15.133 20.637 60.469
v 15.660 21.140 60.469
v 16.092 21.753 60.469
v 16.414 22.452 60.469
v 16.612 23.211 60.469
v 16.679 24.000 60.469
v 16.612 24.789 60.469
v 16.414 25.548 60.469
v 16.092 26.247 60.469
v 15.660 26.860 60.469
v 15.133 27.363 60.469
v 14.531 27.737 60.469
v 13.879 27.967 60.469
v 13.200 28.045 60.469
v 12.521 27.967 60.469
v 11.869 27.737 60.469
v 11.267 27.363 60.469
v 10.740 26.860 60.469
v 10.308 26.247 60.469
v 9.986 25.548 60.469
v 9.788 24.789 60.469
v 9.721 24.000 60.469
v 9.369 24.000 59.907
v 9.442 23.131 59.907
v 9.660 22.295 59.907
v 10.014 21.525 59.907
v 10.491 20.850 59.907
v 11.071 20.296 59.907
v 11.734 19.884 59.907
v 12.453 19.631 59.907
v 13.200 19.545 59.907
v 13.947 19.631 59.907
v 14.666 19.884 59.907
v 15.329 20.296 59.907
v 15.909 20.850 59.907
v 16.386 21.525 59.907
v 16.740 22.295 59.907
v 16.958 23.131 59.907
v 17.031 24.000 59.907
v 16.958 24.869 59.907
v 16.740 25.705 59.907
v 16.386 26.475 59.907
v 15.909 27.150 59.907
v 15.329 27.704 59.907
v 14.666 28.116 59.907
v 13.947 28.369 59.907
v 13.200 28.455 59.907
v 12.453 28.369 59.907
v 11.734 28.116 59.907
v 11.071 27.704 59.907
v 10.491 27.150 59.907
v 10.014 26.475 59.907
v 9.660 25.705 59.907
v 9.442 24.869 59.907
v 9.369 24.000 59.907
v 9.110 24.000 59.298
v 9.189 23.072 59.298
v 9.422 22.180 59.298
v 9.800 21.358 59.298
v 10.308 20.638 59.298
v 10.928 20.046 59.298
v 11.635 19.607 59.298
v 12.402 19.336 59.298
v 13.200 19.245 59.298
v 13.998 19.336 59.298
v 14.765 19.607 59.298
v 15.472 20.046 59.298
v 16.092 20.638 59.298
v 16.600 21.358 59.298
v 16.978 22.180 59.298
v 17.211 23.072 59.298
v 17.290 24.000 59.298
v 17.211 24.928 59.298
v 16.978 25.820 59.298
v 16.600 26.642 59.298
v 16.092 27.362 59.298
v 15.472 27.954 59.298
v 14.765 28.393 59.298
v 13.998 28.664 59.298
v 13.200 28.755 59.298
v 12.402 28.664 59.298
v 11.635 28.393 59.298
v 10.928 27.954 59.298
v 10.308 27.362 59.298
v 9.800 26.642 59.298
v 9.422 25.820 59.298
v 9.189 24.928 59.298
v 9.110 24.000 59.298
v 8.953 24.000 58.657
v 9.035 23.037 58.657
v 9.276 22.110 58.657
v 9.669 21.256 58.657
v 10.197 20.508 58.657
v 10.840 19.894 58.657
v 11.575 19.437 58.657
v 12.371 19.156 58.657
v 13.200 19.062 58.657
v 14.029 19.156 58.657
v 14.825 19.437 58.657
v 15.560 19.894 58.657
v 16.203 20.508 58.657
v 16.731 21.256 58.657
v 17.124 22.110 58.657
v 17.365 23.037 58.657
v 17.447 24.000 58.657
v 17.365 24.963 58.657
v 17.124 25.890 58.657
v 16.731 26.744 58.657
v 16.203 27.492 58.657
v 15.560 28.106 58.657
v 14.825 28.563 58.657
v 14.029 28.844 58.657
v 13.200 28.938 58.657
v 12.371 28.844 58.657
v 11.575 28.563 58.657
v 10.840 28.106 58.657
v 10.197 27.492 58.657
v 9.669 26.744 58.657
v 9.276 25.890 58.657
v 9.035 24.963 58.657
v 8.953 24.000 58.657
v 8.900 24.000 58.000
v 8.983 23.025 58.000
v 9.227 22.087 58.000
v 9.625 21.222 58.000
v 10.159 20.464 58.000
v 10.811 19.843 58.000
v 11.554 19.381 58.000
v 12.361 19.096 58.000
v 13.200 19.000 58.000
v 14.039 19.096 58.000
v 14.846 19.381 58.000
v 15.589 19.843 58.000
v 16.241 20.464 58.000
v 16.775 21.222 58.000
v 17.173 22.087 58.000
v 17.417 23.025 58.000
v 17.500 24.000 58.000
v 17.417 24.975 58.000
v 17.173 25.913 58.000
v 16.775 26.778 58.000
v 16.241 27.536 58.000
v 15.589 28.157 58.000
v 14.846 28.619 58.000
v 14.039 28.904 58.000
v 13.200 29.000 58.000
v 12.361 28.904 58.000
v 11.554 28.619 58.000
v 10.811 28.157 58.000
v 10.159 27.536 58.000
v 9.625 26.778 58.000
v 9.227 25.913 58.000
v 8.983 24.975 58.000
v 8.900 24.000 58.000
v 8.953 24.000 57.343
v 9.035 23.037 57.343
v 9.276 22.110 57.343
v 9.669 21.256 57.343
v 10.197 20.508 57.343
v 10.840 19.894 57.343
v 11.575 19.437 57.343
v 12.371 19.156 57.343
v 13.200 19.062 57.343
v 14.029 19.156 57.343
v 14.825 19.437 57.343
v 15.560 19.894 57.343
v 16.203 20.508 57.343
v 16.731 21.256 57.343
v 17.124 22.110 57.343
v 17.365 23.037 57.343
v 17.447 24.000 57.343
v 17.365 24.963 57.343
v 17.124 25.890 57.343
v 16.731 26.744 57.343
v 16.203 27.492 57.343
v 15.560 28.106 57.343
v 14.825 28.563 57.343
v 14.029 28.844 57.343
v 13.200 28.938 57.343
v 12.371 28.844 57.343
v 11.575 28.563 57.343
v 10.840 28.106 57.343
v 10.197 27.492 57.343
v 9.669 26.744 57.343
v 9.276 25.890 57.343
v 9.035 24.963 57.343
v 8.953 24.000 57.343
v 9.110 24.000 56.702
v 9.189 23.072 56.702
v 9.422 22.180 56.702
v 9.800 21.358 56.702
v 10.308 20.638 56.702
v 10.928 20.046 56.702
v 11.635 19.607 56.702
v 12.402 19.336 56.702
v 13.200 19.245 56.702
v 13.998 19.336 56.702
v 14.765 19.607 56.702
v 15.472 20.046 56.702
v 16.092 20.638 56.702
v 16.600 21.358 56.702
v 16.978 22.180 56.702
v 17.211 23.072 56.702
v 17.290 24.000 56.702
v 17.211 24.928 56.702
v 16.978 25.820 56.702
v 16.600 26.642 56.702
v 16.092 27.362 56.702
v 15.472 27.954 56.702
v 14.765 28.393 56.702
v 13.998 28.664 56.702
v 13.200 28.755 56.702
v 12.402 28.664 56.702
v 11.635 28.393 56.702
v 10.928 27.954 56.702
v 10.308 27.362 56.702
v 9.800 26.642 56.702
v 9.422 25.820 56.702
v 9.189 24.928 56.702
v 9.110 24.000 56.702
v 9.369 24.000 56.093
v 9.442 23.131 56.093
v 9.660 22.295 56.093
v 10.014 21.525 56.093
v 10.491 20.850 56.093
v 11.071 20.296 56.093
v 11.734 19.884 56.093
v 12.453 19.631 56.093
v 13.200 19.545 56.093
v 13.947 19.631 56.093
v 14.666 19.884 56.093
v 15.329 20.296 56.093
v 15.909 20.850 56.093
v 16.386 21.525 56.093
v 16.740 22.295 56.093
v 16.958 23.131 56.093
v 17.031 24.000 56.093
v 16.958 24.869 56.093
v 16.740 25.705 56.093
v 16.386 26.475 56.093
v 15.909 27.150 56.093
v 15.329 27.704 56.093
v 14.666 28.116 56.093
v 13.947 28.369 56.093
v 13.200 28.455 56.093
v 12.453 28.369 56.093
v 11.734 28.116 56.093
v 11.071 27.704 56.093
v 10.491 27.150 56.093
v 10.014 26.475 56.093
v 9.660 25.705 56.093
v 9.442 24.869 56.093
v 9.369 24.000 56.093
v 9.721 24.000 55.531
v 9.788 23.211 55.531
v 9.986 22.452 55.531
v 10.308 21.753 55.531
v 10.740 21.140 55.531
v 11.267 20.637 55.531
v 11.869 20.263 55.531
v 12.521 20.033 55.531
v 13.200 19.955 55.531
v 13.879 20.033 55.531
v 14.531 20.263 55.531
v 15.133 20.637 55.531
v 15.660 21.140 55.531
v 16.092 21.753 55.531
v 16.414 22.452 55.531
v 16.612 23.211 55.531
v 16.679 24.000 55.531
v 16.612 24.789 55.531
v 16.414 25.548 55.531
v 16.092 26.247 55.531
v 15.660 26.860 55.531
v 15.133 27.363 55.531
v 14.531 27.737 55.531
v 13.879 27.967 55.531
v 13.200 28.045 55.531
v 12.521 27.967 55.531
v 11.869 27.737 55.531
v 11.267 27.363 55.531
v 10.740 26.860 55.531
v 10.308 26.247 55.531
v 9.986 25.548 55.531
v 9.788 24.789 55.531
v 9.721 24.000 55.531
v 10.159 24.000 55.030
v 10.218 23.310 55.030
v 10.391 22.647 55.030
v 10.672 22.036 55.030
v 11.050 21.500 55.030
v 11.511 21.060 55.030
v 12.036 20.734 55.030
v 12.607 20.532 55.030
v 13.200 20.464 55.030
v 13.793 20.532 55.030
v 14.364 20.734 55.030
v 14.889 21.060 55.030
v 15.350 21.500 55.030
v 15.728 22.036 55.030
v 16.009 22.647 55.030
v 16.182 23.310 55.030
v 16.241 24.000 55.030
v 16.182 24.690 55.030
v 16.009 25.353 55.030
v 15.728 25.964 55.030
v 15.350 26.500 55.030
v 14.889 26.940 55.030
v 14.364 27.266 55.030
v 13.793 27.468 55.030
v 13.200 27.536 55.030
v 12.607 27.468 55.030
v 12.036 27.266 55.030
v 11.511 26.940 55.030
v 11.050 26.500 55.030
v 10.672 25.964 55.030
v 10.391 25.353 55.030
v 10.218 24.690 55.030
v 10.159 24.000 55.030
v 10.673 24.000 54.602
v 10.721 23.427 54.602
v 10.865 22.875 54.602
v 11.098 22.367 54.602
v 11.413 21.922 54.602
v 11.796 21.556 54.602
v 12.233 21.285 54.602
v 12.707 21.118 54.602
v 13.200 21.061 54.602
v 13.693 21.118 54.602
v 14.167 21.285 54.602
v 14.604 21.556 54.602
v 14.987 21.922 54.602
v 15.302 22.367 54.602
v 15.535 22.875 54.602
v 15.679 23.427 54.602
v 15.727 24.000 54.602
v 15.679 24.573 54.602
v 15.535 25.125 54.602
v 15.302 25.633 54.602
v 14.987 26.078 54.602
v 14.604 26.444 54.602
v 14.167 26.715 54.602
v 13.693 26.882 54.602
v 13.200 26.939 54.602
v 12.707 26.882 54.602
v 12.233 26.715 54.602
v 11.796 26.444 54.602
v 11.413 26.078 54.602
v 11.098 25.633 54.602
v 10.865 25.125 54.602
v 10.721 24.573 54.602
v 10.673 24.000 54.602
v 11.248 24.000 54.258
v 11.285 23.557 54.258
v 11.396 23.131 54.258
v 11.577 22.739 54.258
v 11.820 22.395 54.258
v 12.115 22.113 54.258
v 12.453 21.903 54.258
v 12.819 21.774 54.258
v 13.200 21.730 54.258
v 13.581 21.774 54.258
v 13.947 21.903 54.258
v 14.285 22.113 54.258
v 14.580 22.395 54.258
v 14.823 22.739 54.258
v 15.004 23.131 54.258
v 15.115 23.557 54.258
v 15.152 24.000 54.258
v 15.115 24.443 54.258
v 15.004 24.869 54.258
v 14.823 25.261 54.258
v 14.580 25.605 54.258
v 14.285 25.887 54.258
v 13.947 26.097 54.258
v 13.581 26.226 54.258
v 13.200 26.270 54.258
v 12.819 26.226 54.258
v 12.453 26.097 54.258
v 12.115 25.887 54.258
v 11.820 25.605 54.258
v 11.577 25.261 54.258
v 11.396 24.869 54.258
v 11.285 24.443 54.258
v 11.248 24.000 54.258
v 11.871 24.000 54.006
v 11.897 23.699 54.006
v 11.972 23.409 54.006
v 12.095 23.142 54.006
v 12.260 22.907 54.006
v 12.462 22.715 54.006
v 12.692 22.573 54.006
v 12.941 22.485 54.006
v 13.200 22.455 54.006
v 13.459 22.485 54.006
v 13.708 22.573 54.006
v 13.938 22.715 54.006
v 14.140 22.907 54.006
v 14.305 23.142 54.006
v 14.428 23.409 54.006
v 14.503 23.699 54.006
v 14.529 24.000 54.006
v 14.503 24.301 54.006
v 14.428 24.591 54.006
v 14.305 24.858 54.006
v 14.140 25.093 54.006
v 13.938 25.285 54.006
v 13.708 25.427 54.006
v 13.459 25.515 54.006
v 13.200 25.545 54.006
v 12.941 25.515 54.006
v 12.692 25.427 54.006
v 12.462 25.285 54.006
v 12.260 25.093 54.006
v 12.095 24.858 54.006
v 11.972 24.591 54.006
v 11.897 24.301 54.006
v 11.871 24.000 54.006
v 12.527 24.000 53.852
v 12.540 23.847 53.852
v 12.579 23.701 53.852
v 12.641 23.565 53.852
v 12.724 23.447 53.852
v 12.826 23.350 53.852
v 12.943 23.277 53.852
v 13.069 23.233 53.852
v 13.200 23.218 53.852
v 13.331 23.233 53.852
v 13.457 23.277 53.852
v 13.574 23.350 53.852
v 13.676 23.447 53.852
v 13.759 23.565 53.852
v 13.821 23.701 53.852
v 13.860 23.847 53.852
v 13.873 24.000 53.852
v 13.860 24.153 53.852
v 13.821 24.299 53.852
v 13.759 24.435 53.852
v 13.676 24.553 53.852
v 13.574 24.650 53.852
v 13.457 24.723 53.852
v 13.331 24.767 53.852
v 13.200 24.782 53.852
v 13.069 24.767 53.852
v 12.943 24.723 53.852
v 12.826 24.650 53.852
v 12.724 24.553 53.852
v 12.641 24.435 53.852
v 12.579 24.299 53.852
v 12.540 24.153 53.852
v 12.527 24.000 53.852
v 13.200 24.000 53.800
v 13.200 24.000 53.800
v 13.200 24.000 53.800
v 13.200 24.000 53.800
v 13.200 24.000 53.800
v 13.200 24.000 53.800
v 13.200 24.000 53.800
v 13.200 24.000 53.800
v 13.200 24.000 53.800
v 13.200 24.000 53.800
v 13.200 24.000 53.800
v 13.200 24.000 53.800
v 13.200 24.000 53.800
v 13.200 24.000 53.800
v 13.200 24.000 53.800
v 13.200 24.000 53.800
v 13.200 24.000 53.800
v 13.200 24.000 53.800
v 13.200 24.000 53.800
v 13.200 24.000 53.800
v 13.200 24.000 53.800
v 13.200 24.000 53.800
v 13.200 24.000 53.800
v 13.200 24.000 53.800
v 13.200 24.000 53.800
v 13.200 24.000 53.800
v 13.200 24.000 53.800
v 13.200 24.000 53.800
v 13.200 24.000 53.800
v 13.200 24.000 53.800
v 13.200 24.000 53.800
v 13.200 24.000 53.800
v 13.200 24.000 53.800
vt 0.01563 1.00000
vt 0.04688 1.00000
vt 0.07813 1.00000
vt 0.10938 1.00000
vt 0.14063 1.00000
vt 0.17188 1.00000
vt 0.20313 1.00000
vt 0.23438 1.00000
vt 0.26563 1.00000
vt 0.29688 1.00000
vt 0.32813 1.00000
vt 0.35938 1.00000
vt 0.39063 1.00000
vt 0.42188 1.00000
vt 0.45313 1.00000
vt 0.48438 1.00000
vt 0.51563 1.00000
vt 0.54688 1.00000
vt 0.57813 1.00000
vt 0.60938 1.00000
vt 0.64063 1.00000
vt 0.67188 1.00000
vt 0.70313 1.00000
vt 0.73438 1.00000
vt 0.76563 1.00000
vt 0.79688 1.00000
vt 0.82813 1.00000
vt 0.85938 1.00000
vt 0.89063 1.00000
vt 0.92188 1.00000
vt 0.95313 1.00000
vt 0.98438 1.00000
vt 1.01563 1.00000
vt 0.00000 0.95000
vt 0.03125 0.95000
vt 0.06250 0.95000
vt 0.09375 0.95000
vt 0.12500 0.95000
vt 0.15625 0.95000
vt 0.18750 0.95000
vt 0.21875 0.95000
vt 0.25000 0.95000
vt 0.28125 0.95000
vt 0.31250 0.95000
vt 0.34375 0.95000
vt 0.37500 0.95000
vt 0.40625 0.95000
vt 0.43750 0.95000
vt 0.46875 0.95000
vt 0.50000 0.95000
vt 0.53125 0.95000
vt 0.56250 0.95000
vt 0.59375 0.95000
vt 0.62500 0.95000
vt 0.65625 0.95000
vt 0.68750 0.95000
vt 0.71875 0.95000
vt 0.75000 0.95000
vt 0.78125 0.95000
vt 0.81250 0.95000
vt 0.84375 0.95000
vt 0.87500 0.95000
vt 0.90625 0.95000
vt 0.93750 0.95000
vt 0.96875 0.95000
vt 1.00000 0.95000
vt 0.00000 0.90000
vt 0.03125 0.90000
vt 0.06250 0.90000
vt 0.09375 0.90000
vt 0.12500 0.90000
vt 0.15625 0.90000
vt 0.18750 0.90000
vt 0.21875 0.90000
vt 0.25000 0.90000
vt 0.28125 0.90000
vt 0.31250 0.90000
vt 0.34375 0.90000
vt 0.37500 0.90000
vt 0.40625 0.90000
vt 0.43750 0.90000
vt 0.46875 0.90000
vt 0.50000 0.90000
vt 0.53125 0.90000
vt 0.56250 0.90000
vt 0.59375 0.90000
vt 0.62500 0.90000
vt 0.65625 0.90000
vt 0.68750 0.90000
vt 0.71875 0.90000
vt 0.75000 0.90000
vt 0.78125 0.90000
vt 0.81250 0.90000
vt 0.84375 0.90000
vt 0.87500 0.90000
vt 0.90625 0.90000
vt 0.93750 0.90000
vt 0.96875 0.90000
vt 1.00000 0.90000
vt 0.00000 0.85000
vt 0.03125 0.85000
vt 0.06250 0.85000
vt 0.09375 0.85000
vt 0.12500 0.85000
vt 0.15625 0.85000
vt 0.18750 0.85000
vt 0.21875 0.85000
vt 0.25000 0.85000
vt 0.28125 0.85000
vt 0.31250 0.85000
vt 0.34375 0.85000
vt 0.37500 0.85000
vt 0.40625 0.85000
vt 0.43750 0.85000
vt 0.46875 0.85000
vt 0.50000 0.85000
vt 0.53125 0.85000
vt 0.56250 0.85000
vt 0.59375 0.85000
vt 0.62500 0.85000
vt 0.65625 0.85000
vt 0.68750 0.85000
vt 0.71875 0.85000
vt 0.75000 0.85000
vt 0.78125 0.85000
vt 0.81250 0.85000
vt 0.84375 0.85000
vt 0.87500 0.85000
vt 0.90625 0.85000
vt 0.93750 0.85000
vt 0.96875 0.85000
vt 1.00000 0.85000
vt 0.00000 0.80000
vt 0.03125 0.80000
vt 0.06250 0.80000
vt 0.09375 0.80000
vt 0.12500 0.80000
vt 0.15625 0.80000
vt 0.18750 0.80000
vt 0.21875 0.80000
vt 0.25000 0.80000
vt 0.28125 0.80000
vt 0.31250 0.80000
vt 0.34375 0.80000
vt 0.37500 0.80000
vt 0.40625 0.80000
vt 0.43750 0.80000
vt 0.46875 0.80000
vt 0.50000 0.80000
vt 0.53125 0.80000
vt 0.56250 0.80000
vt 0.59375 0.80000
vt 0.62500 0.80000
vt 0.65625 0.80000
vt 0.68750 0.80000
vt 0.71875 0.80000
vt 0.75000 0.80000
vt 0.78125 0.80000
vt 0.81250 0.80000
vt 0.84375 0.80000
vt 0.87500 0.80000
vt 0.90625 0.80000
vt 0.93750 0.80000
vt 0.96875 0.80000
vt 1.00000 0.80000
vt 0.00000 0.75000
vt 0.03125 0.75000
vt 0.06250 0.75000
vt 0.09375 0.75000
vt 0.12500 0.75000
vt 0.15625 0.75000
vt 0.18750 0.75000
vt 0.21875 0.75000
vt 0.25000 0.75000
vt 0.28125 0.75000
vt 0.31250 0.75000
vt 0.34375 0.75000
vt 0.37500 0.75000
vt 0.40625 0.75000
vt 0.43750 0.75000
vt 0.46875 0.75000
vt 0.50000 0.75000
vt 0.53125 0.75000
vt 0.56250 0.75000
vt 0.59375 0.75000
vt 0.62500 0.75000
vt 0.65625 0.75000
vt 0.68750 0.75000
vt 0.71875 0.75000
vt 0.75000 0.75000
vt 0.78125 0.75000
vt 0.81250 0.75000
vt 0.84375 0.75000
vt 0.87500 0.75000
vt 0.90625 0.75000
vt 0.93750 0.75000
vt 0.96875 0.75000
vt 1.00000 0.75000
vt 0.00000 0.70000
vt 0.03125 0.70000
vt 0.06250 0.70000
vt 0.09375 0.70000
vt 0.12500 0.70000
vt 0.15625 0.70000
vt 0.18750 0.70000
vt 0.21875 0.70000
vt 0.25000 0.70000
vt 0.28125 0.70000
vt 0.31250 0.70000
vt 0.34375 0.70000
vt 0.37500 0.70000
vt 0.40625 0.70000
vt 0.43750 0.70000
vt 0.46875 0.70000
vt 0.50000 0.70000
vt 0.53125 0.70000
vt 0.56250 0.70000
vt 0.59375 0.70000
vt 0.62500 0.70000
vt 0.65625 0.70000
vt 0.68750 0.70000
vt 0.71875 0.70000
vt 0.75000 0.70000
vt 0.78125 0.70000
vt 0.81250 0.70000
vt 0.84375 0.70000
vt 0.87500 0.70000
vt 0.90625 0.70000
vt 0.93750 0.70000
vt 0.96875 0.70000
vt 1.00000 0.70000
vt 0.00000 0.65000
vt 0.03125 0.65000
vt 0.06250 0.65000
vt 0.09375 0.65000
vt 0.12500 0.65000
vt 0.15625 0.65000
vt 0.18750 0.65000
vt 0.21875 0.65000
vt 0.25000 0.65000
vt 0.28125 0.65000
vt 0.31250 0.65000
vt 0.34375 0.65000
vt 0.37500 0.65000
vt 0.40625 0.65000
vt 0.43750 0.65000
vt 0.46875 0.65000
vt 0.50000 0.65000
vt 0.53125 0.65000
vt 0.56250 0.65000
vt 0.59375 0.65000
vt 0.62500 0.65000
vt 0.65625 0.65000
vt 0.68750 0.65000
vt 0.71875 0.65000
vt 0.75000 0.65000
vt 0.78125 0.65000
vt 0.81250 0.65000
vt 0.84375 0.65000
vt 0.87500 0.65000
vt 0.90625 0.65000
vt 0.93750 0.65000
vt 0.96875 0.65000
vt 1.00000 0.65000
vt 0.00000 0.60000
vt 0.03125 0.60000
vt 0.06250 0.60000
vt 0.09375 0.60000
vt 0.12500 0.60000
vt 0.15625 0.60000
vt 0.18750 0.60000
vt 0.21875 0.60000
vt 0.25000 0.60000
vt 0.28125 0.60000
vt 0.31250 0.60000
vt 0.34375 0.60000
vt 0.37500 0.60000
vt 0.40625 0.60000
vt 0.43750 0.60000
vt 0.46875 0.60000
vt 0.50000 0.60000
vt 0.53125 0.60000
vt 0.56250 0.60000
vt 0.59375 0.60000
vt 0.62500 0.60000
vt 0.65625 0.60000
vt 0.68750 0.60000
vt 0.71875 0.60000
vt 0.75000 0.60000
vt 0.78125 0.60000
vt 0.81250 0.60000
vt 0.84375 0.60000
vt 0.87500 0.60000
vt 0.90625 0.60000
vt 0.93750 0.60000
vt 0.96875 0.60000
vt 1.00000 0.60000
vt 0.00000 0.55000
vt 0.03125 0.55000
vt 0.06250 0.55000
vt 0.09375 0.55000
vt 0.12500 0.55000
vt 0.15625 0.55000
vt 0.18750 0.55000
vt 0.21875 0.55000
vt 0.25000 0.55000
vt 0.28125 0.55000
vt 0.31250 0.55000
vt 0.34375 0.55000
vt 0.37500 0.55000
vt 0.40625 0.55000
vt 0.43750 0.55000
vt 0.46875 0.55000
vt 0.50000 0.55000
vt 0.53125 0.55000
vt 0.56250 0.55000
vt 0.59375 0.55000
vt 0.62500 0.55000
vt 0.65625 0.55000
vt 0.68750 0.55000
vt 0.71875 0.55000
vt 0.75000 0.55000
vt 0.78125 0.55000
vt 0.81250 0.55000
vt 0.84375 0.55000
vt 0.87500 0.55000
vt 0.90625 0.55000
vt 0.93750 0.55000
vt 0.96875 0.55000
vt 1.00000 0.55000
vt 0.00000 0.50000
vt 0.03125 0.50000
vt 0.06250 0.50000
vt 0.09375 0.50000
vt 0.12500 0.50000
vt 0.15625 0.50000
vt 0.18750 0.50000
vt 0.21875 0.50000
vt 0.25000 0.50000
vt 0.28125 0.50000
vt 0.31250 0.50000
vt 0.34375 0.50000
vt 0.37500 0.50000
vt 0.40625 0.50000
vt 0.43750 0.50000
vt 0.46875 0.50000
vt 0.50000 0.50000
vt 0.53125 0.50000
vt 0.56250 0.50000
vt 0.59375 0.50000
vt 0.62500 0.50000
vt 0.65625 0.50000
vt 0.68750 0.50000
vt 0.71875 0.50000
vt 0.75000 0.50000
vt 0.78125 0.50000
vt 0.81250 0.50000
vt 0.84375 0.50000
vt 0.87500 0.50000
vt 0.90625 0.50000
vt 0.93750 0.50000
vt 0.96875 0.50000
vt 1.00000 0.50000
vt 0.00000 0.45000
vt 0.03125 0.45000
vt 0.06250 0.45000
vt 0.09375 0.45000
vt 0.12500 0.45000
vt 0.15625 0.45000
vt 0.18750 0.45000
vt 0.21875 0.45000
vt 0.25000 0.45000
vt 0.28125 0.45000
vt 0.31250 0.45000
vt 0.34375 0.45000
vt 0.37500 0.45000
vt 0.40625 0.45000
vt 0.43750 0.45000
vt 0.46875 0.45000
vt 0.50000 0.45000
vt 0.53125 0.45000
vt 0.56250 0.45000
vt 0.59375 0.45000
vt 0.62500 0.45000
vt 0.65625 0.45000
vt 0.68750 0.45000
vt 0.71875 0.45000
vt 0.75000 0.45000
vt 0.78125 0.45000
vt 0.81250 0.45000
vt 0.84375 0.45000
vt 0.87500 0.45000
vt 0.90625 0.45000
vt 0.93750 0.45000
vt 0.96875 0.45000
vt 1.00000 0.45000
vt 0.00000 0.40000
vt 0.03125 0.40000
vt 0.06250 0.40000
vt 0.09375 0.40000
vt 0.12500 0.40000
vt 0.15625 0.40000
vt 0.18750 0.40000
vt 0.21875 0.40000
vt 0.25000 0.40000
vt 0.28125 0.40000
vt 0.31250 0.40000
vt 0.34375 0.40000
vt 0.37500 0.40000
vt 0.40625 0.40000
vt 0.43750 0.40000
vt 0.46875 0.40000
vt 0.50000 0.40000
vt 0.53125 0.40000
vt 0.56250 0.40000
vt 0.59375 0.40000
vt 0.62500 0.40000
vt 0.65625 0.40000
vt 0.68750 0.40000
vt 0.71875 0.40000
vt 0.75000 0.40000
vt 0.78125 0.40000
vt 0.81250 0.40000
vt 0.84375 0.40000
vt 0.87500 0.40000
vt 0.90625 0.40000
vt 0.93750 0.40000
vt 0.96875 0.40000
vt 1.00000 0.40000
vt 0.00000 0.35000
vt 0.03125 0.35000
vt 0.06250 0.35000
vt 0.09375 0.35000
vt 0.12500 0.35000
vt 0.15625 0.35000
vt 0.18750 0.35000
vt 0.21875 0.35000
vt 0.25000 0.35000
vt 0.28125 0.35000
vt 0.31250 0.35000
vt 0.34375 0.35000
vt 0.37500 0.35000
vt 0.40625 0.35000
vt 0.43750 0.35000
vt 0.46875 0.35000
vt 0.50000 0.35000
vt 0.53125 0.35000
vt 0.56250 0.35000
vt 0.59375 0.35000
vt 0.62500 0.35000
vt 0.65625 0.35000
vt 0.68750 0.35000
vt 0.71875 0.35000
vt 0.75000 0.35000
vt 0.78125 0.35000
vt 0.81250 0.35000
vt 0.84375 0.35000
vt 0.87500 0.35000
vt 0.90625 0.35000
vt 0.93750 0.35000
vt 0.96875 0.35000
vt 1.00000 0.35000
vt 0.00000 0.30000
vt 0.03125 0.30000
vt 0.06250 0.30000
vt 0.09375 0.30000
vt 0.12500 0.30000
vt 0.15625 0.30000
vt 0.18750 0.30000
vt 0.21875 0.30000
vt 0.25000 0.30000
vt 0.28125 0.30000
vt 0.31250 0.30000
vt 0.34375 0.30000
vt 0.37500 0.30000
vt 0.40625 0.30000
vt 0.43750 0.30000
vt 0.46875 0.30000
vt 0.50000 0.30000
vt 0.53125 0.30000
vt 0.56250 0.30000
vt 0.59375 0.30000
vt 0.62500 0.30000
vt 0.65625 0.30000
vt 0.68750 0.30000
vt 0.71875 0.30000
vt 0.75000 0.30000
vt 0.78125 0.30000
vt 0.81250 0.30000
vt 0.84375 0.30000
vt 0.87500 0.30000
vt 0.90625 0.30000
vt 0.93750 0.30000
vt 0.96875 0.30000
vt 1.00000 0.30000
vt 0.00000 0.25000
vt 0.03125 0.25000
vt 0.06250 0.25000
vt 0.09375 0.25000
vt 0.12500 0.25000
vt 0.15625 0.25000
vt 0.18750 0.25000
vt 0.21875 0.25000
vt 0.25000 0.25000
vt 0.28125 0.25000
vt 0.31250 0.25000
vt 0.34375 0.25000
vt 0.37500 0.25000
vt 0.40625 0.25000
vt 0.43750 0.25000
vt 0.46875 0.25000
vt 0.50000 0.25000
vt 0.53125 0.25000
vt 0.56250 0.25000
vt 0.59375 0.25000
vt 0.62500 0.25000
vt 0.65625 0.25000
vt 0.68750 0.25000
vt 0.71875 0.25000
vt 0.75000 0.25000
vt 0.78125 0.25000
vt 0.81250 0.25000
vt 0.84375 0.25000
vt 0.87500 0.25000
vt 0.90625 0.25000
vt 0.93750 0.25000
vt 0.96875 0.25000
vt 1.00000 0.25000
vt 0.00000 0.20000
vt 0.03125 0.20000
vt 0.06250 0.20000
vt 0.09375 0.20000
vt 0.12500 0.20000
vt 0.15625 0.20000
vt 0.18750 0.20000
vt 0.21875 0.20000
vt 0.25000 0.20000
vt 0.28125 0.20000
vt 0.31250 0.20000
vt 0.34375 0.20000
vt 0.37500 0.20000
vt 0.40625 0.20000
vt 0.43750 0.20000
vt 0.46875 0.20000
vt 0.50000 0.20000
vt 0.53125 0.20000
vt 0.56250 0.20000
vt 0.59375 0.20000
vt 0.62500 0.20000
vt 0.65625 0.20000
vt 0.68750 0.20000
vt 0.71875 0.20000
vt 0.75000 0.20000
vt 0.78125 0.20000
vt 0.81250 0.20000
vt 0.84375 0.20000
vt 0.87500 0.20000
vt 0.90625 0.20000
vt 0.93750 0.20000
vt 0.96875 0.20000
vt 1.00000 0.20000
vt 0.00000 0.15000
vt 0.03125 0.15000
vt 0.06250 0.15000
vt 0.09375 0.15000
vt 0.12500 0.15000
vt 0.15625 0.15000
vt 0.18750 0.15000
vt 0.21875 0.15000
vt 0.25000 0.15000
vt 0.28125 0.15000
vt 0.31250 0.15000
vt 0.34375 0.15000
vt 0.37500 0.15000
vt 0.40625 0.15000
vt 0.43750 0.15000
vt 0.46875 0.15000
vt 0.50000 0.15000
vt 0.53125 0.15000
vt 0.56250 0.15000
vt 0.59375 0.15000
vt 0.62500 0.15000
vt 0.65625 0.15000
vt 0.68750 0.15000
vt 0.71875 0.15000
vt 0.75000 0.15000
vt 0.78125 0.15000
vt 0.81250 0.15000
vt 0.84375 0.15000
vt 0.87500 0.15000
vt 0.90625 0.15000
vt 0.93750 0.15000
vt 0.96875 0.15000
vt 1.00000 0.15000
vt 0.00000 0.10000
vt 0.03125 0.10000
vt 0.06250 0.10000
vt 0.09375 0.10000
vt 0.12500 0.10000
vt 0.15625 0.10000
vt 0.18750 0.10000
vt 0.21875 0.10000
vt 0.25000 0.10000
vt 0.28125 0.10000
vt 0.31250 0.10000
vt 0.34375 0.10000
vt 0.37500 0.10000
vt 0.40625 0.10000
vt 0.43750 0.10000
vt 0.46875 0.10000
vt 0.50000 0.10000
vt 0.53125 0.10000
vt 0.56250 0.10000
vt 0.59375 0.10000
vt 0.62500 0.10000
vt 0.65625 0.10000
vt 0.68750 0.10000
vt 0.71875 0.10000
vt 0.75000 0.10000
vt 0.78125 0.10000
vt 0.81250 0.10000
vt 0.84375 0.10000
vt 0.87500 0.10000
vt 0.90625 0.10000
vt 0.93750 0.10000
vt 0.96875 0.10000
vt 1.00000 0.10000
vt 0.00000 0.05000
vt 0.03125 0.05000
vt 0.06250 0.05000
vt 0.09375 0.05000
vt 0.12500 0.05000
vt 0.15625 0.05000
vt 0.18750 0.05000
vt 0.21875 0.05000
vt 0.25000 0.05000
vt 0.28125 0.05000
vt 0.31250 0.05000
vt 0.34375 0.05000
vt 0.37500 0.05000
vt 0.40625 0.05000
vt 0.43750 0.05000
vt 0.46875 0.05000
vt 0.50000 0.05000
vt 0.53125 0.05000
vt 0.56250 0.05000
vt 0.59375 0.05000
vt 0.62500 0.05000
vt 0.65625 0.05000
vt 0.68750 0.05000
vt 0.71875 0.05000
vt 0.75000 0.05000
vt 0.78125 0.05000
vt 0.81250 0.05000
vt 0.84375 0.05000
vt 0.87500 0.05000
vt 0.90625 0.05000
vt 0.93750 0.05000
vt 0.96875 0.05000
vt 1.00000 0.05000
vt -0.01563 0.00000
vt 0.01563 0.00000
vt 0.04688 0.00000
vt 0.07813 0.00000
vt 0.10938 0.00000
vt 0.14063 0.00000
vt 0.17188 0.00000
vt 0.20313 0.00000
vt 0.23438 0.00000
vt 0.26563 0.00000
vt 0.29688 0.00000
vt 0.32813 0.00000
vt 0.35938 0.00000
vt 0.39063 0.00000
vt 0.42188 0.00000
vt 0.45313 0.00000
vt 0.48438 0.00000
vt 0.51563 0.00000
vt 0.54688 0.00000
vt 0.57813 0.00000
vt 0.60938 0.00000
vt 0.64063 0.00000
vt 0.67188 0.00000
vt 0.70313 0.00000
vt 0.73438 0.00000
vt 0.76563 0.00000
vt 0.79688 0.00000
vt 0.82813 0.00000
vt 0.85938 0.00000
vt 0.89063 0.00000
vt 0.92188 0.00000
vt 0.95313 0.00000
vt 0.98438 0.00000
f 694/694 727/727 728/728
f 695/695 728/728 729/729
f 696/696 729/729 730/730
f 697/697 730/730 731/731
f 698/698 731/731 732/732
f 699/699 732/732 733/733
f 700/700 733/733 734/734
f 701/701 734/734 735/735
f 702/702 735/735 736/736
f 703/703 736/736 737/737
f 704/704 737/737 738/738
f 705/705 738/738 739/739
f 706/706 739/739 740/740
f 707/707 740/740 741/741
f 708/708 741/741 742/742
f 709/709 742/742 743/743
f 710/710 743/743 744/744
f 711/711 744/744 745/745
f 712/712 745/745 746/746
f 713/713 746/746 747/747
f 714/714 747/747 748/748
f 715/715 748/748 749/749
f 716/716 749/749 750/750
f 717/717 750/750 751/751
f 718/718 751/751 752/752
f 719/719 752/752 753/753
f 720/720 753/753 754/754
f 721/721 754/754 755/755
f 722/722 755/755 756/756
f 723/723 756/756 757/757
f 724/724 757/757 758/758
f 725/725 758/758 759/759
f 728/728 727/727 761/761
f 727/727 760/760 761/761
f 729/729 728/728 762/762
f 728/728 761/761 762/762
f 730/730 729/729 763/763
f 729/729 762/762 763/763
f 731/731 730/730 764/764
f 730/730 763/763 764/764
f 732/732 731/731 765/765
f 731/731 764/764 765/765
f 733/733 732/732 766/766
f 732/732 765/765 766/766
f 734/734 733/733 767/767
f 733/733 766/766 767/767
f 735/735 734/734 768/768
f 734/734 767/767 768/768
f 736/736 735/735 769/769
f 735/735 768/768 769/769
f 737/737 736/736 770/770
f 736/736 769/769 770/770
f 738/738 737/737 771/771
f 737/737 770/770 771/771
f 739/739 738/738 772/772
f 738/738 771/771 772/772
f 740/740 739/739 773/773
f 739/739 772/772 773/773
f 741/741 740/740 774/774
f 740/740 773/773 774/774
f 742/742 741/741 775/775
f 741/741 774/774 775/775
f 743/743 742/742 776/776
f 742/742 775/775 776/776
f 744/744 743/743 777/777
f 743/743 776/776 777/777
f 745/745 744/744 778/778
f 744/744 777/777 778/778
f 746/746 745/745 779/779
f 745/745 778/778 779/779
f 747/747 746/746 780/780
f 746/746 779/779 780/780
f 748/748 747/747 781/781
f 747/747 780/780 781/781
f 749/749 748/748 782/782
f 748/748 781/781 782/782
f 750/750 749/749 783/783
f 749/749 782/782 783/783
f 751/751 750/750 784/784
f 750/750 783/783 784/784
f 752/752 751/751 785/785
f 751/751 784/784 785/785
f 753/753 752/752 786/786
f 752/752 785/785 786/786
f 754/754 753/753 787/787
f 753/753 786/786 787/787
f 755/755 754/754 788/788
f 754/754 787/787 788/788
f 756/756 755/755 789/789
f 755/755 788/788 789/789
f 757/757 756/756 790/790
f 756/756 789/789 790/790
f 758/758 757/757 791/791
f 757/757 790/790 791/791
f 759/759 758/758 792/792
f 758/758 791/791 792/792
f 761/761 760/760 794/794
f 760/760 793/793 794/794
f 762/762 761/761 795/795
f 761/761 794/794 795/795
f 763/763 762/762 796/796
f 762/762 795/795 796/796
f 764/764 763/763 797/797
f 763/763 796/796 797/797
f 765/765 764/764 798/798
f 764/764 797/797 798/798
f 766/766 765/765 799/799
f 765/765 798/798 799/799
f 767/767 766/766 800/800
f 766/766 799/799 800/800
f 768/768 767/767 801/801
f 767/767 800/800 801/801
f 769/769 768/768 802/802
f 768/768 801/801 802/802
f 770/770 769/769 803/803
f 769/769 802/802 803/803
f 771/771 770/770 804/804
f 770/770 803/803 804/804
f 772/772 771/771 805/805
f 771/771 804/804 805/805
f 773/773 772/772 806/806
f 772/772 805/805 806/806
f 774/774 773/773 807/807
f 773/773 806/806 807/807
f 775/775 774/774 808/808
f 774/774 807/807 808/808
f 776/776 775/775 809/809
f 775/775 808/808 809/809
f 777/777 776/776 810/810
f 776/776 809/809 810/810
f 778/778 777/777 811/811
f 777/777 810/810 811/811
f 779/779 778/778 812/812
f 778/778 811/811 812/812
f 780/780 779/779 813/813
f 779/779 812/812 813/813
f 781/781 780/780 814/814
f 780/780 813/813 814/814
f 782/782 781/781 815/815
f 781/781 814/814 815/815
f 783/783 782/782 816/816
f 782/782 815/815 816/816
f 784/784 783/783 817/817
f 783/783 816/816 817/817
f 785/785 784/784 818/818
f 784/784 817/817 818/818
f 786/786 785/785 819/819
f 785/785 818/818 819/819
f 787/787 786/786 820/820
f 786/786 819/819 820/820
f 788/788 787/787 821/821
f 787/787 820/820 821/821
f 789/789 788/788 822/822
f 788/788 821/821 822/822
f 790/790 789/789 823/823
f 789/789 822/822 823/823
f 791/791 790/790 824/824
f 790/790 823/823 824/824
f 792/792 791/791 825/825
f 791/791 824/824 825/825
f 794/794 793/793 827/827
f 793/793 826/826 827/827
f 795/795 794/794 828/828
f 794/794 827/827 828/828
f 796/796 795/795 829/829
f 795/795 828/828 829/829
f 797/797 796/796 830/830
f 796/796 829/829 830/830
f 798/798 797/797 831/831
f 797/797 830/830 831/831
f 799/799 798/798 832/832
f 798/798 831/831 832/832
f 800/800 799/799 833/833
f 799/799 832/832 833/833
f 801/801 800/800 834/834
f 800/800 833/833 834/834
f 802/802 801/801 835/835
f 801/801 834/834 835/835
f 803/803 802/802 836/836
f 802/802 835/835 836/836
f 804/804 803/803 837/837
f 803/803 836/836 837/837
f 805/805 804/804 838/838
f 804/804 837/837 838/838
f 806/806 805/805 839/839
f 805/805 838/838 839/839
f 807/807 806/806 840/840
f 806/806 839/839 840/840
f 808/808 807/807 841/841
f 807/807 840/840 841/841
f 809/809 808/808 842/842
f 808/808 841/841 842/842
f 810/810 809/809 843/843
f 809/809 842/842 843/843
f 811/811 810/810 844/844
f 810/810 843/843 844/844
f 812/812 811/811 845/845
f 811/811 844/844 845/845
f 813/813 812/812 846/846
f 812/812 845/845 846/846
f 814/814 813/813 847/847
f 813/813 846/846 847/847
f 815/815 814/814 848/848
f 814/814 847/847 848/848
f 816/816 815/815 849/849
f 815/815 848/848 849/849
f 817/817 816/816 850/850
f 816/816 849/849 850/850
f 818/818 817/817 851/851
f 817/817 850/850 851/851
f 819/819 818/818 852/852
f 818/818 851/851 852/852
f 820/820 819/819 853/853
f 819/819 852/852 853/853
f 821/821 820/820 854/854
f 820/820 853/853 854/854
f 822/822 821/821 855/855
f 821/821 854/854 855/855
f 823/823 822/822 856/856
f 822/822 855/855 856/856
f 824/824 823/823 857/857
f 823/823 856/856 857/857
f 825/825 824/824 858/858
f 824/824 857/857 858/858
f 827/827 826/826 860/860
f 826/826 859/859 860/860
f 828/828 827/827 861/861
f 827/827 860/860 861/861
f 829/829 828/828 862/862
f 828/828 861/861 862/862
f 830/830 829/829 863/863
f 829/829 862/862 863/863
f 831/831 830/830 864/864
f 830/830 863/863 864/864
f 832/832 831/831 865/865
f 831/831 864/864 865/865
f 833/833 832/832 866/866
f 832/832 865/865 866/866
f 834/834 833/833 867/867
f 833/833 866/866 867/867
f 835/835 834/834 868/868
f 834/834 867/867 868/868
f 836/836 835/835 869/869
f 835/835 868/868 869/869
f 837/837 836/836 870/870
f 836/836 869/869 870/870
f 838/838 837/837 871/871
f 837/837 870/870 871/871
f 839/839 838/838 872/872
f 838/838 871/871 872/872
f 840/840 839/839 873/873
f 839/839 872/872 873/873
f 841/841 840/840 874/874
f 840/840 873/873 874/874
f 842/842 841/841 875/875
f 841/841 874/874 875/875
f 843/843 842/842 876/876
f 842/842 875/875 876/876
f 844/844 843/843 877/877
f 843/843 876/876 877/877
f 845/845 844/844 878/878
f 844/844 877/877 878/878
f 846/846 845/845 879/879
f 845/845 878/878 879/879
f 847/847 846/846 880/880
f 846/846 879/879 880/880
f 848/848 847/847 881/881
f 847/847 880/880 881/881
f 849/849 848/848 882/882
f 848/848 881/881 882/882
f 850/850 849/849 883/883
f 849/849 882/882 883/883
f 851/851 850/850 884/884
f 850/850 883/883 884/884
f 852/852 851/851 885/885
f 851/851 884/884 885/885
f 853/853 852/852 886/886
f 852/852 885/885 886/886
f 854/854 853/853 887/887
f 853/853 886/886 887/887
f 855/855 854/854 888/888
f 854/854 887/887 888/888
f 856/856 855/855 889/889
f 855/855 888/888 889/889
f 857/857 856/856 890/890
f 856/856 889/889 890/890
f 858/858 857/857 891/891
f 857/857 890/890 891/891
f 860/860 859/859 893/893
f 859/859 892/892 893/893
f 861/861 860/860 894/894
f 860/860 893/893 894/894
f 862/862 861/861 895/895
f 861/861 894/894 895/895
f 863/863 862/862 896/896
f 862/862 895/895 896/896
f 864/864 863/863 897/897
f 863/863 896/896 897/897
f 865/865 864/864 898/898
f 864/864 897/897 898/898
f 866/866 865/865 899/899
f 865/865 898/898 899/899
f 867/867 866/866 900/900
f 866/866 899/899 900/900
f 868/868 867/867 901/901
f 867/867 900/900 901/901
f 869/869 868/868 902/902
f 868/868 901/901 902/902
f 870/870 869/869 903/903
f 869/869 902/902 903/903
f 871/871 870/870 904/904
f 870/870 903/903 904/904
f 872/872 871/871 905/905
f 871/871 904/904 905/905
f 873/873 872/872 906/906
f 872/872 905/905 906/906
f 874/874 873/873 907/907
f 873/873 906/906 907/907
f 875/875 874/874 908/908
f 874/874 907/907 908/908
f 876/876 875/875 909/909
f 875/875 908/908 909/909
f 877/877 876/876 910/910
f 876/876 909/909 910/910
f 878/878 877/877 911/911
f 877/877 910/910 911/911
f 879/879 878/878 912/912
f 878/878 911/911 912/912
f 880/880 879/879 913/913
f 879/879 912/912 913/913
f 881/881 880/880 914/914
f 880/880 913/913 914/914
f 882/882 881/881 915/915
f 881/881 914/914 915/915
f 883/883 882/882 916/916
f 882/882 915/915 916/916
f 884/884 883/883 917/917
f 883/883 916/916 917/917
f 885/885 884/884 918/918
f 884/884 917/917 918/918
f 886/886 885/885 919/919
f 885/885 918/918 919/919
f 887/887 886/886 920/920
f 886/886 919/919 920/920
f 888/888 887/887 921/921
f 887/887 920/920 921/921
f 889/889 888/888 922/922
f 888/888 921/921 922/922
f 890/890 889/889 923/923
f 889/889 922/922 923/923
f 891/891 890/890 924/924
f 890/890 923/923 924/924
f 893/893 892/892 926/926
f 892/892 925/925 926/926
f 894/894 893/893 927/927
f 893/893 926/926 927/927
f 895/895 894/894 928/928
f 894/894 927/927 928/928
f 896/896 895/895 929/929
f 895/895 928/928 929/929
f 897/897 896/896 930/930
f 896/896 929/929 930/930
f 898/898 897/897 931/931
f 897/897 930/930 931/931
f 899/899 898/898 932/932
f 898/898 931/931 932/932
f 900/900 899/899 933/933
f 899/899 932/932 933/933
f 901/901 900/900 934/934
f 900/900 933/933 934/934
f 902/902 901/901 935/935
f 901/901 934/934 935/935
f 903/903 902/902 936/936
f 902/902 935/935 936/936
f 904/904 903/903 937/937
f 903/903 936/936 937/937
f 905/905 904/904 938/938
f 904/904 937/937 938/938
f 906/906 905/905 939/939
f 905/905 938/938 939/939
f 907/907 906/906 940/940
f 906/906 939/939 940/940
f 908/908 907/907 941/941
f 907/907 940/940 941/941
f 909/909 908/908 942/942
f 908/908 941/941 942/942
f 910/910 909/909 943/943
f 909/909 942/942 943/943
f 911/911 910/910 944/944
f 910/910 943/943 944/944
f 912/912 911/911 945/945
f 911/911 944/944 945/945
f 913/913 912/912 946/946
f 912/912 945/945 946/946
f 914/914 913/913 947/947
f 913/913 946/946 947/947
f 915/915 914/914 948/948
f 914/914 947/947 948/948
f 916/916 915/915 949/949
f 915/915 948/948 949/949
f 917/917 916/916 950/950
f 916/916 949/949 950/950
f 918/918 917/917 951/951
f 917/917 950/950 951/951
f 919/919 918/918 952/952
f 918/918 951/951 952/952
f 920/920 919/919 953/953
f 919/919 952/952 953/953
f 921/921 920/920 954/954
f 920/920 953/953 954/954
f 922/922 921/921 955/955
f 921/921 954/954 955/955
f 923/923 922/922 956/956
f 922/922 955/955 956/956
f 924/924 923/923 957/957
f 923/923 956/956 957/957
f 926/926 925/925 959/959
f 925/925 958/958 959/959
f 927/927 926/926 960/960
f 926/926 959/959 960/960
f 928/928 927/927 961/961
f 927/927 960/960 961/961
f 929/929 928/928 962/962
f 928/928 961/961 962/962
f 930/930 929/929 963/963
f 929/929 962/962 963/963
f 931/931 930/930 964/964
f 930/930 963/963 964/964
f 932/932 931/931 965/965
f 931/931 964/964 965/965
f 933/933 932/932 966/966
f 932/932 965/965 966/966
f 934/934 933/933 967/967
f 933/933 966/966 967/967
f 935/935 934/934 968/968
f 934/934 967/967 968/968
f 936/936 935/935 969/969
f 935/935 968/968 969/969
f 937/937 936/936 970/970
f 936/936 969/969 970/970
f 938/938 937/937 971/971
f 937/937 970/970 971/971
f 939/939 938/938 972/972
f 938/938 971/971 972/972
f 940/940 939/939 973/973
f 939/939 972/972 973/973
f 941/941 940/940 974/974
f 940/940 973/973 974/974
f 942/942 941/941 975/975
f 941/941 974/974 975/975
f 943/943 942/942 976/976
f 942/942 975/975 976/976
f 944/944 943/943 977/977
f 943/943 976/976 977/977
f 945/945 944/944 978/978
f 944/944 977/977 978/978
f 946/946 945/945 979/979
f 945/945 978/978 979/979
f 947/947 946/946 980/980
f 946/946 979/979 980/980
f 948/948 947/947 981/981
f 947/947 980/980 981/981
f 949/949 948/948 982/982
f 948/948 981/981 982/982
f 950/950 949/949 983/983
f 949/949 982/982 983/983
f 951/951 950/950 984/984
f 950/950 983/983 984/984
f 952/952 951/951 985/985
f 951/951 984/984 985/985
f 953/953 952/952 986/986
f 952/952 985/985 986/986
f 954/954 953/953 987/987
f 953/953 986/986 987/987
f 955/955 954/954 988/988
f 954/954 987/987 988/988
f 956/956 955/955 989/989
f 955/955 988/988 989/989
f 957/957 956/956 990/990
f 956/956 989/989 990/990
f 959/959 958/958 992/992
f 958/958 991/991 992/992
f 960/960 959/959 993/993
f 959/959 992/992 993/993
f 961/961 960/960 994/994
f 960/960 993/993 994/994
f 962/962 961/961 995/995
f 961/961 994/994 995/995
f 963/963 962/962 996/996
f 962/962 995/995 996/996
f 964/964 963/963 997/997
f 963/963 996/996 997/997
f 965/965 964/964 998/998
f 964/964 997/997 998/998
f 966/966 965/965 999/999
f 965/965 998/998 999/999
f 967/967 966/966 1000/1000
f 966/966 999/999 1000/1000
f 968/968 967/967 1001/1001
f 967/967 1000/1000 1001/1001
f 969/969 968/968 1002/1002
f 968/968 1001/1001 1002/1002
f 970/970 969/969 1003/1003
f 969/969 1002/1002 1003/1003
f 971/971 970/970 1004/1004
f 970/970 1003/1003 1004/1004
f 972/972 971/971 1005/1005
f 971/971 1004/1004 1005/1005
f 973/973 972/972 1006/1006
f 972/972 1005/1005 1006/1006
f 974/974 973/973 1007/1007
f 973/973 1006/1006 1007/1007
f 975/975 974/974 1008/1008
f 974/974 1007/1007 1008/1008
f 976/976 975/975 1009/1009
f 975/975 1008/1008 1009/1009
f 977/977 976/976 1010/1010
f 976/976 1009/1009 1010/1010
f 978/978 977/977 1011/1011
f 977/977 1010/1010 1011/1011
f 979/979 978/978 1012/1012
f 978/978 1011/1011 1012/1012
f 980/980 979/979 1013/1013
f 979/979 1012/1012 1013/1013
f 981/981 980/980 1014/1014
f 980/980 1013/1013 1014/1014
f 982/982 981/981 1015/1015
f 981/981 1014/1014 1015/1015
f 983/983 982/982 1016/1016
f 982/982 1015/1015 1016/1016
f 984/984 983/983 1017/1017
f 983/983 1016/1016 1017/1017
f 985/985 984/984 1018/1018
f 984/984 1017/1017 1018/1018
f 986/986 985/985 1019/1019
f 985/985 1018/1018 1019/1019
f 987/987 986/986 1020/1020
f 986/986 1019/1019 1020/1020
f 988/988 987/987 1021/1021
f 987/987 1020/1020 1021/1021
f 989/989 988/988 1022/1022
f 988/988 1021/1021 1022/1022
f 990/990 989/989 1023/1023
f 989/989 1022/1022 1023/1023
f 992/992 991/991 1025/1025
f 991/991 1024/1024 1025/1025
f 993/993 992/992 1026/1026
f 992/992 1025/1025 1026/1026
f 994/994 993/993 1027/1027
f 993/993 1026/1026 1027/1027
f 995/995 994/994 1028/1028
f 994/994 1027/1027 1028/1028
f 996/996 995/995 1029/1029
f 995/995 1028/1028 1029/1029
f 997/997 996/996 1030/1030
f 996/996 1029/1029 1030/1030
f 998/998 997/997 1031/1031
f 997/997 1030/1030 1031/1031
f 999/999 998/998 1032/1032
f 998/998 1031/1031 1032/1032
f 1000/1000 999/999 1033/1033
f 999/999 1032/1032 1033/1033
f 1001/1001 1000/1000 1034/1034
f 1000/1000 1033/1033 1034/1034
f 1002/1002 1001/1001 1035/1035
f 1001/1001 1034/1034 1035/1035
f 1003/1003 1002/1002 1036/1036
f 1002/1002 1035/1035 1036/1036
f 1004/1004 1003/1003 1037/1037
f 1003/1003 1036/1036 1037/1037
f 1005/1005 1004/1004 1038/1038
f 1004/1004 1037/1037 1038/1038
f 1006/1006 1005/1005 1039/1039
f 1005/1005 1038/1038 1039/1039
f 1007/1007 1006/1006 1040/1040
f 1006/1006 1039/1039 1040/1040
f 1008/1008 1007/1007 1041/1041
f 1007/1007 1040/1040 1041/1041
f 1009/1009 1008/1008 1042/1042
f 1008/1008 1041/1041 1042/1042
f 1010/1010 1009/1009 1043/1043
f 1009/1009 1042/1042 1043/1043
f 1011/1011 1010/1010 1044/1044
f 1010/1010 1043/1043 1044/1044
f 1012/1012 1011/1011 1045/1045
f 1011/1011 1044/1044 1045/1045
f 1013/1013 1012/1012 1046/1046
f 1012/1012 1045/1045 1046/1046
f 1014/1014 1013/1013 1047/1047
f 1013/1013 1046/1046 1047/1047
f 1015/1015 1014/1014 1048/1048
f 1014/1014 1047/1047 1048/1048
f 1016/1016 1015/1015 1049/1049
f 1015/1015 1048/1048 1049/1049
f 1017/1017 1016/1016 1050/1050
f 1016/1016 1049/1049 1050/1050
f 1018/1018 1017/1017 1051/1051
f 1017/1017 1050/1050 1051/1051
f 1019/1019 1018/1018 1052/1052
f 1018/1018 1051/1051 1052/1052
f 1020/1020 1019/1019 1053/1053
f 1019/1019 1052/1052 1053/1053
f 1021/1021 1020/1020 1054/1054
f 1020/1020 1053/1053 1054/1054
f 1022/1022 1021/1021 1055/1055
f 1021/1021 1054/1054 1055/1055
f 1023/1023 1022/1022 1056/1056
f 1022/1022 1055/1055 1056/1056
f 1025/1025 1024/1024 1058/1058
f 1024/1024 1057/1057 1058/1058
f 1026/1026 1025/1025 1059/1059
f 1025/1025 1058/1058 1059/1059
f 1027/1027 1026/1026 1060/1060
f 1026/1026 1059/1059 1060/1060
f 1028/1028 1027/1027 1061/1061
f 1027/1027 1060/1060 1061/1061
f 1029/1029 1028/1028 1062/1062
f 1028/1028 1061/1061 1062/1062
f 1030/1030 1029/1029 1063/1063
f 1029/1029 1062/1062 1063/1063
f 1031/1031 1030/1030 1064/1064
f 1030/1030 1063/1063 1064/1064
f 1032/1032 1031/1031 1065/1065
f 1031/1031 1064/1064 1065/1065
f 1033/1033 1032/1032 1066/1066
f 1032/1032 1065/1065 1066/1066
f 1034/1034 1033/1033 1067/1067
f 1033/1033 1066/1066 1067/1067
f 1035/1035 1034/1034 1068/1068
f 1034/1034 1067/1067 1068/1068
f 1036/1036 1035/1035 1069/1069
f 1035/1035 1068/1068 1069/1069
f 1037/1037 1036/1036 1070/1070
f 1036/1036 1069/1069 1070/1070
f 1038/1038 1037/1037 1071/1071
f 1037/1037 1070/1070 1071/1071
f 1039/1039 1038/1038 1072/1072
f 1038/1038 1071/1071 1072/1072
f 1040/1040 1039/1039 1073/1073
f 1039/1039 1072/1072 1073/1073
f 1041/1041 1040/1040 1074/1074
f 1040/1040 1073/1073 1074/1074
f 1042/1042 1041/1041 1075/1075
f 1041/1041 1074/1074 1075/1075
f 1043/1043 1042/1042 1076/1076
f 1042/1042 1075/1075 1076/1076
f 1044/1044 1043/1043 1077/1077
f 1043/1043 1076/1076 1077/1077
f 1045/1045 1044/1044 1078/1078
f 1044/1044 1077/1077 1078/1078
f 1046/1046 1045/1045 1079/1079
f 1045/1045 1078/1078 1079/1079
f 1047/1047 1046/1046 1080/1080
f 1046/1046 1079/1079 1080/1080
f 1048/1048 1047/1047 1081/1081
f 1047/1047 1080/1080 1081/1081
f 1049/1049 1048/1048 1082/1082
f 1048/1048 1081/1081 1082/1082
f 1050/1050 1049/1049 1083/1083
f 1049/1049 1082/1082 1083/1083
f 1051/1051 1050/1050 1084/1084
f 1050/1050 1083/1083 1084/1084
f 1052/1052 1051/1051 1085/1085
f 1051/1051 1084/1084 1085/1085
f 1053/1053 1052/1052 1086/1086
f 1052/1052 1085/1085 1086/1086
f 1054/1054 1053/1053 1087/1087
f 1053/1053 1086/1086 1087/1087
f 1055/1055 1054/1054 1088/1088
f 1054/1054 1087/1087 1088/1088
f 1056/1056 1055/1055 1089/1089
f 1055/1055 1088/1088 1089/1089
f 1058/1058 1057/1057 1091/1091
f 1057/1057 1090/1090 1091/1091
f 1059/1059 1058/1058 1092/1092
f 1058/1058 1091/1091 1092/1092
f 1060/1060 1059/1059 1093/1093
f 1059/1059 1092/1092 1093/1093
f 1061/1061 1060/1060 1094/1094
f 1060/1060 1093/1093 1094/1094
f 1062/1062 1061/1061 1095/1095
f 1061/1061 1094/1094 1095/1095
f 1063/1063 1062/1062 1096/1096
f 1062/1062 1095/1095 1096/1096
f 1064/1064 1063/1063 1097/1097
f 1063/1063 1096/1096 1097/1097
f 1065/1065 1064/1064 1098/1098
f 1064/1064 1097/1097 1098/1098
f 1066/1066 1065/1065 1099/1099
f 1065/1065 1098/1098 1099/1099
f 1067/1067 1066/1066 1100/1100
f 1066/1066 1099/1099 1100/1100
f 1068/1068 1067/1067 1101/1101
f 1067/1067 1100/1100 1101/1101
f 1069/1069 1068/1068 1102/1102
f 1068/1068 1101/1101 1102/1102
f 1070/1070 1069/1069 1103/1103
f 1069/1069 1102/1102 1103/1103
f 1071/1071 1070/1070 1104/1104
f 1070/1070 1103/1103 1104/1104
f 1072/1072 1071/1071 1105/1105
f 1071/1071 1104/1104 1105/1105
f 1073/1073 1072/1072 1106/1106
f 1072/1072 1105/1105 1106/1106
f 1074/1074 1073/1073 1107/1107
f 1073/1073 1106/1106 1107/1107
f 1075/1075 1074/1074 1108/1108
f 1074/1074 1107/1107 1108/1108
f 1076/1076 1075/1075 1109/1109
f 1075/1075 1108/1108 1109/1109
f 1077/1077 1076/1076 1110/1110
f 1076/1076 1109/1109 1110/1110
f 1078/1078 1077/1077 1111/1111
f 1077/1077 1110/1110 1111/1111
f 1079/1079 1078/1078 1112/1112
f 1078/1078 1111/1111 1112/1112
f 1080/1080 1079/1079 1113/1113
f 1079/1079 1112/1112 1113/1113
f 1081/1081 1080/1080 1114/1114
f 1080/1080 1113/1113 1114/1114
f 1082/1082 1081/1081 1115/1115
f 1081/1081 1114/1114 1115/1115
f 1083/1083 1082/1082 1116/1116
f 1082/1082 1115/1115 1116/1116
f 1084/1084 1083/1083 1117/1117
f 1083/1083 1116/1116 1117/1117
f 1085/1085 1084/1084 1118/1118
f 1084/1084 1117/1117 1118/1118
f 1086/1086 1085/1085 1119/1119
f 1085/1085 1118/1118 1119/1119
f 1087/1087 1086/1086 1120/1120
f 1086/1086 1119/1119 1120/1120
f 1088/1088 1087/1087 1121/1121
f 1087/1087 1120/1120 1121/1121
f 1089/1089 1088/1088 1122/1122
f 1088/1088 1121/1121 1122/1122
f 1091/1091 1090/1090 1124/1124
f 1090/1090 1123/1123 1124/1124
f 1092/1092 1091/1091 1125/1125
f 1091/1091 1124/1124 1125/1125
f 1093/1093 1092/1092 1126/1126
f 1092/1092 1125/1125 1126/1126
f 1094/1094 1093/1093 1127/1127
f 1093/1093 1126/1126 1127/1127
f 1095/1095 1094/1094 1128/1128
f 1094/1094 1127/1127 1128/1128
f 1096/1096 1095/1095 1129/1129
f 1095/1095 1128/1128 1129/1129
f 1097/1097 1096/1096 1130/1130
f 1096/1096 1129/1129 1130/1130
f 1098/1098 1097/1097 1131/1131
f 1097/1097 1130/1130 1131/1131
f 1099/1099 1098/1098 1132/1132
f 1098/1098 1131/1131 1132/1132
f 1100/1100 1099/1099 1133/1133
f 1099/1099 1132/1132 1133/1133
f 1101/1101 1100/1100 1134/1134
f 1100/1100 1133/1133 1134/1134
f 1102/1102 1101/1101 1135/1135
f 1101/1101 1134/1134 1135/1135
f 1103/1103 1102/1102 1136/1136
f 1102/1102 1135/1135 1136/1136
f 1104/1104 1103/1103 1137/1137
f 1103/1103 1136/1136 1137/1137
f 1105/1105 1104/1104 1138/1138
f 1104/1104 1137/1137 1138/1138
f 1106/1106 1105/1105 1139/1139
f 1105/1105 1138/1138 1139/1139
f 1107/1107 1106/1106 1140/1140
f 1106/1106 1139/1139 1140/1140
f 1108/1108 1107/1107 1141/1141
f 1107/1107 1140/1140 1141/1141
f 1109/1109 1108/1108 1142/1142
f 1108/1108 1141/1141 1142/1142
f 1110/1110 1109/1109 1143/1143
f 1109/1109 1142/1142 1143/1143
f 1111/1111 1110/1110 1144/1144
f 1110/1110 1143/1143 1144/1144
f 1112/1112 1111/1111 1145/1145
f 1111/1111 1144/1144 1145/1145
f 1113/1113 1112/1112 1146/1146
f 1112/1112 1145/1145 1146/1146
f 1114/1114 1113/1113 1147/1147
f 1113/1113 1146/1146 1147/1147
f 1115/1115 1114/1114 1148/1148
f 1114/1114 1147/1147 1148/1148
f 1116/1116 1115/1115 1149/1149
f 1115/1115 1148/1148 1149/1149
f 1117/1117 1116/1116 1150/1150
f 1116/1116 1149/1149 1150/1150
f 1118/1118 1117/1117 1151/1151
f 1117/1117 1150/1150 1151/1151
f 1119/1119 1118/1118 1152/1152
f 1118/1118 1151/1151 1152/1152
f 1120/1120 1119/1119 1153/1153
f 1119/1119 1152/1152 1153/1153
f 1121/1121 1120/1120 1154/1154
f 1120/1120 1153/1153 1154/1154
f 1122/1122 1121/1121 1155/1155
f 1121/1121 1154/1154 1155/1155
f 1124/1124 1123/1123 1157/1157
f 1123/1123 1156/1156 1157/1157
f 1125/1125 1124/1124 1158/1158
f 1124/1124 1157/1157 1158/1158
f 1126/1126 1125/1125 1159/1159
f 1125/1125 1158/1158 1159/1159
f 1127/1127 1126/1126 1160/1160
f 1126/1126 1159/1159 1160/1160
f 1128/1128 1127/1127 1161/1161
f 1127/1127 1160/1160 1161/1161
f 1129/1129 1128/1128 1162/1162
f 1128/1128 1161/1161 1162/1162
f 1130/1130 1129/1129 1163/1163
f 1129/1129 1162/1162 1163/1163
f 1131/1131 1130/1130 1164/1164
f 1130/1130 1163/1163 1164/1164
f 1132/1132 1131/1131 1165/1165
f 1131/1131 1164/1164 1165/1165
f 1133/1133 1132/1132 1166/1166
f 1132/1132 1165/1165 1166/1166
f 1134/1134 1133/1133 1167/1167
f 1133/1133 1166/1166 1167/1167
f 1135/1135 1134/1134 1168/1168
f 1134/1134 1167/1167 1168/1168
f 1136/1136 1135/1135 1169/1169
f 1135/1135 1168/1168 1169/1169
f 1137/1137 1136/1136 1170/1170
f 1136/1136 1169/1169 1170/1170
f 1138/1138 1137/1137 1171/1171
f 1137/1137 1170/1170 1171/1171
f 1139/1139 1138/1138 1172/1172
f 1138/1138 1171/1171 1172/1172
f 1140/1140 1139/1139 1173/1173
f 1139/1139 1172/1172 1173/1173
f 1141/1141 1140/1140 1174/1174
f 1140/1140 1173/1173 1174/1174
f 1142/1142 1141/1141 1175/1175
f 1141/1141 1174/1174 1175/1175
f 1143/1143 1142/1142 1176/1176
f 1142/1142 1175/1175 1176/1176
f 1144/1144 1143/1143 1177/1177
f 1143/1143 1176/1176 1177/1177
f 1145/1145 1144/1144 1178/1178
f 1144/1144 1177/1177 1178/1178
f 1146/1146 1145/1145 1179/1179
f 1145/1145 1178/1178 1179/1179
f 1147/1147 1146/1146 1180/1180
f 1146/1146 1179/1179 1180/1180
f 1148/1148 1147/1147 1181/1181
f 1147/1147 1180/1180 1181/1181
f 1149/1149 1148/1148 1182/1182
f 1148/1148 1181/1181 1182/1182
f 1150/1150 1149/1149 1183/1183
f 1149/1149 1182/1182 1183/1183
f 1151/1151 1150/1150 1184/1184
f 1150/1150 1183/1183 1184/1184
f 1152/1152 1151/1151 1185/1185
f 1151/1151 1184/1184 1185/1185
f 1153/1153 1152/1152 1186/1186
f 1152/1152 1185/1185 1186/1186
f 1154/1154 1153/1153 1187/1187
f 1153/1153 1186/1186 1187/1187
f 1155/1155 1154/1154 1188/1188
f 1154/1154 1187/1187 1188/1188
f 1157/1157 1156/1156 1190/1190
f 1156/1156 1189/1189 1190/1190
f 1158/1158 1157/1157 1191/1191
f 1157/1157 1190/1190 1191/1191
f 1159/1159 1158/1158 1192/1192
f 1158/1158 1191/1191 1192/1192
f 1160/1160 1159/1159 1193/1193
f 1159/1159 1192/1192 1193/1193
f 1161/1161 1160/1160 1194/1194
f 1160/1160 1193/1193 1194/1194
f 1162/1162 1161/1161 1195/1195
f 1161/1161 1194/1194 1195/1195
f 1163/1163 1162/1162 1196/1196
f 1162/1162 1195/1195 1196/1196
f 1164/1164 1163/1163 1197/1197
f 1163/1163 1196/1196 1197/1197
f 1165/1165 1164/1164 1198/1198
f 1164/1164 1197/1197 1198/1198
f 1166/1166 1165/1165 1199/1199
f 1165/1165 1198/1198 1199/1199
f 1167/1167 1166/1166 1200/1200
f 1166/1166 1199/1199 1200/1200
f 1168/1168 1167/1167 1201/1201
f 1167/1167 1200/1200 1201/1201
f 1169/1169 1168/1168 1202/1202
f 1168/1168 1201/1201 1202/1202
f 1170/1170 1169/1169 1203/1203
f 1169/1169 1202/1202 1203/1203
f 1171/1171 1170/1170 1204/1204
f 1170/1170 1203/1203 1204/1204
f 1172/1172 1171/1171 1205/1205
f 1171/1171 1204/1204 1205/1205
f 1173/1173 1172/1172 1206/1206
f 1172/1172 1205/1205 1206/1206
f 1174/1174 1173/1173 1207/1207
f 1173/1173 1206/1206 1207/1207
f 1175/1175 1174/1174 1208/1208
f 1174/1174 1207/1207 1208/1208
f 1176/1176 1175/1175 1209/1209
f 1175/1175 1208/1208 1209/1209
f 1177/1177 1176/1176 1210/1210
f 1176/1176 1209/1209 1210/1210
f 1178/1178 1177/1177 1211/1211
f 1177/1177 1210/1210 1211/1211
f 1179/1179 1178/1178 1212/1212
f 1178/1178 1211/1211 1212/1212
f 1180/1180 1179/1179 1213/1213
f 1179/1179 1212/1212 1213/1213
f 1181/1181 1180/1180 1214/1214
f 1180/1180 1213/1213 1214/1214
f 1182/1182 1181/1181 1215/1215
f 1181/1181 1214/1214 1215/1215
f 1183/1183 1182/1182 1216/1216
f 1182/1182 1215/1215 1216/1216
f 1184/1184 1183/1183 1217/1217
f 1183/1183 1216/1216 1217/1217
f 1185/1185 1184/1184 1218/1218
f 1184/1184 1217/1217 1218/1218
f 1186/1186 1185/1185 1219/1219
f 1185/1185 1218/1218 1219/1219
f 1187/1187 1186/1186 1220/1220
f 1186/1186 1219/1219 1220/1220
f 1188/1188 1187/1187 1221/1221
f 1187/1187 1220/1220 1221/1221
f 1190/1190 1189/1189 1223/1223
f 1189/1189 1222/1222 1223/1223
f 1191/1191 1190/1190 1224/1224
f 1190/1190 1223/1223 1224/1224
f 1192/1192 1191/1191 1225/1225
f 1191/1191 1224/1224 1225/1225
f 1193/1193 1192/1192 1226/1226
f 1192/1192 1225/1225 1226/1226
f 1194/1194 1193/1193 1227/1227
f 1193/1193 1226/1226 1227/1227
f 1195/1195 1194/1194 1228/1228
f 1194/1194 1227/1227 1228/1228
f 1196/1196 1195/1195 1229/1229
f 1195/1195 1228/1228 1229/1229
f 1197/1197 1196/1196 1230/1230
f 1196/1196 1229/1229 1230/1230
f 1198/1198 1197/1197 1231/1231
f 1197/1197 1230/1230 1231/1231
f 1199/1199 1198/1198 1232/1232
f 1198/1198 1231/1231 1232/1232
f 1200/1200 1199/1199 1233/1233
f 1199/1199 1232/1232 1233/1233
f 1201/1201 1200/1200 1234/1234
f 1200/1200 1233/1233 1234/1234
f 1202/1202 1201/1201 1235/1235
f 1201/1201 1234/1234 1235/1235
f 1203/1203 1202/1202 1236/1236
f 1202/1202 1235/1235 1236/1236
f 1204/1204 1203/1203 1237/1237
f 1203/1203 1236/1236 1237/1237
f 1205/1205 1204/1204 1238/1238
f 1204/1204 1237/1237 1238/1238
f 1206/1206 1205/1205 1239/1239
f 1205/1205 1238/1238 1239/1239
f 1207/1207 1206/1206 1240/1240
f 1206/1206 1239/1239 1240/1240
f 1208/1208 1207/1207 1241/1241
f 1207/1207 1240/1240 1241/1241
f 1209/1209 1208/1208 1242/1242
f 1208/1208 1241/1241 1242/1242
f 1210/1210 1209/1209 1243/1243
f 1209/1209 1242/1242 1243/1243
f 1211/1211 1210/1210 1244/1244
f 1210/1210 1243/1243 1244/1244
f 1212/1212 1211/1211 1245/1245
f 1211/1211 1244/1244 1245/1245
f 1213/1213 1212/1212 1246/1246
f 1212/1212 1245/1245 1246/1246
f 1214/1214 1213/1213 1247/1247
f 1213/1213 1246/1246 1247/1247
f 1215/1215 1214/1214 1248/1248
f 1214/1214 1247/1247 1248/1248
f 1216/1216 1215/1215 1249/1249
f 1215/1215 1248/1248 1249/1249
f 1217/1217 1216/1216 1250/1250
f 1216/1216 1249/1249 1250/1250
f 1218/1218 1217/1217 1251/1251
f 1217/1217 1250/1250 1251/1251
f 1219/1219 1218/1218 1252/1252
f 1218/1218 1251/1251 1252/1252
f 1220/1220 1219/1219 1253/1253
f 1219/1219 1252/1252 1253/1253
f 1221/1221 1220/1220 1254/1254
f 1220/1220 1253/1253 1254/1254
f 1223/1223 1222/1222 1256/1256
f 1222/1222 1255/1255 1256/1256
f 1224/1224 1223/1223 1257/1257
f 1223/1223 1256/1256 1257/1257
f 1225/1225 1224/1224 1258/1258
f 1224/1224 1257/1257 1258/1258
f 1226/1226 1225/1225 1259/1259
f 1225/1225 1258/1258 1259/1259
f 1227/1227 1226/1226 1260/1260
f 1226/1226 1259/1259 1260/1260
f 1228/1228 1227/1227 1261/1261
f 1227/1227 1260/1260 1261/1261
f 1229/1229 1228/1228 1262/1262
f 1228/1228 1261/1261 1262/1262
f 1230/1230 1229/1229 1263/1263
f 1229/1229 1262/1262 1263/1263
f 1231/1231 1230/1230 1264/1264
f 1230/1230 1263/1263 1264/1264
f 1232/1232 1231/1231 1265/1265
f 1231/1231 1264/1264 1265/1265
f 1233/1233 1232/1232 1266/1266
f 1232/1232 1265/1265 1266/1266
f 1234/1234 1233/1233 1267/1267
f 1233/1233 1266/1266 1267/1267
f 1235/1235 1234/1234 1268/1268
f 1234/1234 1267/1267 1268/1268
f 1236/1236 1235/1235 1269/1269
f 1235/1235 1268/1268 1269/1269
f 1237/1237 1236/1236 1270/1270
f 1236/1236 1269/1269 1270/1270
f 1238/1238 1237/1237 1271/1271
f 1237/1237 1270/1270 1271/1271
f 1239/1239 1238/1238 1272/1272
f 1238/1238 1271/1271 1272/1272
f 1240/1240 1239/1239 1273/1273
f 1239/1239 1272/1272 1273/1273
f 1241/1241 1240/1240 1274/1274
f 1240/1240 1273/1273 1274/1274
f 1242/1242 1241/1241 1275/1275
f 1241/1241 1274/1274 1275/1275
f 1243/1243 1242/1242 1276/1276
f 1242/1242 1275/1275 1276/1276
f 1244/1244 1243/1243 1277/1277
f 1243/1243 1276/1276 1277/1277
f 1245/1245 1244/1244 1278/1278
f 1244/1244 1277/1277 1278/1278
f 1246/1246 1245/1245 1279/1279
f 1245/1245 1278/1278 1279/1279
f 1247/1247 1246/1246 1280/1280
f 1246/1246 1279/1279 1280/1280
f 1248/1248 1247/1247 1281/1281
f 1247/1247 1280/1280 1281/1281
f 1249/1249 1248/1248 1282/1282
f 1248/1248 1281/1281 1282/1282
f 1250/1250 1249/1249 1283/1283
f 1249/1249 1282/1282 1283/1283
f 1251/1251 1250/1250 1284/1284
f 1250/1250 1283/1283 1284/1284
f 1252/1252 1251/1251 1285/1285
f 1251/1251 1284/1284 1285/1285
f 1253/1253 1252/1252 1286/1286
f 1252/1252 1285/1285 1286/1286
f 1254/1254 1253/1253 1287/1287
f 1253/1253 1286/1286 1287/1287
f 1256/1256 1255/1255 1289/1289
f 1255/1255 1288/1288 1289/1289
f 1257/1257 1256/1256 1290/1290
f 1256/1256 1289/1289 1290/1290
f 1258/1258 1257/1257 1291/1291
f 1257/1257 1290/1290 1291/1291
f 1259/1259 1258/1258 1292/1292
f 1258/1258 1291/1291 1292/1292
f 1260/1260 1259/1259 1293/1293
f 1259/1259 1292/1292 1293/1293
f 1261/1261 1260/1260 1294/1294
f 1260/1260 1293/1293 1294/1294
f 1262/1262 1261/1261 1295/1295
f 1261/1261 1294/1294 1295/1295
f 1263/1263 1262/1262 1296/1296
f 1262/1262 1295/1295 1296/1296
f 1264/1264 1263/1263 1297/1297
f 1263/1263 1296/1296 1297/1297
f 1265/1265 1264/1264 1298/1298
f 1264/1264 1297/1297 1298/1298
f 1266/1266 1265/1265 1299/1299
f 1265/1265 1298/1298 1299/1299
f 1267/1267 1266/1266 1300/1300
f 1266/1266 1299/1299 1300/1300
f 1268/1268 1267/1267 1301/1301
f 1267/1267 1300/1300 1301/1301
f 1269/1269 1268/1268 1302/1302
f 1268/1268 1301/1301 1302/1302
f 1270/1270 1269/1269 1303/1303
f 1269/1269 1302/1302 1303/1303
f 1271/1271 1270/1270 1304/1304
f 1270/1270 1303/1303 1304/1304
f 1272/1272 1271/1271 1305/1305
f 1271/1271 1304/1304 1305/1305
f 1273/1273 1272/1272 1306/1306
f 1272/1272 1305/1305 1306/1306
f 1274/1274 1273/1273 1307/1307
f 1273/1273 1306/1306 1307/1307
f 1275/1275 1274/1274 1308/1308
f 1274/1274 1307/1307 1308/1308
f 1276/1276 1275/1275 1309/1309
f 1275/1275 1308/1308 1309/1309
f 1277/1277 1276/1276 1310/1310
f 1276/1276 1309/1309 1310/1310
f 1278/1278 1277/1277 1311/1311
f 1277/1277 1310/1310 1311/1311
f 1279/1279 1278/1278 1312/1312
f 1278/1278 1311/1311 1312/1312
f 1280/1280 1279/1279 1313/1313
f 1279/1279 1312/1312 1313/1313
f 1281/1281 1280/1280 1314/1314
f 1280/1280 1313/1313 1314/1314
f 1282/1282 1281/1281 1315/1315
f 1281/1281 1314/1314 1315/1315
f 1283/1283 1282/1282 1316/1316
f 1282/1282 1315/1315 1316/1316
f 1284/1284 1283/1283 1317/1317
f 1283/1283 1316/1316 1317/1317
f 1285/1285 1284/1284 1318/1318
f 1284/1284 1317/1317 1318/1318
f 1286/1286 1285/1285 1319/1319
f 1285/1285 1318/1318 1319/1319
f 1287/1287 1286/1286 1320/1320
f 1286/1286 1319/1319 1320/1320
f 1289/1289 1288/1288 1322/1322
f 1288/1288 1321/1321 1322/1322
f 1290/1290 1289/1289 1323/1323
f 1289/1289 1322/1322 1323/1323
f 1291/1291 1290/1290 1324/1324
f 1290/1290 1323/1323 1324/1324
f 1292/1292 1291/1291 1325/1325
f 1291/1291 1324/1324 1325/1325
f 1293/1293 1292/1292 1326/1326
f 1292/1292 1325/1325 1326/1326
f 1294/1294 1293/1293 1327/1327
f 1293/1293 1326/1326 1327/1327
f 1295/1295 1294/1294 1328/1328
f 1294/1294 1327/1327 1328/1328
f 1296/1296 1295/1295 1329/1329
f 1295/1295 1328/1328 1329/1329
f 1297/1297 1296/1296 1330/1330
f 1296/1296 1329/1329 1330/1330
f 1298/1298 1297/1297 1331/1331
f 1297/1297 1330/1330 1331/1331
f 1299/1299 1298/1298 1332/1332
f 1298/1298 1331/1331 1332/1332
f 1300/1300 1299/1299 1333/1333
f 1299/1299 1332/1332 1333/1333
f 1301/1301 1300/1300 1334/1334
f 1300/1300 1333/1333 1334/1334
f 1302/1302 1301/1301 1335/1335
f 1301/1301 1334/1334 1335/1335
f 1303/1303 1302/1302 1336/1336
f 1302/1302 1335/1335 1336/1336
f 1304/1304 1303/1303 1337/1337
f 1303/1303 1336/1336 1337/1337
f 1305/1305 1304/1304 1338/1338
f 1304/1304 1337/1337 1338/1338
f 1306/1306 1305/1305 1339/1339
f 1305/1305 1338/1338 1339/1339
f 1307/1307 1306/1306 1340/1340
f 1306/1306 1339/1339 1340/1340
f 1308/1308 1307/1307 1341/1341
f 1307/1307 1340/1340 1341/1341
f 1309/1309 1308/1308 1342/1342
f 1308/1308 1341/1341 1342/1342
f 1310/1310 1309/1309 1343/1343
f 1309/1309 1342/1342 1343/1343
f 1311/1311 1310/1310 1344/1344
f 1310/1310 1343/1343 1344/1344
f 1312/1312 1311/1311 1345/1345
f 1311/1311 1344/1344 1345/1345
f 1313/1313 1312/1312 1346/1346
f 1312/1312 1345/1345 1346/1346
f 1314/1314 1313/1313 1347/1347
f 1313/1313 1346/1346 1347/1347
f 1315/1315 1314/1314 1348/1348
f 1314/1314 1347/1347 1348/1348
f 1316/1316 1315/1315 1349/1349
f 1315/1315 1348/1348 1349/1349
f 1317/1317 1316/1316 1350/1350
f 1316/1316 1349/1349 1350/1350
f 1318/1318 1317/1317 1351/1351
f 1317/1317 1350/1350 1351/1351
f 1319/1319 1318/1318 1352/1352
f 1318/1318 1351/1351 1352/1352
f 1320/1320 1319/1319 1353/1353
f 1319/1319 1352/1352 1353/1353
f 1322/1322 1321/1321 1355/1355
f 1323/1323 1322/1322 1356/1356
f 1324/1324 1323/1323 1357/1357
f 1325/1325 1324/1324 1358/1358
f 1326/1326 1325/1325 1359/1359
f 1327/1327 1326/1326 1360/1360
f 1328/1328 1327/1327 1361/1361
f 1329/1329 1328/1328 1362/1362
f 1330/1330 1329/1329 1363/1363
f 1331/1331 1330/1330 1364/1364
f 1332/1332 1331/1331 1365/1365
f 1333/1333 1332/1332 1366/1366
f 1334/1334 1333/1333 1367/1367
f 1335/1335 1334/1334 1368/1368
f 1336/1336 1335/1335 1369/1369
f 1337/1337 1336/1336 1370/1370
f 1338/1338 1337/1337 1371/1371
f 1339/1339 1338/1338 1372/1372
f 1340/1340 1339/1339 1373/1373
f 1341/1341 1340/1340 1374/1374
f 1342/1342 1341/1341 1375/1375
f 1343/1343 1342/1342 1376/1376
f 1344/1344 1343/1343 1377/1377
f 1345/1345 1344/1344 1378/1378
f 1346/1346 1345/1345 1379/1379
f 1347/1347 1346/1346 1380/1380
f 1348/1348 1347/1347 1381/1381
f 1349/1349 1348/1348 1382/1382
f 1350/1350 1349/1349 1383/1383
f 1351/1351 1350/1350 1384/1384
f 1352/1352 1351/1351 1385/1385
f 1353/1353 1352/1352 1386/1386