# RoadToF1 authored geometry. Centimetres, Z up.
v -63.050 64.300 16.100
v -63.050 64.353 16.368
v -63.050 64.505 16.595
v -63.050 64.732 16.747
v -63.050 65.000 16.800
v -63.050 65.268 16.747
v -63.050 65.495 16.595
v -63.050 65.647 16.368
v -63.050 65.700 16.100
v -63.050 65.647 15.832
v -63.050 65.495 15.605
v -63.050 65.268 15.453
v -63.050 65.000 15.400
v -63.050 64.732 15.453
v -63.050 64.505 15.605
v -63.050 64.353 15.832
v -63.050 64.300 16.100
v -62.250 64.300 16.100
v -62.250 64.353 16.368
v -62.250 64.505 16.595
v -62.250 64.732 16.747
v -62.250 65.000 16.800
v -62.250 65.268 16.747
v -62.250 65.495 16.595
v -62.250 65.647 16.368
v -62.250 65.700 16.100
v -62.250 65.647 15.832
v -62.250 65.495 15.605
v -62.250 65.268 15.453
v -62.250 65.000 15.400
v -62.250 64.732 15.453
v -62.250 64.505 15.605
v -62.250 64.353 15.832
v -62.250 64.300 16.100
v -63.050 65.000 16.100
v -63.050 65.000 16.100
v -63.050 65.000 16.100
v -63.050 65.000 16.100
v -63.050 65.000 16.100
v -63.050 65.000 16.100
v -63.050 65.000 16.100
v -63.050 65.000 16.100
v -63.050 65.000 16.100
v -63.050 65.000 16.100
v -63.050 65.000 16.100
v -63.050 65.000 16.100
v -63.050 65.000 16.100
v -63.050 65.000 16.100
v -63.050 65.000 16.100
v -63.050 65.000 16.100
v -63.050 64.300 16.100
v -63.050 64.353 16.368
v -63.050 64.505 16.595
v -63.050 64.732 16.747
v -63.050 65.000 16.800
v -63.050 65.268 16.747
v -63.050 65.495 16.595
v -63.050 65.647 16.368
v -63.050 65.700 16.100
v -63.050 65.647 15.832
v -63.050 65.495 15.605
v -63.050 65.268 15.453
v -63.050 65.000 15.400
v -63.050 64.732 15.453
v -63.050 64.505 15.605
v -63.050 64.353 15.832
v -63.050 64.300 16.100
v -62.250 65.000 16.100
v -62.250 65.000 16.100
v -62.250 65.000 16.100
v -62.250 65.000 16.100
v -62.250 65.000 16.100
v -62.250 65.000 16.100
v -62.250 65.000 16.100
v -62.250 65.000 16.100
v -62.250 65.000 16.100
v -62.250 65.000 16.100
v -62.250 65.000 16.100
v -62.250 65.000 16.100
v -62.250 65.000 16.100
v -62.250 65.000 16.100
v -62.250 65.000 16.100
v -62.250 65.000 16.100
v -62.250 64.300 16.100
v -62.250 64.353 16.368
v -62.250 64.505 16.595
v -62.250 64.732 16.747
v -62.250 65.000 16.800
v -62.250 65.268 16.747
v -62.250 65.495 16.595
v -62.250 65.647 16.368
v -62.250 65.700 16.100
v -62.250 65.647 15.832
v -62.250 65.495 15.605
v -62.250 65.268 15.453
v -62.250 65.000 15.400
v -62.250 64.732 15.453
v -62.250 64.505 15.605
v -62.250 64.353 15.832
v -62.250 64.300 16.100
vt 0.00000 1.00000
vt 0.06250 1.00000
vt 0.12500 1.00000
vt 0.18750 1.00000
vt 0.25000 1.00000
vt 0.31250 1.00000
vt 0.37500 1.00000
vt 0.43750 1.00000
vt 0.50000 1.00000
vt 0.56250 1.00000
vt 0.62500 1.00000
vt 0.68750 1.00000
vt 0.75000 1.00000
vt 0.81250 1.00000
vt 0.87500 1.00000
vt 0.93750 1.00000
vt 1.00000 1.00000
vt 0.00000 0.00000
vt 0.06250 0.00000
vt 0.12500 0.00000
vt 0.18750 0.00000
vt 0.25000 0.00000
vt 0.31250 0.00000
vt 0.37500 0.00000
vt 0.43750 0.00000
vt 0.50000 0.00000
vt 0.56250 0.00000
vt 0.62500 0.00000
vt 0.68750 0.00000
vt 0.75000 0.00000
vt 0.81250 0.00000
vt 0.87500 0.00000
vt 0.93750 0.00000
vt 1.00000 0.00000
vt 0.50000 0.50000
vt 0.50000 0.50000
vt 0.50000 0.50000
vt 0.50000 0.50000
vt 0.50000 0.50000
vt 0.50000 0.50000
vt 0.50000 0.50000
vt 0.50000 0.50000
vt 0.50000 0.50000
vt 0.50000 0.50000
vt 0.50000 0.50000
vt 0.50000 0.50000
vt 0.50000 0.50000
vt 0.50000 0.50000
vt 0.50000 0.50000
vt 0.50000 0.50000
vt 1.00000 0.50000
vt 0.96194 0.69134
vt 0.85355 0.85355
vt 0.69134 0.96194
vt 0.50000 1.00000
vt 0.30866 0.96194
vt 0.14645 0.85355
vt 0.03806 0.69134
vt 0.00000 0.50000
vt 0.03806 0.30866
vt 0.14645 0.14645
vt 0.30866 0.03806
vt 0.50000 0.00000
vt 0.69134 0.03806
vt 0.85355 0.14645
vt 0.96194 0.30866
vt 1.00000 0.50000
vt 0.50000 0.50000
vt 0.50000 0.50000
vt 0.50000 0.50000
vt 0.50000 0.50000
vt 0.50000 0.50000
vt 0.50000 0.50000
vt 0.50000 0.50000
vt 0.50000 0.50000
vt 0.50000 0.50000
vt 0.50000 0.50000
vt 0.50000 0.50000
vt 0.50000 0.50000
vt 0.50000 0.50000
vt 0.50000 0.50000
vt 0.50000 0.50000
vt 0.50000 0.50000
vt 1.00000 0.50000
vt 0.96194 0.30866
vt 0.85355 0.14645
vt 0.69134 0.03806
vt 0.50000 0.00000
vt 0.30866 0.03806
vt 0.14645 0.14645
vt 0.03806 0.30866
vt 0.00000 0.50000
vt 0.03806 0.69134
vt 0.14645 0.85355
vt 0.30866 0.96194
vt 0.50000 1.00000
vt 0.69134 0.96194
vt 0.85355 0.85355
vt 0.96194 0.69134
vt 1.00000 0.50000
f 1/1 18/18 2/2
f 18/18 19/19 2/2
f 2/2 19/19 3/3
f 19/19 20/20 3/3
f 3/3 20/20 4/4
f 20/20 21/21 4/4
f 4/4 21/21 5/5
f 21/21 22/22 5/5
f 5/5 22/22 6/6
f 22/22 23/23 6/6
f 6/6 23/23 7/7
f 23/23 24/24 7/7
f 7/7 24/24 8/8
f 24/24 25/25 8/8
f 8/8 25/25 9/9
f 25/25 26/26 9/9
f 9/9 26/26 10/10
f 26/26 27/27 10/10
f 10/10 27/27 11/11
f 27/27 28/28 11/11
f 11/11 28/28 12/12
f 28/28 29/29 12/12
f 12/12 29/29 13/13
f 29/29 30/30 13/13
f 13/13 30/30 14/14
f 30/30 31/31 14/14
f 14/14 31/31 15/15
f 31/31 32/32 15/15
f 15/15 32/32 16/16
f 32/32 33/33 16/16
f 16/16 33/33 17/17
f 33/33 34/34 17/17
f 51/51 52/52 35/35
f 52/52 53/53 36/36
f 53/53 54/54 37/37
f 54/54 55/55 38/38
f 55/55 56/56 39/39
f 56/56 57/57 40/40
f 57/57 58/58 41/41
f 58/58 59/59 42/42
f 59/59 60/60 43/43
f 60/60 61/61 44/44
f 61/61 62/62 45/45
f 62/62 63/63 46/46
f 63/63 64/64 47/47
f 64/64 65/65 48/48
f 65/65 66/66 49/49
f 66/66 67/67 50/50
f 85/85 84/84 68/68
f 86/86 85/85 69/69
f 87/87 86/86 70/70
f 88/88 87/87 71/71
f 89/89 88/88 72/72
f 90/90 89/89 73/73
f 91/91 90/90 74/74
f 92/92 91/91 75/75
f 93/93 92/92 76/76
f 94/94 93/93 77/77
f 95/95 94/94 78/78
f 96/96 95/95 79/79
f 97/97 96/96 80/80
f 98/98 97/97 81/81
f 99/99 98/98 82/82
f 100/100 99/99 83/83
v -63.050 61.442 11.150
v -63.050 61.495 11.418
v -63.050 61.647 11.645
v -63.050 61.874 11.797
v -63.050 62.142 11.850
v -63.050 62.410 11.797
v -63.050 62.637 11.645
v -63.050 62.789 11.418
v -63.050 62.842 11.150
v -63.050 62.789 10.882
v -63.050 62.637 10.655
v -63.050 62.410 10.503
v -63.050 62.142 10.450
v -63.050 61.874 10.503
v -63.050 61.647 10.655
v -63.050 61.495 10.882
v -63.050 61.442 11.150
v -62.250 61.442 11.150
v -62.250 61.495 11.418
v -62.250 61.647 11.645
v -62.250 61.874 11.797
v -62.250 62.142 11.850
v -62.250 62.410 11.797
v -62.250 62.637 11.645
v -62.250 62.789 11.418
v -62.250 62.842 11.150
v -62.250 62.789 10.882
v -62.250 62.637 10.655
v -62.250 62.410 10.503
v -62.250 62.142 10.450
v -62.250 61.874 10.503
v -62.250 61.647 10.655
v -62.250 61.495 10.882
v -62.250 61.442 11.150
v -63.050 62.142 11.150
v -63.050 62.142 11.150
v -63.050 62.142 11.150
v -63.050 62.142 11.150
v -63.050 62.142 11.150
v -63.050 62.142 11.150
v -63.050 62.142 11.150
v -63.050 62.142 11.150
v -63.050 62.142 11.150
v -63.050 62.142 11.150
v -63.050 62.142 11.150
v -63.050 62.142 11.150
v -63.050 62.142 11.150
v -63.050 62.142 11.150
v -63.050 62.142 11.150
v -63.050 62.142 11.150
v -63.050 61.442 11.150
v -63.050 61.495 11.418
v -63.050 61.647 11.645
v -63.050 61.874 11.797
v -63.050 62.142 11.850
v -63.050 62.410 11.797
v -63.050 62.637 11.645
v -63.050 62.789 11.418
v -63.050 62.842 11.150
v -63.050 62.789 10.882
v -63.050 62.637 10.655
v -63.050 62.410 10.503
v -63.050 62.142 10.450
v -63.050 61.874 10.503
v -63.050 61.647 10.655
v -63.050 61.495 10.882
v -63.050 61.442 11.150
v -62.250 62.142 11.150
v -62.250 62.142 11.150
v -62.250 62.142 11.150
v -62.250 62.142 11.150
v -62.250 62.142 11.150
v -62.250 62.142 11.150
v -62.250 62.142 11.150
v -62.250 62.142 11.150
v -62.250 62.142 11.150
v -62.250 62.142 11.150
v -62.250 62.142 11.150
v -62.250 62.142 11.150
v -62.250 62.142 11.150
v -62.250 62.142 11.150
v -62.250 62.142 11.150
v -62.250 62.142 11.150
v -62.250 61.442 11.150
v -62.250 61.495 11.418
v -62.250 61.647 11.645
v -62.250 61.874 11.797
v -62.250 62.142 11.850
v -62.250 62.410 11.797
v -62.250 62.637 11.645
v -62.250 62.789 11.418
v -62.250 62.842 11.150
v -62.250 62.789 10.882
v -62.250 62.637 10.655
v -62.250 62.410 10.503
v -62.250 62.142 10.450
v -62.250 61.874 10.503
v -62.250 61.647 10.655
v -62.250 61.495 10.882
v -62.250 61.442 11.150
vt 0.00000 1.00000
vt 0.06250 1.00000
vt 0.12500 1.00000
vt 0.18750 1.00000
vt 0.25000 1.00000
vt 0.31250 1.00000
vt 0.37500 1.00000
vt 0.43750 1.00000
vt 0.50000 1.00000
vt 0.56250 1.00000
vt 0.62500 1.00000
vt 0.68750 1.00000
vt 0.75000 1.00000
vt 0.81250 1.00000
vt 0.87500 1.00000
vt 0.93750 1.00000
vt 1.00000 1.00000
vt 0.00000 0.00000
vt 0.06250 0.00000
vt 0.12500 0.00000
vt 0.18750 0.00000
vt 0.25000 0.00000
vt 0.31250 0.00000
vt 0.37500 0.00000
vt 0.43750 0.00000
vt 0.50000 0.00000
vt 0.56250 0.00000
vt 0.62500 0.00000
vt 0.68750 0.00000
vt 0.75000 0.00000
vt 0.81250 0.00000
vt 0.87500 0.00000
vt 0.93750 0.00000
vt 1.00000 0.00000
vt 0.50000 0.50000
vt 0.50000 0.50000
vt 0.50000 0.50000
vt 0.50000 0.50000
vt 0.50000 0.50000
vt 0.50000 0.50000
vt 0.50000 0.50000
vt 0.50000 0.50000
vt 0.50000 0.50000
vt 0.50000 0.50000
vt 0.50000 0.50000
vt 0.50000 0.50000
vt 0.50000 0.50000
vt 0.50000 0.50000
vt 0.50000 0.50000
vt 0.50000 0.50000
vt 1.00000 0.50000
vt 0.96194 0.69134
vt 0.85355 0.85355
vt 0.69134 0.96194
vt 0.50000 1.00000
vt 0.30866 0.96194
vt 0.14645 0.85355
vt 0.03806 0.69134
vt 0.00000 0.50000
vt 0.03806 0.30866
vt 0.14645 0.14645
vt 0.30866 0.03806
vt 0.50000 0.00000
vt 0.69134 0.03806
vt 0.85355 0.14645
vt 0.96194 0.30866
vt 1.00000 0.50000
vt 0.50000 0.50000
vt 0.50000 0.50000
vt 0.50000 0.50000
vt 0.50000 0.50000
vt 0.50000 0.50000
vt 0.50000 0.50000
vt 0.50000 0.50000
vt 0.50000 0.50000
vt 0.50000 0.50000
vt 0.50000 0.50000
vt 0.50000 0.50000
vt 0.50000 0.50000
vt 0.50000 0.50000
vt 0.50000 0.50000
vt 0.50000 0.50000
vt 0.50000 0.50000
vt 1.00000 0.50000
vt 0.96194 0.30866
vt 0.85355 0.14645
vt 0.69134 0.03806
vt 0.50000 0.00000
vt 0.30866 0.03806
vt 0.14645 0.14645
vt 0.03806 0.30866
vt 0.00000 0.50000
vt 0.03806 0.69134
vt 0.14645 0.85355
vt 0.30866 0.96194
vt 0.50000 1.00000
vt 0.69134 0.96194
vt 0.85355 0.85355
vt 0.96194 0.69134
vt 1.00000 0.50000
f 101/101 118/118 102/102
f 118/118 119/119 102/102
f 102/102 119/119 103/103
f 119/119 120/120 103/103
f 103/103 120/120 104/104
f 120/120 121/121 104/104
f 104/104 121/121 105/105
f 121/121 122/122 105/105
f 105/105 122/122 106/106
f 122/122 123/123 106/106
f 106/106 123/123 107/107
f 123/123 124/124 107/107
f 107/107 124/124 108/108
f 124/124 125/125 108/108
f 108/108 125/125 109/109
f 125/125 126/126 109/109
f 109/109 126/126 110/110
f 126/126 127/127 110/110
f 110/110 127/127 111/111
f 127/127 128/128 111/111
f 111/111 128/128 112/112
f 128/128 129/129 112/112
f 112/112 129/129 113/113
f 129/129 130/130 113/113
f 113/113 130/130 114/114
f 130/130 131/131 114/114
f 114/114 131/131 115/115
f 131/131 132/132 115/115
f 115/115 132/132 116/116
f 132/132 133/133 116/116
f 116/116 133/133 117/117
f 133/133 134/134 117/117
f 151/151 152/152 135/135
f 152/152 153/153 136/136
f 153/153 154/154 137/137
f 154/154 155/155 138/138
f 155/155 156/156 139/139
f 156/156 157/157 140/140
f 157/157 158/158 141/141
f 158/158 159/159 142/142
f 159/159 160/160 143/143
f 160/160 161/161 144/144
f 161/161 162/162 145/145
f 162/162 163/163 146/146
f 163/163 164/164 147/147
f 164/164 165/165 148/148
f 165/165 166/166 149/149
f 166/166 167/167 150/150
f 185/185 184/184 168/168
f 186/186 185/185 169/169
f 187/187 186/186 170/170
f 188/188 187/187 171/171
f 189/189 188/188 172/172
f 190/190 189/189 173/173
f 191/191 190/190 174/174
f 192/192 191/191 175/175
f 193/193 192/192 176/176
f 194/194 193/193 177/177
f 195/195 194/194 178/178
f 196/196 195/195 179/179
f 197/197 196/196 180/180
f 198/198 197/197 181/181
f 199/199 198/198 182/182
f 200/200 199/199 183/183
v -63.050 67.158 11.150
v -63.050 67.211 11.418
v -63.050 67.363 11.645
v -63.050 67.590 11.797
v -63.050 67.858 11.850
v -63.050 68.126 11.797
v -63.050 68.353 11.645
v -63.050 68.505 11.418
v -63.050 68.558 11.150
v -63.050 68.505 10.882
v -63.050 68.353 10.655
v -63.050 68.126 10.503
v -63.050 67.858 10.450
v -63.050 67.590 10.503
v -63.050 67.363 10.655
v -63.050 67.211 10.882
v -63.050 67.158 11.150
v -62.250 67.158 11.150
v -62.250 67.211 11.418
v -62.250 67.363 11.645
v -62.250 67.590 11.797
v -62.250 67.858 11.850
v -62.250 68.126 11.797
v -62.250 68.353 11.645
v -62.250 68.505 11.418
v -62.250 68.558 11.150
v -62.250 68.505 10.882
v -62.250 68.353 10.655
v -62.250 68.126 10.503
v -62.250 67.858 10.450
v -62.250 67.590 10.503
v -62.250 67.363 10.655
v -62.250 67.211 10.882
v -62.250 67.158 11.150
v -63.050 67.858 11.150
v -63.050 67.858 11.150
v -63.050 67.858 11.150
v -63.050 67.858 11.150
v -63.050 67.858 11.150
v -63.050 67.858 11.150
v -63.050 67.858 11.150
v -63.050 67.858 11.150
v -63.050 67.858 11.150
v -63.050 67.858 11.150
v -63.050 67.858 11.150
v -63.050 67.858 11.150
v -63.050 67.858 11.150
v -63.050 67.858 11.150
v -63.050 67.858 11.150
v -63.050 67.858 11.150
v -63.050 67.158 11.150
v -63.050 67.211 11.418
v -63.050 67.363 11.645
v -63.050 67.590 11.797
v -63.050 67.858 11.850
v -63.050 68.126 11.797
v -63.050 68.353 11.645
v -63.050 68.505 11.418
v -63.050 68.558 11.150
v -63.050 68.505 10.882
v -63.050 68.353 10.655
v -63.050 68.126 10.503
v -63.050 67.858 10.450
v -63.050 67.590 10.503
v -63.050 67.363 10.655
v -63.050 67.211 10.882
v -63.050 67.158 11.150
v -62.250 67.858 11.150
v -62.250 67.858 11.150
v -62.250 67.858 11.150
v -62.250 67.858 11.150
v -62.250 67.858 11.150
v -62.250 67.858 11.150
v -62.250 67.858 11.150
v -62.250 67.858 11.150
v -62.250 67.858 11.150
v -62.250 67.858 11.150
v -62.250 67.858 11.150
v -62.250 67.858 11.150
v -62.250 67.858 11.150
v -62.250 67.858 11.150
v -62.250 67.858 11.150
v -62.250 67.858 11.150
v -62.250 67.158 11.150
v -62.250 67.211 11.418
v -62.250 67.363 11.645
v -62.250 67.590 11.797
v -62.250 67.858 11.850
v -62.250 68.126 11.797
v -62.250 68.353 11.645
v -62.250 68.505 11.418
v -62.250 68.558 11.150
v -62.250 68.505 10.882
v -62.250 68.353 10.655
v -62.250 68.126 10.503
v -62.250 67.858 10.450
v -62.250 67.590 10.503
v -62.250 67.363 10.655
v -62.250 67.211 10.882
v -62.250 67.158 11.150
vt 0.00000 1.00000
vt 0.06250 1.00000
vt 0.12500 1.00000
vt 0.18750 1.00000
vt 0.25000 1.00000
vt 0.31250 1.00000
vt 0.37500 1.00000
vt 0.43750 1.00000
vt 0.50000 1.00000
vt 0.56250 1.00000
vt 0.62500 1.00000
vt 0.68750 1.00000
vt 0.75000 1.00000
vt 0.81250 1.00000
vt 0.87500 1.00000
vt 0.93750 1.00000
vt 1.00000 1.00000
vt 0.00000 0.00000
vt 0.06250 0.00000
vt 0.12500 0.00000
vt 0.18750 0.00000
vt 0.25000 0.00000
vt 0.31250 0.00000
vt 0.37500 0.00000
vt 0.43750 0.00000
vt 0.50000 0.00000
vt 0.56250 0.00000
vt 0.62500 0.00000
vt 0.68750 0.00000
vt 0.75000 0.00000
vt 0.81250 0.00000
vt 0.87500 0.00000
vt 0.93750 0.00000
vt 1.00000 0.00000
vt 0.50000 0.50000
vt 0.50000 0.50000
vt 0.50000 0.50000
vt 0.50000 0.50000
vt 0.50000 0.50000
vt 0.50000 0.50000
vt 0.50000 0.50000
vt 0.50000 0.50000
vt 0.50000 0.50000
vt 0.50000 0.50000
vt 0.50000 0.50000
vt 0.50000 0.50000
vt 0.50000 0.50000
vt 0.50000 0.50000
vt 0.50000 0.50000
vt 0.50000 0.50000
vt 1.00000 0.50000
vt 0.96194 0.69134
vt 0.85355 0.85355
vt 0.69134 0.96194
vt 0.50000 1.00000
vt 0.30866 0.96194
vt 0.14645 0.85355
vt 0.03806 0.69134
vt 0.00000 0.50000
vt 0.03806 0.30866
vt 0.14645 0.14645
vt 0.30866 0.03806
vt 0.50000 0.00000
vt 0.69134 0.03806
vt 0.85355 0.14645
vt 0.96194 0.30866
vt 1.00000 0.50000
vt 0.50000 0.50000
vt 0.50000 0.50000
vt 0.50000 0.50000
vt 0.50000 0.50000
vt 0.50000 0.50000
vt 0.50000 0.50000
vt 0.50000 0.50000
vt 0.50000 0.50000
vt 0.50000 0.50000
vt 0.50000 0.50000
vt 0.50000 0.50000
vt 0.50000 0.50000
vt 0.50000 0.50000
vt 0.50000 0.50000
vt 0.50000 0.50000
vt 0.50000 0.50000
vt 1.00000 0.50000
vt 0.96194 0.30866
vt 0.85355 0.14645
vt 0.69134 0.03806
vt 0.50000 0.00000
vt 0.30866 0.03806
vt 0.14645 0.14645
vt 0.03806 0.30866
vt 0.00000 0.50000
vt 0.03806 0.69134
vt 0.14645 0.85355
vt 0.30866 0.96194
vt 0.50000 1.00000
vt 0.69134 0.96194
vt 0.85355 0.85355
vt 0.96194 0.69134
vt 1.00000 0.50000
f 201/201 218/218 202/202
f 218/218 219/219 202/202
f 202/202 219/219 203/203
f 219/219 220/220 203/203
f 203/203 220/220 204/204
f 220/220 221/221 204/204
f 204/204 221/221 205/205
f 221/221 222/222 205/205
f 205/205 222/222 206/206
f 222/222 223/223 206/206
f 206/206 223/223 207/207
f 223/223 224/224 207/207
f 207/207 224/224 208/208
f 224/224 225/225 208/208
f 208/208 225/225 209/209
f 225/225 226/226 209/209
f 209/209 226/226 210/210
f 226/226 227/227 210/210
f 210/210 227/227 211/211
f 227/227 228/228 211/211
f 211/211 228/228 212/212
f 228/228 229/229 212/212
f 212/212 229/229 213/213
f 229/229 230/230 213/213
f 213/213 230/230 214/214
f 230/230 231/231 214/214
f 214/214 231/231 215/215
f 231/231 232/232 215/215
f 215/215 232/232 216/216
f 232/232 233/233 216/216
f 216/216 233/233 217/217
f 233/233 234/234 217/217
f 251/251 252/252 235/235
f 252/252 253/253 236/236
f 253/253 254/254 237/237
f 254/254 255/255 238/238
f 255/255 256/256 239/239
f 256/256 257/257 240/240
f 257/257 258/258 241/241
f 258/258 259/259 242/242
f 259/259 260/260 243/243
f 260/260 261/261 244/244
f 261/261 262/262 245/245
f 262/262 263/263 246/246
f 263/263 264/264 247/247
f 264/264 265/265 248/248
f 265/265 266/266 249/249
f 266/266 267/267 250/250
f 285/285 284/284 268/268
f 286/286 285/285 269/269
f 287/287 286/286 270/270
f 288/288 287/287 271/271
f 289/289 288/288 272/272
f 290/290 289/289 273/273
f 291/291 290/290 274/274
f 292/292 291/291 275/275
f 293/293 292/292 276/276
f 294/294 293/293 277/277
f 295/295 294/294 278/278
f 296/296 295/295 279/279
f 297/297 296/296 280/280
f 298/298 297/297 281/281
f 299/299 298/298 282/282
f 300/300 299/299 283/283
v -48.950 64.300 16.100
v -48.950 64.353 15.832
v -48.950 64.505 15.605
v -48.950 64.732 15.453
v -48.950 65.000 15.400
v -48.950 65.268 15.453
v -48.950 65.495 15.605
v -48.950 65.647 15.832
v -48.950 65.700 16.100
v -48.950 65.647 16.368
v -48.950 65.495 16.595
v -48.950 65.268 16.747
v -48.950 65.000 16.800
v -48.950 64.732 16.747
v -48.950 64.505 16.595
v -48.950 64.353 16.368
v -48.950 64.300 16.100
v -49.750 64.300 16.100
v -49.750 64.353 15.832
v -49.750 64.505 15.605
v -49.750 64.732 15.453
v -49.750 65.000 15.400
v -49.750 65.268 15.453
v -49.750 65.495 15.605
v -49.750 65.647 15.832
v -49.750 65.700 16.100
v -49.750 65.647 16.368
v -49.750 65.495 16.595
v -49.750 65.268 16.747
v -49.750 65.000 16.800
v -49.750 64.732 16.747
v -49.750 64.505 16.595
v -49.750 64.353 16.368
v -49.750 64.300 16.100
v -48.950 65.000 16.100
v -48.950 65.000 16.100
v -48.950 65.000 16.100
v -48.950 65.000 16.100
v -48.950 65.000 16.100
v -48.950 65.000 16.100
v -48.950 65.000 16.100
v -48.950 65.000 16.100
v -48.950 65.000 16.100
v -48.950 65.000 16.100
v -48.950 65.000 16.100
v -48.950 65.000 16.100
v -48.950 65.000 16.100
v -48.950 65.000 16.100
v -48.950 65.000 16.100
v -48.950 65.000 16.100
v -48.950 64.300 16.100
v -48.950 64.353 15.832
v -48.950 64.505 15.605
v -48.950 64.732 15.453
v -48.950 65.000 15.400
v -48.950 65.268 15.453
v -48.950 65.495 15.605
v -48.950 65.647 15.832
v -48.950 65.700 16.100
v -48.950 65.647 16.368
v -48.950 65.495 16.595
v -48.950 65.268 16.747
v -48.950 65.000 16.800
v -48.950 64.732 16.747
v -48.950 64.505 16.595
v -48.950 64.353 16.368
v -48.950 64.300 16.100
v -49.750 65.000 16.100
v -49.750 65.000 16.100
v -49.750 65.000 16.100
v -49.750 65.000 16.100
v -49.750 65.000 16.100
v -49.750 65.000 16.100
v -49.750 65.000 16.100
v -49.750 65.000 16.100
v -49.750 65.000 16.100
v -49.750 65.000 16.100
v -49.750 65.000 16.100
v -49.750 65.000 16.100
v -49.750 65.000 16.100
v -49.750 65.000 16.100
v -49.750 65.000 16.100
v -49.750 65.000 16.100
v -49.750 64.300 16.100
v -49.750 64.353 15.832
v -49.750 64.505 15.605
v -49.750 64.732 15.453
v -49.750 65.000 15.400
v -49.750 65.268 15.453
v -49.750 65.495 15.605
v -49.750 65.647 15.832
v -49.750 65.700 16.100
v -49.750 65.647 16.368
v -49.750 65.495 16.595
v -49.750 65.268 16.747
v -49.750 65.000 16.800
v -49.750 64.732 16.747
v -49.750 64.505 16.595
v -49.750 64.353 16.368
v -49.750 64.300 16.100
vt 0.00000 1.00000
vt 0.06250 1.00000
vt 0.12500 1.00000
vt 0.18750 1.00000
vt 0.25000 1.00000
vt 0.31250 1.00000
vt 0.37500 1.00000
vt 0.43750 1.00000
vt 0.50000 1.00000
vt 0.56250 1.00000
vt 0.62500 1.00000
vt 0.68750 1.00000
vt 0.75000 1.00000
vt 0.81250 1.00000
vt 0.87500 1.00000
vt 0.93750 1.00000
vt 1.00000 1.00000
vt 0.00000 0.00000
vt 0.06250 0.00000
vt 0.12500 0.00000
vt 0.18750 0.00000
vt 0.25000 0.00000
vt 0.31250 0.00000
vt 0.37500 0.00000
vt 0.43750 0.00000
vt 0.50000 0.00000
vt 0.56250 0.00000
vt 0.62500 0.00000
vt 0.68750 0.00000
vt 0.75000 0.00000
vt 0.81250 0.00000
vt 0.87500 0.00000
vt 0.93750 0.00000
vt 1.00000 0.00000
vt 0.50000 0.50000
vt 0.50000 0.50000
vt 0.50000 0.50000
vt 0.50000 0.50000
vt 0.50000 0.50000
vt 0.50000 0.50000
vt 0.50000 0.50000
vt 0.50000 0.50000
vt 0.50000 0.50000
vt 0.50000 0.50000
vt 0.50000 0.50000
vt 0.50000 0.50000
vt 0.50000 0.50000
vt 0.50000 0.50000
vt 0.50000 0.50000
vt 0.50000 0.50000
vt 1.00000 0.50000
vt 0.96194 0.69134
vt 0.85355 0.85355
vt 0.69134 0.96194
vt 0.50000 1.00000
vt 0.30866 0.96194
vt 0.14645 0.85355
vt 0.03806 0.69134
vt 0.00000 0.50000
vt 0.03806 0.30866
vt 0.14645 0.14645
vt 0.30866 0.03806
vt 0.50000 0.00000
vt 0.69134 0.03806
vt 0.85355 0.14645
vt 0.96194 0.30866
vt 1.00000 0.50000
vt 0.50000 0.50000
vt 0.50000 0.50000
vt 0.50000 0.50000
vt 0.50000 0.50000
vt 0.50000 0.50000
vt 0.50000 0.50000
vt 0.50000 0.50000
vt 0.50000 0.50000
vt 0.50000 0.50000
vt 0.50000 0.50000
vt 0.50000 0.50000
vt 0.50000 0.50000
vt 0.50000 0.50000
vt 0.50000 0.50000
vt 0.50000 0.50000
vt 0.50000 0.50000
vt 1.00000 0.50000
vt 0.96194 0.30866
vt 0.85355 0.14645
vt 0.69134 0.03806
vt 0.50000 0.00000
vt 0.30866 0.03806
vt 0.14645 0.14645
vt 0.03806 0.30866
vt 0.00000 0.50000
vt 0.03806 0.69134
vt 0.14645 0.85355
vt 0.30866 0.96194
vt 0.50000 1.00000
vt 0.69134 0.96194
vt 0.85355 0.85355
vt 0.96194 0.69134
vt 1.00000 0.50000
f 301/301 318/318 302/302
f 318/318 319/319 302/302
f 302/302 319/319 303/303
f 319/319 320/320 303/303
f 303/303 320/320 304/304
f 320/320 321/321 304/304
f 304/304 321/321 305/305
f 321/321 322/322 305/305
f 305/305 322/322 306/306
f 322/322 323/323 306/306
f 306/306 323/323 307/307
f 323/323 324/324 307/307
f 307/307 324/324 308/308
f 324/324 325/325 308/308
f 308/308 325/325 309/309
f 325/325 326/326 309/309
f 309/309 326/326 310/310
f 326/326 327/327 310/310
f 310/310 327/327 311/311
f 327/327 328/328 311/311
f 311/311 328/328 312/312
f 328/328 329/329 312/312
f 312/312 329/329 313/313
f 329/329 330/330 313/313
f 313/313 330/330 314/314
f 330/330 331/331 314/314
f 314/314 331/331 315/315
f 331/331 332/332 315/315
f 315/315 332/332 316/316
f 332/332 333/333 316/316
f 316/316 333/333 317/317
f 333/333 334/334 317/317
f 351/351 352/352 335/335
f 352/352 353/353 336/336
f 353/353 354/354 337/337
f 354/354 355/355 338/338
f 355/355 356/356 339/339
f 356/356 357/357 340/340
f 357/357 358/358 341/341
f 358/358 359/359 342/342
f 359/359 360/360 343/343
f 360/360 361/361 344/344
f 361/361 362/362 345/345
f 362/362 363/363 346/346
f 363/363 364/364 347/347
f 364/364 365/365 348/348
f 365/365 366/366 349/349
f 366/366 367/367 350/350
f 385/385 384/384 368/368
f 386/386 385/385 369/369
f 387/387 386/386 370/370
f 388/388 387/387 371/371
f 389/389 388/388 372/372
f 390/390 389/389 373/373
f 391/391 390/390 374/374
f 392/392 391/391 375/375
f 393/393 392/392 376/376
f 394/394 393/393 377/377
f 395/395 394/394 378/378
f 396/396 395/395 379/379
f 397/397 396/396 380/380
f 398/398 397/397 381/381
f 399/399 398/398 382/382
f 400/400 399/399 383/383
v -48.950 61.442 11.150
v -48.950 61.495 10.882
v -48.950 61.647 10.655
v -48.950 61.874 10.503
v -48.950 62.142 10.450
v -48.950 62.410 10.503
v -48.950 62.637 10.655
v -48.950 62.789 10.882
v -48.950 62.842 11.150
v -48.950 62.789 11.418
v -48.950 62.637 11.645
v -48.950 62.410 11.797
v -48.950 62.142 11.850
v -48.950 61.874 11.797
v -48.950 61.647 11.645
v -48.950 61.495 11.418
v -48.950 61.442 11.150
v -49.750 61.442 11.150
v -49.750 61.495 10.882
v -49.750 61.647 10.655
v -49.750 61.874 10.503
v -49.750 62.142 10.450
v -49.750 62.410 10.503
v -49.750 62.637 10.655
v -49.750 62.789 10.882
v -49.750 62.842 11.150
v -49.750 62.789 11.418
v -49.750 62.637 11.645
v -49.750 62.410 11.797
v -49.750 62.142 11.850
v -49.750 61.874 11.797
v -49.750 61.647 11.645
v -49.750 61.495 11.418
v -49.750 61.442 11.150
v -48.950 62.142 11.150
v -48.950 62.142 11.150
v -48.950 62.142 11.150
v -48.950 62.142 11.150
v -48.950 62.142 11.150
v -48.950 62.142 11.150
v -48.950 62.142 11.150
v -48.950 62.142 11.150
v -48.950 62.142 11.150
v -48.950 62.142 11.150
v -48.950 62.142 11.150
v -48.950 62.142 11.150
v -48.950 62.142 11.150
v -48.950 62.142 11.150
v -48.950 62.142 11.150
v -48.950 62.142 11.150
v -48.950 61.442 11.150
v -48.950 61.495 10.882
v -48.950 61.647 10.655
v -48.950 61.874 10.503
v -48.950 62.142 10.450
v -48.950 62.410 10.503
v -48.950 62.637 10.655
v -48.950 62.789 10.882
v -48.950 62.842 11.150
v -48.950 62.789 11.418
v -48.950 62.637 11.645
v -48.950 62.410 11.797
v -48.950 62.142 11.850
v -48.950 61.874 11.797
v -48.950 61.647 11.645
v -48.950 61.495 11.418
v -48.950 61.442 11.150
v -49.750 62.142 11.150
v -49.750 62.142 11.150
v -49.750 62.142 11.150
v -49.750 62.142 11.150
v -49.750 62.142 11.150
v -49.750 62.142 11.150
v -49.750 62.142 11.150
v -49.750 62.142 11.150
v -49.750 62.142 11.150
v -49.750 62.142 11.150
v -49.750 62.142 11.150
v -49.750 62.142 11.150
v -49.750 62.142 11.150
v -49.750 62.142 11.150
v -49.750 62.142 11.150
v -49.750 62.142 11.150
v -49.750 61.442 11.150
v -49.750 61.495 10.882
v -49.750 61.647 10.655
v -49.750 61.874 10.503
v -49.750 62.142 10.450
v -49.750 62.410 10.503
v -49.750 62.637 10.655
v -49.750 62.789 10.882
v -49.750 62.842 11.150
v -49.750 62.789 11.418
v -49.750 62.637 11.645
v -49.750 62.410 11.797
v -49.750 62.142 11.850
v -49.750 61.874 11.797
v -49.750 61.647 11.645
v -49.750 61.495 11.418
v -49.750 61.442 11.150
vt 0.00000 1.00000
vt 0.06250 1.00000
vt 0.12500 1.00000
vt 0.18750 1.00000
vt 0.25000 1.00000
vt 0.31250 1.00000
vt 0.37500 1.00000
vt 0.43750 1.00000
vt 0.50000 1.00000
vt 0.56250 1.00000
vt 0.62500 1.00000
vt 0.68750 1.00000
vt 0.75000 1.00000
vt 0.81250 1.00000
vt 0.87500 1.00000
vt 0.93750 1.00000
vt 1.00000 1.00000
vt 0.00000 0.00000
vt 0.06250 0.00000
vt 0.12500 0.00000
vt 0.18750 0.00000
vt 0.25000 0.00000
vt 0.31250 0.00000
vt 0.37500 0.00000
vt 0.43750 0.00000
vt 0.50000 0.00000
vt 0.56250 0.00000
vt 0.62500 0.00000
vt 0.68750 0.00000
vt 0.75000 0.00000
vt 0.81250 0.00000
vt 0.87500 0.00000
vt 0.93750 0.00000
vt 1.00000 0.00000
vt 0.50000 0.50000
vt 0.50000 0.50000
vt 0.50000 0.50000
vt 0.50000 0.50000
vt 0.50000 0.50000
vt 0.50000 0.50000
vt 0.50000 0.50000
vt 0.50000 0.50000
vt 0.50000 0.50000
vt 0.50000 0.50000
vt 0.50000 0.50000
vt 0.50000 0.50000
vt 0.50000 0.50000
vt 0.50000 0.50000
vt 0.50000 0.50000
vt 0.50000 0.50000
vt 1.00000 0.50000
vt 0.96194 0.69134
vt 0.85355 0.85355
vt 0.69134 0.96194
vt 0.50000 1.00000
vt 0.30866 0.96194
vt 0.14645 0.85355
vt 0.03806 0.69134
vt 0.00000 0.50000
vt 0.03806 0.30866
vt 0.14645 0.14645
vt 0.30866 0.03806
vt 0.50000 0.00000
vt 0.69134 0.03806
vt 0.85355 0.14645
vt 0.96194 0.30866
vt 1.00000 0.50000
vt 0.50000 0.50000
vt 0.50000 0.50000
vt 0.50000 0.50000
vt 0.50000 0.50000
vt 0.50000 0.50000
vt 0.50000 0.50000
vt 0.50000 0.50000
vt 0.50000 0.50000
vt 0.50000 0.50000
vt 0.50000 0.50000
vt 0.50000 0.50000
vt 0.50000 0.50000
vt 0.50000 0.50000
vt 0.50000 0.50000
vt 0.50000 0.50000
vt 0.50000 0.50000
vt 1.00000 0.50000
vt 0.96194 0.30866
vt 0.85355 0.14645
vt 0.69134 0.03806
vt 0.50000 0.00000
vt 0.30866 0.03806
vt 0.14645 0.14645
vt 0.03806 0.30866
vt 0.00000 0.50000
vt 0.03806 0.69134
vt 0.14645 0.85355
vt 0.30866 0.96194
vt 0.50000 1.00000
vt 0.69134 0.96194
vt 0.85355 0.85355
vt 0.96194 0.69134
vt 1.00000 0.50000
f 401/401 418/418 402/402
f 418/418 419/419 402/402
f 402/402 419/419 403/403
f 419/419 420/420 403/403
f 403/403 420/420 404/404
f 420/420 421/421 404/404
f 404/404 421/421 405/405
f 421/421 422/422 405/405
f 405/405 422/422 406/406
f 422/422 423/423 406/406
f 406/406 423/423 407/407
f 423/423 424/424 407/407
f 407/407 424/424 408/408
f 424/424 425/425 408/408
f 408/408 425/425 409/409
f 425/425 426/426 409/409
f 409/409 426/426 410/410
f 426/426 427/427 410/410
f 410/410 427/427 411/411
f 427/427 428/428 411/411
f 411/411 428/428 412/412
f 428/428 429/429 412/412
f 412/412 429/429 413/413
f 429/429 430/430 413/413
f 413/413 430/430 414/414
f 430/430 431/431 414/414
f 414/414 431/431 415/415
f 431/431 432/432 415/415
f 415/415 432/432 416/416
f 432/432 433/433 416/416
f 416/416 433/433 417/417
f 433/433 434/434 417/417
f 451/451 452/452 435/435
f 452/452 453/453 436/436
f 453/453 454/454 437/437
f 454/454 455/455 438/438
f 455/455 456/456 439/439
f 456/456 457/457 440/440
f 457/457 458/458 441/441
f 458/458 459/459 442/442
f 459/459 460/460 443/443
f 460/460 461/461 444/444
f 461/461 462/462 445/445
f 462/462 463/463 446/446
f 463/463 464/464 447/447
f 464/464 465/465 448/448
f 465/465 466/466 449/449
f 466/466 467/467 450/450
f 485/485 484/484 468/468
f 486/486 485/485 469/469
f 487/487 486/486 470/470
f 488/488 487/487 471/471
f 489/489 488/488 472/472
f 490/490 489/489 473/473
f 491/491 490/490 474/474
f 492/492 491/491 475/475
f 493/493 492/492 476/476
f 494/494 493/493 477/477
f 495/495 494/494 478/478
f 496/496 495/495 479/479
f 497/497 496/496 480/480
f 498/498 497/497 481/481
f 499/499 498/498 482/482
f 500/500 499/499 483/483
v -48.950 67.158 11.150
v -48.950 67.211 10.882
v -48.950 67.363 10.655
v -48.950 67.590 10.503
v -48.950 67.858 10.450
v -48.950 68.126 10.503
v -48.950 68.353 10.655
v -48.950 68.505 10.882
v -48.950 68.558 11.150
v -48.950 68.505 11.418
v -48.950 68.353 11.645
v -48.950 68.126 11.797
v -48.950 67.858 11.850
v -48.950 67.590 11.797
v -48.950 67.363 11.645
v -48.950 67.211 11.418
v -48.950 67.158 11.150
v -49.750 67.158 11.150
v -49.750 67.211 10.882
v -49.750 67.363 10.655
v -49.750 67.590 10.503
v -49.750 67.858 10.450
v -49.750 68.126 10.503
v -49.750 68.353 10.655
v -49.750 68.505 10.882
v -49.750 68.558 11.150
v -49.750 68.505 11.418
v -49.750 68.353 11.645
v -49.750 68.126 11.797
v -49.750 67.858 11.850
v -49.750 67.590 11.797
v -49.750 67.363 11.645
v -49.750 67.211 11.418
v -49.750 67.158 11.150
v -48.950 67.858 11.150
v -48.950 67.858 11.150
v -48.950 67.858 11.150
v -48.950 67.858 11.150
v -48.950 67.858 11.150
v -48.950 67.858 11.150
v -48.950 67.858 11.150
v -48.950 67.858 11.150
v -48.950 67.858 11.150
v -48.950 67.858 11.150
v -48.950 67.858 11.150
v -48.950 67.858 11.150
v -48.950 67.858 11.150
v -48.950 67.858 11.150
v -48.950 67.858 11.150
v -48.950 67.858 11.150
v -48.950 67.158 11.150
v -48.950 67.211 10.882
v -48.950 67.363 10.655
v -48.950 67.590 10.503
v -48.950 67.858 10.450
v -48.950 68.126 10.503
v -48.950 68.353 10.655
v -48.950 68.505 10.882
v -48.950 68.558 11.150
v -48.950 68.505 11.418
v -48.950 68.353 11.645
v -48.950 68.126 11.797
v -48.950 67.858 11.850
v -48.950 67.590 11.797
v -48.950 67.363 11.645
v -48.950 67.211 11.418
v -48.950 67.158 11.150
v -49.750 67.858 11.150
v -49.750 67.858 11.150
v -49.750 67.858 11.150
v -49.750 67.858 11.150
v -49.750 67.858 11.150
v -49.750 67.858 11.150
v -49.750 67.858 11.150
v -49.750 67.858 11.150
v -49.750 67.858 11.150
v -49.750 67.858 11.150
v -49.750 67.858 11.150
v -49.750 67.858 11.150
v -49.750 67.858 11.150
v -49.750 67.858 11.150
v -49.750 67.858 11.150
v -49.750 67.858 11.150
v -49.750 67.158 11.150
v -49.750 67.211 10.882
v -49.750 67.363 10.655
v -49.750 67.590 10.503
v -49.750 67.858 10.450
v -49.750 68.126 10.503
v -49.750 68.353 10.655
v -49.750 68.505 10.882
v -49.750 68.558 11.150
v -49.750 68.505 11.418
v -49.750 68.353 11.645
v -49.750 68.126 11.797
v -49.750 67.858 11.850
v -49.750 67.590 11.797
v -49.750 67.363 11.645
v -49.750 67.211 11.418
v -49.750 67.158 11.150
vt 0.00000 1.00000
vt 0.06250 1.00000
vt 0.12500 1.00000
vt 0.18750 1.00000
vt 0.25000 1.00000
vt 0.31250 1.00000
vt 0.37500 1.00000
vt 0.43750 1.00000
vt 0.50000 1.00000
vt 0.56250 1.00000
vt 0.62500 1.00000
vt 0.68750 1.00000
vt 0.75000 1.00000
vt 0.81250 1.00000
vt 0.87500 1.00000
vt 0.93750 1.00000
vt 1.00000 1.00000
vt 0.00000 0.00000
vt 0.06250 0.00000
vt 0.12500 0.00000
vt 0.18750 0.00000
vt 0.25000 0.00000
vt 0.31250 0.00000
vt 0.37500 0.00000
vt 0.43750 0.00000
vt 0.50000 0.00000
vt 0.56250 0.00000
vt 0.62500 0.00000
vt 0.68750 0.00000
vt 0.75000 0.00000
vt 0.81250 0.00000
vt 0.87500 0.00000
vt 0.93750 0.00000
vt 1.00000 0.00000
vt 0.50000 0.50000
vt 0.50000 0.50000
vt 0.50000 0.50000
vt 0.50000 0.50000
vt 0.50000 0.50000
vt 0.50000 0.50000
vt 0.50000 0.50000
vt 0.50000 0.50000
vt 0.50000 0.50000
vt 0.50000 0.50000
vt 0.50000 0.50000
vt 0.50000 0.50000
vt 0.50000 0.50000
vt 0.50000 0.50000
vt 0.50000 0.50000
vt 0.50000 0.50000
vt 1.00000 0.50000
vt 0.96194 0.69134
vt 0.85355 0.85355
vt 0.69134 0.96194
vt 0.50000 1.00000
vt 0.30866 0.96194
vt 0.14645 0.85355
vt 0.03806 0.69134
vt 0.00000 0.50000
vt 0.03806 0.30866
vt 0.14645 0.14645
vt 0.30866 0.03806
vt 0.50000 0.00000
vt 0.69134 0.03806
vt 0.85355 0.14645
vt 0.96194 0.30866
vt 1.00000 0.50000
vt 0.50000 0.50000
vt 0.50000 0.50000
vt 0.50000 0.50000
vt 0.50000 0.50000
vt 0.50000 0.50000
vt 0.50000 0.50000
vt 0.50000 0.50000
vt 0.50000 0.50000
vt 0.50000 0.50000
vt 0.50000 0.50000
vt 0.50000 0.50000
vt 0.50000 0.50000
vt 0.50000 0.50000
vt 0.50000 0.50000
vt 0.50000 0.50000
vt 0.50000 0.50000
vt 1.00000 0.50000
vt 0.96194 0.30866
vt 0.85355 0.14645
vt 0.69134 0.03806
vt 0.50000 0.00000
vt 0.30866 0.03806
vt 0.14645 0.14645
vt 0.03806 0.30866
vt 0.00000 0.50000
vt 0.03806 0.69134
vt 0.14645 0.85355
vt 0.30866 0.96194
vt 0.50000 1.00000
vt 0.69134 0.96194
vt 0.85355 0.85355
vt 0.96194 0.69134
vt 1.00000 0.50000
f 501/501 518/518 502/502
f 518/518 519/519 502/502
f 502/502 519/519 503/503
f 519/519 520/520 503/503
f 503/503 520/520 504/504
f 520/520 521/521 504/504
f 504/504 521/521 505/505
f 521/521 522/522 505/505
f 505/505 522/522 506/506
f 522/522 523/523 506/506
f 506/506 523/523 507/507
f 523/523 524/524 507/507
f 507/507 524/524 508/508
f 524/524 525/525 508/508
f 508/508 525/525 509/509
f 525/525 526/526 509/509
f 509/509 526/526 510/510
f 526/526 527/527 510/510
f 510/510 527/527 511/511
f 527/527 528/528 511/511
f 511/511 528/528 512/512
f 528/528 529/529 512/512
f 512/512 529/529 513/513
f 529/529 530/530 513/513
f 513/513 530/530 514/514
f 530/530 531/531 514/514
f 514/514 531/531 515/515
f 531/531 532/532 515/515
f 515/515 532/532 516/516
f 532/532 533/533 516/516
f 516/516 533/533 517/517
f 533/533 534/534 517/517
f 551/551 552/552 535/535
f 552/552 553/553 536/536
f 553/553 554/554 537/537
f 554/554 555/555 538/538
f 555/555 556/556 539/539
f 556/556 557/557 540/540
f 557/557 558/558 541/541
f 558/558 559/559 542/542
f 559/559 560/560 543/543
f 560/560 561/561 544/544
f 561/561 562/562 545/545
f 562/562 563/563 546/546
f 563/563 564/564 547/547
f 564/564 565/565 548/548
f 565/565 566/566 549/549
f 566/566 567/567 550/550
f 585/585 584/584 568/568
f 586/586 585/585 569/569
f 587/587 586/586 570/570
f 588/588 587/587 571/571
f 589/589 588/588 572/572
f 590/590 589/589 573/573
f 591/591 590/590 574/574
f 592/592 591/591 575/575
f 593/593 592/592 576/576
f 594/594 593/593 577/577
f 595/595 594/594 578/578
f 596/596 595/595 579/579
f 597/597 596/596 580/580
f 598/598 597/597 581/581
f 599/599 598/598 582/582
f 600/600 599/599 583/583
v 48.950 64.300 16.100
v 48.950 64.353 16.368
v 48.950 64.505 16.595
v 48.950 64.732 16.747
v 48.950 65.000 16.800
v 48.950 65.268 16.747
v 48.950 65.495 16.595
v 48.950 65.647 16.368
v 48.950 65.700 16.100
v 48.950 65.647 15.832
v 48.950 65.495 15.605
v 48.950 65.268 15.453
v 48.950 65.000 15.400
v 48.950 64.732 15.453
v 48.950 64.505 15.605
v 48.950 64.353 15.832
v 48.950 64.300 16.100
v 49.750 64.300 16.100
v 49.750 64.353 16.368
v 49.750 64.505 16.595
v 49.750 64.732 16.747
v 49.750 65.000 16.800
v 49.750 65.268 16.747
v 49.750 65.495 16.595
v 49.750 65.647 16.368
v 49.750 65.700 16.100
v 49.750 65.647 15.832
v 49.750 65.495 15.605
v 49.750 65.268 15.453
v 49.750 65.000 15.400
v 49.750 64.732 15.453
v 49.750 64.505 15.605
v 49.750 64.353 15.832
v 49.750 64.300 16.100
v 48.950 65.000 16.100
v 48.950 65.000 16.100
v 48.950 65.000 16.100
v 48.950 65.000 16.100
v 48.950 65.000 16.100
v 48.950 65.000 16.100
v 48.950 65.000 16.100
v 48.950 65.000 16.100
v 48.950 65.000 16.100
v 48.950 65.000 16.100
v 48.950 65.000 16.100
v 48.950 65.000 16.100
v 48.950 65.000 16.100
v 48.950 65.000 16.100
v 48.950 65.000 16.100
v 48.950 65.000 16.100
v 48.950 64.300 16.100
v 48.950 64.353 16.368
v 48.950 64.505 16.595
v 48.950 64.732 16.747
v 48.950 65.000 16.800
v 48.950 65.268 16.747
v 48.950 65.495 16.595
v 48.950 65.647 16.368
v 48.950 65.700 16.100
v 48.950 65.647 15.832
v 48.950 65.495 15.605
v 48.950 65.268 15.453
v 48.950 65.000 15.400
v 48.950 64.732 15.453
v 48.950 64.505 15.605
v 48.950 64.353 15.832
v 48.950 64.300 16.100
v 49.750 65.000 16.100
v 49.750 65.000 16.100
v 49.750 65.000 16.100
v 49.750 65.000 16.100
v 49.750 65.000 16.100
v 49.750 65.000 16.100
v 49.750 65.000 16.100
v 49.750 65.000 16.100
v 49.750 65.000 16.100
v 49.750 65.000 16.100
v 49.750 65.000 16.100
v 49.750 65.000 16.100
v 49.750 65.000 16.100
v 49.750 65.000 16.100
v 49.750 65.000 16.100
v 49.750 65.000 16.100
v 49.750 64.300 16.100
v 49.750 64.353 16.368
v 49.750 64.505 16.595
v 49.750 64.732 16.747
v 49.750 65.000 16.800
v 49.750 65.268 16.747
v 49.750 65.495 16.595
v 49.750 65.647 16.368
v 49.750 65.700 16.100
v 49.750 65.647 15.832
v 49.750 65.495 15.605
v 49.750 65.268 15.453
v 49.750 65.000 15.400
v 49.750 64.732 15.453
v 49.750 64.505 15.605
v 49.750 64.353 15.832
v 49.750 64.300 16.100
vt 0.00000 1.00000
vt 0.06250 1.00000
vt 0.12500 1.00000
vt 0.18750 1.00000
vt 0.25000 1.00000
vt 0.31250 1.00000
vt 0.37500 1.00000
vt 0.43750 1.00000
vt 0.50000 1.00000
vt 0.56250 1.00000
vt 0.62500 1.00000
vt 0.68750 1.00000
vt 0.75000 1.00000
vt 0.81250 1.00000
vt 0.87500 1.00000
vt 0.93750 1.00000
vt 1.00000 1.00000
vt 0.00000 0.00000
vt 0.06250 0.00000
vt 0.12500 0.00000
vt 0.18750 0.00000
vt 0.25000 0.00000
vt 0.31250 0.00000
vt 0.37500 0.00000
vt 0.43750 0.00000
vt 0.50000 0.00000
vt 0.56250 0.00000
vt 0.62500 0.00000
vt 0.68750 0.00000
vt 0.75000 0.00000
vt 0.81250 0.00000
vt 0.87500 0.00000
vt 0.93750 0.00000
vt 1.00000 0.00000
vt 0.50000 0.50000
vt 0.50000 0.50000
vt 0.50000 0.50000
vt 0.50000 0.50000
vt 0.50000 0.50000
vt 0.50000 0.50000
vt 0.50000 0.50000
vt 0.50000 0.50000
vt 0.50000 0.50000
vt 0.50000 0.50000
vt 0.50000 0.50000
vt 0.50000 0.50000
vt 0.50000 0.50000
vt 0.50000 0.50000
vt 0.50000 0.50000
vt 0.50000 0.50000
vt 1.00000 0.50000
vt 0.96194 0.69134
vt 0.85355 0.85355
vt 0.69134 0.96194
vt 0.50000 1.00000
vt 0.30866 0.96194
vt 0.14645 0.85355
vt 0.03806 0.69134
vt 0.00000 0.50000
vt 0.03806 0.30866
vt 0.14645 0.14645
vt 0.30866 0.03806
vt 0.50000 0.00000
vt 0.69134 0.03806
vt 0.85355 0.14645
vt 0.96194 0.30866
vt 1.00000 0.50000
vt 0.50000 0.50000
vt 0.50000 0.50000
vt 0.50000 0.50000
vt 0.50000 0.50000
vt 0.50000 0.50000
vt 0.50000 0.50000
vt 0.50000 0.50000
vt 0.50000 0.50000
vt 0.50000 0.50000
vt 0.50000 0.50000
vt 0.50000 0.50000
vt 0.50000 0.50000
vt 0.50000 0.50000
vt 0.50000 0.50000
vt 0.50000 0.50000
vt 0.50000 0.50000
vt 1.00000 0.50000
vt 0.96194 0.30866
vt 0.85355 0.14645
vt 0.69134 0.03806
vt 0.50000 0.00000
vt 0.30866 0.03806
vt 0.14645 0.14645
vt 0.03806 0.30866
vt 0.00000 0.50000
vt 0.03806 0.69134
vt 0.14645 0.85355
vt 0.30866 0.96194
vt 0.50000 1.00000
vt 0.69134 0.96194
vt 0.85355 0.85355
vt 0.96194 0.69134
vt 1.00000 0.50000
f 601/601 618/618 602/602
f 618/618 619/619 602/602
f 602/602 619/619 603/603
f 619/619 620/620 603/603
f 603/603 620/620 604/604
f 620/620 621/621 604/604
f 604/604 621/621 605/605
f 621/621 622/622 605/605
f 605/605 622/622 606/606
f 622/622 623/623 606/606
f 606/606 623/623 607/607
f 623/623 624/624 607/607
f 607/607 624/624 608/608
f 624/624 625/625 608/608
f 608/608 625/625 609/609
f 625/625 626/626 609/609
f 609/609 626/626 610/610
f 626/626 627/627 610/610
f 610/610 627/627 611/611
f 627/627 628/628 611/611
f 611/611 628/628 612/612
f 628/628 629/629 612/612
f 612/612 629/629 613/613
f 629/629 630/630 613/613
f 613/613 630/630 614/614
f 630/630 631/631 614/614
f 614/614 631/631 615/615
f 631/631 632/632 615/615
f 615/615 632/632 616/616
f 632/632 633/633 616/616
f 616/616 633/633 617/617
f 633/633 634/634 617/617
f 651/651 652/652 635/635
f 652/652 653/653 636/636
f 653/653 654/654 637/637
f 654/654 655/655 638/638
f 655/655 656/656 639/639
f 656/656 657/657 640/640
f 657/657 658/658 641/641
f 658/658 659/659 642/642
f 659/659 660/660 643/643
f 660/660 661/661 644/644
f 661/661 662/662 645/645
f 662/662 663/663 646/646
f 663/663 664/664 647/647
f 664/664 665/665 648/648
f 665/665 666/666 649/649
f 666/666 667/667 650/650
f 685/685 684/684 668/668
f 686/686 685/685 669/669
f 687/687 686/686 670/670
f 688/688 687/687 671/671
f 689/689 688/688 672/672
f 690/690 689/689 673/673
f 691/691 690/690 674/674
f 692/692 691/691 675/675
f 693/693 692/692 676/676
f 694/694 693/693 677/677
f 695/695 694/694 678/678
f 696/696 695/695 679/679
f 697/697 696/696 680/680
f 698/698 697/697 681/681
f 699/699 698/698 682/682
f 700/700 699/699 683/683
v 48.950 61.442 11.150
v 48.950 61.495 11.418
v 48.950 61.647 11.645
v 48.950 61.874 11.797
v 48.950 62.142 11.850
v 48.950 62.410 11.797
v 48.950 62.637 11.645
v 48.950 62.789 11.418
v 48.950 62.842 11.150
v 48.950 62.789 10.882
v 48.950 62.637 10.655
v 48.950 62.410 10.503
v 48.950 62.142 10.450
v 48.950 61.874 10.503
v 48.950 61.647 10.655
v 48.950 61.495 10.882
v 48.950 61.442 11.150
v 49.750 61.442 11.150
v 49.750 61.495 11.418
v 49.750 61.647 11.645
v 49.750 61.874 11.797
v 49.750 62.142 11.850
v 49.750 62.410 11.797
v 49.750 62.637 11.645
v 49.750 62.789 11.418
v 49.750 62.842 11.150
v 49.750 62.789 10.882
v 49.750 62.637 10.655
v 49.750 62.410 10.503
v 49.750 62.142 10.450
v 49.750 61.874 10.503
v 49.750 61.647 10.655
v 49.750 61.495 10.882
v 49.750 61.442 11.150
v 48.950 62.142 11.150
v 48.950 62.142 11.150
v 48.950 62.142 11.150
v 48.950 62.142 11.150
v 48.950 62.142 11.150
v 48.950 62.142 11.150
v 48.950 62.142 11.150
v 48.950 62.142 11.150
v 48.950 62.142 11.150
v 48.950 62.142 11.150
v 48.950 62.142 11.150
v 48.950 62.142 11.150
v 48.950 62.142 11.150
v 48.950 62.142 11.150
v 48.950 62.142 11.150
v 48.950 62.142 11.150
v 48.950 61.442 11.150
v 48.950 61.495 11.418
v 48.950 61.647 11.645
v 48.950 61.874 11.797
v 48.950 62.142 11.850
v 48.950 62.410 11.797
v 48.950 62.637 11.645
v 48.950 62.789 11.418
v 48.950 62.842 11.150
v 48.950 62.789 10.882
v 48.950 62.637 10.655
v 48.950 62.410 10.503
v 48.950 62.142 10.450
v 48.950 61.874 10.503
v 48.950 61.647 10.655
v 48.950 61.495 10.882
v 48.950 61.442 11.150
v 49.750 62.142 11.150
v 49.750 62.142 11.150
v 49.750 62.142 11.150
v 49.750 62.142 11.150
v 49.750 62.142 11.150
v 49.750 62.142 11.150
v 49.750 62.142 11.150
v 49.750 62.142 11.150
v 49.750 62.142 11.150
v 49.750 62.142 11.150
v 49.750 62.142 11.150
v 49.750 62.142 11.150
v 49.750 62.142 11.150
v 49.750 62.142 11.150
v 49.750 62.142 11.150
v 49.750 62.142 11.150
v 49.750 61.442 11.150
v 49.750 61.495 11.418
v 49.750 61.647 11.645
v 49.750 61.874 11.797
v 49.750 62.142 11.850
v 49.750 62.410 11.797
v 49.750 62.637 11.645
v 49.750 62.789 11.418
v 49.750 62.842 11.150
v 49.750 62.789 10.882
v 49.750 62.637 10.655
v 49.750 62.410 10.503
v 49.750 62.142 10.450
v 49.750 61.874 10.503
v 49.750 61.647 10.655
v 49.750 61.495 10.882
v 49.750 61.442 11.150
vt 0.00000 1.00000
vt 0.06250 1.00000
vt 0.12500 1.00000
vt 0.18750 1.00000
vt 0.25000 1.00000
vt 0.31250 1.00000
vt 0.37500 1.00000
vt 0.43750 1.00000
vt 0.50000 1.00000
vt 0.56250 1.00000
vt 0.62500 1.00000
vt 0.68750 1.00000
vt 0.75000 1.00000
vt 0.81250 1.00000
vt 0.87500 1.00000
vt 0.93750 1.00000
vt 1.00000 1.00000
vt 0.00000 0.00000
vt 0.06250 0.00000
vt 0.12500 0.00000
vt 0.18750 0.00000
vt 0.25000 0.00000
vt 0.31250 0.00000
vt 0.37500 0.00000
vt 0.43750 0.00000
vt 0.50000 0.00000
vt 0.56250 0.00000
vt 0.62500 0.00000
vt 0.68750 0.00000
vt 0.75000 0.00000
vt 0.81250 0.00000
vt 0.87500 0.00000
vt 0.93750 0.00000
vt 1.00000 0.00000
vt 0.50000 0.50000
vt 0.50000 0.50000
vt 0.50000 0.50000
vt 0.50000 0.50000
vt 0.50000 0.50000
vt 0.50000 0.50000
vt 0.50000 0.50000
vt 0.50000 0.50000
vt 0.50000 0.50000
vt 0.50000 0.50000
vt 0.50000 0.50000
vt 0.50000 0.50000
vt 0.50000 0.50000
vt 0.50000 0.50000
vt 0.50000 0.50000
vt 0.50000 0.50000
vt 1.00000 0.50000
vt 0.96194 0.69134
vt 0.85355 0.85355
vt 0.69134 0.96194
vt 0.50000 1.00000
vt 0.30866 0.96194
vt 0.14645 0.85355
vt 0.03806 0.69134
vt 0.00000 0.50000
vt 0.03806 0.30866
vt 0.14645 0.14645
vt 0.30866 0.03806
vt 0.50000 0.00000
vt 0.69134 0.03806
vt 0.85355 0.14645
vt 0.96194 0.30866
vt 1.00000 0.50000
vt 0.50000 0.50000
vt 0.50000 0.50000
vt 0.50000 0.50000
vt 0.50000 0.50000
vt 0.50000 0.50000
vt 0.50000 0.50000
vt 0.50000 0.50000
vt 0.50000 0.50000
vt 0.50000 0.50000
vt 0.50000 0.50000
vt 0.50000 0.50000
vt 0.50000 0.50000
vt 0.50000 0.50000
vt 0.50000 0.50000
vt 0.50000 0.50000
vt 0.50000 0.50000
vt 1.00000 0.50000
vt 0.96194 0.30866
vt 0.85355 0.14645
vt 0.69134 0.03806
vt 0.50000 0.00000
vt 0.30866 0.03806
vt 0.14645 0.14645
vt 0.03806 0.30866
vt 0.00000 0.50000
vt 0.03806 0.69134
vt 0.14645 0.85355
vt 0.30866 0.96194
vt 0.50000 1.00000
vt 0.69134 0.96194
vt 0.85355 0.85355
vt 0.96194 0.69134
vt 1.00000 0.50000
f 701/701 718/718 702/702
f 718/718 719/719 702/702
f 702/702 719/719 703/703
f 719/719 720/720 703/703
f 703/703 720/720 704/704
f 720/720 721/721 704/704
f 704/704 721/721 705/705
f 721/721 722/722 705/705
f 705/705 722/722 706/706
f 722/722 723/723 706/706
f 706/706 723/723 707/707
f 723/723 724/724 707/707
f 707/707 724/724 708/708
f 724/724 725/725 708/708
f 708/708 725/725 709/709
f 725/725 726/726 709/709
f 709/709 726/726 710/710
f 726/726 727/727 710/710
f 710/710 727/727 711/711
f 727/727 728/728 711/711
f 711/711 728/728 712/712
f 728/728 729/729 712/712
f 712/712 729/729 713/713
f 729/729 730/730 713/713
f 713/713 730/730 714/714
f 730/730 731/731 714/714
f 714/714 731/731 715/715
f 731/731 732/732 715/715
f 715/715 732/732 716/716
f 732/732 733/733 716/716
f 716/716 733/733 717/717
f 733/733 734/734 717/717
f 751/751 752/752 735/735
f 752/752 753/753 736/736
f 753/753 754/754 737/737
f 754/754 755/755 738/738
f 755/755 756/756 739/739
f 756/756 757/757 740/740
f 757/757 758/758 741/741
f 758/758 759/759 742/742
f 759/759 760/760 743/743
f 760/760 761/761 744/744
f 761/761 762/762 745/745
f 762/762 763/763 746/746
f 763/763 764/764 747/747
f 764/764 765/765 748/748
f 765/765 766/766 749/749
f 766/766 767/767 750/750
f 785/785 784/784 768/768
f 786/786 785/785 769/769
f 787/787 786/786 770/770
f 788/788 787/787 771/771
f 789/789 788/788 772/772
f 790/790 789/789 773/773
f 791/791 790/790 774/774
f 792/792 791/791 775/775
f 793/793 792/792 776/776
f 794/794 793/793 777/777
f 795/795 794/794 778/778
f 796/796 795/795 779/779
f 797/797 796/796 780/780
f 798/798 797/797 781/781
f 799/799 798/798 782/782
f 800/800 799/799 783/783
v 48.950 67.158 11.150
v 48.950 67.211 11.418
v 48.950 67.363 11.645
v 48.950 67.590 11.797
v 48.950 67.858 11.850
v 48.950 68.126 11.797
v 48.950 68.353 11.645
v 48.950 68.505 11.418
v 48.950 68.558 11.150
v 48.950 68.505 10.882
v 48.950 68.353 10.655
v 48.950 68.126 10.503
v 48.950 67.858 10.450
v 48.950 67.590 10.503
v 48.950 67.363 10.655
v 48.950 67.211 10.882
v 48.950 67.158 11.150
v 49.750 67.158 11.150
v 49.750 67.211 11.418
v 49.750 67.363 11.645
v 49.750 67.590 11.797
v 49.750 67.858 11.850
v 49.750 68.126 11.797
v 49.750 68.353 11.645
v 49.750 68.505 11.418
v 49.750 68.558 11.150
v 49.750 68.505 10.882
v 49.750 68.353 10.655
v 49.750 68.126 10.503
v 49.750 67.858 10.450
v 49.750 67.590 10.503
v 49.750 67.363 10.655
v 49.750 67.211 10.882
v 49.750 67.158 11.150
v 48.950 67.858 11.150
v 48.950 67.858 11.150
v 48.950 67.858 11.150
v 48.950 67.858 11.150
v 48.950 67.858 11.150
v 48.950 67.858 11.150
v 48.950 67.858 11.150
v 48.950 67.858 11.150
v 48.950 67.858 11.150
v 48.950 67.858 11.150
v 48.950 67.858 11.150
v 48.950 67.858 11.150
v 48.950 67.858 11.150
v 48.950 67.858 11.150
v 48.950 67.858 11.150
v 48.950 67.858 11.150
v 48.950 67.158 11.150
v 48.950 67.211 11.418
v 48.950 67.363 11.645
v 48.950 67.590 11.797
v 48.950 67.858 11.850
v 48.950 68.126 11.797
v 48.950 68.353 11.645
v 48.950 68.505 11.418
v 48.950 68.558 11.150
v 48.950 68.505 10.882
v 48.950 68.353 10.655
v 48.950 68.126 10.503
v 48.950 67.858 10.450
v 48.950 67.590 10.503
v 48.950 67.363 10.655
v 48.950 67.211 10.882
v 48.950 67.158 11.150
v 49.750 67.858 11.150
v 49.750 67.858 11.150
v 49.750 67.858 11.150
v 49.750 67.858 11.150
v 49.750 67.858 11.150
v 49.750 67.858 11.150
v 49.750 67.858 11.150
v 49.750 67.858 11.150
v 49.750 67.858 11.150
v 49.750 67.858 11.150
v 49.750 67.858 11.150
v 49.750 67.858 11.150
v 49.750 67.858 11.150
v 49.750 67.858 11.150
v 49.750 67.858 11.150
v 49.750 67.858 11.150
v 49.750 67.158 11.150
v 49.750 67.211 11.418
v 49.750 67.363 11.645
v 49.750 67.590 11.797
v 49.750 67.858 11.850
v 49.750 68.126 11.797
v 49.750 68.353 11.645
v 49.750 68.505 11.418
v 49.750 68.558 11.150
v 49.750 68.505 10.882
v 49.750 68.353 10.655
v 49.750 68.126 10.503
v 49.750 67.858 10.450
v 49.750 67.590 10.503
v 49.750 67.363 10.655
v 49.750 67.211 10.882
v 49.750 67.158 11.150
vt 0.00000 1.00000
vt 0.06250 1.00000
vt 0.12500 1.00000
vt 0.18750 1.00000
vt 0.25000 1.00000
vt 0.31250 1.00000
vt 0.37500 1.00000
vt 0.43750 1.00000
vt 0.50000 1.00000
vt 0.56250 1.00000
vt 0.62500 1.00000
vt 0.68750 1.00000
vt 0.75000 1.00000
vt 0.81250 1.00000
vt 0.87500 1.00000
vt 0.93750 1.00000
vt 1.00000 1.00000
vt 0.00000 0.00000
vt 0.06250 0.00000
vt 0.12500 0.00000
vt 0.18750 0.00000
vt 0.25000 0.00000
vt 0.31250 0.00000
vt 0.37500 0.00000
vt 0.43750 0.00000
vt 0.50000 0.00000
vt 0.56250 0.00000
vt 0.62500 0.00000
vt 0.68750 0.00000
vt 0.75000 0.00000
vt 0.81250 0.00000
vt 0.87500 0.00000
vt 0.93750 0.00000
vt 1.00000 0.00000
vt 0.50000 0.50000
vt 0.50000 0.50000
vt 0.50000 0.50000
vt 0.50000 0.50000
vt 0.50000 0.50000
vt 0.50000 0.50000
vt 0.50000 0.50000
vt 0.50000 0.50000
vt 0.50000 0.50000
vt 0.50000 0.50000
vt 0.50000 0.50000
vt 0.50000 0.50000
vt 0.50000 0.50000
vt 0.50000 0.50000
vt 0.50000 0.50000
vt 0.50000 0.50000
vt 1.00000 0.50000
vt 0.96194 0.69134
vt 0.85355 0.85355
vt 0.69134 0.96194
vt 0.50000 1.00000
vt 0.30866 0.96194
vt 0.14645 0.85355
vt 0.03806 0.69134
vt 0.00000 0.50000
vt 0.03806 0.30866
vt 0.14645 0.14645
vt 0.30866 0.03806
vt 0.50000 0.00000
vt 0.69134 0.03806
vt 0.85355 0.14645
vt 0.96194 0.30866
vt 1.00000 0.50000
vt 0.50000 0.50000
vt 0.50000 0.50000
vt 0.50000 0.50000
vt 0.50000 0.50000
vt 0.50000 0.50000
vt 0.50000 0.50000
vt 0.50000 0.50000
vt 0.50000 0.50000
vt 0.50000 0.50000
vt 0.50000 0.50000
vt 0.50000 0.50000
vt 0.50000 0.50000
vt 0.50000 0.50000
vt 0.50000 0.50000
vt 0.50000 0.50000
vt 0.50000 0.50000
vt 1.00000 0.50000
vt 0.96194 0.30866
vt 0.85355 0.14645
vt 0.69134 0.03806
vt 0.50000 0.00000
vt 0.30866 0.03806
vt 0.14645 0.14645
vt 0.03806 0.30866
vt 0.00000 0.50000
vt 0.03806 0.69134
vt 0.14645 0.85355
vt 0.30866 0.96194
vt 0.50000 1.00000
vt 0.69134 0.96194
vt 0.85355 0.85355
vt 0.96194 0.69134
vt 1.00000 0.50000
f 801/801 818/818 802/802
f 818/818 819/819 802/802
f 802/802 819/819 803/803
f 819/819 820/820 803/803
f 803/803 820/820 804/804
f 820/820 821/821 804/804
f 804/804 821/821 805/805
f 821/821 822/822 805/805
f 805/805 822/822 806/806
f 822/822 823/823 806/806
f 806/806 823/823 807/807
f 823/823 824/824 807/807
f 807/807 824/824 808/808
f 824/824 825/825 808/808
f 808/808 825/825 809/809
f 825/825 826/826 809/809
f 809/809 826/826 810/810
f 826/826 827/827 810/810
f 810/810 827/827 811/811
f 827/827 828/828 811/811
f 811/811 828/828 812/812
f 828/828 829/829 812/812
f 812/812 829/829 813/813
f 829/829 830/830 813/813
f 813/813 830/830 814/814
f 830/830 831/831 814/814
f 814/814 831/831 815/815
f 831/831 832/832 815/815
f 815/815 832/832 816/816
f 832/832 833/833 816/816
f 816/816 833/833 817/817
f 833/833 834/834 817/817
f 851/851 852/852 835/835
f 852/852 853/853 836/836
f 853/853 854/854 837/837
f 854/854 855/855 838/838
f 855/855 856/856 839/839
f 856/856 857/857 840/840
f 857/857 858/858 841/841
f 858/858 859/859 842/842
f 859/859 860/860 843/843
f 860/860 861/861 844/844
f 861/861 862/862 845/845
f 862/862 863/863 846/846
f 863/863 864/864 847/847
f 864/864 865/865 848/848
f 865/865 866/866 849/849
f 866/866 867/867 850/850
f 885/885 884/884 868/868
f 886/886 885/885 869/869
f 887/887 886/886 870/870
f 888/888 887/887 871/871
f 889/889 888/888 872/872
f 890/890 889/889 873/873
f 891/891 890/890 874/874
f 892/892 891/891 875/875
f 893/893 892/892 876/876
f 894/894 893/893 877/877
f 895/895 894/894 878/878
f 896/896 895/895 879/879
f 897/897 896/896 880/880
f 898/898 897/897 881/881
f 899/899 898/898 882/882
f 900/900 899/899 883/883
v 63.050 64.300 16.100
v 63.050 64.353 15.832
v 63.050 64.505 15.605
v 63.050 64.732 15.453
v 63.050 65.000 15.400
v 63.050 65.268 15.453
v 63.050 65.495 15.605
v 63.050 65.647 15.832
v 63.050 65.700 16.100
v 63.050 65.647 16.368
v 63.050 65.495 16.595
v 63.050 65.268 16.747
v 63.050 65.000 16.800
v 63.050 64.732 16.747
v 63.050 64.505 16.595
v 63.050 64.353 16.368
v 63.050 64.300 16.100
v 62.250 64.300 16.100
v 62.250 64.353 15.832
v 62.250 64.505 15.605
v 62.250 64.732 15.453
v 62.250 65.000 15.400
v 62.250 65.268 15.453
v 62.250 65.495 15.605
v 62.250 65.647 15.832
v 62.250 65.700 16.100
v 62.250 65.647 16.368
v 62.250 65.495 16.595
v 62.250 65.268 16.747
v 62.250 65.000 16.800
v 62.250 64.732 16.747
v 62.250 64.505 16.595
v 62.250 64.353 16.368
v 62.250 64.300 16.100
v 63.050 65.000 16.100
v 63.050 65.000 16.100
v 63.050 65.000 16.100
v 63.050 65.000 16.100
v 63.050 65.000 16.100
v 63.050 65.000 16.100
v 63.050 65.000 16.100
v 63.050 65.000 16.100
v 63.050 65.000 16.100
v 63.050 65.000 16.100
v 63.050 65.000 16.100
v 63.050 65.000 16.100
v 63.050 65.000 16.100
v 63.050 65.000 16.100
v 63.050 65.000 16.100
v 63.050 65.000 16.100
v 63.050 64.300 16.100
v 63.050 64.353 15.832
v 63.050 64.505 15.605
v 63.050 64.732 15.453
v 63.050 65.000 15.400
v 63.050 65.268 15.453
v 63.050 65.495 15.605
v 63.050 65.647 15.832
v 63.050 65.700 16.100
v 63.050 65.647 16.368
v 63.050 65.495 16.595
v 63.050 65.268 16.747
v 63.050 65.000 16.800
v 63.050 64.732 16.747
v 63.050 64.505 16.595
v 63.050 64.353 16.368
v 63.050 64.300 16.100
v 62.250 65.000 16.100
v 62.250 65.000 16.100
v 62.250 65.000 16.100
v 62.250 65.000 16.100
v 62.250 65.000 16.100
v 62.250 65.000 16.100
v 62.250 65.000 16.100
v 62.250 65.000 16.100
v 62.250 65.000 16.100
v 62.250 65.000 16.100
v 62.250 65.000 16.100
v 62.250 65.000 16.100
v 62.250 65.000 16.100
v 62.250 65.000 16.100
v 62.250 65.000 16.100
v 62.250 65.000 16.100
v 62.250 64.300 16.100
v 62.250 64.353 15.832
v 62.250 64.505 15.605
v 62.250 64.732 15.453
v 62.250 65.000 15.400
v 62.250 65.268 15.453
v 62.250 65.495 15.605
v 62.250 65.647 15.832
v 62.250 65.700 16.100
v 62.250 65.647 16.368
v 62.250 65.495 16.595
v 62.250 65.268 16.747
v 62.250 65.000 16.800
v 62.250 64.732 16.747
v 62.250 64.505 16.595
v 62.250 64.353 16.368
v 62.250 64.300 16.100
vt 0.00000 1.00000
vt 0.06250 1.00000
vt 0.12500 1.00000
vt 0.18750 1.00000
vt 0.25000 1.00000
vt 0.31250 1.00000
vt 0.37500 1.00000
vt 0.43750 1.00000
vt 0.50000 1.00000
vt 0.56250 1.00000
vt 0.62500 1.00000
vt 0.68750 1.00000
vt 0.75000 1.00000
vt 0.81250 1.00000
vt 0.87500 1.00000
vt 0.93750 1.00000
vt 1.00000 1.00000
vt 0.00000 0.00000
vt 0.06250 0.00000
vt 0.12500 0.00000
vt 0.18750 0.00000
vt 0.25000 0.00000
vt 0.31250 0.00000
vt 0.37500 0.00000
vt 0.43750 0.00000
vt 0.50000 0.00000
vt 0.56250 0.00000
vt 0.62500 0.00000
vt 0.68750 0.00000
vt 0.75000 0.00000
vt 0.81250 0.00000
vt 0.87500 0.00000
vt 0.93750 0.00000
vt 1.00000 0.00000
vt 0.50000 0.50000
vt 0.50000 0.50000
vt 0.50000 0.50000
vt 0.50000 0.50000
vt 0.50000 0.50000
vt 0.50000 0.50000
vt 0.50000 0.50000
vt 0.50000 0.50000
vt 0.50000 0.50000
vt 0.50000 0.50000
vt 0.50000 0.50000
vt 0.50000 0.50000
vt 0.50000 0.50000
vt 0.50000 0.50000
vt 0.50000 0.50000
vt 0.50000 0.50000
vt 1.00000 0.50000
vt 0.96194 0.69134
vt 0.85355 0.85355
vt 0.69134 0.96194
vt 0.50000 1.00000
vt 0.30866 0.96194
vt 0.14645 0.85355
vt 0.03806 0.69134
vt 0.00000 0.50000
vt 0.03806 0.30866
vt 0.14645 0.14645
vt 0.30866 0.03806
vt 0.50000 0.00000
vt 0.69134 0.03806
vt 0.85355 0.14645
vt 0.96194 0.30866
vt 1.00000 0.50000
vt 0.50000 0.50000
vt 0.50000 0.50000
vt 0.50000 0.50000
vt 0.50000 0.50000
vt 0.50000 0.50000
vt 0.50000 0.50000
vt 0.50000 0.50000
vt 0.50000 0.50000
vt 0.50000 0.50000
vt 0.50000 0.50000
vt 0.50000 0.50000
vt 0.50000 0.50000
vt 0.50000 0.50000
vt 0.50000 0.50000
vt 0.50000 0.50000
vt 0.50000 0.50000
vt 1.00000 0.50000
vt 0.96194 0.30866
vt 0.85355 0.14645
vt 0.69134 0.03806
vt 0.50000 0.00000
vt 0.30866 0.03806
vt 0.14645 0.14645
vt 0.03806 0.30866
vt 0.00000 0.50000
vt 0.03806 0.69134
vt 0.14645 0.85355
vt 0.30866 0.96194
vt 0.50000 1.00000
vt 0.69134 0.96194
vt 0.85355 0.85355
vt 0.96194 0.69134
vt 1.00000 0.50000
f 901/901 918/918 902/902
f 918/918 919/919 902/902
f 902/902 919/919 903/903
f 919/919 920/920 903/903
f 903/903 920/920 904/904
f 920/920 921/921 904/904
f 904/904 921/921 905/905
f 921/921 922/922 905/905
f 905/905 922/922 906/906
f 922/922 923/923 906/906
f 906/906 923/923 907/907
f 923/923 924/924 907/907
f 907/907 924/924 908/908
f 924/924 925/925 908/908
f 908/908 925/925 909/909
f 925/925 926/926 909/909
f 909/909 926/926 910/910
f 926/926 927/927 910/910
f 910/910 927/927 911/911
f 927/927 928/928 911/911
f 911/911 928/928 912/912
f 928/928 929/929 912/912
f 912/912 929/929 913/913
f 929/929 930/930 913/913
f 913/913 930/930 914/914
f 930/930 931/931 914/914
f 914/914 931/931 915/915
f 931/931 932/932 915/915
f 915/915 932/932 916/916
f 932/932 933/933 916/916
f 916/916 933/933 917/917
f 933/933 934/934 917/917
f 951/951 952/952 935/935
f 952/952 953/953 936/936
f 953/953 954/954 937/937
f 954/954 955/955 938/938
f 955/955 956/956 939/939
f 956/956 957/957 940/940
f 957/957 958/958 941/941
f 958/958 959/959 942/942
f 959/959 960/960 943/943
f 960/960 961/961 944/944
f 961/961 962/962 945/945
f 962/962 963/963 946/946
f 963/963 964/964 947/947
f 964/964 965/965 948/948
f 965/965 966/966 949/949
f 966/966 967/967 950/950
f 985/985 984/984 968/968
f 986/986 985/985 969/969
f 987/987 986/986 970/970
f 988/988 987/987 971/971
f 989/989 988/988 972/972
f 990/990 989/989 973/973
f 991/991 990/990 974/974
f 992/992 991/991 975/975
f 993/993 992/992 976/976
f 994/994 993/993 977/977
f 995/995 994/994 978/978
f 996/996 995/995 979/979
f 997/997 996/996 980/980
f 998/998 997/997 981/981
f 999/999 998/998 982/982
f 1000/1000 999/999 983/983
v 63.050 61.442 11.150
v 63.050 61.495 10.882
v 63.050 61.647 10.655
v 63.050 61.874 10.503
v 63.050 62.142 10.450
v 63.050 62.410 10.503
v 63.050 62.637 10.655
v 63.050 62.789 10.882
v 63.050 62.842 11.150
v 63.050 62.789 11.418
v 63.050 62.637 11.645
v 63.050 62.410 11.797
v 63.050 62.142 11.850
v 63.050 61.874 11.797
v 63.050 61.647 11.645
v 63.050 61.495 11.418
v 63.050 61.442 11.150
v 62.250 61.442 11.150
v 62.250 61.495 10.882
v 62.250 61.647 10.655
v 62.250 61.874 10.503
v 62.250 62.142 10.450
v 62.250 62.410 10.503
v 62.250 62.637 10.655
v 62.250 62.789 10.882
v 62.250 62.842 11.150
v 62.250 62.789 11.418
v 62.250 62.637 11.645
v 62.250 62.410 11.797
v 62.250 62.142 11.850
v 62.250 61.874 11.797
v 62.250 61.647 11.645
v 62.250 61.495 11.418
v 62.250 61.442 11.150
v 63.050 62.142 11.150
v 63.050 62.142 11.150
v 63.050 62.142 11.150
v 63.050 62.142 11.150
v 63.050 62.142 11.150
v 63.050 62.142 11.150
v 63.050 62.142 11.150
v 63.050 62.142 11.150
v 63.050 62.142 11.150
v 63.050 62.142 11.150
v 63.050 62.142 11.150
v 63.050 62.142 11.150
v 63.050 62.142 11.150
v 63.050 62.142 11.150
v 63.050 62.142 11.150
v 63.050 62.142 11.150
v 63.050 61.442 11.150
v 63.050 61.495 10.882
v 63.050 61.647 10.655
v 63.050 61.874 10.503
v 63.050 62.142 10.450
v 63.050 62.410 10.503
v 63.050 62.637 10.655
v 63.050 62.789 10.882
v 63.050 62.842 11.150
v 63.050 62.789 11.418
v 63.050 62.637 11.645
v 63.050 62.410 11.797
v 63.050 62.142 11.850
v 63.050 61.874 11.797
v 63.050 61.647 11.645
v 63.050 61.495 11.418
v 63.050 61.442 11.150
v 62.250 62.142 11.150
v 62.250 62.142 11.150
v 62.250 62.142 11.150
v 62.250 62.142 11.150
v 62.250 62.142 11.150
v 62.250 62.142 11.150
v 62.250 62.142 11.150
v 62.250 62.142 11.150
v 62.250 62.142 11.150
v 62.250 62.142 11.150
v 62.250 62.142 11.150
v 62.250 62.142 11.150
v 62.250 62.142 11.150
v 62.250 62.142 11.150
v 62.250 62.142 11.150
v 62.250 62.142 11.150
v 62.250 61.442 11.150
v 62.250 61.495 10.882
v 62.250 61.647 10.655
v 62.250 61.874 10.503
v 62.250 62.142 10.450
v 62.250 62.410 10.503
v 62.250 62.637 10.655
v 62.250 62.789 10.882
v 62.250 62.842 11.150
v 62.250 62.789 11.418
v 62.250 62.637 11.645
v 62.250 62.410 11.797
v 62.250 62.142 11.850
v 62.250 61.874 11.797
v 62.250 61.647 11.645
v 62.250 61.495 11.418
v 62.250 61.442 11.150
vt 0.00000 1.00000
vt 0.06250 1.00000
vt 0.12500 1.00000
vt 0.18750 1.00000
vt 0.25000 1.00000
vt 0.31250 1.00000
vt 0.37500 1.00000
vt 0.43750 1.00000
vt 0.50000 1.00000
vt 0.56250 1.00000
vt 0.62500 1.00000
vt 0.68750 1.00000
vt 0.75000 1.00000
vt 0.81250 1.00000
vt 0.87500 1.00000
vt 0.93750 1.00000
vt 1.00000 1.00000
vt 0.00000 0.00000
vt 0.06250 0.00000
vt 0.12500 0.00000
vt 0.18750 0.00000
vt 0.25000 0.00000
vt 0.31250 0.00000
vt 0.37500 0.00000
vt 0.43750 0.00000
vt 0.50000 0.00000
vt 0.56250 0.00000
vt 0.62500 0.00000
vt 0.68750 0.00000
vt 0.75000 0.00000
vt 0.81250 0.00000
vt 0.87500 0.00000
vt 0.93750 0.00000
vt 1.00000 0.00000
vt 0.50000 0.50000
vt 0.50000 0.50000
vt 0.50000 0.50000
vt 0.50000 0.50000
vt 0.50000 0.50000
vt 0.50000 0.50000
vt 0.50000 0.50000
vt 0.50000 0.50000
vt 0.50000 0.50000
vt 0.50000 0.50000
vt 0.50000 0.50000
vt 0.50000 0.50000
vt 0.50000 0.50000
vt 0.50000 0.50000
vt 0.50000 0.50000
vt 0.50000 0.50000
vt 1.00000 0.50000
vt 0.96194 0.69134
vt 0.85355 0.85355
vt 0.69134 0.96194
vt 0.50000 1.00000
vt 0.30866 0.96194
vt 0.14645 0.85355
vt 0.03806 0.69134
vt 0.00000 0.50000
vt 0.03806 0.30866
vt 0.14645 0.14645
vt 0.30866 0.03806
vt 0.50000 0.00000
vt 0.69134 0.03806
vt 0.85355 0.14645
vt 0.96194 0.30866
vt 1.00000 0.50000
vt 0.50000 0.50000
vt 0.50000 0.50000
vt 0.50000 0.50000
vt 0.50000 0.50000
vt 0.50000 0.50000
vt 0.50000 0.50000
vt 0.50000 0.50000
vt 0.50000 0.50000
vt 0.50000 0.50000
vt 0.50000 0.50000
vt 0.50000 0.50000
vt 0.50000 0.50000
vt 0.50000 0.50000
vt 0.50000 0.50000
vt 0.50000 0.50000
vt 0.50000 0.50000
vt 1.00000 0.50000
vt 0.96194 0.30866
vt 0.85355 0.14645
vt 0.69134 0.03806
vt 0.50000 0.00000
vt 0.30866 0.03806
vt 0.14645 0.14645
vt 0.03806 0.30866
vt 0.00000 0.50000
vt 0.03806 0.69134
vt 0.14645 0.85355
vt 0.30866 0.96194
vt 0.50000 1.00000
vt 0.69134 0.96194
vt 0.85355 0.85355
vt 0.96194 0.69134
vt 1.00000 0.50000
f 1001/1001 1018/1018 1002/1002
f 1018/1018 1019/1019 1002/1002
f 1002/1002 1019/1019 1003/1003
f 1019/1019 1020/1020 1003/1003
f 1003/1003 1020/1020 1004/1004
f 1020/1020 1021/1021 1004/1004
f 1004/1004 1021/1021 1005/1005
f 1021/1021 1022/1022 1005/1005
f 1005/1005 1022/1022 1006/1006
f 1022/1022 1023/1023 1006/1006
f 1006/1006 1023/1023 1007/1007
f 1023/1023 1024/1024 1007/1007
f 1007/1007 1024/1024 1008/1008
f 1024/1024 1025/1025 1008/1008
f 1008/1008 1025/1025 1009/1009
f 1025/1025 1026/1026 1009/1009
f 1009/1009 1026/1026 1010/1010
f 1026/1026 1027/1027 1010/1010
f 1010/1010 1027/1027 1011/1011
f 1027/1027 1028/1028 1011/1011
f 1011/1011 1028/1028 1012/1012
f 1028/1028 1029/1029 1012/1012
f 1012/1012 1029/1029 1013/1013
f 1029/1029 1030/1030 1013/1013
f 1013/1013 1030/1030 1014/1014
f 1030/1030 1031/1031 1014/1014
f 1014/1014 1031/1031 1015/1015
f 1031/1031 1032/1032 1015/1015
f 1015/1015 1032/1032 1016/1016
f 1032/1032 1033/1033 1016/1016
f 1016/1016 1033/1033 1017/1017
f 1033/1033 1034/1034 1017/1017
f 1051/1051 1052/1052 1035/1035
f 1052/1052 1053/1053 1036/1036
f 1053/1053 1054/1054 1037/1037
f 1054/1054 1055/1055 1038/1038
f 1055/1055 1056/1056 1039/1039
f 1056/1056 1057/1057 1040/1040
f 1057/1057 1058/1058 1041/1041
f 1058/1058 1059/1059 1042/1042
f 1059/1059 1060/1060 1043/1043
f 1060/1060 1061/1061 1044/1044
f 1061/1061 1062/1062 1045/1045
f 1062/1062 1063/1063 1046/1046
f 1063/1063 1064/1064 1047/1047
f 1064/1064 1065/1065 1048/1048
f 1065/1065 1066/1066 1049/1049
f 1066/1066 1067/1067 1050/1050
f 1085/1085 1084/1084 1068/1068
f 1086/1086 1085/1085 1069/1069
f 1087/1087 1086/1086 1070/1070
f 1088/1088 1087/1087 1071/1071
f 1089/1089 1088/1088 1072/1072
f 1090/1090 1089/1089 1073/1073
f 1091/1091 1090/1090 1074/1074
f 1092/1092 1091/1091 1075/1075
f 1093/1093 1092/1092 1076/1076
f 1094/1094 1093/1093 1077/1077
f 1095/1095 1094/1094 1078/1078
f 1096/1096 1095/1095 1079/1079
f 1097/1097 1096/1096 1080/1080
f 1098/1098 1097/1097 1081/1081
f 1099/1099 1098/1098 1082/1082
f 1100/1100 1099/1099 1083/1083
v 63.050 67.158 11.150
v 63.050 67.211 10.882
v 63.050 67.363 10.655
v 63.050 67.590 10.503
v 63.050 67.858 10.450
v 63.050 68.126 10.503
v 63.050 68.353 10.655
v 63.050 68.505 10.882
v 63.050 68.558 11.150
v 63.050 68.505 11.418
v 63.050 68.353 11.645
v 63.050 68.126 11.797
v 63.050 67.858 11.850
v 63.050 67.590 11.797
v 63.050 67.363 11.645
v 63.050 67.211 11.418
v 63.050 67.158 11.150
v 62.250 67.158 11.150
v 62.250 67.211 10.882
v 62.250 67.363 10.655
v 62.250 67.590 10.503
v 62.250 67.858 10.450
v 62.250 68.126 10.503
v 62.250 68.353 10.655
v 62.250 68.505 10.882
v 62.250 68.558 11.150
v 62.250 68.505 11.418
v 62.250 68.353 11.645
v 62.250 68.126 11.797
v 62.250 67.858 11.850
v 62.250 67.590 11.797
v 62.250 67.363 11.645
v 62.250 67.211 11.418
v 62.250 67.158 11.150
v 63.050 67.858 11.150
v 63.050 67.858 11.150
v 63.050 67.858 11.150
v 63.050 67.858 11.150
v 63.050 67.858 11.150
v 63.050 67.858 11.150
v 63.050 67.858 11.150
v 63.050 67.858 11.150
v 63.050 67.858 11.150
v 63.050 67.858 11.150
v 63.050 67.858 11.150
v 63.050 67.858 11.150
v 63.050 67.858 11.150
v 63.050 67.858 11.150
v 63.050 67.858 11.150
v 63.050 67.858 11.150
v 63.050 67.158 11.150
v 63.050 67.211 10.882
v 63.050 67.363 10.655
v 63.050 67.590 10.503
v 63.050 67.858 10.450
v 63.050 68.126 10.503
v 63.050 68.353 10.655
v 63.050 68.505 10.882
v 63.050 68.558 11.150
v 63.050 68.505 11.418
v 63.050 68.353 11.645
v 63.050 68.126 11.797
v 63.050 67.858 11.850
v 63.050 67.590 11.797
v 63.050 67.363 11.645
v 63.050 67.211 11.418
v 63.050 67.158 11.150
v 62.250 67.858 11.150
v 62.250 67.858 11.150
v 62.250 67.858 11.150
v 62.250 67.858 11.150
v 62.250 67.858 11.150
v 62.250 67.858 11.150
v 62.250 67.858 11.150
v 62.250 67.858 11.150
v 62.250 67.858 11.150
v 62.250 67.858 11.150
v 62.250 67.858 11.150
v 62.250 67.858 11.150
v 62.250 67.858 11.150
v 62.250 67.858 11.150
v 62.250 67.858 11.150
v 62.250 67.858 11.150
v 62.250 67.158 11.150
v 62.250 67.211 10.882
v 62.250 67.363 10.655
v 62.250 67.590 10.503
v 62.250 67.858 10.450
v 62.250 68.126 10.503
v 62.250 68.353 10.655
v 62.250 68.505 10.882
v 62.250 68.558 11.150
v 62.250 68.505 11.418
v 62.250 68.353 11.645
v 62.250 68.126 11.797
v 62.250 67.858 11.850
v 62.250 67.590 11.797
v 62.250 67.363 11.645
v 62.250 67.211 11.418
v 62.250 67.158 11.150
vt 0.00000 1.00000
vt 0.06250 1.00000
vt 0.12500 1.00000
vt 0.18750 1.00000
vt 0.25000 1.00000
vt 0.31250 1.00000
vt 0.37500 1.00000
vt 0.43750 1.00000
vt 0.50000 1.00000
vt 0.56250 1.00000
vt 0.62500 1.00000
vt 0.68750 1.00000
vt 0.75000 1.00000
vt 0.81250 1.00000
vt 0.87500 1.00000
vt 0.93750 1.00000
vt 1.00000 1.00000
vt 0.00000 0.00000
vt 0.06250 0.00000
vt 0.12500 0.00000
vt 0.18750 0.00000
vt 0.25000 0.00000
vt 0.31250 0.00000
vt 0.37500 0.00000
vt 0.43750 0.00000
vt 0.50000 0.00000
vt 0.56250 0.00000
vt 0.62500 0.00000
vt 0.68750 0.00000
vt 0.75000 0.00000
vt 0.81250 0.00000
vt 0.87500 0.00000
vt 0.93750 0.00000
vt 1.00000 0.00000
vt 0.50000 0.50000
vt 0.50000 0.50000
vt 0.50000 0.50000
vt 0.50000 0.50000
vt 0.50000 0.50000
vt 0.50000 0.50000
vt 0.50000 0.50000
vt 0.50000 0.50000
vt 0.50000 0.50000
vt 0.50000 0.50000
vt 0.50000 0.50000
vt 0.50000 0.50000
vt 0.50000 0.50000
vt 0.50000 0.50000
vt 0.50000 0.50000
vt 0.50000 0.50000
vt 1.00000 0.50000
vt 0.96194 0.69134
vt 0.85355 0.85355
vt 0.69134 0.96194
vt 0.50000 1.00000
vt 0.30866 0.96194
vt 0.14645 0.85355
vt 0.03806 0.69134
vt 0.00000 0.50000
vt 0.03806 0.30866
vt 0.14645 0.14645
vt 0.30866 0.03806
vt 0.50000 0.00000
vt 0.69134 0.03806
vt 0.85355 0.14645
vt 0.96194 0.30866
vt 1.00000 0.50000
vt 0.50000 0.50000
vt 0.50000 0.50000
vt 0.50000 0.50000
vt 0.50000 0.50000
vt 0.50000 0.50000
vt 0.50000 0.50000
vt 0.50000 0.50000
vt 0.50000 0.50000
vt 0.50000 0.50000
vt 0.50000 0.50000
vt 0.50000 0.50000
vt 0.50000 0.50000
vt 0.50000 0.50000
vt 0.50000 0.50000
vt 0.50000 0.50000
vt 0.50000 0.50000
vt 1.00000 0.50000
vt 0.96194 0.30866
vt 0.85355 0.14645
vt 0.69134 0.03806
vt 0.50000 0.00000
vt 0.30866 0.03806
vt 0.14645 0.14645
vt 0.03806 0.30866
vt 0.00000 0.50000
vt 0.03806 0.69134
vt 0.14645 0.85355
vt 0.30866 0.96194
vt 0.50000 1.00000
vt 0.69134 0.96194
vt 0.85355 0.85355
vt 0.96194 0.69134
vt 1.00000 0.50000
f 1101/1101 1118/1118 1102/1102
f 1118/1118 1119/1119 1102/1102
f 1102/1102 1119/1119 1103/1103
f 1119/1119 1120/1120 1103/1103
f 1103/1103 1120/1120 1104/1104
f 1120/1120 1121/1121 1104/1104
f 1104/1104 1121/1121 1105/1105
f 1121/1121 1122/1122 1105/1105
f 1105/1105 1122/1122 1106/1106
f 1122/1122 1123/1123 1106/1106
f 1106/1106 1123/1123 1107/1107
f 1123/1123 1124/1124 1107/1107
f 1107/1107 1124/1124 1108/1108
f 1124/1124 1125/1125 1108/1108
f 1108/1108 1125/1125 1109/1109
f 1125/1125 1126/1126 1109/1109
f 1109/1109 1126/1126 1110/1110
f 1126/1126 1127/1127 1110/1110
f 1110/1110 1127/1127 1111/1111
f 1127/1127 1128/1128 1111/1111
f 1111/1111 1128/1128 1112/1112
f 1128/1128 1129/1129 1112/1112
f 1112/1112 1129/1129 1113/1113
f 1129/1129 1130/1130 1113/1113
f 1113/1113 1130/1130 1114/1114
f 1130/1130 1131/1131 1114/1114
f 1114/1114 1131/1131 1115/1115
f 1131/1131 1132/1132 1115/1115
f 1115/1115 1132/1132 1116/1116
f 1132/1132 1133/1133 1116/1116
f 1116/1116 1133/1133 1117/1117
f 1133/1133 1134/1134 1117/1117
f 1151/1151 1152/1152 1135/1135
f 1152/1152 1153/1153 1136/1136
f 1153/1153 1154/1154 1137/1137
f 1154/1154 1155/1155 1138/1138
f 1155/1155 1156/1156 1139/1139
f 1156/1156 1157/1157 1140/1140
f 1157/1157 1158/1158 1141/1141
f 1158/1158 1159/1159 1142/1142
f 1159/1159 1160/1160 1143/1143
f 1160/1160 1161/1161 1144/1144
f 1161/1161 1162/1162 1145/1145
f 1162/1162 1163/1163 1146/1146
f 1163/1163 1164/1164 1147/1147
f 1164/1164 1165/1165 1148/1148
f 1165/1165 1166/1166 1149/1149
f 1166/1166 1167/1167 1150/1150
f 1185/1185 1184/1184 1168/1168
f 1186/1186 1185/1185 1169/1169
f 1187/1187 1186/1186 1170/1170
f 1188/1188 1187/1187 1171/1171
f 1189/1189 1188/1188 1172/1172
f 1190/1190 1189/1189 1173/1173
f 1191/1191 1190/1190 1174/1174
f 1192/1192 1191/1191 1175/1175
f 1193/1193 1192/1192 1176/1176
f 1194/1194 1193/1193 1177/1177
f 1195/1195 1194/1194 1178/1178
f 1196/1196 1195/1195 1179/1179
f 1197/1197 1196/1196 1180/1180
f 1198/1198 1197/1197 1181/1181
f 1199/1199 1198/1198 1182/1182
f 1200/1200 1199/1199 1183/1183
v -67.800 -66.700 17.300
v -67.800 -66.647 17.568
v -67.800 -66.495 17.795
v -67.800 -66.268 17.947
v -67.800 -66.000 18.000
v -67.800 -65.732 17.947
v -67.800 -65.505 17.795
v -67.800 -65.353 17.568
v -67.800 -65.300 17.300
v -67.800 -65.353 17.032
v -67.800 -65.505 16.805
v -67.800 -65.732 16.653
v -67.800 -66.000 16.600
v -67.800 -66.268 16.653
v -67.800 -66.495 16.805
v -67.800 -66.647 17.032
v -67.800 -66.700 17.300
v -67.000 -66.700 17.300
v -67.000 -66.647 17.568
v -67.000 -66.495 17.795
v -67.000 -66.268 17.947
v -67.000 -66.000 18.000
v -67.000 -65.732 17.947
v -67.000 -65.505 17.795
v -67.000 -65.353 17.568
v -67.000 -65.300 17.300
v -67.000 -65.353 17.032
v -67.000 -65.505 16.805
v -67.000 -65.732 16.653
v -67.000 -66.000 16.600
v -67.000 -66.268 16.653
v -67.000 -66.495 16.805
v -67.000 -66.647 17.032
v -67.000 -66.700 17.300
v -67.800 -66.000 17.300
v -67.800 -66.000 17.300
v -67.800 -66.000 17.300
v -67.800 -66.000 17.300
v -67.800 -66.000 17.300
v -67.800 -66.000 17.300
v -67.800 -66.000 17.300
v -67.800 -66.000 17.300
v -67.800 -66.000 17.300
v -67.800 -66.000 17.300
v -67.800 -66.000 17.300
v -67.800 -66.000 17.300
v -67.800 -66.000 17.300
v -67.800 -66.000 17.300
v -67.800 -66.000 17.300
v -67.800 -66.000 17.300
v -67.800 -66.700 17.300
v -67.800 -66.647 17.568
v -67.800 -66.495 17.795
v -67.800 -66.268 17.947
v -67.800 -66.000 18.000
v -67.800 -65.732 17.947
v -67.800 -65.505 17.795
v -67.800 -65.353 17.568
v -67.800 -65.300 17.300
v -67.800 -65.353 17.032
v -67.800 -65.505 16.805
v -67.800 -65.732 16.653
v -67.800 -66.000 16.600
v -67.800 -66.268 16.653
v -67.800 -66.495 16.805
v -67.800 -66.647 17.032
v -67.800 -66.700 17.300
v -67.000 -66.000 17.300
v -67.000 -66.000 17.300
v -67.000 -66.000 17.300
v -67.000 -66.000 17.300
v -67.000 -66.000 17.300
v -67.000 -66.000 17.300
v -67.000 -66.000 17.300
v -67.000 -66.000 17.300
v -67.000 -66.000 17.300
v -67.000 -66.000 17.300
v -67.000 -66.000 17.300
v -67.000 -66.000 17.300
v -67.000 -66.000 17.300
v -67.000 -66.000 17.300
v -67.000 -66.000 17.300
v -67.000 -66.000 17.300
v -67.000 -66.700 17.300
v -67.000 -66.647 17.568
v -67.000 -66.495 17.795
v -67.000 -66.268 17.947
v -67.000 -66.000 18.000
v -67.000 -65.732 17.947
v -67.000 -65.505 17.795
v -67.000 -65.353 17.568
v -67.000 -65.300 17.300
v -67.000 -65.353 17.032
v -67.000 -65.505 16.805
v -67.000 -65.732 16.653
v -67.000 -66.000 16.600
v -67.000 -66.268 16.653
v -67.000 -66.495 16.805
v -67.000 -66.647 17.032
v -67.000 -66.700 17.300
vt 0.00000 1.00000
vt 0.06250 1.00000
vt 0.12500 1.00000
vt 0.18750 1.00000
vt 0.25000 1.00000
vt 0.31250 1.00000
vt 0.37500 1.00000
vt 0.43750 1.00000
vt 0.50000 1.00000
vt 0.56250 1.00000
vt 0.62500 1.00000
vt 0.68750 1.00000
vt 0.75000 1.00000
vt 0.81250 1.00000
vt 0.87500 1.00000
vt 0.93750 1.00000
vt 1.00000 1.00000
vt 0.00000 0.00000
vt 0.06250 0.00000
vt 0.12500 0.00000
vt 0.18750 0.00000
vt 0.25000 0.00000
vt 0.31250 0.00000
vt 0.37500 0.00000
vt 0.43750 0.00000
vt 0.50000 0.00000
vt 0.56250 0.00000
vt 0.62500 0.00000
vt 0.68750 0.00000
vt 0.75000 0.00000
vt 0.81250 0.00000
vt 0.87500 0.00000
vt 0.93750 0.00000
vt 1.00000 0.00000
vt 0.50000 0.50000
vt 0.50000 0.50000
vt 0.50000 0.50000
vt 0.50000 0.50000
vt 0.50000 0.50000
vt 0.50000 0.50000
vt 0.50000 0.50000
vt 0.50000 0.50000
vt 0.50000 0.50000
vt 0.50000 0.50000
vt 0.50000 0.50000
vt 0.50000 0.50000
vt 0.50000 0.50000
vt 0.50000 0.50000
vt 0.50000 0.50000
vt 0.50000 0.50000
vt 1.00000 0.50000
vt 0.96194 0.69134
vt 0.85355 0.85355
vt 0.69134 0.96194
vt 0.50000 1.00000
vt 0.30866 0.96194
vt 0.14645 0.85355
vt 0.03806 0.69134
vt 0.00000 0.50000
vt 0.03806 0.30866
vt 0.14645 0.14645
vt 0.30866 0.03806
vt 0.50000 0.00000
vt 0.69134 0.03806
vt 0.85355 0.14645
vt 0.96194 0.30866
vt 1.00000 0.50000
vt 0.50000 0.50000
vt 0.50000 0.50000
vt 0.50000 0.50000
vt 0.50000 0.50000
vt 0.50000 0.50000
vt 0.50000 0.50000
vt 0.50000 0.50000
vt 0.50000 0.50000
vt 0.50000 0.50000
vt 0.50000 0.50000
vt 0.50000 0.50000
vt 0.50000 0.50000
vt 0.50000 0.50000
vt 0.50000 0.50000
vt 0.50000 0.50000
vt 0.50000 0.50000
vt 1.00000 0.50000
vt 0.96194 0.30866
vt 0.85355 0.14645
vt 0.69134 0.03806
vt 0.50000 0.00000
vt 0.30866 0.03806
vt 0.14645 0.14645
vt 0.03806 0.30866
vt 0.00000 0.50000
vt 0.03806 0.69134
vt 0.14645 0.85355
vt 0.30866 0.96194
vt 0.50000 1.00000
vt 0.69134 0.96194
vt 0.85355 0.85355
vt 0.96194 0.69134
vt 1.00000 0.50000
f 1201/1201 1218/1218 1202/1202
f 1218/1218 1219/1219 1202/1202
f 1202/1202 1219/1219 1203/1203
f 1219/1219 1220/1220 1203/1203
f 1203/1203 1220/1220 1204/1204
f 1220/1220 1221/1221 1204/1204
f 1204/1204 1221/1221 1205/1205
f 1221/1221 1222/1222 1205/1205
f 1205/1205 1222/1222 1206/1206
f 1222/1222 1223/1223 1206/1206
f 1206/1206 1223/1223 1207/1207
f 1223/1223 1224/1224 1207/1207
f 1207/1207 1224/1224 1208/1208
f 1224/1224 1225/1225 1208/1208
f 1208/1208 1225/1225 1209/1209
f 1225/1225 1226/1226 1209/1209
f 1209/1209 1226/1226 1210/1210
f 1226/1226 1227/1227 1210/1210
f 1210/1210 1227/1227 1211/1211
f 1227/1227 1228/1228 1211/1211
f 1211/1211 1228/1228 1212/1212
f 1228/1228 1229/1229 1212/1212
f 1212/1212 1229/1229 1213/1213
f 1229/1229 1230/1230 1213/1213
f 1213/1213 1230/1230 1214/1214
f 1230/1230 1231/1231 1214/1214
f 1214/1214 1231/1231 1215/1215
f 1231/1231 1232/1232 1215/1215
f 1215/1215 1232/1232 1216/1216
f 1232/1232 1233/1233 1216/1216
f 1216/1216 1233/1233 1217/1217
f 1233/1233 1234/1234 1217/1217
f 1251/1251 1252/1252 1235/1235
f 1252/1252 1253/1253 1236/1236
f 1253/1253 1254/1254 1237/1237
f 1254/1254 1255/1255 1238/1238
f 1255/1255 1256/1256 1239/1239
f 1256/1256 1257/1257 1240/1240
f 1257/1257 1258/1258 1241/1241
f 1258/1258 1259/1259 1242/1242
f 1259/1259 1260/1260 1243/1243
f 1260/1260 1261/1261 1244/1244
f 1261/1261 1262/1262 1245/1245
f 1262/1262 1263/1263 1246/1246
f 1263/1263 1264/1264 1247/1247
f 1264/1264 1265/1265 1248/1248
f 1265/1265 1266/1266 1249/1249
f 1266/1266 1267/1267 1250/1250
f 1285/1285 1284/1284 1268/1268
f 1286/1286 1285/1285 1269/1269
f 1287/1287 1286/1286 1270/1270
f 1288/1288 1287/1287 1271/1271
f 1289/1289 1288/1288 1272/1272
f 1290/1290 1289/1289 1273/1273
f 1291/1291 1290/1290 1274/1274
f 1292/1292 1291/1291 1275/1275
f 1293/1293 1292/1292 1276/1276
f 1294/1294 1293/1293 1277/1277
f 1295/1295 1294/1294 1278/1278
f 1296/1296 1295/1295 1279/1279
f 1297/1297 1296/1296 1280/1280
f 1298/1298 1297/1297 1281/1281
f 1299/1299 1298/1298 1282/1282
f 1300/1300 1299/1299 1283/1283
v -67.800 -69.558 12.350
v -67.800 -69.505 12.618
v -67.800 -69.353 12.845
v -67.800 -69.126 12.997
v -67.800 -68.858 13.050
v -67.800 -68.590 12.997
v -67.800 -68.363 12.845
v -67.800 -68.211 12.618
v -67.800 -68.158 12.350
v -67.800 -68.211 12.082
v -67.800 -68.363 11.855
v -67.800 -68.590 11.703
v -67.800 -68.858 11.650
v -67.800 -69.126 11.703
v -67.800 -69.353 11.855
v -67.800 -69.505 12.082
v -67.800 -69.558 12.350
v -67.000 -69.558 12.350
v -67.000 -69.505 12.618
v -67.000 -69.353 12.845
v -67.000 -69.126 12.997
v -67.000 -68.858 13.050
v -67.000 -68.590 12.997
v -67.000 -68.363 12.845
v -67.000 -68.211 12.618
v -67.000 -68.158 12.350
v -67.000 -68.211 12.082
v -67.000 -68.363 11.855
v -67.000 -68.590 11.703
v -67.000 -68.858 11.650
v -67.000 -69.126 11.703
v -67.000 -69.353 11.855
v -67.000 -69.505 12.082
v -67.000 -69.558 12.350
v -67.800 -68.858 12.350
v -67.800 -68.858 12.350
v -67.800 -68.858 12.350
v -67.800 -68.858 12.350
v -67.800 -68.858 12.350
v -67.800 -68.858 12.350
v -67.800 -68.858 12.350
v -67.800 -68.858 12.350
v -67.800 -68.858 12.350
v -67.800 -68.858 12.350
v -67.800 -68.858 12.350
v -67.800 -68.858 12.350
v -67.800 -68.858 12.350
v -67.800 -68.858 12.350
v -67.800 -68.858 12.350
v -67.800 -68.858 12.350
v -67.800 -69.558 12.350
v -67.800 -69.505 12.618
v -67.800 -69.353 12.845
v -67.800 -69.126 12.997
v -67.800 -68.858 13.050
v -67.800 -68.590 12.997
v -67.800 -68.363 12.845
v -67.800 -68.211 12.618
v -67.800 -68.158 12.350
v -67.800 -68.211 12.082
v -67.800 -68.363 11.855
v -67.800 -68.590 11.703
v -67.800 -68.858 11.650
v -67.800 -69.126 11.703
v -67.800 -69.353 11.855
v -67.800 -69.505 12.082
v -67.800 -69.558 12.350
v -67.000 -68.858 12.350
v -67.000 -68.858 12.350
v -67.000 -68.858 12.350
v -67.000 -68.858 12.350
v -67.000 -68.858 12.350
v -67.000 -68.858 12.350
v -67.000 -68.858 12.350
v -67.000 -68.858 12.350
v -67.000 -68.858 12.350
v -67.000 -68.858 12.350
v -67.000 -68.858 12.350
v -67.000 -68.858 12.350
v -67.000 -68.858 12.350
v -67.000 -68.858 12.350
v -67.000 -68.858 12.350
v -67.000 -68.858 12.350
v -67.000 -69.558 12.350
v -67.000 -69.505 12.618
v -67.000 -69.353 12.845
v -67.000 -69.126 12.997
v -67.000 -68.858 13.050
v -67.000 -68.590 12.997
v -67.000 -68.363 12.845
v -67.000 -68.211 12.618
v -67.000 -68.158 12.350
v -67.000 -68.211 12.082
v -67.000 -68.363 11.855
v -67.000 -68.590 11.703
v -67.000 -68.858 11.650
v -67.000 -69.126 11.703
v -67.000 -69.353 11.855
v -67.000 -69.505 12.082
v -67.000 -69.558 12.350
vt 0.00000 1.00000
vt 0.06250 1.00000
vt 0.12500 1.00000
vt 0.18750 1.00000
vt 0.25000 1.00000
vt 0.31250 1.00000
vt 0.37500 1.00000
vt 0.43750 1.00000
vt 0.50000 1.00000
vt 0.56250 1.00000
vt 0.62500 1.00000
vt 0.68750 1.00000
vt 0.75000 1.00000
vt 0.81250 1.00000
vt 0.87500 1.00000
vt 0.93750 1.00000
vt 1.00000 1.00000
vt 0.00000 0.00000
vt 0.06250 0.00000
vt 0.12500 0.00000
vt 0.18750 0.00000
vt 0.25000 0.00000
vt 0.31250 0.00000
vt 0.37500 0.00000
vt 0.43750 0.00000
vt 0.50000 0.00000
vt 0.56250 0.00000
vt 0.62500 0.00000
vt 0.68750 0.00000
vt 0.75000 0.00000
vt 0.81250 0.00000
vt 0.87500 0.00000
vt 0.93750 0.00000
vt 1.00000 0.00000
vt 0.50000 0.50000
vt 0.50000 0.50000
vt 0.50000 0.50000
vt 0.50000 0.50000
vt 0.50000 0.50000
vt 0.50000 0.50000
vt 0.50000 0.50000
vt 0.50000 0.50000
vt 0.50000 0.50000
vt 0.50000 0.50000
vt 0.50000 0.50000
vt 0.50000 0.50000
vt 0.50000 0.50000
vt 0.50000 0.50000
vt 0.50000 0.50000
vt 0.50000 0.50000
vt 1.00000 0.50000
vt 0.96194 0.69134
vt 0.85355 0.85355
vt 0.69134 0.96194
vt 0.50000 1.00000
vt 0.30866 0.96194
vt 0.14645 0.85355
vt 0.03806 0.69134
vt 0.00000 0.50000
vt 0.03806 0.30866
vt 0.14645 0.14645
vt 0.30866 0.03806
vt 0.50000 0.00000
vt 0.69134 0.03806
vt 0.85355 0.14645
vt 0.96194 0.30866
vt 1.00000 0.50000
vt 0.50000 0.50000
vt 0.50000 0.50000
vt 0.50000 0.50000
vt 0.50000 0.50000
vt 0.50000 0.50000
vt 0.50000 0.50000
vt 0.50000 0.50000
vt 0.50000 0.50000
vt 0.50000 0.50000
vt 0.50000 0.50000
vt 0.50000 0.50000
vt 0.50000 0.50000
vt 0.50000 0.50000
vt 0.50000 0.50000
vt 0.50000 0.50000
vt 0.50000 0.50000
vt 1.00000 0.50000
vt 0.96194 0.30866
vt 0.85355 0.14645
vt 0.69134 0.03806
vt 0.50000 0.00000
vt 0.30866 0.03806
vt 0.14645 0.14645
vt 0.03806 0.30866
vt 0.00000 0.50000
vt 0.03806 0.69134
vt 0.14645 0.85355
vt 0.30866 0.96194
vt 0.50000 1.00000
vt 0.69134 0.96194
vt 0.85355 0.85355
vt 0.96194 0.69134
vt 1.00000 0.50000
f 1301/1301 1318/1318 1302/1302
f 1318/1318 1319/1319 1302/1302
f 1302/1302 1319/1319 1303/1303
f 1319/1319 1320/1320 1303/1303
f 1303/1303 1320/1320 1304/1304
f 1320/1320 1321/1321 1304/1304
f 1304/1304 1321/1321 1305/1305
f 1321/1321 1322/1322 1305/1305
f 1305/1305 1322/1322 1306/1306
f 1322/1322 1323/1323 1306/1306
f 1306/1306 1323/1323 1307/1307
f 1323/1323 1324/1324 1307/1307
f 1307/1307 1324/1324 1308/1308
f 1324/1324 1325/1325 1308/1308
f 1308/1308 1325/1325 1309/1309
f 1325/1325 1326/1326 1309/1309
f 1309/1309 1326/1326 1310/1310
f 1326/1326 1327/1327 1310/1310
f 1310/1310 1327/1327 1311/1311
f 1327/1327 1328/1328 1311/1311
f 1311/1311 1328/1328 1312/1312
f 1328/1328 1329/1329 1312/1312
f 1312/1312 1329/1329 1313/1313
f 1329/1329 1330/1330 1313/1313
f 1313/1313 1330/1330 1314/1314
f 1330/1330 1331/1331 1314/1314
f 1314/1314 1331/1331 1315/1315
f 1331/1331 1332/1332 1315/1315
f 1315/1315 1332/1332 1316/1316
f 1332/1332 1333/1333 1316/1316
f 1316/1316 1333/1333 1317/1317
f 1333/1333 1334/1334 1317/1317
f 1351/1351 1352/1352 1335/1335
f 1352/1352 1353/1353 1336/1336
f 1353/1353 1354/1354 1337/1337
f 1354/1354 1355/1355 1338/1338
f 1355/1355 1356/1356 1339/1339
f 1356/1356 1357/1357 1340/1340
f 1357/1357 1358/1358 1341/1341
f 1358/1358 1359/1359 1342/1342
f 1359/1359 1360/1360 1343/1343
f 1360/1360 1361/1361 1344/1344
f 1361/1361 1362/1362 1345/1345
f 1362/1362 1363/1363 1346/1346
f 1363/1363 1364/1364 1347/1347
f 1364/1364 1365/1365 1348/1348
f 1365/1365 1366/1366 1349/1349
f 1366/1366 1367/1367 1350/1350
f 1385/1385 1384/1384 1368/1368
f 1386/1386 1385/1385 1369/1369
f 1387/1387 1386/1386 1370/1370
f 1388/1388 1387/1387 1371/1371
f 1389/1389 1388/1388 1372/1372
f 1390/1390 1389/1389 1373/1373
f 1391/1391 1390/1390 1374/1374
f 1392/1392 1391/1391 1375/1375
f 1393/1393 1392/1392 1376/1376
f 1394/1394 1393/1393 1377/1377
f 1395/1395 1394/1394 1378/1378
f 1396/1396 1395/1395 1379/1379
f 1397/1397 1396/1396 1380/1380
f 1398/1398 1397/1397 1381/1381
f 1399/1399 1398/1398 1382/1382
f 1400/1400 1399/1399 1383/1383
v -67.800 -63.842 12.350
v -67.800 -63.789 12.618
v -67.800 -63.637 12.845
v -67.800 -63.410 12.997
v -67.800 -63.142 13.050
v -67.800 -62.874 12.997
v -67.800 -62.647 12.845
v -67.800 -62.495 12.618
v -67.800 -62.442 12.350
v -67.800 -62.495 12.082
v -67.800 -62.647 11.855
v -67.800 -62.874 11.703
v -67.800 -63.142 11.650
v -67.800 -63.410 11.703
v -67.800 -63.637 11.855
v -67.800 -63.789 12.082
v -67.800 -63.842 12.350
v -67.000 -63.842 12.350
v -67.000 -63.789 12.618
v -67.000 -63.637 12.845
v -67.000 -63.410 12.997
v -67.000 -63.142 13.050
v -67.000 -62.874 12.997
v -67.000 -62.647 12.845
v -67.000 -62.495 12.618
v -67.000 -62.442 12.350
v -67.000 -62.495 12.082
v -67.000 -62.647 11.855
v -67.000 -62.874 11.703
v -67.000 -63.142 11.650
v -67.000 -63.410 11.703
v -67.000 -63.637 11.855
v -67.000 -63.789 12.082
v -67.000 -63.842 12.350
v -67.800 -63.142 12.350
v -67.800 -63.142 12.350
v -67.800 -63.142 12.350
v -67.800 -63.142 12.350
v -67.800 -63.142 12.350
v -67.800 -63.142 12.350
v -67.800 -63.142 12.350
v -67.800 -63.142 12.350
v -67.800 -63.142 12.350
v -67.800 -63.142 12.350
v -67.800 -63.142 12.350
v -67.800 -63.142 12.350
v -67.800 -63.142 12.350
v -67.800 -63.142 12.350
v -67.800 -63.142 12.350
v -67.800 -63.142 12.350
v -67.800 -63.842 12.350
v -67.800 -63.789 12.618
v -67.800 -63.637 12.845
v -67.800 -63.410 12.997
v -67.800 -63.142 13.050
v -67.800 -62.874 12.997
v -67.800 -62.647 12.845
v -67.800 -62.495 12.618
v -67.800 -62.442 12.350
v -67.800 -62.495 12.082
v -67.800 -62.647 11.855
v -67.800 -62.874 11.703
v -67.800 -63.142 11.650
v -67.800 -63.410 11.703
v -67.800 -63.637 11.855
v -67.800 -63.789 12.082
v -67.800 -63.842 12.350
v -67.000 -63.142 12.350
v -67.000 -63.142 12.350
v -67.000 -63.142 12.350
v -67.000 -63.142 12.350
v -67.000 -63.142 12.350
v -67.000 -63.142 12.350
v -67.000 -63.142 12.350
v -67.000 -63.142 12.350
v -67.000 -63.142 12.350
v -67.000 -63.142 12.350
v -67.000 -63.142 12.350
v -67.000 -63.142 12.350
v -67.000 -63.142 12.350
v -67.000 -63.142 12.350
v -67.000 -63.142 12.350
v -67.000 -63.142 12.350
v -67.000 -63.842 12.350
v -67.000 -63.789 12.618
v -67.000 -63.637 12.845
v -67.000 -63.410 12.997
v -67.000 -63.142 13.050
v -67.000 -62.874 12.997
v -67.000 -62.647 12.845
v -67.000 -62.495 12.618
v -67.000 -62.442 12.350
v -67.000 -62.495 12.082
v -67.000 -62.647 11.855
v -67.000 -62.874 11.703
v -67.000 -63.142 11.650
v -67.000 -63.410 11.703
v -67.000 -63.637 11.855
v -67.000 -63.789 12.082
v -67.000 -63.842 12.350
vt 0.00000 1.00000
vt 0.06250 1.00000
vt 0.12500 1.00000
vt 0.18750 1.00000
vt 0.25000 1.00000
vt 0.31250 1.00000
vt 0.37500 1.00000
vt 0.43750 1.00000
vt 0.50000 1.00000
vt 0.56250 1.00000
vt 0.62500 1.00000
vt 0.68750 1.00000
vt 0.75000 1.00000
vt 0.81250 1.00000
vt 0.87500 1.00000
vt 0.93750 1.00000
vt 1.00000 1.00000
vt 0.00000 0.00000
vt 0.06250 0.00000
vt 0.12500 0.00000
vt 0.18750 0.00000
vt 0.25000 0.00000
vt 0.31250 0.00000
vt 0.37500 0.00000
vt 0.43750 0.00000
vt 0.50000 0.00000
vt 0.56250 0.00000
vt 0.62500 0.00000
vt 0.68750 0.00000
vt 0.75000 0.00000
vt 0.81250 0.00000
vt 0.87500 0.00000
vt 0.93750 0.00000
vt 1.00000 0.00000
vt 0.50000 0.50000
vt 0.50000 0.50000
vt 0.50000 0.50000
vt 0.50000 0.50000
vt 0.50000 0.50000
vt 0.50000 0.50000
vt 0.50000 0.50000
vt 0.50000 0.50000
vt 0.50000 0.50000
vt 0.50000 0.50000
vt 0.50000 0.50000
vt 0.50000 0.50000
vt 0.50000 0.50000
vt 0.50000 0.50000
vt 0.50000 0.50000
vt 0.50000 0.50000
vt 1.00000 0.50000
vt 0.96194 0.69134
vt 0.85355 0.85355
vt 0.69134 0.96194
vt 0.50000 1.00000
vt 0.30866 0.96194
vt 0.14645 0.85355
vt 0.03806 0.69134
vt 0.00000 0.50000
vt 0.03806 0.30866
vt 0.14645 0.14645
vt 0.30866 0.03806
vt 0.50000 0.00000
vt 0.69134 0.03806
vt 0.85355 0.14645
vt 0.96194 0.30866
vt 1.00000 0.50000
vt 0.50000 0.50000
vt 0.50000 0.50000
vt 0.50000 0.50000
vt 0.50000 0.50000
vt 0.50000 0.50000
vt 0.50000 0.50000
vt 0.50000 0.50000
vt 0.50000 0.50000
vt 0.50000 0.50000
vt 0.50000 0.50000
vt 0.50000 0.50000
vt 0.50000 0.50000
vt 0.50000 0.50000
vt 0.50000 0.50000
vt 0.50000 0.50000
vt 0.50000 0.50000
vt 1.00000 0.50000
vt 0.96194 0.30866
vt 0.85355 0.14645
vt 0.69134 0.03806
vt 0.50000 0.00000
vt 0.30866 0.03806
vt 0.14645 0.14645
vt 0.03806 0.30866
vt 0.00000 0.50000
vt 0.03806 0.69134
vt 0.14645 0.85355
vt 0.30866 0.96194
vt 0.50000 1.00000
vt 0.69134 0.96194
vt 0.85355 0.85355
vt 0.96194 0.69134
vt 1.00000 0.50000
f 1401/1401 1418/1418 1402/1402
f 1418/1418 1419/1419 1402/1402
f 1402/1402 1419/1419 1403/1403
f 1419/1419 1420/1420 1403/1403
f 1403/1403 1420/1420 1404/1404
f 1420/1420 1421/1421 1404/1404
f 1404/1404 1421/1421 1405/1405
f 1421/1421 1422/1422 1405/1405
f 1405/1405 1422/1422 1406/1406
f 1422/1422 1423/1423 1406/1406
f 1406/1406 1423/1423 1407/1407
f 1423/1423 1424/1424 1407/1407
f 1407/1407 1424/1424 1408/1408
f 1424/1424 1425/1425 1408/1408
f 1408/1408 1425/1425 1409/1409
f 1425/1425 1426/1426 1409/1409
f 1409/1409 1426/1426 1410/1410
f 1426/1426 1427/1427 1410/1410
f 1410/1410 1427/1427 1411/1411
f 1427/1427 1428/1428 1411/1411
f 1411/1411 1428/1428 1412/1412
f 1428/1428 1429/1429 1412/1412
f 1412/1412 1429/1429 1413/1413
f 1429/1429 1430/1430 1413/1413
f 1413/1413 1430/1430 1414/1414
f 1430/1430 1431/1431 1414/1414
f 1414/1414 1431/1431 1415/1415
f 1431/1431 1432/1432 1415/1415
f 1415/1415 1432/1432 1416/1416
f 1432/1432 1433/1433 1416/1416
f 1416/1416 1433/1433 1417/1417
f 1433/1433 1434/1434 1417/1417
f 1451/1451 1452/1452 1435/1435
f 1452/1452 1453/1453 1436/1436
f 1453/1453 1454/1454 1437/1437
f 1454/1454 1455/1455 1438/1438
f 1455/1455 1456/1456 1439/1439
f 1456/1456 1457/1457 1440/1440
f 1457/1457 1458/1458 1441/1441
f 1458/1458 1459/1459 1442/1442
f 1459/1459 1460/1460 1443/1443
f 1460/1460 1461/1461 1444/1444
f 1461/1461 1462/1462 1445/1445
f 1462/1462 1463/1463 1446/1446
f 1463/1463 1464/1464 1447/1447
f 1464/1464 1465/1465 1448/1448
f 1465/1465 1466/1466 1449/1449
f 1466/1466 1467/1467 1450/1450
f 1485/1485 1484/1484 1468/1468
f 1486/1486 1485/1485 1469/1469
f 1487/1487 1486/1486 1470/1470
f 1488/1488 1487/1487 1471/1471
f 1489/1489 1488/1488 1472/1472
f 1490/1490 1489/1489 1473/1473
f 1491/1491 1490/1490 1474/1474
f 1492/1492 1491/1491 1475/1475
f 1493/1493 1492/1492 1476/1476
f 1494/1494 1493/1493 1477/1477
f 1495/1495 1494/1494 1478/1478
f 1496/1496 1495/1495 1479/1479
f 1497/1497 1496/1496 1480/1480
f 1498/1498 1497/1497 1481/1481
f 1499/1499 1498/1498 1482/1482
f 1500/1500 1499/1499 1483/1483
v -46.200 -66.700 17.300
v -46.200 -66.647 17.032
v -46.200 -66.495 16.805
v -46.200 -66.268 16.653
v -46.200 -66.000 16.600
v -46.200 -65.732 16.653
v -46.200 -65.505 16.805
v -46.200 -65.353 17.032
v -46.200 -65.300 17.300
v -46.200 -65.353 17.568
v -46.200 -65.505 17.795
v -46.200 -65.732 17.947
v -46.200 -66.000 18.000
v -46.200 -66.268 17.947
v -46.200 -66.495 17.795
v -46.200 -66.647 17.568
v -46.200 -66.700 17.300
v -47.000 -66.700 17.300
v -47.000 -66.647 17.032
v -47.000 -66.495 16.805
v -47.000 -66.268 16.653
v -47.000 -66.000 16.600
v -47.000 -65.732 16.653
v -47.000 -65.505 16.805
v -47.000 -65.353 17.032
v -47.000 -65.300 17.300
v -47.000 -65.353 17.568
v -47.000 -65.505 17.795
v -47.000 -65.732 17.947
v -47.000 -66.000 18.000
v -47.000 -66.268 17.947
v -47.000 -66.495 17.795
v -47.000 -66.647 17.568
v -47.000 -66.700 17.300
v -46.200 -66.000 17.300
v -46.200 -66.000 17.300
v -46.200 -66.000 17.300
v -46.200 -66.000 17.300
v -46.200 -66.000 17.300
v -46.200 -66.000 17.300
v -46.200 -66.000 17.300
v -46.200 -66.000 17.300
v -46.200 -66.000 17.300
v -46.200 -66.000 17.300
v -46.200 -66.000 17.300
v -46.200 -66.000 17.300
v -46.200 -66.000 17.300
v -46.200 -66.000 17.300
v -46.200 -66.000 17.300
v -46.200 -66.000 17.300
v -46.200 -66.700 17.300
v -46.200 -66.647 17.032
v -46.200 -66.495 16.805
v -46.200 -66.268 16.653
v -46.200 -66.000 16.600
v -46.200 -65.732 16.653
v -46.200 -65.505 16.805
v -46.200 -65.353 17.032
v -46.200 -65.300 17.300
v -46.200 -65.353 17.568
v -46.200 -65.505 17.795
v -46.200 -65.732 17.947
v -46.200 -66.000 18.000
v -46.200 -66.268 17.947
v -46.200 -66.495 17.795
v -46.200 -66.647 17.568
v -46.200 -66.700 17.300
v -47.000 -66.000 17.300
v -47.000 -66.000 17.300
v -47.000 -66.000 17.300
v -47.000 -66.000 17.300
v -47.000 -66.000 17.300
v -47.000 -66.000 17.300
v -47.000 -66.000 17.300
v -47.000 -66.000 17.300
v -47.000 -66.000 17.300
v -47.000 -66.000 17.300
v -47.000 -66.000 17.300
v -47.000 -66.000 17.300
v -47.000 -66.000 17.300
v -47.000 -66.000 17.300
v -47.000 -66.000 17.300
v -47.000 -66.000 17.300
v -47.000 -66.700 17.300
v -47.000 -66.647 17.032
v -47.000 -66.495 16.805
v -47.000 -66.268 16.653
v -47.000 -66.000 16.600
v -47.000 -65.732 16.653
v -47.000 -65.505 16.805
v -47.000 -65.353 17.032
v -47.000 -65.300 17.300
v -47.000 -65.353 17.568
v -47.000 -65.505 17.795
v -47.000 -65.732 17.947
v -47.000 -66.000 18.000
v -47.000 -66.268 17.947
v -47.000 -66.495 17.795
v -47.000 -66.647 17.568
v -47.000 -66.700 17.300
vt 0.00000 1.00000
vt 0.06250 1.00000
vt 0.12500 1.00000
vt 0.18750 1.00000
vt 0.25000 1.00000
vt 0.31250 1.00000
vt 0.37500 1.00000
vt 0.43750 1.00000
vt 0.50000 1.00000
vt 0.56250 1.00000
vt 0.62500 1.00000
vt 0.68750 1.00000
vt 0.75000 1.00000
vt 0.81250 1.00000
vt 0.87500 1.00000
vt 0.93750 1.00000
vt 1.00000 1.00000
vt 0.00000 0.00000
vt 0.06250 0.00000
vt 0.12500 0.00000
vt 0.18750 0.00000
vt 0.25000 0.00000
vt 0.31250 0.00000
vt 0.37500 0.00000
vt 0.43750 0.00000
vt 0.50000 0.00000
vt 0.56250 0.00000
vt 0.62500 0.00000
vt 0.68750 0.00000
vt 0.75000 0.00000
vt 0.81250 0.00000
vt 0.87500 0.00000
vt 0.93750 0.00000
vt 1.00000 0.00000
vt 0.50000 0.50000
vt 0.50000 0.50000
vt 0.50000 0.50000
vt 0.50000 0.50000
vt 0.50000 0.50000
vt 0.50000 0.50000
vt 0.50000 0.50000
vt 0.50000 0.50000
vt 0.50000 0.50000
vt 0.50000 0.50000
vt 0.50000 0.50000
vt 0.50000 0.50000
vt 0.50000 0.50000
vt 0.50000 0.50000
vt 0.50000 0.50000
vt 0.50000 0.50000
vt 1.00000 0.50000
vt 0.96194 0.69134
vt 0.85355 0.85355
vt 0.69134 0.96194
vt 0.50000 1.00000
vt 0.30866 0.96194
vt 0.14645 0.85355
vt 0.03806 0.69134
vt 0.00000 0.50000
vt 0.03806 0.30866
vt 0.14645 0.14645
vt 0.30866 0.03806
vt 0.50000 0.00000
vt 0.69134 0.03806
vt 0.85355 0.14645
vt 0.96194 0.30866
vt 1.00000 0.50000
vt 0.50000 0.50000
vt 0.50000 0.50000
vt 0.50000 0.50000
vt 0.50000 0.50000
vt 0.50000 0.50000
vt 0.50000 0.50000
vt 0.50000 0.50000
vt 0.50000 0.50000
vt 0.50000 0.50000
vt 0.50000 0.50000
vt 0.50000 0.50000
vt 0.50000 0.50000
vt 0.50000 0.50000
vt 0.50000 0.50000
vt 0.50000 0.50000
vt 0.50000 0.50000
vt 1.00000 0.50000
vt 0.96194 0.30866
vt 0.85355 0.14645
vt 0.69134 0.03806
vt 0.50000 0.00000
vt 0.30866 0.03806
vt 0.14645 0.14645
vt 0.03806 0.30866
vt 0.00000 0.50000
vt 0.03806 0.69134
vt 0.14645 0.85355
vt 0.30866 0.96194
vt 0.50000 1.00000
vt 0.69134 0.96194
vt 0.85355 0.85355
vt 0.96194 0.69134
vt 1.00000 0.50000
f 1501/1501 1518/1518 1502/1502
f 1518/1518 1519/1519 1502/1502
f 1502/1502 1519/1519 1503/1503
f 1519/1519 1520/1520 1503/1503
f 1503/1503 1520/1520 1504/1504
f 1520/1520 1521/1521 1504/1504
f 1504/1504 1521/1521 1505/1505
f 1521/1521 1522/1522 1505/1505
f 1505/1505 1522/1522 1506/1506
f 1522/1522 1523/1523 1506/1506
f 1506/1506 1523/1523 1507/1507
f 1523/1523 1524/1524 1507/1507
f 1507/1507 1524/1524 1508/1508
f 1524/1524 1525/1525 1508/1508
f 1508/1508 1525/1525 1509/1509
f 1525/1525 1526/1526 1509/1509
f 1509/1509 1526/1526 1510/1510
f 1526/1526 1527/1527 1510/1510
f 1510/1510 1527/1527 1511/1511
f 1527/1527 1528/1528 1511/1511
f 1511/1511 1528/1528 1512/1512
f 1528/1528 1529/1529 1512/1512
f 1512/1512 1529/1529 1513/1513
f 1529/1529 1530/1530 1513/1513
f 1513/1513 1530/1530 1514/1514
f 1530/1530 1531/1531 1514/1514
f 1514/1514 1531/1531 1515/1515
f 1531/1531 1532/1532 1515/1515
f 1515/1515 1532/1532 1516/1516
f 1532/1532 1533/1533 1516/1516
f 1516/1516 1533/1533 1517/1517
f 1533/1533 1534/1534 1517/1517
f 1551/1551 1552/1552 1535/1535
f 1552/1552 1553/1553 1536/1536
f 1553/1553 1554/1554 1537/1537
f 1554/1554 1555/1555 1538/1538
f 1555/1555 1556/1556 1539/1539
f 1556/1556 1557/1557 1540/1540
f 1557/1557 1558/1558 1541/1541
f 1558/1558 1559/1559 1542/1542
f 1559/1559 1560/1560 1543/1543
f 1560/1560 1561/1561 1544/1544
f 1561/1561 1562/1562 1545/1545
f 1562/1562 1563/1563 1546/1546
f 1563/1563 1564/1564 1547/1547
f 1564/1564 1565/1565 1548/1548
f 1565/1565 1566/1566 1549/1549
f 1566/1566 1567/1567 1550/1550
f 1585/1585 1584/1584 1568/1568
f 1586/1586 1585/1585 1569/1569
f 1587/1587 1586/1586 1570/1570
f 1588/1588 1587/1587 1571/1571
f 1589/1589 1588/1588 1572/1572
f 1590/1590 1589/1589 1573/1573
f 1591/1591 1590/1590 1574/1574
f 1592/1592 1591/1591 1575/1575
f 1593/1593 1592/1592 1576/1576
f 1594/1594 1593/1593 1577/1577
f 1595/1595 1594/1594 1578/1578
f 1596/1596 1595/1595 1579/1579
f 1597/1597 1596/1596 1580/1580
f 1598/1598 1597/1597 1581/1581
f 1599/1599 1598/1598 1582/1582
f 1600/1600 1599/1599 1583/1583
v -46.200 -69.558 12.350
v -46.200 -69.505 12.082
v -46.200 -69.353 11.855
v -46.200 -69.126 11.703
v -46.200 -68.858 11.650
v -46.200 -68.590 11.703
v -46.200 -68.363 11.855
v -46.200 -68.211 12.082
v -46.200 -68.158 12.350
v -46.200 -68.211 12.618
v -46.200 -68.363 12.845
v -46.200 -68.590 12.997
v -46.200 -68.858 13.050
v -46.200 -69.126 12.997
v -46.200 -69.353 12.845
v -46.200 -69.505 12.618
v -46.200 -69.558 12.350
v -47.000 -69.558 12.350
v -47.000 -69.505 12.082
v -47.000 -69.353 11.855
v -47.000 -69.126 11.703
v -47.000 -68.858 11.650
v -47.000 -68.590 11.703
v -47.000 -68.363 11.855
v -47.000 -68.211 12.082
v -47.000 -68.158 12.350
v -47.000 -68.211 12.618
v -47.000 -68.363 12.845
v -47.000 -68.590 12.997
v -47.000 -68.858 13.050
v -47.000 -69.126 12.997
v -47.000 -69.353 12.845
v -47.000 -69.505 12.618
v -47.000 -69.558 12.350
v -46.200 -68.858 12.350
v -46.200 -68.858 12.350
v -46.200 -68.858 12.350
v -46.200 -68.858 12.350
v -46.200 -68.858 12.350
v -46.200 -68.858 12.350
v -46.200 -68.858 12.350
v -46.200 -68.858 12.350
v -46.200 -68.858 12.350
v -46.200 -68.858 12.350
v -46.200 -68.858 12.350
v -46.200 -68.858 12.350
v -46.200 -68.858 12.350
v -46.200 -68.858 12.350
v -46.200 -68.858 12.350
v -46.200 -68.858 12.350
v -46.200 -69.558 12.350
v -46.200 -69.505 12.082
v -46.200 -69.353 11.855
v -46.200 -69.126 11.703
v -46.200 -68.858 11.650
v -46.200 -68.590 11.703
v -46.200 -68.363 11.855
v -46.200 -68.211 12.082
v -46.200 -68.158 12.350
v -46.200 -68.211 12.618
v -46.200 -68.363 12.845
v -46.200 -68.590 12.997
v -46.200 -68.858 13.050
v -46.200 -69.126 12.997
v -46.200 -69.353 12.845
v -46.200 -69.505 12.618
v -46.200 -69.558 12.350
v -47.000 -68.858 12.350
v -47.000 -68.858 12.350
v -47.000 -68.858 12.350
v -47.000 -68.858 12.350
v -47.000 -68.858 12.350
v -47.000 -68.858 12.350
v -47.000 -68.858 12.350
v -47.000 -68.858 12.350
v -47.000 -68.858 12.350
v -47.000 -68.858 12.350
v -47.000 -68.858 12.350
v -47.000 -68.858 12.350
v -47.000 -68.858 12.350
v -47.000 -68.858 12.350
v -47.000 -68.858 12.350
v -47.000 -68.858 12.350
v -47.000 -69.558 12.350
v -47.000 -69.505 12.082
v -47.000 -69.353 11.855
v -47.000 -69.126 11.703
v -47.000 -68.858 11.650
v -47.000 -68.590 11.703
v -47.000 -68.363 11.855
v -47.000 -68.211 12.082
v -47.000 -68.158 12.350
v -47.000 -68.211 12.618
v -47.000 -68.363 12.845
v -47.000 -68.590 12.997
v -47.000 -68.858 13.050
v -47.000 -69.126 12.997
v -47.000 -69.353 12.845
v -47.000 -69.505 12.618
v -47.000 -69.558 12.350
vt 0.00000 1.00000
vt 0.06250 1.00000
vt 0.12500 1.00000
vt 0.18750 1.00000
vt 0.25000 1.00000
vt 0.31250 1.00000
vt 0.37500 1.00000
vt 0.43750 1.00000
vt 0.50000 1.00000
vt 0.56250 1.00000
vt 0.62500 1.00000
vt 0.68750 1.00000
vt 0.75000 1.00000
vt 0.81250 1.00000
vt 0.87500 1.00000
vt 0.93750 1.00000
vt 1.00000 1.00000
vt 0.00000 0.00000
vt 0.06250 0.00000
vt 0.12500 0.00000
vt 0.18750 0.00000
vt 0.25000 0.00000
vt 0.31250 0.00000
vt 0.37500 0.00000
vt 0.43750 0.00000
vt 0.50000 0.00000
vt 0.56250 0.00000
vt 0.62500 0.00000
vt 0.68750 0.00000
vt 0.75000 0.00000
vt 0.81250 0.00000
vt 0.87500 0.00000
vt 0.93750 0.00000
vt 1.00000 0.00000
vt 0.50000 0.50000
vt 0.50000 0.50000
vt 0.50000 0.50000
vt 0.50000 0.50000
vt 0.50000 0.50000
vt 0.50000 0.50000
vt 0.50000 0.50000
vt 0.50000 0.50000
vt 0.50000 0.50000
vt 0.50000 0.50000
vt 0.50000 0.50000
vt 0.50000 0.50000
vt 0.50000 0.50000
vt 0.50000 0.50000
vt 0.50000 0.50000
vt 0.50000 0.50000
vt 1.00000 0.50000
vt 0.96194 0.69134
vt 0.85355 0.85355
vt 0.69134 0.96194
vt 0.50000 1.00000
vt 0.30866 0.96194
vt 0.14645 0.85355
vt 0.03806 0.69134
vt 0.00000 0.50000
vt 0.03806 0.30866
vt 0.14645 0.14645
vt 0.30866 0.03806
vt 0.50000 0.00000
vt 0.69134 0.03806
vt 0.85355 0.14645
vt 0.96194 0.30866
vt 1.00000 0.50000
vt 0.50000 0.50000
vt 0.50000 0.50000
vt 0.50000 0.50000
vt 0.50000 0.50000
vt 0.50000 0.50000
vt 0.50000 0.50000
vt 0.50000 0.50000
vt 0.50000 0.50000
vt 0.50000 0.50000
vt 0.50000 0.50000
vt 0.50000 0.50000
vt 0.50000 0.50000
vt 0.50000 0.50000
vt 0.50000 0.50000
vt 0.50000 0.50000
vt 0.50000 0.50000
vt 1.00000 0.50000
vt 0.96194 0.30866
vt 0.85355 0.14645
vt 0.69134 0.03806
vt 0.50000 0.00000
vt 0.30866 0.03806
vt 0.14645 0.14645
vt 0.03806 0.30866
vt 0.00000 0.50000
vt 0.03806 0.69134
vt 0.14645 0.85355
vt 0.30866 0.96194
vt 0.50000 1.00000
vt 0.69134 0.96194
vt 0.85355 0.85355
vt 0.96194 0.69134
vt 1.00000 0.50000
f 1601/1601 1618/1618 1602/1602
f 1618/1618 1619/1619 1602/1602
f 1602/1602 1619/1619 1603/1603
f 1619/1619 1620/1620 1603/1603
f 1603/1603 1620/1620 1604/1604
f 1620/1620 1621/1621 1604/1604
f 1604/1604 1621/1621 1605/1605
f 1621/1621 1622/1622 1605/1605
f 1605/1605 1622/1622 1606/1606
f 1622/1622 1623/1623 1606/1606
f 1606/1606 1623/1623 1607/1607
f 1623/1623 1624/1624 1607/1607
f 1607/1607 1624/1624 1608/1608
f 1624/1624 1625/1625 1608/1608
f 1608/1608 1625/1625 1609/1609
f 1625/1625 1626/1626 1609/1609
f 1609/1609 1626/1626 1610/1610
f 1626/1626 1627/1627 1610/1610
f 1610/1610 1627/1627 1611/1611
f 1627/1627 1628/1628 1611/1611
f 1611/1611 1628/1628 1612/1612
f 1628/1628 1629/1629 1612/1612
f 1612/1612 1629/1629 1613/1613
f 1629/1629 1630/1630 1613/1613
f 1613/1613 1630/1630 1614/1614
f 1630/1630 1631/1631 1614/1614
f 1614/1614 1631/1631 1615/1615
f 1631/1631 1632/1632 1615/1615
f 1615/1615 1632/1632 1616/1616
f 1632/1632 1633/1633 1616/1616
f 1616/1616 1633/1633 1617/1617
f 1633/1633 1634/1634 1617/1617
f 1651/1651 1652/1652 1635/1635
f 1652/1652 1653/1653 1636/1636
f 1653/1653 1654/1654 1637/1637
f 1654/1654 1655/1655 1638/1638
f 1655/1655 1656/1656 1639/1639
f 1656/1656 1657/1657 1640/1640
f 1657/1657 1658/1658 1641/1641
f 1658/1658 1659/1659 1642/1642
f 1659/1659 1660/1660 1643/1643
f 1660/1660 1661/1661 1644/1644
f 1661/1661 1662/1662 1645/1645
f 1662/1662 1663/1663 1646/1646
f 1663/1663 1664/1664 1647/1647
f 1664/1664 1665/1665 1648/1648
f 1665/1665 1666/1666 1649/1649
f 1666/1666 1667/1667 1650/1650
f 1685/1685 1684/1684 1668/1668
f 1686/1686 1685/1685 1669/1669
f 1687/1687 1686/1686 1670/1670
f 1688/1688 1687/1687 1671/1671
f 1689/1689 1688/1688 1672/1672
f 1690/1690 1689/1689 1673/1673
f 1691/1691 1690/1690 1674/1674
f 1692/1692 1691/1691 1675/1675
f 1693/1693 1692/1692 1676/1676
f 1694/1694 1693/1693 1677/1677
f 1695/1695 1694/1694 1678/1678
f 1696/1696 1695/1695 1679/1679
f 1697/1697 1696/1696 1680/1680
f 1698/1698 1697/1697 1681/1681
f 1699/1699 1698/1698 1682/1682
f 1700/1700 1699/1699 1683/1683
v -46.200 -63.842 12.350
v -46.200 -63.789 12.082
v -46.200 -63.637 11.855
v -46.200 -63.410 11.703
v -46.200 -63.142 11.650
v -46.200 -62.874 11.703
v -46.200 -62.647 11.855
v -46.200 -62.495 12.082
v -46.200 -62.442 12.350
v -46.200 -62.495 12.618
v -46.200 -62.647 12.845
v -46.200 -62.874 12.997
v -46.200 -63.142 13.050
v -46.200 -63.410 12.997
v -46.200 -63.637 12.845
v -46.200 -63.789 12.618
v -46.200 -63.842 12.350
v -47.000 -63.842 12.350
v -47.000 -63.789 12.082
v -47.000 -63.637 11.855
v -47.000 -63.410 11.703
v -47.000 -63.142 11.650
v -47.000 -62.874 11.703
v -47.000 -62.647 11.855
v -47.000 -62.495 12.082
v -47.000 -62.442 12.350
v -47.000 -62.495 12.618
v -47.000 -62.647 12.845
v -47.000 -62.874 12.997
v -47.000 -63.142 13.050
v -47.000 -63.410 12.997
v -47.000 -63.637 12.845
v -47.000 -63.789 12.618
v -47.000 -63.842 12.350
v -46.200 -63.142 12.350
v -46.200 -63.142 12.350
v -46.200 -63.142 12.350
v -46.200 -63.142 12.350
v -46.200 -63.142 12.350
v -46.200 -63.142 12.350
v -46.200 -63.142 12.350
v -46.200 -63.142 12.350
v -46.200 -63.142 12.350
v -46.200 -63.142 12.350
v -46.200 -63.142 12.350
v -46.200 -63.142 12.350
v -46.200 -63.142 12.350
v -46.200 -63.142 12.350
v -46.200 -63.142 12.350
v -46.200 -63.142 12.350
v -46.200 -63.842 12.350
v -46.200 -63.789 12.082
v -46.200 -63.637 11.855
v -46.200 -63.410 11.703
v -46.200 -63.142 11.650
v -46.200 -62.874 11.703
v -46.200 -62.647 11.855
v -46.200 -62.495 12.082
v -46.200 -62.442 12.350
v -46.200 -62.495 12.618
v -46.200 -62.647 12.845
v -46.200 -62.874 12.997
v -46.200 -63.142 13.050
v -46.200 -63.410 12.997
v -46.200 -63.637 12.845
v -46.200 -63.789 12.618
v -46.200 -63.842 12.350
v -47.000 -63.142 12.350
v -47.000 -63.142 12.350
v -47.000 -63.142 12.350
v -47.000 -63.142 12.350
v -47.000 -63.142 12.350
v -47.000 -63.142 12.350
v -47.000 -63.142 12.350
v -47.000 -63.142 12.350
v -47.000 -63.142 12.350
v -47.000 -63.142 12.350
v -47.000 -63.142 12.350
v -47.000 -63.142 12.350
v -47.000 -63.142 12.350
v -47.000 -63.142 12.350
v -47.000 -63.142 12.350
v -47.000 -63.142 12.350
v -47.000 -63.842 12.350
v -47.000 -63.789 12.082
v -47.000 -63.637 11.855
v -47.000 -63.410 11.703
v -47.000 -63.142 11.650
v -47.000 -62.874 11.703
v -47.000 -62.647 11.855
v -47.000 -62.495 12.082
v -47.000 -62.442 12.350
v -47.000 -62.495 12.618
v -47.000 -62.647 12.845
v -47.000 -62.874 12.997
v -47.000 -63.142 13.050
v -47.000 -63.410 12.997
v -47.000 -63.637 12.845
v -47.000 -63.789 12.618
v -47.000 -63.842 12.350
vt 0.00000 1.00000
vt 0.06250 1.00000
vt 0.12500 1.00000
vt 0.18750 1.00000
vt 0.25000 1.00000
vt 0.31250 1.00000
vt 0.37500 1.00000
vt 0.43750 1.00000
vt 0.50000 1.00000
vt 0.56250 1.00000
vt 0.62500 1.00000
vt 0.68750 1.00000
vt 0.75000 1.00000
vt 0.81250 1.00000
vt 0.87500 1.00000
vt 0.93750 1.00000
vt 1.00000 1.00000
vt 0.00000 0.00000
vt 0.06250 0.00000
vt 0.12500 0.00000
vt 0.18750 0.00000
vt 0.25000 0.00000
vt 0.31250 0.00000
vt 0.37500 0.00000
vt 0.43750 0.00000
vt 0.50000 0.00000
vt 0.56250 0.00000
vt 0.62500 0.00000
vt 0.68750 0.00000
vt 0.75000 0.00000
vt 0.81250 0.00000
vt 0.87500 0.00000
vt 0.93750 0.00000
vt 1.00000 0.00000
vt 0.50000 0.50000
vt 0.50000 0.50000
vt 0.50000 0.50000
vt 0.50000 0.50000
vt 0.50000 0.50000
vt 0.50000 0.50000
vt 0.50000 0.50000
vt 0.50000 0.50000
vt 0.50000 0.50000
vt 0.50000 0.50000
vt 0.50000 0.50000
vt 0.50000 0.50000
vt 0.50000 0.50000
vt 0.50000 0.50000
vt 0.50000 0.50000
vt 0.50000 0.50000
vt 1.00000 0.50000
vt 0.96194 0.69134
vt 0.85355 0.85355
vt 0.69134 0.96194
vt 0.50000 1.00000
vt 0.30866 0.96194
vt 0.14645 0.85355
vt 0.03806 0.69134
vt 0.00000 0.50000
vt 0.03806 0.30866
vt 0.14645 0.14645
vt 0.30866 0.03806
vt 0.50000 0.00000
vt 0.69134 0.03806
vt 0.85355 0.14645
vt 0.96194 0.30866
vt 1.00000 0.50000
vt 0.50000 0.50000
vt 0.50000 0.50000
vt 0.50000 0.50000
vt 0.50000 0.50000
vt 0.50000 0.50000
vt 0.50000 0.50000
vt 0.50000 0.50000
vt 0.50000 0.50000
vt 0.50000 0.50000
vt 0.50000 0.50000
vt 0.50000 0.50000
vt 0.50000 0.50000
vt 0.50000 0.50000
vt 0.50000 0.50000
vt 0.50000 0.50000
vt 0.50000 0.50000
vt 1.00000 0.50000
vt 0.96194 0.30866
vt 0.85355 0.14645
vt 0.69134 0.03806
vt 0.50000 0.00000
vt 0.30866 0.03806
vt 0.14645 0.14645
vt 0.03806 0.30866
vt 0.00000 0.50000
vt 0.03806 0.69134
vt 0.14645 0.85355
vt 0.30866 0.96194
vt 0.50000 1.00000
vt 0.69134 0.96194
vt 0.85355 0.85355
vt 0.96194 0.69134
vt 1.00000 0.50000
f 1701/1701 1718/1718 1702/1702
f 1718/1718 1719/1719 1702/1702
f 1702/1702 1719/1719 1703/1703
f 1719/1719 1720/1720 1703/1703
f 1703/1703 1720/1720 1704/1704
f 1720/1720 1721/1721 1704/1704
f 1704/1704 1721/1721 1705/1705
f 1721/1721 1722/1722 1705/1705
f 1705/1705 1722/1722 1706/1706
f 1722/1722 1723/1723 1706/1706
f 1706/1706 1723/1723 1707/1707
f 1723/1723 1724/1724 1707/1707
f 1707/1707 1724/1724 1708/1708
f 1724/1724 1725/1725 1708/1708
f 1708/1708 1725/1725 1709/1709
f 1725/1725 1726/1726 1709/1709
f 1709/1709 1726/1726 1710/1710
f 1726/1726 1727/1727 1710/1710
f 1710/1710 1727/1727 1711/1711
f 1727/1727 1728/1728 1711/1711
f 1711/1711 1728/1728 1712/1712
f 1728/1728 1729/1729 1712/1712
f 1712/1712 1729/1729 1713/1713
f 1729/1729 1730/1730 1713/1713
f 1713/1713 1730/1730 1714/1714
f 1730/1730 1731/1731 1714/1714
f 1714/1714 1731/1731 1715/1715
f 1731/1731 1732/1732 1715/1715
f 1715/1715 1732/1732 1716/1716
f 1732/1732 1733/1733 1716/1716
f 1716/1716 1733/1733 1717/1717
f 1733/1733 1734/1734 1717/1717
f 1751/1751 1752/1752 1735/1735
f 1752/1752 1753/1753 1736/1736
f 1753/1753 1754/1754 1737/1737
f 1754/1754 1755/1755 1738/1738
f 1755/1755 1756/1756 1739/1739
f 1756/1756 1757/1757 1740/1740
f 1757/1757 1758/1758 1741/1741
f 1758/1758 1759/1759 1742/1742
f 1759/1759 1760/1760 1743/1743
f 1760/1760 1761/1761 1744/1744
f 1761/1761 1762/1762 1745/1745
f 1762/1762 1763/1763 1746/1746
f 1763/1763 1764/1764 1747/1747
f 1764/1764 1765/1765 1748/1748
f 1765/1765 1766/1766 1749/1749
f 1766/1766 1767/1767 1750/1750
f 1785/1785 1784/1784 1768/1768
f 1786/1786 1785/1785 1769/1769
f 1787/1787 1786/1786 1770/1770
f 1788/1788 1787/1787 1771/1771
f 1789/1789 1788/1788 1772/1772
f 1790/1790 1789/1789 1773/1773
f 1791/1791 1790/1790 1774/1774
f 1792/1792 1791/1791 1775/1775
f 1793/1793 1792/1792 1776/1776
f 1794/1794 1793/1793 1777/1777
f 1795/1795 1794/1794 1778/1778
f 1796/1796 1795/1795 1779/1779
f 1797/1797 1796/1796 1780/1780
f 1798/1798 1797/1797 1781/1781
f 1799/1799 1798/1798 1782/1782
f 1800/1800 1799/1799 1783/1783
v 46.200 -66.700 17.300
v 46.200 -66.647 17.568
v 46.200 -66.495 17.795
v 46.200 -66.268 17.947
v 46.200 -66.000 18.000
v 46.200 -65.732 17.947
v 46.200 -65.505 17.795
v 46.200 -65.353 17.568
v 46.200 -65.300 17.300
v 46.200 -65.353 17.032
v 46.200 -65.505 16.805
v 46.200 -65.732 16.653
v 46.200 -66.000 16.600
v 46.200 -66.268 16.653
v 46.200 -66.495 16.805
v 46.200 -66.647 17.032
v 46.200 -66.700 17.300
v 47.000 -66.700 17.300
v 47.000 -66.647 17.568
v 47.000 -66.495 17.795
v 47.000 -66.268 17.947
v 47.000 -66.000 18.000
v 47.000 -65.732 17.947
v 47.000 -65.505 17.795
v 47.000 -65.353 17.568
v 47.000 -65.300 17.300
v 47.000 -65.353 17.032
v 47.000 -65.505 16.805
v 47.000 -65.732 16.653
v 47.000 -66.000 16.600
v 47.000 -66.268 16.653
v 47.000 -66.495 16.805
v 47.000 -66.647 17.032
v 47.000 -66.700 17.300
v 46.200 -66.000 17.300
v 46.200 -66.000 17.300
v 46.200 -66.000 17.300
v 46.200 -66.000 17.300
v 46.200 -66.000 17.300
v 46.200 -66.000 17.300
v 46.200 -66.000 17.300
v 46.200 -66.000 17.300
v 46.200 -66.000 17.300
v 46.200 -66.000 17.300
v 46.200 -66.000 17.300
v 46.200 -66.000 17.300
v 46.200 -66.000 17.300
v 46.200 -66.000 17.300
v 46.200 -66.000 17.300
v 46.200 -66.000 17.300
v 46.200 -66.700 17.300
v 46.200 -66.647 17.568
v 46.200 -66.495 17.795
v 46.200 -66.268 17.947
v 46.200 -66.000 18.000
v 46.200 -65.732 17.947
v 46.200 -65.505 17.795
v 46.200 -65.353 17.568
v 46.200 -65.300 17.300
v 46.200 -65.353 17.032
v 46.200 -65.505 16.805
v 46.200 -65.732 16.653
v 46.200 -66.000 16.600
v 46.200 -66.268 16.653
v 46.200 -66.495 16.805
v 46.200 -66.647 17.032
v 46.200 -66.700 17.300
v 47.000 -66.000 17.300
v 47.000 -66.000 17.300
v 47.000 -66.000 17.300
v 47.000 -66.000 17.300
v 47.000 -66.000 17.300
v 47.000 -66.000 17.300
v 47.000 -66.000 17.300
v 47.000 -66.000 17.300
v 47.000 -66.000 17.300
v 47.000 -66.000 17.300
v 47.000 -66.000 17.300
v 47.000 -66.000 17.300
v 47.000 -66.000 17.300
v 47.000 -66.000 17.300
v 47.000 -66.000 17.300
v 47.000 -66.000 17.300
v 47.000 -66.700 17.300
v 47.000 -66.647 17.568
v 47.000 -66.495 17.795
v 47.000 -66.268 17.947
v 47.000 -66.000 18.000
v 47.000 -65.732 17.947
v 47.000 -65.505 17.795
v 47.000 -65.353 17.568
v 47.000 -65.300 17.300
v 47.000 -65.353 17.032
v 47.000 -65.505 16.805
v 47.000 -65.732 16.653
v 47.000 -66.000 16.600
v 47.000 -66.268 16.653
v 47.000 -66.495 16.805
v 47.000 -66.647 17.032
v 47.000 -66.700 17.300
vt 0.00000 1.00000
vt 0.06250 1.00000
vt 0.12500 1.00000
vt 0.18750 1.00000
vt 0.25000 1.00000
vt 0.31250 1.00000
vt 0.37500 1.00000
vt 0.43750 1.00000
vt 0.50000 1.00000
vt 0.56250 1.00000
vt 0.62500 1.00000
vt 0.68750 1.00000
vt 0.75000 1.00000
vt 0.81250 1.00000
vt 0.87500 1.00000
vt 0.93750 1.00000
vt 1.00000 1.00000
vt 0.00000 0.00000
vt 0.06250 0.00000
vt 0.12500 0.00000
vt 0.18750 0.00000
vt 0.25000 0.00000
vt 0.31250 0.00000
vt 0.37500 0.00000
vt 0.43750 0.00000
vt 0.50000 0.00000
vt 0.56250 0.00000
vt 0.62500 0.00000
vt 0.68750 0.00000
vt 0.75000 0.00000
vt 0.81250 0.00000
vt 0.87500 0.00000
vt 0.93750 0.00000
vt 1.00000 0.00000
vt 0.50000 0.50000
vt 0.50000 0.50000
vt 0.50000 0.50000
vt 0.50000 0.50000
vt 0.50000 0.50000
vt 0.50000 0.50000
vt 0.50000 0.50000
vt 0.50000 0.50000
vt 0.50000 0.50000
vt 0.50000 0.50000
vt 0.50000 0.50000
vt 0.50000 0.50000
vt 0.50000 0.50000
vt 0.50000 0.50000
vt 0.50000 0.50000
vt 0.50000 0.50000
vt 1.00000 0.50000
vt 0.96194 0.69134
vt 0.85355 0.85355
vt 0.69134 0.96194
vt 0.50000 1.00000
vt 0.30866 0.96194
vt 0.14645 0.85355
vt 0.03806 0.69134
vt 0.00000 0.50000
vt 0.03806 0.30866
vt 0.14645 0.14645
vt 0.30866 0.03806
vt 0.50000 0.00000
vt 0.69134 0.03806
vt 0.85355 0.14645
vt 0.96194 0.30866
vt 1.00000 0.50000
vt 0.50000 0.50000
vt 0.50000 0.50000
vt 0.50000 0.50000
vt 0.50000 0.50000
vt 0.50000 0.50000
vt 0.50000 0.50000
vt 0.50000 0.50000
vt 0.50000 0.50000
vt 0.50000 0.50000
vt 0.50000 0.50000
vt 0.50000 0.50000
vt 0.50000 0.50000
vt 0.50000 0.50000
vt 0.50000 0.50000
vt 0.50000 0.50000
vt 0.50000 0.50000
vt 1.00000 0.50000
vt 0.96194 0.30866
vt 0.85355 0.14645
vt 0.69134 0.03806
vt 0.50000 0.00000
vt 0.30866 0.03806
vt 0.14645 0.14645
vt 0.03806 0.30866
vt 0.00000 0.50000
vt 0.03806 0.69134
vt 0.14645 0.85355
vt 0.30866 0.96194
vt 0.50000 1.00000
vt 0.69134 0.96194
vt 0.85355 0.85355
vt 0.96194 0.69134
vt 1.00000 0.50000
f 1801/1801 1818/1818 1802/1802
f 1818/1818 1819/1819 1802/1802
f 1802/1802 1819/1819 1803/1803
f 1819/1819 1820/1820 1803/1803
f 1803/1803 1820/1820 1804/1804
f 1820/1820 1821/1821 1804/1804
f 1804/1804 1821/1821 1805/1805
f 1821/1821 1822/1822 1805/1805
f 1805/1805 1822/1822 1806/1806
f 1822/1822 1823/1823 1806/1806
f 1806/1806 1823/1823 1807/1807
f 1823/1823 1824/1824 1807/1807
f 1807/1807 1824/1824 1808/1808
f 1824/1824 1825/1825 1808/1808
f 1808/1808 1825/1825 1809/1809
f 1825/1825 1826/1826 1809/1809
f 1809/1809 1826/1826 1810/1810
f 1826/1826 1827/1827 1810/1810
f 1810/1810 1827/1827 1811/1811
f 1827/1827 1828/1828 1811/1811
f 1811/1811 1828/1828 1812/1812
f 1828/1828 1829/1829 1812/1812
f 1812/1812 1829/1829 1813/1813
f 1829/1829 1830/1830 1813/1813
f 1813/1813 1830/1830 1814/1814
f 1830/1830 1831/1831 1814/1814
f 1814/1814 1831/1831 1815/1815
f 1831/1831 1832/1832 1815/1815
f 1815/1815 1832/1832 1816/1816
f 1832/1832 1833/1833 1816/1816
f 1816/1816 1833/1833 1817/1817
f 1833/1833 1834/1834 1817/1817
f 1851/1851 1852/1852 1835/1835
f 1852/1852 1853/1853 1836/1836
f 1853/1853 1854/1854 1837/1837
f 1854/1854 1855/1855 1838/1838
f 1855/1855 1856/1856 1839/1839
f 1856/1856 1857/1857 1840/1840
f 1857/1857 1858/1858 1841/1841
f 1858/1858 1859/1859 1842/1842
f 1859/1859 1860/1860 1843/1843
f 1860/1860 1861/1861 1844/1844
f 1861/1861 1862/1862 1845/1845
f 1862/1862 1863/1863 1846/1846
f 1863/1863 1864/1864 1847/1847
f 1864/1864 1865/1865 1848/1848
f 1865/1865 1866/1866 1849/1849
f 1866/1866 1867/1867 1850/1850
f 1885/1885 1884/1884 1868/1868
f 1886/1886 1885/1885 1869/1869
f 1887/1887 1886/1886 1870/1870
f 1888/1888 1887/1887 1871/1871
f 1889/1889 1888/1888 1872/1872
f 1890/1890 1889/1889 1873/1873
f 1891/1891 1890/1890 1874/1874
f 1892/1892 1891/1891 1875/1875
f 1893/1893 1892/1892 1876/1876
f 1894/1894 1893/1893 1877/1877
f 1895/1895 1894/1894 1878/1878
f 1896/1896 1895/1895 1879/1879
f 1897/1897 1896/1896 1880/1880
f 1898/1898 1897/1897 1881/1881
f 1899/1899 1898/1898 1882/1882
f 1900/1900 1899/1899 1883/1883
v 46.200 -69.558 12.350
v 46.200 -69.505 12.618
v 46.200 -69.353 12.845
v 46.200 -69.126 12.997
v 46.200 -68.858 13.050
v 46.200 -68.590 12.997
v 46.200 -68.363 12.845
v 46.200 -68.211 12.618
v 46.200 -68.158 12.350
v 46.200 -68.211 12.082
v 46.200 -68.363 11.855
v 46.200 -68.590 11.703
v 46.200 -68.858 11.650
v 46.200 -69.126 11.703
v 46.200 -69.353 11.855
v 46.200 -69.505 12.082
v 46.200 -69.558 12.350
v 47.000 -69.558 12.350
v 47.000 -69.505 12.618
v 47.000 -69.353 12.845
v 47.000 -69.126 12.997
v 47.000 -68.858 13.050
v 47.000 -68.590 12.997
v 47.000 -68.363 12.845
v 47.000 -68.211 12.618
v 47.000 -68.158 12.350
v 47.000 -68.211 12.082
v 47.000 -68.363 11.855
v 47.000 -68.590 11.703
v 47.000 -68.858 11.650
v 47.000 -69.126 11.703
v 47.000 -69.353 11.855
v 47.000 -69.505 12.082
v 47.000 -69.558 12.350
v 46.200 -68.858 12.350
v 46.200 -68.858 12.350
v 46.200 -68.858 12.350
v 46.200 -68.858 12.350
v 46.200 -68.858 12.350
v 46.200 -68.858 12.350
v 46.200 -68.858 12.350
v 46.200 -68.858 12.350
v 46.200 -68.858 12.350
v 46.200 -68.858 12.350
v 46.200 -68.858 12.350
v 46.200 -68.858 12.350
v 46.200 -68.858 12.350
v 46.200 -68.858 12.350
v 46.200 -68.858 12.350
v 46.200 -68.858 12.350
v 46.200 -69.558 12.350
v 46.200 -69.505 12.618
v 46.200 -69.353 12.845
v 46.200 -69.126 12.997
v 46.200 -68.858 13.050
v 46.200 -68.590 12.997
v 46.200 -68.363 12.845
v 46.200 -68.211 12.618
v 46.200 -68.158 12.350
v 46.200 -68.211 12.082
v 46.200 -68.363 11.855
v 46.200 -68.590 11.703
v 46.200 -68.858 11.650
v 46.200 -69.126 11.703
v 46.200 -69.353 11.855
v 46.200 -69.505 12.082
v 46.200 -69.558 12.350
v 47.000 -68.858 12.350
v 47.000 -68.858 12.350
v 47.000 -68.858 12.350
v 47.000 -68.858 12.350
v 47.000 -68.858 12.350
v 47.000 -68.858 12.350
v 47.000 -68.858 12.350
v 47.000 -68.858 12.350
v 47.000 -68.858 12.350
v 47.000 -68.858 12.350
v 47.000 -68.858 12.350
v 47.000 -68.858 12.350
v 47.000 -68.858 12.350
v 47.000 -68.858 12.350
v 47.000 -68.858 12.350
v 47.000 -68.858 12.350
v 47.000 -69.558 12.350
v 47.000 -69.505 12.618
v 47.000 -69.353 12.845
v 47.000 -69.126 12.997
v 47.000 -68.858 13.050
v 47.000 -68.590 12.997
v 47.000 -68.363 12.845
v 47.000 -68.211 12.618
v 47.000 -68.158 12.350
v 47.000 -68.211 12.082
v 47.000 -68.363 11.855
v 47.000 -68.590 11.703
v 47.000 -68.858 11.650
v 47.000 -69.126 11.703
v 47.000 -69.353 11.855
v 47.000 -69.505 12.082
v 47.000 -69.558 12.350
vt 0.00000 1.00000
vt 0.06250 1.00000
vt 0.12500 1.00000
vt 0.18750 1.00000
vt 0.25000 1.00000
vt 0.31250 1.00000
vt 0.37500 1.00000
vt 0.43750 1.00000
vt 0.50000 1.00000
vt 0.56250 1.00000
vt 0.62500 1.00000
vt 0.68750 1.00000
vt 0.75000 1.00000
vt 0.81250 1.00000
vt 0.87500 1.00000
vt 0.93750 1.00000
vt 1.00000 1.00000
vt 0.00000 0.00000
vt 0.06250 0.00000
vt 0.12500 0.00000
vt 0.18750 0.00000
vt 0.25000 0.00000
vt 0.31250 0.00000
vt 0.37500 0.00000
vt 0.43750 0.00000
vt 0.50000 0.00000
vt 0.56250 0.00000
vt 0.62500 0.00000
vt 0.68750 0.00000
vt 0.75000 0.00000
vt 0.81250 0.00000
vt 0.87500 0.00000
vt 0.93750 0.00000
vt 1.00000 0.00000
vt 0.50000 0.50000
vt 0.50000 0.50000
vt 0.50000 0.50000
vt 0.50000 0.50000
vt 0.50000 0.50000
vt 0.50000 0.50000
vt 0.50000 0.50000
vt 0.50000 0.50000
vt 0.50000 0.50000
vt 0.50000 0.50000
vt 0.50000 0.50000
vt 0.50000 0.50000
vt 0.50000 0.50000
vt 0.50000 0.50000
vt 0.50000 0.50000
vt 0.50000 0.50000
vt 1.00000 0.50000
vt 0.96194 0.69134
vt 0.85355 0.85355
vt 0.69134 0.96194
vt 0.50000 1.00000
vt 0.30866 0.96194
vt 0.14645 0.85355
vt 0.03806 0.69134
vt 0.00000 0.50000
vt 0.03806 0.30866
vt 0.14645 0.14645
vt 0.30866 0.03806
vt 0.50000 0.00000
vt 0.69134 0.03806
vt 0.85355 0.14645
vt 0.96194 0.30866
vt 1.00000 0.50000
vt 0.50000 0.50000
vt 0.50000 0.50000
vt 0.50000 0.50000
vt 0.50000 0.50000
vt 0.50000 0.50000
vt 0.50000 0.50000
vt 0.50000 0.50000
vt 0.50000 0.50000
vt 0.50000 0.50000
vt 0.50000 0.50000
vt 0.50000 0.50000
vt 0.50000 0.50000
vt 0.50000 0.50000
vt 0.50000 0.50000
vt 0.50000 0.50000
vt 0.50000 0.50000
vt 1.00000 0.50000
vt 0.96194 0.30866
vt 0.85355 0.14645
vt 0.69134 0.03806
vt 0.50000 0.00000
vt 0.30866 0.03806
vt 0.14645 0.14645
vt 0.03806 0.30866
vt 0.00000 0.50000
vt 0.03806 0.69134
vt 0.14645 0.85355
vt 0.30866 0.96194
vt 0.50000 1.00000
vt 0.69134 0.96194
vt 0.85355 0.85355
vt 0.96194 0.69134
vt 1.00000 0.50000
f 1901/1901 1918/1918 1902/1902
f 1918/1918 1919/1919 1902/1902
f 1902/1902 1919/1919 1903/1903
f 1919/1919 1920/1920 1903/1903
f 1903/1903 1920/1920 1904/1904
f 1920/1920 1921/1921 1904/1904
f 1904/1904 1921/1921 1905/1905
f 1921/1921 1922/1922 1905/1905
f 1905/1905 1922/1922 1906/1906
f 1922/1922 1923/1923 1906/1906
f 1906/1906 1923/1923 1907/1907
f 1923/1923 1924/1924 1907/1907
f 1907/1907 1924/1924 1908/1908
f 1924/1924 1925/1925 1908/1908
f 1908/1908 1925/1925 1909/1909
f 1925/1925 1926/1926 1909/1909
f 1909/1909 1926/1926 1910/1910
f 1926/1926 1927/1927 1910/1910
f 1910/1910 1927/1927 1911/1911
f 1927/1927 1928/1928 1911/1911
f 1911/1911 1928/1928 1912/1912
f 1928/1928 1929/1929 1912/1912
f 1912/1912 1929/1929 1913/1913
f 1929/1929 1930/1930 1913/1913
f 1913/1913 1930/1930 1914/1914
f 1930/1930 1931/1931 1914/1914
f 1914/1914 1931/1931 1915/1915
f 1931/1931 1932/1932 1915/1915
f 1915/1915 1932/1932 1916/1916
f 1932/1932 1933/1933 1916/1916
f 1916/1916 1933/1933 1917/1917
f 1933/1933 1934/1934 1917/1917
f 1951/1951 1952/1952 1935/1935
f 1952/1952 1953/1953 1936/1936
f 1953/1953 1954/1954 1937/1937
f 1954/1954 1955/1955 1938/1938
f 1955/1955 1956/1956 1939/1939
f 1956/1956 1957/1957 1940/1940
f 1957/1957 1958/1958 1941/1941
f 1958/1958 1959/1959 1942/1942
f 1959/1959 1960/1960 1943/1943
f 1960/1960 1961/1961 1944/1944
f 1961/1961 1962/1962 1945/1945
f 1962/1962 1963/1963 1946/1946
f 1963/1963 1964/1964 1947/1947
f 1964/1964 1965/1965 1948/1948
f 1965/1965 1966/1966 1949/1949
f 1966/1966 1967/1967 1950/1950
f 1985/1985 1984/1984 1968/1968
f 1986/1986 1985/1985 1969/1969
f 1987/1987 1986/1986 1970/1970
f 1988/1988 1987/1987 1971/1971
f 1989/1989 1988/1988 1972/1972
f 1990/1990 1989/1989 1973/1973
f 1991/1991 1990/1990 1974/1974
f 1992/1992 1991/1991 1975/1975
f 1993/1993 1992/1992 1976/1976
f 1994/1994 1993/1993 1977/1977
f 1995/1995 1994/1994 1978/1978
f 1996/1996 1995/1995 1979/1979
f 1997/1997 1996/1996 1980/1980
f 1998/1998 1997/1997 1981/1981
f 1999/1999 1998/1998 1982/1982
f 2000/2000 1999/1999 1983/1983
v 46.200 -63.842 12.350
v 46.200 -63.789 12.618
v 46.200 -63.637 12.845
v 46.200 -63.410 12.997
v 46.200 -63.142 13.050
v 46.200 -62.874 12.997
v 46.200 -62.647 12.845
v 46.200 -62.495 12.618
v 46.200 -62.442 12.350
v 46.200 -62.495 12.082
v 46.200 -62.647 11.855
v 46.200 -62.874 11.703
v 46.200 -63.142 11.650
v 46.200 -63.410 11.703
v 46.200 -63.637 11.855
v 46.200 -63.789 12.082
v 46.200 -63.842 12.350
v 47.000 -63.842 12.350
v 47.000 -63.789 12.618
v 47.000 -63.637 12.845
v 47.000 -63.410 12.997
v 47.000 -63.142 13.050
v 47.000 -62.874 12.997
v 47.000 -62.647 12.845
v 47.000 -62.495 12.618
v 47.000 -62.442 12.350
v 47.000 -62.495 12.082
v 47.000 -62.647 11.855
v 47.000 -62.874 11.703
v 47.000 -63.142 11.650
v 47.000 -63.410 11.703
v 47.000 -63.637 11.855
v 47.000 -63.789 12.082
v 47.000 -63.842 12.350
v 46.200 -63.142 12.350
v 46.200 -63.142 12.350
v 46.200 -63.142 12.350
v 46.200 -63.142 12.350
v 46.200 -63.142 12.350
v 46.200 -63.142 12.350
v 46.200 -63.142 12.350
v 46.200 -63.142 12.350
v 46.200 -63.142 12.350
v 46.200 -63.142 12.350
v 46.200 -63.142 12.350
v 46.200 -63.142 12.350
v 46.200 -63.142 12.350
v 46.200 -63.142 12.350
v 46.200 -63.142 12.350
v 46.200 -63.142 12.350
v 46.200 -63.842 12.350
v 46.200 -63.789 12.618
v 46.200 -63.637 12.845
v 46.200 -63.410 12.997
v 46.200 -63.142 13.050
v 46.200 -62.874 12.997
v 46.200 -62.647 12.845
v 46.200 -62.495 12.618
v 46.200 -62.442 12.350
v 46.200 -62.495 12.082
v 46.200 -62.647 11.855
v 46.200 -62.874 11.703
v 46.200 -63.142 11.650
v 46.200 -63.410 11.703
v 46.200 -63.637 11.855
v 46.200 -63.789 12.082
v 46.200 -63.842 12.350
v 47.000 -63.142 12.350
v 47.000 -63.142 12.350
v 47.000 -63.142 12.350
v 47.000 -63.142 12.350
v 47.000 -63.142 12.350
v 47.000 -63.142 12.350
v 47.000 -63.142 12.350
v 47.000 -63.142 12.350
v 47.000 -63.142 12.350
v 47.000 -63.142 12.350
v 47.000 -63.142 12.350
v 47.000 -63.142 12.350
v 47.000 -63.142 12.350
v 47.000 -63.142 12.350
v 47.000 -63.142 12.350
v 47.000 -63.142 12.350
v 47.000 -63.842 12.350
v 47.000 -63.789 12.618
v 47.000 -63.637 12.845
v 47.000 -63.410 12.997
v 47.000 -63.142 13.050
v 47.000 -62.874 12.997
v 47.000 -62.647 12.845
v 47.000 -62.495 12.618
v 47.000 -62.442 12.350
v 47.000 -62.495 12.082
v 47.000 -62.647 11.855
v 47.000 -62.874 11.703
v 47.000 -63.142 11.650
v 47.000 -63.410 11.703
v 47.000 -63.637 11.855
v 47.000 -63.789 12.082
v 47.000 -63.842 12.350
vt 0.00000 1.00000
vt 0.06250 1.00000
vt 0.12500 1.00000
vt 0.18750 1.00000
vt 0.25000 1.00000
vt 0.31250 1.00000
vt 0.37500 1.00000
vt 0.43750 1.00000
vt 0.50000 1.00000
vt 0.56250 1.00000
vt 0.62500 1.00000
vt 0.68750 1.00000
vt 0.75000 1.00000
vt 0.81250 1.00000
vt 0.87500 1.00000
vt 0.93750 1.00000
vt 1.00000 1.00000
vt 0.00000 0.00000
vt 0.06250 0.00000
vt 0.12500 0.00000
vt 0.18750 0.00000
vt 0.25000 0.00000
vt 0.31250 0.00000
vt 0.37500 0.00000
vt 0.43750 0.00000
vt 0.50000 0.00000
vt 0.56250 0.00000
vt 0.62500 0.00000
vt 0.68750 0.00000
vt 0.75000 0.00000
vt 0.81250 0.00000
vt 0.87500 0.00000
vt 0.93750 0.00000
vt 1.00000 0.00000
vt 0.50000 0.50000
vt 0.50000 0.50000
vt 0.50000 0.50000
vt 0.50000 0.50000
vt 0.50000 0.50000
vt 0.50000 0.50000
vt 0.50000 0.50000
vt 0.50000 0.50000
vt 0.50000 0.50000
vt 0.50000 0.50000
vt 0.50000 0.50000
vt 0.50000 0.50000
vt 0.50000 0.50000
vt 0.50000 0.50000
vt 0.50000 0.50000
vt 0.50000 0.50000
vt 1.00000 0.50000
vt 0.96194 0.69134
vt 0.85355 0.85355
vt 0.69134 0.96194
vt 0.50000 1.00000
vt 0.30866 0.96194
vt 0.14645 0.85355
vt 0.03806 0.69134
vt 0.00000 0.50000
vt 0.03806 0.30866
vt 0.14645 0.14645
vt 0.30866 0.03806
vt 0.50000 0.00000
vt 0.69134 0.03806
vt 0.85355 0.14645
vt 0.96194 0.30866
vt 1.00000 0.50000
vt 0.50000 0.50000
vt 0.50000 0.50000
vt 0.50000 0.50000
vt 0.50000 0.50000
vt 0.50000 0.50000
vt 0.50000 0.50000
vt 0.50000 0.50000
vt 0.50000 0.50000
vt 0.50000 0.50000
vt 0.50000 0.50000
vt 0.50000 0.50000
vt 0.50000 0.50000
vt 0.50000 0.50000
vt 0.50000 0.50000
vt 0.50000 0.50000
vt 0.50000 0.50000
vt 1.00000 0.50000
vt 0.96194 0.30866
vt 0.85355 0.14645
vt 0.69134 0.03806
vt 0.50000 0.00000
vt 0.30866 0.03806
vt 0.14645 0.14645
vt 0.03806 0.30866
vt 0.00000 0.50000
vt 0.03806 0.69134
vt 0.14645 0.85355
vt 0.30866 0.96194
vt 0.50000 1.00000
vt 0.69134 0.96194
vt 0.85355 0.85355
vt 0.96194 0.69134
vt 1.00000 0.50000
f 2001/2001 2018/2018 2002/2002
f 2018/2018 2019/2019 2002/2002
f 2002/2002 2019/2019 2003/2003
f 2019/2019 2020/2020 2003/2003
f 2003/2003 2020/2020 2004/2004
f 2020/2020 2021/2021 2004/2004
f 2004/2004 2021/2021 2005/2005
f 2021/2021 2022/2022 2005/2005
f 2005/2005 2022/2022 2006/2006
f 2022/2022 2023/2023 2006/2006
f 2006/2006 2023/2023 2007/2007
f 2023/2023 2024/2024 2007/2007
f 2007/2007 2024/2024 2008/2008
f 2024/2024 2025/2025 2008/2008
f 2008/2008 2025/2025 2009/2009
f 2025/2025 2026/2026 2009/2009
f 2009/2009 2026/2026 2010/2010
f 2026/2026 2027/2027 2010/2010
f 2010/2010 2027/2027 2011/2011
f 2027/2027 2028/2028 2011/2011
f 2011/2011 2028/2028 2012/2012
f 2028/2028 2029/2029 2012/2012
f 2012/2012 2029/2029 2013/2013
f 2029/2029 2030/2030 2013/2013
f 2013/2013 2030/2030 2014/2014
f 2030/2030 2031/2031 2014/2014
f 2014/2014 2031/2031 2015/2015
f 2031/2031 2032/2032 2015/2015
f 2015/2015 2032/2032 2016/2016
f 2032/2032 2033/2033 2016/2016
f 2016/2016 2033/2033 2017/2017
f 2033/2033 2034/2034 2017/2017
f 2051/2051 2052/2052 2035/2035
f 2052/2052 2053/2053 2036/2036
f 2053/2053 2054/2054 2037/2037
f 2054/2054 2055/2055 2038/2038
f 2055/2055 2056/2056 2039/2039
f 2056/2056 2057/2057 2040/2040
f 2057/2057 2058/2058 2041/2041
f 2058/2058 2059/2059 2042/2042
f 2059/2059 2060/2060 2043/2043
f 2060/2060 2061/2061 2044/2044
f 2061/2061 2062/2062 2045/2045
f 2062/2062 2063/2063 2046/2046
f 2063/2063 2064/2064 2047/2047
f 2064/2064 2065/2065 2048/2048
f 2065/2065 2066/2066 2049/2049
f 2066/2066 2067/2067 2050/2050
f 2085/2085 2084/2084 2068/2068
f 2086/2086 2085/2085 2069/2069
f 2087/2087 2086/2086 2070/2070
f 2088/2088 2087/2087 2071/2071
f 2089/2089 2088/2088 2072/2072
f 2090/2090 2089/2089 2073/2073
f 2091/2091 2090/2090 2074/2074
f 2092/2092 2091/2091 2075/2075
f 2093/2093 2092/2092 2076/2076
f 2094/2094 2093/2093 2077/2077
f 2095/2095 2094/2094 2078/2078
f 2096/2096 2095/2095 2079/2079
f 2097/2097 2096/2096 2080/2080
f 2098/2098 2097/2097 2081/2081
f 2099/2099 2098/2098 2082/2082
f 2100/2100 2099/2099 2083/2083
v 67.800 -66.700 17.300
v 67.800 -66.647 17.032
v 67.800 -66.495 16.805
v 67.800 -66.268 16.653
v 67.800 -66.000 16.600
v 67.800 -65.732 16.653
v 67.800 -65.505 16.805
v 67.800 -65.353 17.032
v 67.800 -65.300 17.300
v 67.800 -65.353 17.568
v 67.800 -65.505 17.795
v 67.800 -65.732 17.947
v 67.800 -66.000 18.000
v 67.800 -66.268 17.947
v 67.800 -66.495 17.795
v 67.800 -66.647 17.568
v 67.800 -66.700 17.300
v 67.000 -66.700 17.300
v 67.000 -66.647 17.032
v 67.000 -66.495 16.805
v 67.000 -66.268 16.653
v 67.000 -66.000 16.600
v 67.000 -65.732 16.653
v 67.000 -65.505 16.805
v 67.000 -65.353 17.032
v 67.000 -65.300 17.300
v 67.000 -65.353 17.568
v 67.000 -65.505 17.795
v 67.000 -65.732 17.947
v 67.000 -66.000 18.000
v 67.000 -66.268 17.947
v 67.000 -66.495 17.795
v 67.000 -66.647 17.568
v 67.000 -66.700 17.300
v 67.800 -66.000 17.300
v 67.800 -66.000 17.300
v 67.800 -66.000 17.300
v 67.800 -66.000 17.300
v 67.800 -66.000 17.300
v 67.800 -66.000 17.300
v 67.800 -66.000 17.300
v 67.800 -66.000 17.300
v 67.800 -66.000 17.300
v 67.800 -66.000 17.300
v 67.800 -66.000 17.300
v 67.800 -66.000 17.300
v 67.800 -66.000 17.300
v 67.800 -66.000 17.300
v 67.800 -66.000 17.300
v 67.800 -66.000 17.300
v 67.800 -66.700 17.300
v 67.800 -66.647 17.032
v 67.800 -66.495 16.805
v 67.800 -66.268 16.653
v 67.800 -66.000 16.600
v 67.800 -65.732 16.653
v 67.800 -65.505 16.805
v 67.800 -65.353 17.032
v 67.800 -65.300 17.300
v 67.800 -65.353 17.568
v 67.800 -65.505 17.795
v 67.800 -65.732 17.947
v 67.800 -66.000 18.000
v 67.800 -66.268 17.947
v 67.800 -66.495 17.795
v 67.800 -66.647 17.568
v 67.800 -66.700 17.300
v 67.000 -66.000 17.300
v 67.000 -66.000 17.300
v 67.000 -66.000 17.300
v 67.000 -66.000 17.300
v 67.000 -66.000 17.300
v 67.000 -66.000 17.300
v 67.000 -66.000 17.300
v 67.000 -66.000 17.300
v 67.000 -66.000 17.300
v 67.000 -66.000 17.300
v 67.000 -66.000 17.300
v 67.000 -66.000 17.300
v 67.000 -66.000 17.300
v 67.000 -66.000 17.300
v 67.000 -66.000 17.300
v 67.000 -66.000 17.300
v 67.000 -66.700 17.300
v 67.000 -66.647 17.032
v 67.000 -66.495 16.805
v 67.000 -66.268 16.653
v 67.000 -66.000 16.600
v 67.000 -65.732 16.653
v 67.000 -65.505 16.805
v 67.000 -65.353 17.032
v 67.000 -65.300 17.300
v 67.000 -65.353 17.568
v 67.000 -65.505 17.795
v 67.000 -65.732 17.947
v 67.000 -66.000 18.000
v 67.000 -66.268 17.947
v 67.000 -66.495 17.795
v 67.000 -66.647 17.568
v 67.000 -66.700 17.300
vt 0.00000 1.00000
vt 0.06250 1.00000
vt 0.12500 1.00000
vt 0.18750 1.00000
vt 0.25000 1.00000
vt 0.31250 1.00000
vt 0.37500 1.00000
vt 0.43750 1.00000
vt 0.50000 1.00000
vt 0.56250 1.00000
vt 0.62500 1.00000
vt 0.68750 1.00000
vt 0.75000 1.00000
vt 0.81250 1.00000
vt 0.87500 1.00000
vt 0.93750 1.00000
vt 1.00000 1.00000
vt 0.00000 0.00000
vt 0.06250 0.00000
vt 0.12500 0.00000
vt 0.18750 0.00000
vt 0.25000 0.00000
vt 0.31250 0.00000
vt 0.37500 0.00000
vt 0.43750 0.00000
vt 0.50000 0.00000
vt 0.56250 0.00000
vt 0.62500 0.00000
vt 0.68750 0.00000
vt 0.75000 0.00000
vt 0.81250 0.00000
vt 0.87500 0.00000
vt 0.93750 0.00000
vt 1.00000 0.00000
vt 0.50000 0.50000
vt 0.50000 0.50000
vt 0.50000 0.50000
vt 0.50000 0.50000
vt 0.50000 0.50000
vt 0.50000 0.50000
vt 0.50000 0.50000
vt 0.50000 0.50000
vt 0.50000 0.50000
vt 0.50000 0.50000
vt 0.50000 0.50000
vt 0.50000 0.50000
vt 0.50000 0.50000
vt 0.50000 0.50000
vt 0.50000 0.50000
vt 0.50000 0.50000
vt 1.00000 0.50000
vt 0.96194 0.69134
vt 0.85355 0.85355
vt 0.69134 0.96194
vt 0.50000 1.00000
vt 0.30866 0.96194
vt 0.14645 0.85355
vt 0.03806 0.69134
vt 0.00000 0.50000
vt 0.03806 0.30866
vt 0.14645 0.14645
vt 0.30866 0.03806
vt 0.50000 0.00000
vt 0.69134 0.03806
vt 0.85355 0.14645
vt 0.96194 0.30866
vt 1.00000 0.50000
vt 0.50000 0.50000
vt 0.50000 0.50000
vt 0.50000 0.50000
vt 0.50000 0.50000
vt 0.50000 0.50000
vt 0.50000 0.50000
vt 0.50000 0.50000
vt 0.50000 0.50000
vt 0.50000 0.50000
vt 0.50000 0.50000
vt 0.50000 0.50000
vt 0.50000 0.50000
vt 0.50000 0.50000
vt 0.50000 0.50000
vt 0.50000 0.50000
vt 0.50000 0.50000
vt 1.00000 0.50000
vt 0.96194 0.30866
vt 0.85355 0.14645
vt 0.69134 0.03806
vt 0.50000 0.00000
vt 0.30866 0.03806
vt 0.14645 0.14645
vt 0.03806 0.30866
vt 0.00000 0.50000
vt 0.03806 0.69134
vt 0.14645 0.85355
vt 0.30866 0.96194
vt 0.50000 1.00000
vt 0.69134 0.96194
vt 0.85355 0.85355
vt 0.96194 0.69134
vt 1.00000 0.50000
f 2101/2101 2118/2118 2102/2102
f 2118/2118 2119/2119 2102/2102
f 2102/2102 2119/2119 2103/2103
f 2119/2119 2120/2120 2103/2103
f 2103/2103 2120/2120 2104/2104
f 2120/2120 2121/2121 2104/2104
f 2104/2104 2121/2121 2105/2105
f 2121/2121 2122/2122 2105/2105
f 2105/2105 2122/2122 2106/2106
f 2122/2122 2123/2123 2106/2106
f 2106/2106 2123/2123 2107/2107
f 2123/2123 2124/2124 2107/2107
f 2107/2107 2124/2124 2108/2108
f 2124/2124 2125/2125 2108/2108
f 2108/2108 2125/2125 2109/2109
f 2125/2125 2126/2126 2109/2109
f 2109/2109 2126/2126 2110/2110
f 2126/2126 2127/2127 2110/2110
f 2110/2110 2127/2127 2111/2111
f 2127/2127 2128/2128 2111/2111
f 2111/2111 2128/2128 2112/2112
f 2128/2128 2129/2129 2112/2112
f 2112/2112 2129/2129 2113/2113
f 2129/2129 2130/2130 2113/2113
f 2113/2113 2130/2130 2114/2114
f 2130/2130 2131/2131 2114/2114
f 2114/2114 2131/2131 2115/2115
f 2131/2131 2132/2132 2115/2115
f 2115/2115 2132/2132 2116/2116
f 2132/2132 2133/2133 2116/2116
f 2116/2116 2133/2133 2117/2117
f 2133/2133 2134/2134 2117/2117
f 2151/2151 2152/2152 2135/2135
f 2152/2152 2153/2153 2136/2136
f 2153/2153 2154/2154 2137/2137
f 2154/2154 2155/2155 2138/2138
f 2155/2155 2156/2156 2139/2139
f 2156/2156 2157/2157 2140/2140
f 2157/2157 2158/2158 2141/2141
f 2158/2158 2159/2159 2142/2142
f 2159/2159 2160/2160 2143/2143
f 2160/2160 2161/2161 2144/2144
f 2161/2161 2162/2162 2145/2145
f 2162/2162 2163/2163 2146/2146
f 2163/2163 2164/2164 2147/2147
f 2164/2164 2165/2165 2148/2148
f 2165/2165 2166/2166 2149/2149
f 2166/2166 2167/2167 2150/2150
f 2185/2185 2184/2184 2168/2168
f 2186/2186 2185/2185 2169/2169
f 2187/2187 2186/2186 2170/2170
f 2188/2188 2187/2187 2171/2171
f 2189/2189 2188/2188 2172/2172
f 2190/2190 2189/2189 2173/2173
f 2191/2191 2190/2190 2174/2174
f 2192/2192 2191/2191 2175/2175
f 2193/2193 2192/2192 2176/2176
f 2194/2194 2193/2193 2177/2177
f 2195/2195 2194/2194 2178/2178
f 2196/2196 2195/2195 2179/2179
f 2197/2197 2196/2196 2180/2180
f 2198/2198 2197/2197 2181/2181
f 2199/2199 2198/2198 2182/2182
f 2200/2200 2199/2199 2183/2183
v 67.800 -69.558 12.350
v 67.800 -69.505 12.082
v 67.800 -69.353 11.855
v 67.800 -69.126 11.703
v 67.800 -68.858 11.650
v 67.800 -68.590 11.703
v 67.800 -68.363 11.855
v 67.800 -68.211 12.082
v 67.800 -68.158 12.350
v 67.800 -68.211 12.618
v 67.800 -68.363 12.845
v 67.800 -68.590 12.997
v 67.800 -68.858 13.050
v 67.800 -69.126 12.997
v 67.800 -69.353 12.845
v 67.800 -69.505 12.618
v 67.800 -69.558 12.350
v 67.000 -69.558 12.350
v 67.000 -69.505 12.082
v 67.000 -69.353 11.855
v 67.000 -69.126 11.703
v 67.000 -68.858 11.650
v 67.000 -68.590 11.703
v 67.000 -68.363 11.855
v 67.000 -68.211 12.082
v 67.000 -68.158 12.350
v 67.000 -68.211 12.618
v 67.000 -68.363 12.845
v 67.000 -68.590 12.997
v 67.000 -68.858 13.050
v 67.000 -69.126 12.997
v 67.000 -69.353 12.845
v 67.000 -69.505 12.618
v 67.000 -69.558 12.350
v 67.800 -68.858 12.350
v 67.800 -68.858 12.350
v 67.800 -68.858 12.350
v 67.800 -68.858 12.350
v 67.800 -68.858 12.350
v 67.800 -68.858 12.350
v 67.800 -68.858 12.350
v 67.800 -68.858 12.350
v 67.800 -68.858 12.350
v 67.800 -68.858 12.350
v 67.800 -68.858 12.350
v 67.800 -68.858 12.350
v 67.800 -68.858 12.350
v 67.800 -68.858 12.350
v 67.800 -68.858 12.350
v 67.800 -68.858 12.350
v 67.800 -69.558 12.350
v 67.800 -69.505 12.082
v 67.800 -69.353 11.855
v 67.800 -69.126 11.703
v 67.800 -68.858 11.650
v 67.800 -68.590 11.703
v 67.800 -68.363 11.855
v 67.800 -68.211 12.082
v 67.800 -68.158 12.350
v 67.800 -68.211 12.618
v 67.800 -68.363 12.845
v 67.800 -68.590 12.997
v 67.800 -68.858 13.050
v 67.800 -69.126 12.997
v 67.800 -69.353 12.845
v 67.800 -69.505 12.618
v 67.800 -69.558 12.350
v 67.000 -68.858 12.350
v 67.000 -68.858 12.350
v 67.000 -68.858 12.350
v 67.000 -68.858 12.350
v 67.000 -68.858 12.350
v 67.000 -68.858 12.350
v 67.000 -68.858 12.350
v 67.000 -68.858 12.350
v 67.000 -68.858 12.350
v 67.000 -68.858 12.350
v 67.000 -68.858 12.350
v 67.000 -68.858 12.350
v 67.000 -68.858 12.350
v 67.000 -68.858 12.350
v 67.000 -68.858 12.350
v 67.000 -68.858 12.350
v 67.000 -69.558 12.350
v 67.000 -69.505 12.082
v 67.000 -69.353 11.855
v 67.000 -69.126 11.703
v 67.000 -68.858 11.650
v 67.000 -68.590 11.703
v 67.000 -68.363 11.855
v 67.000 -68.211 12.082
v 67.000 -68.158 12.350
v 67.000 -68.211 12.618
v 67.000 -68.363 12.845
v 67.000 -68.590 12.997
v 67.000 -68.858 13.050
v 67.000 -69.126 12.997
v 67.000 -69.353 12.845
v 67.000 -69.505 12.618
v 67.000 -69.558 12.350
vt 0.00000 1.00000
vt 0.06250 1.00000
vt 0.12500 1.00000
vt 0.18750 1.00000
vt 0.25000 1.00000
vt 0.31250 1.00000
vt 0.37500 1.00000
vt 0.43750 1.00000
vt 0.50000 1.00000
vt 0.56250 1.00000
vt 0.62500 1.00000
vt 0.68750 1.00000
vt 0.75000 1.00000
vt 0.81250 1.00000
vt 0.87500 1.00000
vt 0.93750 1.00000
vt 1.00000 1.00000
vt 0.00000 0.00000
vt 0.06250 0.00000
vt 0.12500 0.00000
vt 0.18750 0.00000
vt 0.25000 0.00000
vt 0.31250 0.00000
vt 0.37500 0.00000
vt 0.43750 0.00000
vt 0.50000 0.00000
vt 0.56250 0.00000
vt 0.62500 0.00000
vt 0.68750 0.00000
vt 0.75000 0.00000
vt 0.81250 0.00000
vt 0.87500 0.00000
vt 0.93750 0.00000
vt 1.00000 0.00000
vt 0.50000 0.50000
vt 0.50000 0.50000
vt 0.50000 0.50000
vt 0.50000 0.50000
vt 0.50000 0.50000
vt 0.50000 0.50000
vt 0.50000 0.50000
vt 0.50000 0.50000
vt 0.50000 0.50000
vt 0.50000 0.50000
vt 0.50000 0.50000
vt 0.50000 0.50000
vt 0.50000 0.50000
vt 0.50000 0.50000
vt 0.50000 0.50000
vt 0.50000 0.50000
vt 1.00000 0.50000
vt 0.96194 0.69134
vt 0.85355 0.85355
vt 0.69134 0.96194
vt 0.50000 1.00000
vt 0.30866 0.96194
vt 0.14645 0.85355
vt 0.03806 0.69134
vt 0.00000 0.50000
vt 0.03806 0.30866
vt 0.14645 0.14645
vt 0.30866 0.03806
vt 0.50000 0.00000
vt 0.69134 0.03806
vt 0.85355 0.14645
vt 0.96194 0.30866
vt 1.00000 0.50000
vt 0.50000 0.50000
vt 0.50000 0.50000
vt 0.50000 0.50000
vt 0.50000 0.50000
vt 0.50000 0.50000
vt 0.50000 0.50000
vt 0.50000 0.50000
vt 0.50000 0.50000
vt 0.50000 0.50000
vt 0.50000 0.50000
vt 0.50000 0.50000
vt 0.50000 0.50000
vt 0.50000 0.50000
vt 0.50000 0.50000
vt 0.50000 0.50000
vt 0.50000 0.50000
vt 1.00000 0.50000
vt 0.96194 0.30866
vt 0.85355 0.14645
vt 0.69134 0.03806
vt 0.50000 0.00000
vt 0.30866 0.03806
vt 0.14645 0.14645
vt 0.03806 0.30866
vt 0.00000 0.50000
vt 0.03806 0.69134
vt 0.14645 0.85355
vt 0.30866 0.96194
vt 0.50000 1.00000
vt 0.69134 0.96194
vt 0.85355 0.85355
vt 0.96194 0.69134
vt 1.00000 0.50000
f 2201/2201 2218/2218 2202/2202
f 2218/2218 2219/2219 2202/2202
f 2202/2202 2219/2219 2203/2203
f 2219/2219 2220/2220 2203/2203
f 2203/2203 2220/2220 2204/2204
f 2220/2220 2221/2221 2204/2204
f 2204/2204 2221/2221 2205/2205
f 2221/2221 2222/2222 2205/2205
f 2205/2205 2222/2222 2206/2206
f 2222/2222 2223/2223 2206/2206
f 2206/2206 2223/2223 2207/2207
f 2223/2223 2224/2224 2207/2207
f 2207/2207 2224/2224 2208/2208
f 2224/2224 2225/2225 2208/2208
f 2208/2208 2225/2225 2209/2209
f 2225/2225 2226/2226 2209/2209
f 2209/2209 2226/2226 2210/2210
f 2226/2226 2227/2227 2210/2210
f 2210/2210 2227/2227 2211/2211
f 2227/2227 2228/2228 2211/2211
f 2211/2211 2228/2228 2212/2212
f 2228/2228 2229/2229 2212/2212
f 2212/2212 2229/2229 2213/2213
f 2229/2229 2230/2230 2213/2213
f 2213/2213 2230/2230 2214/2214
f 2230/2230 2231/2231 2214/2214
f 2214/2214 2231/2231 2215/2215
f 2231/2231 2232/2232 2215/2215
f 2215/2215 2232/2232 2216/2216
f 2232/2232 2233/2233 2216/2216
f 2216/2216 2233/2233 2217/2217
f 2233/2233 2234/2234 2217/2217
f 2251/2251 2252/2252 2235/2235
f 2252/2252 2253/2253 2236/2236
f 2253/2253 2254/2254 2237/2237
f 2254/2254 2255/2255 2238/2238
f 2255/2255 2256/2256 2239/2239
f 2256/2256 2257/2257 2240/2240
f 2257/2257 2258/2258 2241/2241
f 2258/2258 2259/2259 2242/2242
f 2259/2259 2260/2260 2243/2243
f 2260/2260 2261/2261 2244/2244
f 2261/2261 2262/2262 2245/2245
f 2262/2262 2263/2263 2246/2246
f 2263/2263 2264/2264 2247/2247
f 2264/2264 2265/2265 2248/2248
f 2265/2265 2266/2266 2249/2249
f 2266/2266 2267/2267 2250/2250
f 2285/2285 2284/2284 2268/2268
f 2286/2286 2285/2285 2269/2269
f 2287/2287 2286/2286 2270/2270
f 2288/2288 2287/2287 2271/2271
f 2289/2289 2288/2288 2272/2272
f 2290/2290 2289/2289 2273/2273
f 2291/2291 2290/2290 2274/2274
f 2292/2292 2291/2291 2275/2275
f 2293/2293 2292/2292 2276/2276
f 2294/2294 2293/2293 2277/2277
f 2295/2295 2294/2294 2278/2278
f 2296/2296 2295/2295 2279/2279
f 2297/2297 2296/2296 2280/2280
f 2298/2298 2297/2297 2281/2281
f 2299/2299 2298/2298 2282/2282
f 2300/2300 2299/2299 2283/2283
v 67.800 -63.842 12.350
v 67.800 -63.789 12.082
v 67.800 -63.637 11.855
v 67.800 -63.410 11.703
v 67.800 -63.142 11.650
v 67.800 -62.874 11.703
v 67.800 -62.647 11.855
v 67.800 -62.495 12.082
v 67.800 -62.442 12.350
v 67.800 -62.495 12.618
v 67.800 -62.647 12.845
v 67.800 -62.874 12.997
v 67.800 -63.142 13.050
v 67.800 -63.410 12.997
v 67.800 -63.637 12.845
v 67.800 -63.789 12.618
v 67.800 -63.842 12.350
v 67.000 -63.842 12.350
v 67.000 -63.789 12.082
v 67.000 -63.637 11.855
v 67.000 -63.410 11.703
v 67.000 -63.142 11.650
v 67.000 -62.874 11.703
v 67.000 -62.647 11.855
v 67.000 -62.495 12.082
v 67.000 -62.442 12.350
v 67.000 -62.495 12.618
v 67.000 -62.647 12.845
v 67.000 -62.874 12.997
v 67.000 -63.142 13.050
v 67.000 -63.410 12.997
v 67.000 -63.637 12.845
v 67.000 -63.789 12.618
v 67.000 -63.842 12.350
v 67.800 -63.142 12.350
v 67.800 -63.142 12.350
v 67.800 -63.142 12.350
v 67.800 -63.142 12.350
v 67.800 -63.142 12.350
v 67.800 -63.142 12.350
v 67.800 -63.142 12.350
v 67.800 -63.142 12.350
v 67.800 -63.142 12.350
v 67.800 -63.142 12.350
v 67.800 -63.142 12.350
v 67.800 -63.142 12.350
v 67.800 -63.142 12.350
v 67.800 -63.142 12.350
v 67.800 -63.142 12.350
v 67.800 -63.142 12.350
v 67.800 -63.842 12.350
v 67.800 -63.789 12.082
v 67.800 -63.637 11.855
v 67.800 -63.410 11.703
v 67.800 -63.142 11.650
v 67.800 -62.874 11.703
v 67.800 -62.647 11.855
v 67.800 -62.495 12.082
v 67.800 -62.442 12.350
v 67.800 -62.495 12.618
v 67.800 -62.647 12.845
v 67.800 -62.874 12.997
v 67.800 -63.142 13.050
v 67.800 -63.410 12.997
v 67.800 -63.637 12.845
v 67.800 -63.789 12.618
v 67.800 -63.842 12.350
v 67.000 -63.142 12.350
v 67.000 -63.142 12.350
v 67.000 -63.142 12.350
v 67.000 -63.142 12.350
v 67.000 -63.142 12.350
v 67.000 -63.142 12.350
v 67.000 -63.142 12.350
v 67.000 -63.142 12.350
v 67.000 -63.142 12.350
v 67.000 -63.142 12.350
v 67.000 -63.142 12.350
v 67.000 -63.142 12.350
v 67.000 -63.142 12.350
v 67.000 -63.142 12.350
v 67.000 -63.142 12.350
v 67.000 -63.142 12.350
v 67.000 -63.842 12.350
v 67.000 -63.789 12.082
v 67.000 -63.637 11.855
v 67.000 -63.410 11.703
v 67.000 -63.142 11.650
v 67.000 -62.874 11.703
v 67.000 -62.647 11.855
v 67.000 -62.495 12.082
v 67.000 -62.442 12.350
v 67.000 -62.495 12.618
v 67.000 -62.647 12.845
v 67.000 -62.874 12.997
v 67.000 -63.142 13.050
v 67.000 -63.410 12.997
v 67.000 -63.637 12.845
v 67.000 -63.789 12.618
v 67.000 -63.842 12.350
vt 0.00000 1.00000
vt 0.06250 1.00000
vt 0.12500 1.00000
vt 0.18750 1.00000
vt 0.25000 1.00000
vt 0.31250 1.00000
vt 0.37500 1.00000
vt 0.43750 1.00000
vt 0.50000 1.00000
vt 0.56250 1.00000
vt 0.62500 1.00000
vt 0.68750 1.00000
vt 0.75000 1.00000
vt 0.81250 1.00000
vt 0.87500 1.00000
vt 0.93750 1.00000
vt 1.00000 1.00000
vt 0.00000 0.00000
vt 0.06250 0.00000
vt 0.12500 0.00000
vt 0.18750 0.00000
vt 0.25000 0.00000
vt 0.31250 0.00000
vt 0.37500 0.00000
vt 0.43750 0.00000
vt 0.50000 0.00000
vt 0.56250 0.00000
vt 0.62500 0.00000
vt 0.68750 0.00000
vt 0.75000 0.00000
vt 0.81250 0.00000
vt 0.87500 0.00000
vt 0.93750 0.00000
vt 1.00000 0.00000
vt 0.50000 0.50000
vt 0.50000 0.50000
vt 0.50000 0.50000
vt 0.50000 0.50000
vt 0.50000 0.50000
vt 0.50000 0.50000
vt 0.50000 0.50000
vt 0.50000 0.50000
vt 0.50000 0.50000
vt 0.50000 0.50000
vt 0.50000 0.50000
vt 0.50000 0.50000
vt 0.50000 0.50000
vt 0.50000 0.50000
vt 0.50000 0.50000
vt 0.50000 0.50000
vt 1.00000 0.50000
vt 0.96194 0.69134
vt 0.85355 0.85355
vt 0.69134 0.96194
vt 0.50000 1.00000
vt 0.30866 0.96194
vt 0.14645 0.85355
vt 0.03806 0.69134
vt 0.00000 0.50000
vt 0.03806 0.30866
vt 0.14645 0.14645
vt 0.30866 0.03806
vt 0.50000 0.00000
vt 0.69134 0.03806
vt 0.85355 0.14645
vt 0.96194 0.30866
vt 1.00000 0.50000
vt 0.50000 0.50000
vt 0.50000 0.50000
vt 0.50000 0.50000
vt 0.50000 0.50000
vt 0.50000 0.50000
vt 0.50000 0.50000
vt 0.50000 0.50000
vt 0.50000 0.50000
vt 0.50000 0.50000
vt 0.50000 0.50000
vt 0.50000 0.50000
vt 0.50000 0.50000
vt 0.50000 0.50000
vt 0.50000 0.50000
vt 0.50000 0.50000
vt 0.50000 0.50000
vt 1.00000 0.50000
vt 0.96194 0.30866
vt 0.85355 0.14645
vt 0.69134 0.03806
vt 0.50000 0.00000
vt 0.30866 0.03806
vt 0.14645 0.14645
vt 0.03806 0.30866
vt 0.00000 0.50000
vt 0.03806 0.69134
vt 0.14645 0.85355
vt 0.30866 0.96194
vt 0.50000 1.00000
vt 0.69134 0.96194
vt 0.85355 0.85355
vt 0.96194 0.69134
vt 1.00000 0.50000
f 2301/2301 2318/2318 2302/2302
f 2318/2318 2319/2319 2302/2302
f 2302/2302 2319/2319 2303/2303
f 2319/2319 2320/2320 2303/2303
f 2303/2303 2320/2320 2304/2304
f 2320/2320 2321/2321 2304/2304
f 2304/2304 2321/2321 2305/2305
f 2321/2321 2322/2322 2305/2305
f 2305/2305 2322/2322 2306/2306
f 2322/2322 2323/2323 2306/2306
f 2306/2306 2323/2323 2307/2307
f 2323/2323 2324/2324 2307/2307
f 2307/2307 2324/2324 2308/2308
f 2324/2324 2325/2325 2308/2308
f 2308/2308 2325/2325 2309/2309
f 2325/2325 2326/2326 2309/2309
f 2309/2309 2326/2326 2310/2310
f 2326/2326 2327/2327 2310/2310
f 2310/2310 2327/2327 2311/2311
f 2327/2327 2328/2328 2311/2311
f 2311/2311 2328/2328 2312/2312
f 2328/2328 2329/2329 2312/2312
f 2312/2312 2329/2329 2313/2313
f 2329/2329 2330/2330 2313/2313
f 2313/2313 2330/2330 2314/2314
f 2330/2330 2331/2331 2314/2314
f 2314/2314 2331/2331 2315/2315
f 2331/2331 2332/2332 2315/2315
f 2315/2315 2332/2332 2316/2316
f 2332/2332 2333/2333 2316/2316
f 2316/2316 2333/2333 2317/2317
f 2333/2333 2334/2334 2317/2317
f 2351/2351 2352/2352 2335/2335
f 2352/2352 2353/2353 2336/2336
f 2353/2353 2354/2354 2337/2337
f 2354/2354 2355/2355 2338/2338
f 2355/2355 2356/2356 2339/2339
f 2356/2356 2357/2357 2340/2340
f 2357/2357 2358/2358 2341/2341
f 2358/2358 2359/2359 2342/2342
f 2359/2359 2360/2360 2343/2343
f 2360/2360 2361/2361 2344/2344
f 2361/2361 2362/2362 2345/2345
f 2362/2362 2363/2363 2346/2346
f 2363/2363 2364/2364 2347/2347
f 2364/2364 2365/2365 2348/2348
f 2365/2365 2366/2366 2349/2349
f 2366/2366 2367/2367 2350/2350
f 2385/2385 2384/2384 2368/2368
f 2386/2386 2385/2385 2369/2369
f 2387/2387 2386/2386 2370/2370
f 2388/2388 2387/2387 2371/2371
f 2389/2389 2388/2388 2372/2372
f 2390/2390 2389/2389 2373/2373
f 2391/2391 2390/2390 2374/2374
f 2392/2392 2391/2391 2375/2375
f 2393/2393 2392/2392 2376/2376
f 2394/2394 2393/2393 2377/2377
f 2395/2395 2394/2394 2378/2378
f 2396/2396 2395/2395 2379/2379
f 2397/2397 2396/2396 2380/2380
f 2398/2398 2397/2397 2381/2381
f 2399/2399 2398/2398 2382/2382
f 2400/2400 2399/2399 2383/2383
v 3.900 29.810 64.743
v 3.900 31.493 63.325
v 3.900 27.362 61.836
v 3.900 29.045 60.419
v -3.900 31.493 63.325
v -3.900 29.810 64.743
v -3.900 29.045 60.419
v -3.900 27.362 61.836
v -3.900 31.493 63.325
v 3.900 31.493 63.325
v -3.900 29.810 64.743
v 3.900 29.810 64.743
v -3.900 27.362 61.836
v 3.900 27.362 61.836
v -3.900 29.045 60.419
v 3.900 29.045 60.419
v -3.900 29.810 64.743
v 3.900 29.810 64.743
v -3.900 27.362 61.836
v 3.900 27.362 61.836
v 3.900 31.493 63.325
v -3.900 31.493 63.325
v 3.900 29.045 60.419
v -3.900 29.045 60.419
vt 0.00000 1.00000
vt 1.00000 1.00000
vt 0.00000 0.00000
vt 1.00000 0.00000
vt 0.00000 1.00000
vt 1.00000 1.00000
vt 0.00000 0.00000
vt 1.00000 0.00000
vt 0.00000 1.00000
vt 1.00000 1.00000
vt 0.00000 0.00000
vt 1.00000 0.00000
vt 0.00000 1.00000
vt 1.00000 1.00000
vt 0.00000 0.00000
vt 1.00000 0.00000
vt 0.00000 1.00000
vt 1.00000 1.00000
vt 0.00000 0.00000
vt 1.00000 0.00000
vt 0.00000 1.00000
vt 1.00000 1.00000
vt 0.00000 0.00000
vt 1.00000 0.00000
f 2401/2401 2403/2403 2402/2402
f 2403/2403 2404/2404 2402/2402
f 2405/2405 2407/2407 2406/2406
f 2407/2407 2408/2408 2406/2406
f 2409/2409 2411/2411 2410/2410
f 2411/2411 2412/2412 2410/2410
f 2413/2413 2415/2415 2414/2414
f 2415/2415 2416/2416 2414/2414
f 2417/2417 2419/2419 2418/2418
f 2419/2419 2420/2420 2418/2418
f 2421/2421 2423/2423 2422/2422
f 2423/2423 2424/2424 2422/2422
v 45.500 -61.000 35.500
v 45.500 -37.000 35.500
v 45.500 -61.000 16.500
v 45.500 -37.000 16.500
v 24.500 -37.000 35.500
v 24.500 -61.000 35.500
v 24.500 -37.000 16.500
v 24.500 -61.000 16.500
v 24.500 -37.000 35.500
v 45.500 -37.000 35.500
v 24.500 -61.000 35.500
v 45.500 -61.000 35.500
v 24.500 -61.000 16.500
v 45.500 -61.000 16.500
v 24.500 -37.000 16.500
v 45.500 -37.000 16.500
v 24.500 -61.000 35.500
v 45.500 -61.000 35.500
v 24.500 -61.000 16.500
v 45.500 -61.000 16.500
v 45.500 -37.000 35.500
v 24.500 -37.000 35.500
v 45.500 -37.000 16.500
v 24.500 -37.000 16.500
vt 0.00000 1.00000
vt 1.00000 1.00000
vt 0.00000 0.00000
vt 1.00000 0.00000
vt 0.00000 1.00000
vt 1.00000 1.00000
vt 0.00000 0.00000
vt 1.00000 0.00000
vt 0.00000 1.00000
vt 1.00000 1.00000
vt 0.00000 0.00000
vt 1.00000 0.00000
vt 0.00000 1.00000
vt 1.00000 1.00000
vt 0.00000 0.00000
vt 1.00000 0.00000
vt 0.00000 1.00000
vt 1.00000 1.00000
vt 0.00000 0.00000
vt 1.00000 0.00000
vt 0.00000 1.00000
vt 1.00000 1.00000
vt 0.00000 0.00000
vt 1.00000 0.00000
f 2425/2425 2427/2427 2426/2426
f 2427/2427 2428/2428 2426/2426
f 2429/2429 2431/2431 2430/2430
f 2431/2431 2432/2432 2430/2430
f 2433/2433 2435/2435 2434/2434
f 2435/2435 2436/2436 2434/2434
f 2437/2437 2439/2439 2438/2438
f 2439/2439 2440/2440 2438/2438
f 2441/2441 2443/2443 2442/2442
f 2443/2443 2444/2444 2442/2442
f 2445/2445 2447/2447 2446/2446
f 2447/2447 2448/2448 2446/2446
v 44.750 -58.500 35.400
v 44.750 -39.500 35.400
v 44.750 -58.500 34.600
v 44.750 -39.500 34.600
v 25.250 -39.500 35.400
v 25.250 -58.500 35.400
v 25.250 -39.500 34.600
v 25.250 -58.500 34.600
v 25.250 -39.500 35.400
v 44.750 -39.500 35.400
v 25.250 -58.500 35.400
v 44.750 -58.500 35.400
v 25.250 -58.500 34.600
v 44.750 -58.500 34.600
v 25.250 -39.500 34.600
v 44.750 -39.500 34.600
v 25.250 -58.500 35.400
v 44.750 -58.500 35.400
v 25.250 -58.500 34.600
v 44.750 -58.500 34.600
v 44.750 -39.500 35.400
v 25.250 -39.500 35.400
v 44.750 -39.500 34.600
v 25.250 -39.500 34.600
vt 0.00000 1.00000
vt 1.00000 1.00000
vt 0.00000 0.00000
vt 1.00000 0.00000
vt 0.00000 1.00000
vt 1.00000 1.00000
vt 0.00000 0.00000
vt 1.00000 0.00000
vt 0.00000 1.00000
vt 1.00000 1.00000
vt 0.00000 0.00000
vt 1.00000 0.00000
vt 0.00000 1.00000
vt 1.00000 1.00000
vt 0.00000 0.00000
vt 1.00000 0.00000
vt 0.00000 1.00000
vt 1.00000 1.00000
vt 0.00000 0.00000
vt 1.00000 0.00000
vt 0.00000 1.00000
vt 1.00000 1.00000
vt 0.00000 0.00000
vt 1.00000 0.00000
f 2449/2449 2451/2451 2450/2450
f 2451/2451 2452/2452 2450/2450
f 2453/2453 2455/2455 2454/2454
f 2455/2455 2456/2456 2454/2454
f 2457/2457 2459/2459 2458/2458
f 2459/2459 2460/2460 2458/2458
f 2461/2461 2463/2463 2462/2462
f 2463/2463 2464/2464 2462/2462
f 2465/2465 2467/2467 2466/2466
f 2467/2467 2468/2468 2466/2466
f 2469/2469 2471/2471 2470/2470
f 2471/2471 2472/2472 2470/2470
v 44.750 -58.500 37.200
v 44.750 -39.500 37.200
v 44.750 -58.500 36.400
v 44.750 -39.500 36.400
v 25.250 -39.500 37.200
v 25.250 -58.500 37.200
v 25.250 -39.500 36.400
v 25.250 -58.500 36.400
v 25.250 -39.500 37.200
v 44.750 -39.500 37.200
v 25.250 -58.500 37.200
v 44.750 -58.500 37.200
v 25.250 -58.500 36.400
v 44.750 -58.500 36.400
v 25.250 -39.500 36.400
v 44.750 -39.500 36.400
v 25.250 -58.500 37.200
v 44.750 -58.500 37.200
v 25.250 -58.500 36.400
v 44.750 -58.500 36.400
v 44.750 -39.500 37.200
v 25.250 -39.500 37.200
v 44.750 -39.500 36.400
v 25.250 -39.500 36.400
vt 0.00000 1.00000
vt 1.00000 1.00000
vt 0.00000 0.00000
vt 1.00000 0.00000
vt 0.00000 1.00000
vt 1.00000 1.00000
vt 0.00000 0.00000
vt 1.00000 0.00000
vt 0.00000 1.00000
vt 1.00000 1.00000
vt 0.00000 0.00000
vt 1.00000 0.00000
vt 0.00000 1.00000
vt 1.00000 1.00000
vt 0.00000 0.00000
vt 1.00000 0.00000
vt 0.00000 1.00000
vt 1.00000 1.00000
vt 0.00000 0.00000
vt 1.00000 0.00000
vt 0.00000 1.00000
vt 1.00000 1.00000
vt 0.00000 0.00000
vt 1.00000 0.00000
f 2473/2473 2475/2475 2474/2474
f 2475/2475 2476/2476 2474/2474
f 2477/2477 2479/2479 2478/2478
f 2479/2479 2480/2480 2478/2478
f 2481/2481 2483/2483 2482/2482
f 2483/2483 2484/2484 2482/2482
f 2485/2485 2487/2487 2486/2486
f 2487/2487 2488/2488 2486/2486
f 2489/2489 2491/2491 2490/2490
f 2491/2491 2492/2492 2490/2490
f 2493/2493 2495/2495 2494/2494
f 2495/2495 2496/2496 2494/2494
v 44.750 -58.500 39.000
v 44.750 -39.500 39.000
v 44.750 -58.500 38.200
v 44.750 -39.500 38.200
v 25.250 -39.500 39.000
v 25.250 -58.500 39.000
v 25.250 -39.500 38.200
v 25.250 -58.500 38.200
v 25.250 -39.500 39.000
v 44.750 -39.500 39.000
v 25.250 -58.500 39.000
v 44.750 -58.500 39.000
v 25.250 -58.500 38.200
v 44.750 -58.500 38.200
v 25.250 -39.500 38.200
v 44.750 -39.500 38.200
v 25.250 -58.500 39.000
v 44.750 -58.500 39.000
v 25.250 -58.500 38.200
v 44.750 -58.500 38.200
v 44.750 -39.500 39.000
v 25.250 -39.500 39.000
v 44.750 -39.500 38.200
v 25.250 -39.500 38.200
vt 0.00000 1.00000
vt 1.00000 1.00000
vt 0.00000 0.00000
vt 1.00000 0.00000
vt 0.00000 1.00000
vt 1.00000 1.00000
vt 0.00000 0.00000
vt 1.00000 0.00000
vt 0.00000 1.00000
vt 1.00000 1.00000
vt 0.00000 0.00000
vt 1.00000 0.00000
vt 0.00000 1.00000
vt 1.00000 1.00000
vt 0.00000 0.00000
vt 1.00000 0.00000
vt 0.00000 1.00000
vt 1.00000 1.00000
vt 0.00000 0.00000
vt 1.00000 0.00000
vt 0.00000 1.00000
vt 1.00000 1.00000
vt 0.00000 0.00000
vt 1.00000 0.00000
f 2497/2497 2499/2499 2498/2498
f 2499/2499 2500/2500 2498/2498
f 2501/2501 2503/2503 2502/2502
f 2503/2503 2504/2504 2502/2502
f 2505/2505 2507/2507 2506/2506
f 2507/2507 2508/2508 2506/2506
f 2509/2509 2511/2511 2510/2510
f 2511/2511 2512/2512 2510/2510
f 2513/2513 2515/2515 2514/2514
f 2515/2515 2516/2516 2514/2514
f 2517/2517 2519/2519 2518/2518
f 2519/2519 2520/2520 2518/2518
v 44.750 -58.500 40.800
v 44.750 -39.500 40.800
v 44.750 -58.500 40.000
v 44.750 -39.500 40.000
v 25.250 -39.500 40.800
v 25.250 -58.500 40.800
v 25.250 -39.500 40.000
v 25.250 -58.500 40.000
v 25.250 -39.500 40.800
v 44.750 -39.500 40.800
v 25.250 -58.500 40.800
v 44.750 -58.500 40.800
v 25.250 -58.500 40.000
v 44.750 -58.500 40.000
v 25.250 -39.500 40.000
v 44.750 -39.500 40.000
v 25.250 -58.500 40.800
v 44.750 -58.500 40.800
v 25.250 -58.500 40.000
v 44.750 -58.500 40.000
v 44.750 -39.500 40.800
v 25.250 -39.500 40.800
v 44.750 -39.500 40.000
v 25.250 -39.500 40.000
vt 0.00000 1.00000
vt 1.00000 1.00000
vt 0.00000 0.00000
vt 1.00000 0.00000
vt 0.00000 1.00000
vt 1.00000 1.00000
vt 0.00000 0.00000
vt 1.00000 0.00000
vt 0.00000 1.00000
vt 1.00000 1.00000
vt 0.00000 0.00000
vt 1.00000 0.00000
vt 0.00000 1.00000
vt 1.00000 1.00000
vt 0.00000 0.00000
vt 1.00000 0.00000
vt 0.00000 1.00000
vt 1.00000 1.00000
vt 0.00000 0.00000
vt 1.00000 0.00000
vt 0.00000 1.00000
vt 1.00000 1.00000
vt 0.00000 0.00000
vt 1.00000 0.00000
f 2521/2521 2523/2523 2522/2522
f 2523/2523 2524/2524 2522/2522
f 2525/2525 2527/2527 2526/2526
f 2527/2527 2528/2528 2526/2526
f 2529/2529 2531/2531 2530/2530
f 2531/2531 2532/2532 2530/2530
f 2533/2533 2535/2535 2534/2534
f 2535/2535 2536/2536 2534/2534
f 2537/2537 2539/2539 2538/2538
f 2539/2539 2540/2540 2538/2538
f 2541/2541 2543/2543 2542/2542
f 2543/2543 2544/2544 2542/2542
v 44.750 -58.500 42.600
v 44.750 -39.500 42.600
v 44.750 -58.500 41.800
v 44.750 -39.500 41.800
v 25.250 -39.500 42.600
v 25.250 -58.500 42.600
v 25.250 -39.500 41.800
v 25.250 -58.500 41.800
v 25.250 -39.500 42.600
v 44.750 -39.500 42.600
v 25.250 -58.500 42.600
v 44.750 -58.500 42.600
v 25.250 -58.500 41.800
v 44.750 -58.500 41.800
v 25.250 -39.500 41.800
v 44.750 -39.500 41.800
v 25.250 -58.500 42.600
v 44.750 -58.500 42.600
v 25.250 -58.500 41.800
v 44.750 -58.500 41.800
v 44.750 -39.500 42.600
v 25.250 -39.500 42.600
v 44.750 -39.500 41.800
v 25.250 -39.500 41.800
vt 0.00000 1.00000
vt 1.00000 1.00000
vt 0.00000 0.00000
vt 1.00000 0.00000
vt 0.00000 1.00000
vt 1.00000 1.00000
vt 0.00000 0.00000
vt 1.00000 0.00000
vt 0.00000 1.00000
vt 1.00000 1.00000
vt 0.00000 0.00000
vt 1.00000 0.00000
vt 0.00000 1.00000
vt 1.00000 1.00000
vt 0.00000 0.00000
vt 1.00000 0.00000
vt 0.00000 1.00000
vt 1.00000 1.00000
vt 0.00000 0.00000
vt 1.00000 0.00000
vt 0.00000 1.00000
vt 1.00000 1.00000
vt 0.00000 0.00000
vt 1.00000 0.00000
f 2545/2545 2547/2547 2546/2546
f 2547/2547 2548/2548 2546/2546
f 2549/2549 2551/2551 2550/2550
f 2551/2551 2552/2552 2550/2550
f 2553/2553 2555/2555 2554/2554
f 2555/2555 2556/2556 2554/2554
f 2557/2557 2559/2559 2558/2558
f 2559/2559 2560/2560 2558/2558
f 2561/2561 2563/2563 2562/2562
f 2563/2563 2564/2564 2562/2562
f 2565/2565 2567/2567 2566/2566
f 2567/2567 2568/2568 2566/2566
v 44.750 -58.500 44.400
v 44.750 -39.500 44.400
v 44.750 -58.500 43.600
v 44.750 -39.500 43.600
v 25.250 -39.500 44.400
v 25.250 -58.500 44.400
v 25.250 -39.500 43.600
v 25.250 -58.500 43.600
v 25.250 -39.500 44.400
v 44.750 -39.500 44.400
v 25.250 -58.500 44.400
v 44.750 -58.500 44.400
v 25.250 -58.500 43.600
v 44.750 -58.500 43.600
v 25.250 -39.500 43.600
v 44.750 -39.500 43.600
v 25.250 -58.500 44.400
v 44.750 -58.500 44.400
v 25.250 -58.500 43.600
v 44.750 -58.500 43.600
v 44.750 -39.500 44.400
v 25.250 -39.500 44.400
v 44.750 -39.500 43.600
v 25.250 -39.500 43.600
vt 0.00000 1.00000
vt 1.00000 1.00000
vt 0.00000 0.00000
vt 1.00000 0.00000
vt 0.00000 1.00000
vt 1.00000 1.00000
vt 0.00000 0.00000
vt 1.00000 0.00000
vt 0.00000 1.00000
vt 1.00000 1.00000
vt 0.00000 0.00000
vt 1.00000 0.00000
vt 0.00000 1.00000
vt 1.00000 1.00000
vt 0.00000 0.00000
vt 1.00000 0.00000
vt 0.00000 1.00000
vt 1.00000 1.00000
vt 0.00000 0.00000
vt 1.00000 0.00000
vt 0.00000 1.00000
vt 1.00000 1.00000
vt 0.00000 0.00000
vt 1.00000 0.00000
f 2569/2569 2571/2571 2570/2570
f 2571/2571 2572/2572 2570/2570
f 2573/2573 2575/2575 2574/2574
f 2575/2575 2576/2576 2574/2574
f 2577/2577 2579/2579 2578/2578
f 2579/2579 2580/2580 2578/2578
f 2581/2581 2583/2583 2582/2582
f 2583/2583 2584/2584 2582/2582
f 2585/2585 2587/2587 2586/2586
f 2587/2587 2588/2588 2586/2586
f 2589/2589 2591/2591 2590/2590
f 2591/2591 2592/2592 2590/2590
v 44.750 -58.500 46.200
v 44.750 -39.500 46.200
v 44.750 -58.500 45.400
v 44.750 -39.500 45.400
v 25.250 -39.500 46.200
v 25.250 -58.500 46.200
v 25.250 -39.500 45.400
v 25.250 -58.500 45.400
v 25.250 -39.500 46.200
v 44.750 -39.500 46.200
v 25.250 -58.500 46.200
v 44.750 -58.500 46.200
v 25.250 -58.500 45.400
v 44.750 -58.500 45.400
v 25.250 -39.500 45.400
v 44.750 -39.500 45.400
v 25.250 -58.500 46.200
v 44.750 -58.500 46.200
v 25.250 -58.500 45.400
v 44.750 -58.500 45.400
v 44.750 -39.500 46.200
v 25.250 -39.500 46.200
v 44.750 -39.500 45.400
v 25.250 -39.500 45.400
vt 0.00000 1.00000
vt 1.00000 1.00000
vt 0.00000 0.00000
vt 1.00000 0.00000
vt 0.00000 1.00000
vt 1.00000 1.00000
vt 0.00000 0.00000
vt 1.00000 0.00000
vt 0.00000 1.00000
vt 1.00000 1.00000
vt 0.00000 0.00000
vt 1.00000 0.00000
vt 0.00000 1.00000
vt 1.00000 1.00000
vt 0.00000 0.00000
vt 1.00000 0.00000
vt 0.00000 1.00000
vt 1.00000 1.00000
vt 0.00000 0.00000
vt 1.00000 0.00000
vt 0.00000 1.00000
vt 1.00000 1.00000
vt 0.00000 0.00000
vt 1.00000 0.00000
f 2593/2593 2595/2595 2594/2594
f 2595/2595 2596/2596 2594/2594
f 2597/2597 2599/2599 2598/2598
f 2599/2599 2600/2600 2598/2598
f 2601/2601 2603/2603 2602/2602
f 2603/2603 2604/2604 2602/2602
f 2605/2605 2607/2607 2606/2606
f 2607/2607 2608/2608 2606/2606
f 2609/2609 2611/2611 2610/2610
f 2611/2611 2612/2612 2610/2610
f 2613/2613 2615/2615 2614/2614
f 2615/2615 2616/2616 2614/2614
v 44.750 -58.500 48.000
v 44.750 -39.500 48.000
v 44.750 -58.500 47.200
v 44.750 -39.500 47.200
v 25.250 -39.500 48.000
v 25.250 -58.500 48.000
v 25.250 -39.500 47.200
v 25.250 -58.500 47.200
v 25.250 -39.500 48.000
v 44.750 -39.500 48.000
v 25.250 -58.500 48.000
v 44.750 -58.500 48.000
v 25.250 -58.500 47.200
v 44.750 -58.500 47.200
v 25.250 -39.500 47.200
v 44.750 -39.500 47.200
v 25.250 -58.500 48.000
v 44.750 -58.500 48.000
v 25.250 -58.500 47.200
v 44.750 -58.500 47.200
v 44.750 -39.500 48.000
v 25.250 -39.500 48.000
v 44.750 -39.500 47.200
v 25.250 -39.500 47.200
vt 0.00000 1.00000
vt 1.00000 1.00000
vt 0.00000 0.00000
vt 1.00000 0.00000
vt 0.00000 1.00000
vt 1.00000 1.00000
vt 0.00000 0.00000
vt 1.00000 0.00000
vt 0.00000 1.00000
vt 1.00000 1.00000
vt 0.00000 0.00000
vt 1.00000 0.00000
vt 0.00000 1.00000
vt 1.00000 1.00000
vt 0.00000 0.00000
vt 1.00000 0.00000
vt 0.00000 1.00000
vt 1.00000 1.00000
vt 0.00000 0.00000
vt 1.00000 0.00000
vt 0.00000 1.00000
vt 1.00000 1.00000
vt 0.00000 0.00000
vt 1.00000 0.00000
f 2617/2617 2619/2619 2618/2618
f 2619/2619 2620/2620 2618/2618
f 2621/2621 2623/2623 2622/2622
f 2623/2623 2624/2624 2622/2622
f 2625/2625 2627/2627 2626/2626
f 2627/2627 2628/2628 2626/2626
f 2629/2629 2631/2631 2630/2630
f 2631/2631 2632/2632 2630/2630
f 2633/2633 2635/2635 2634/2634
f 2635/2635 2636/2636 2634/2634
f 2637/2637 2639/2639 2638/2638
f 2639/2639 2640/2640 2638/2638
v 39.676 -52.238 44.460
v 41.006 -47.834 42.568
v 41.162 -45.870 38.000
v 40.051 -47.497 33.432
v 38.324 -51.762 31.540
v 36.994 -56.166 33.432
v 36.838 -58.130 38.000
v 37.949 -56.503 42.568
v 39.676 -52.238 44.460
v 42.039 -52.911 44.231
v 42.949 -48.384 42.380
v 43.039 -46.400 37.819
v 42.256 -48.123 33.218
v 41.058 -52.543 31.273
v 40.148 -57.070 33.123
v 40.058 -59.053 37.685
v 40.841 -57.330 42.286
v 42.039 -52.911 44.231
v 44.563 -53.434 44.043
v 45.300 -48.870 42.206
v 45.363 -46.881 37.647
v 44.714 -48.633 33.036
v 43.734 -53.098 31.074
v 42.997 -57.662 32.911
v 42.934 -59.651 37.471
v 43.583 -57.900 42.082
v 44.563 -53.434 44.043
v 47.178 -53.922 43.866
v 47.921 -49.359 42.028
v 47.985 -47.370 37.468
v 47.332 -49.121 32.858
v 46.344 -53.585 30.897
v 45.600 -58.148 32.735
v 45.536 -60.136 37.294
v 46.190 -58.386 41.905
v 47.178 -53.922 43.866
v 49.859 -54.488 43.664
v 50.791 -49.966 41.812
v 50.885 -47.983 37.250
v 50.084 -49.702 32.650
v 48.859 -54.115 30.708
v 47.927 -58.637 32.560
v 47.834 -60.620 37.122
v 48.634 -58.901 41.721
v 49.859 -54.488 43.664
v 52.597 -55.296 43.389
v 53.974 -50.908 41.491
v 54.137 -48.947 36.922
v 52.990 -50.561 32.358
v 51.204 -54.804 30.473
v 49.826 -59.192 32.371
v 49.663 -61.153 36.940
v 50.811 -59.539 41.504
v 52.597 -55.296 43.389
v 55.334 -56.655 42.950
v 57.573 -52.709 40.910
v 57.871 -50.816 36.318
v 56.052 -52.086 31.865
v 53.182 -55.774 30.159
v 50.942 -59.720 32.199
v 50.645 -61.613 36.791
v 52.464 -60.343 41.244
v 55.334 -56.655 42.950
v 57.628 -59.058 42.204
v 61.027 -56.354 39.779
v 61.506 -54.656 35.127
v 58.784 -54.959 30.974
v 54.456 -57.085 29.752
v 51.056 -59.788 32.178
v 50.577 -61.486 36.829
v 53.299 -61.184 40.982
v 57.628 -59.058 42.204
v 58.680 -61.895 41.347
v 62.480 -60.209 38.614
v 63.023 -58.675 33.912
v 59.992 -58.192 29.997
v 55.163 -59.043 29.161
v 51.363 -60.729 31.894
v 50.820 -62.263 36.595
v 53.851 -62.746 40.511
v 58.680 -61.895 41.347
v 59.085 -64.644 40.525
v 62.964 -63.472 37.639
v 63.520 -62.020 32.913
v 60.428 -61.139 29.117
v 55.499 -61.344 28.473
v 51.621 -62.516 31.360
v 51.064 -63.968 36.086
v 54.156 -64.850 39.882
v 59.085 -64.644 40.525
v 59.171 -67.340 39.724
v 63.061 -66.502 36.738
v 63.619 -65.102 31.997
v 60.518 -63.962 28.278
v 55.574 -63.748 27.759
v 51.685 -64.587 30.745
v 51.127 -65.986 35.486
v 54.228 -67.127 39.206
v 59.171 -67.340 39.724
v 59.041 -70.004 38.935
v 62.919 -69.420 35.874
v 63.475 -68.060 31.121
v 60.384 -66.721 27.461
v 55.456 -66.186 27.037
v 51.578 -66.769 30.099
v 51.022 -68.129 34.852
v 54.113 -69.469 38.512
v 59.041 -70.004 38.935
v 58.739 -72.641 38.156
v 62.591 -72.278 35.029
v 63.143 -70.952 30.266
v 60.072 -69.439 26.657
v 55.176 -68.626 26.316
v 51.323 -68.988 29.443
v 50.771 -70.314 34.206
v 53.843 -71.827 37.815
v 58.739 -72.641 38.156
v 58.279 -75.254 37.385
v 62.094 -75.102 34.196
v 62.641 -73.808 29.424
v 59.599 -72.129 25.863
v 54.749 -71.049 25.601
v 50.934 -71.201 28.790
v 50.388 -72.495 33.562
v 53.430 -74.174 37.122
v 58.279 -75.254 37.385
v 57.660 -77.844 36.621
v 61.422 -77.913 33.367
v 61.961 -76.650 28.585
v 58.961 -74.797 25.077
v 54.178 -73.438 24.897
v 50.416 -73.370 28.150
v 49.877 -74.632 32.932
v 52.877 -76.485 36.441
v 57.660 -77.844 36.621
v 56.862 -80.407 35.866
v 60.545 -80.728 32.538
v 61.073 -79.502 27.745
v 58.135 -77.449 24.295
v 53.452 -75.770 24.210
v 49.769 -75.449 27.538
v 49.241 -76.675 32.330
v 52.179 -78.728 35.780
v 56.862 -80.407 35.866
v 55.839 -82.935 35.121
v 59.393 -83.574 31.699
v 59.902 -82.394 26.893
v 57.067 -80.087 23.518
v 52.550 -78.002 23.552
v 48.996 -77.363 26.974
v 48.487 -78.543 31.780
v 51.322 -80.851 35.155
v 55.839 -82.935 35.121
v 54.488 -85.410 34.392
v 57.791 -86.504 30.836
v 58.264 -85.388 26.011
v 55.631 -82.717 22.743
v 51.433 -80.054 22.947
v 48.130 -78.960 26.503
v 47.657 -80.076 31.328
v 50.291 -82.747 34.596
v 54.488 -85.410 34.392
v 52.552 -87.750 33.701
v 55.232 -89.577 29.929
v 55.618 -88.564 25.073
v 53.483 -85.305 21.979
v 50.079 -81.709 22.459
v 47.399 -79.883 26.231
v 47.013 -80.895 31.087
v 49.147 -84.154 34.181
v 52.552 -87.750 33.701
v 49.883 -89.440 33.214
v 51.457 -91.981 29.237
v 51.650 -91.092 24.346
v 50.350 -87.295 21.407
v 48.318 -82.813 22.140
v 46.744 -80.273 26.118
v 46.551 -81.162 31.009
v 47.851 -84.959 33.948
v 49.883 -89.440 33.214
v 47.006 -90.322 32.990
v 47.758 -93.120 28.946
v 47.812 -92.275 24.043
v 47.136 -88.282 21.154
v 46.125 -83.480 21.971
v 45.373 -80.681 26.015
v 45.319 -81.526 30.917
v 45.995 -85.519 33.806
v 47.006 -90.322 32.990
v 44.131 -90.697 32.920
v 44.353 -93.567 28.862
v 44.326 -92.733 23.958
v 44.065 -88.683 21.080
v 43.724 -83.791 21.913
v 43.502 -80.921 25.971
v 43.530 -81.755 30.875
v 43.790 -85.804 33.754
v 44.131 -90.697 32.920
v 41.300 -90.761 32.939
v 41.176 -93.639 28.883
v 41.105 -92.806 23.979
v 41.128 -88.750 21.099
v 41.232 -83.846 21.930
v 41.356 -80.967 25.986
v 41.427 -81.800 30.890
v 41.404 -85.857 33.770
v 41.300 -90.761 32.939
v 38.512 -90.621 33.009
v 38.156 -93.488 28.960
v 38.065 -92.654 24.056
v 38.292 -88.608 21.171
v 38.704 -83.719 21.995
v 39.059 -80.852 26.044
v 39.150 -81.685 30.948
v 38.923 -85.732 33.833
v 38.512 -90.621 33.009
v 35.758 -90.341 33.110
v 35.247 -93.192 29.065
v 35.153 -92.358 24.162
v 35.533 -88.327 21.271
v 36.162 -83.460 22.087
v 36.673 -80.608 26.131
v 36.767 -81.442 31.035
v 36.388 -85.474 33.925
v 35.758 -90.341 33.110
v 33.030 -89.960 33.223
v 32.418 -92.797 29.183
v 32.337 -91.965 24.279
v 32.835 -87.950 21.384
v 33.620 -83.105 22.193
v 34.232 -80.267 26.233
v 34.313 -81.100 31.137
v 33.815 -85.114 34.033
v 33.030 -89.960 33.223
v 30.320 -89.507 33.338
v 29.651 -92.335 29.300
v 29.597 -91.507 24.395
v 30.189 -87.508 21.496
v 31.081 -82.681 22.301
v 31.750 -79.853 26.338
v 31.804 -80.680 31.244
v 31.212 -84.679 34.143
v 30.320 -89.507 33.338
v 27.617 -89.004 33.441
v 26.935 -91.830 29.404
v 26.926 -91.011 24.497
v 27.596 -87.026 21.594
v 28.551 -82.210 22.397
v 29.233 -79.384 26.434
v 29.242 -80.204 31.341
v 28.573 -84.188 34.243
v 27.617 -89.004 33.441
v 24.912 -88.473 33.516
v 24.268 -91.306 29.478
v 24.329 -90.500 24.569
v 25.060 -86.528 21.665
v 26.033 -81.715 22.467
v 26.677 -78.882 26.505
v 26.615 -79.687 31.414
v 25.884 -83.660 34.318
v 24.912 -88.473 33.516
v 22.130 -87.849 33.569
v 21.320 -90.644 29.534
v 21.420 -89.848 24.625
v 22.373 -85.926 21.716
v 23.620 -81.176 22.512
v 24.431 -78.381 26.547
v 24.331 -79.177 31.457
v 23.378 -83.099 34.365
v 22.130 -87.849 33.569
v 19.410 -87.057 33.635
v 18.419 -89.800 29.605
v 18.542 -89.010 24.694
v 19.706 -85.149 21.781
v 21.229 -80.479 22.570
v 22.220 -77.736 26.601
v 22.097 -78.527 31.511
v 20.933 -82.387 34.425
v 19.410 -87.057 33.635
v 16.767 -86.137 33.712
v 15.636 -88.831 29.685
v 15.777 -88.047 24.775
v 17.105 -84.243 21.856
v 18.845 -79.649 22.640
v 19.976 -76.954 26.666
v 19.836 -77.739 31.577
v 18.507 -81.542 34.495
v 16.767 -86.137 33.712
v 14.193 -85.121 33.796
v 12.956 -87.773 29.773
v 13.109 -86.994 24.862
v 14.563 -83.240 21.940
v 16.467 -78.710 22.718
v 17.705 -76.058 26.741
v 17.552 -76.837 31.652
v 16.097 -80.591 34.574
v 14.193 -85.121 33.796
v 11.677 -84.037 33.887
v 10.361 -86.656 29.867
v 10.524 -85.881 24.955
v 12.070 -82.167 22.029
v 14.094 -77.688 22.803
v 15.411 -75.070 26.823
v 15.248 -75.845 31.734
v 13.701 -79.559 34.660
v 11.677 -84.037 33.887
v 9.208 -82.908 33.981
v 7.838 -85.503 29.963
v 8.008 -84.731 25.051
v 9.617 -81.045 22.123
v 11.723 -76.604 22.893
v 13.093 -74.010 26.911
v 12.923 -74.782 31.823
v 11.314 -78.468 34.751
v 9.208 -82.908 33.981
v 6.775 -81.754 34.077
v 5.375 -84.333 30.060
v 5.548 -83.563 25.148
v 7.194 -79.894 22.219
v 9.348 -75.476 22.987
v 10.748 -72.897 27.004
v 10.575 -73.667 31.916
v 8.929 -77.335 34.846
v 6.775 -81.754 34.077
v 4.370 -80.591 34.174
v 2.960 -83.166 30.157
v 3.134 -82.396 25.245
v 4.792 -78.733 22.315
v 6.961 -74.323 23.083
v 8.371 -71.748 27.100
v 8.197 -72.517 32.012
v 6.539 -76.180 34.942
v 4.370 -80.591 34.174
v 1.984 -79.438 34.270
v 0.584 -82.017 30.253
v 0.757 -81.247 25.341
v 2.402 -77.578 22.412
v 4.555 -73.160 23.180
v 5.955 -70.580 27.197
v 5.782 -71.350 32.109
v 4.137 -75.019 35.039
v 1.984 -79.438 34.270
v -0.392 -78.310 34.364
v -1.761 -80.905 30.346
v -1.591 -80.133 25.434
v 0.017 -76.447 22.506
v 2.122 -72.005 23.277
v 3.491 -69.411 27.295
v 3.322 -70.183 32.206
v 1.713 -73.869 35.134
v -0.392 -78.310 34.364
v -2.763 -77.227 34.454
v -4.078 -79.846 30.434
v -3.915 -79.071 25.523
v -2.370 -75.356 22.597
v -0.348 -70.877 23.371
v 0.967 -68.258 27.391
v 0.805 -69.033 32.302
v -0.741 -72.748 35.228
v -2.763 -77.227 34.454
v -5.136 -76.206 34.539
v -6.372 -78.859 30.516
v -6.219 -78.079 25.605
v -4.766 -74.325 22.683
v -2.864 -69.794 23.461
v -1.628 -67.141 27.484
v -1.781 -67.921 32.395
v -3.234 -71.675 35.317
v -5.136 -76.206 34.539
vt 0.00000 0.00000
vt 0.00000 0.12500
vt 0.00000 0.25000
vt 0.00000 0.37500
vt 0.00000 0.50000
vt 0.00000 0.62500
vt 0.00000 0.75000
vt 0.00000 0.87500
vt 0.00000 1.00000
vt 0.02500 0.00000
vt 0.02500 0.12500
vt 0.02500 0.25000
vt 0.02500 0.37500
vt 0.02500 0.50000
vt 0.02500 0.62500
vt 0.02500 0.75000
vt 0.02500 0.87500
vt 0.02500 1.00000
vt 0.05000 0.00000
vt 0.05000 0.12500
vt 0.05000 0.25000
vt 0.05000 0.37500
vt 0.05000 0.50000
vt 0.05000 0.62500
vt 0.05000 0.75000
vt 0.05000 0.87500
vt 0.05000 1.00000
vt 0.07500 0.00000
vt 0.07500 0.12500
vt 0.07500 0.25000
vt 0.07500 0.37500
vt 0.07500 0.50000
vt 0.07500 0.62500
vt 0.07500 0.75000
vt 0.07500 0.87500
vt 0.07500 1.00000
vt 0.10000 0.00000
vt 0.10000 0.12500
vt 0.10000 0.25000
vt 0.10000 0.37500
vt 0.10000 0.50000
vt 0.10000 0.62500
vt 0.10000 0.75000
vt 0.10000 0.87500
vt 0.10000 1.00000
vt 0.12500 0.00000
vt 0.12500 0.12500
vt 0.12500 0.25000
vt 0.12500 0.37500
vt 0.12500 0.50000
vt 0.12500 0.62500
vt 0.12500 0.75000
vt 0.12500 0.87500
vt 0.12500 1.00000
vt 0.15000 0.00000
vt 0.15000 0.12500
vt 0.15000 0.25000
vt 0.15000 0.37500
vt 0.15000 0.50000
vt 0.15000 0.62500
vt 0.15000 0.75000
vt 0.15000 0.87500
vt 0.15000 1.00000
vt 0.17500 0.00000
vt 0.17500 0.12500
vt 0.17500 0.25000
vt 0.17500 0.37500
vt 0.17500 0.50000
vt 0.17500 0.62500
vt 0.17500 0.75000
vt 0.17500 0.87500
vt 0.17500 1.00000
vt 0.20000 0.00000
vt 0.20000 0.12500
vt 0.20000 0.25000
vt 0.20000 0.37500
vt 0.20000 0.50000
vt 0.20000 0.62500
vt 0.20000 0.75000
vt 0.20000 0.87500
vt 0.20000 1.00000
vt 0.22500 0.00000
vt 0.22500 0.12500
vt 0.22500 0.25000
vt 0.22500 0.37500
vt 0.22500 0.50000
vt 0.22500 0.62500
vt 0.22500 0.75000
vt 0.22500 0.87500
vt 0.22500 1.00000
vt 0.25000 0.00000
vt 0.25000 0.12500
vt 0.25000 0.25000
vt 0.25000 0.37500
vt 0.25000 0.50000
vt 0.25000 0.62500
vt 0.25000 0.75000
vt 0.25000 0.87500
vt 0.25000 1.00000
vt 0.27500 0.00000
vt 0.27500 0.12500
vt 0.27500 0.25000
vt 0.27500 0.37500
vt 0.27500 0.50000
vt 0.27500 0.62500
vt 0.27500 0.75000
vt 0.27500 0.87500
vt 0.27500 1.00000
vt 0.30000 0.00000
vt 0.30000 0.12500
vt 0.30000 0.25000
vt 0.30000 0.37500
vt 0.30000 0.50000
vt 0.30000 0.62500
vt 0.30000 0.75000
vt 0.30000 0.87500
vt 0.30000 1.00000
vt 0.32500 0.00000
vt 0.32500 0.12500
vt 0.32500 0.25000
vt 0.32500 0.37500
vt 0.32500 0.50000
vt 0.32500 0.62500
vt 0.32500 0.75000
vt 0.32500 0.87500
vt 0.32500 1.00000
vt 0.35000 0.00000
vt 0.35000 0.12500
vt 0.35000 0.25000
vt 0.35000 0.37500
vt 0.35000 0.50000
vt 0.35000 0.62500
vt 0.35000 0.75000
vt 0.35000 0.87500
vt 0.35000 1.00000
vt 0.37500 0.00000
vt 0.37500 0.12500
vt 0.37500 0.25000
vt 0.37500 0.37500
vt 0.37500 0.50000
vt 0.37500 0.62500
vt 0.37500 0.75000
vt 0.37500 0.87500
vt 0.37500 1.00000
vt 0.40000 0.00000
vt 0.40000 0.12500
vt 0.40000 0.25000
vt 0.40000 0.37500
vt 0.40000 0.50000
vt 0.40000 0.62500
vt 0.40000 0.75000
vt 0.40000 0.87500
vt 0.40000 1.00000
vt 0.42500 0.00000
vt 0.42500 0.12500
vt 0.42500 0.25000
vt 0.42500 0.37500
vt 0.42500 0.50000
vt 0.42500 0.62500
vt 0.42500 0.75000
vt 0.42500 0.87500
vt 0.42500 1.00000
vt 0.45000 0.00000
vt 0.45000 0.12500
vt 0.45000 0.25000
vt 0.45000 0.37500
vt 0.45000 0.50000
vt 0.45000 0.62500
vt 0.45000 0.75000
vt 0.45000 0.87500
vt 0.45000 1.00000
vt 0.47500 0.00000
vt 0.47500 0.12500
vt 0.47500 0.25000
vt 0.47500 0.37500
vt 0.47500 0.50000
vt 0.47500 0.62500
vt 0.47500 0.75000
vt 0.47500 0.87500
vt 0.47500 1.00000
vt 0.50000 0.00000
vt 0.50000 0.12500
vt 0.50000 0.25000
vt 0.50000 0.37500
vt 0.50000 0.50000
vt 0.50000 0.62500
vt 0.50000 0.75000
vt 0.50000 0.87500
vt 0.50000 1.00000
vt 0.52500 0.00000
vt 0.52500 0.12500
vt 0.52500 0.25000
vt 0.52500 0.37500
vt 0.52500 0.50000
vt 0.52500 0.62500
vt 0.52500 0.75000
vt 0.52500 0.87500
vt 0.52500 1.00000
vt 0.55000 0.00000
vt 0.55000 0.12500
vt 0.55000 0.25000
vt 0.55000 0.37500
vt 0.55000 0.50000
vt 0.55000 0.62500
vt 0.55000 0.75000
vt 0.55000 0.87500
vt 0.55000 1.00000
vt 0.57500 0.00000
vt 0.57500 0.12500
vt 0.57500 0.25000
vt 0.57500 0.37500
vt 0.57500 0.50000
vt 0.57500 0.62500
vt 0.57500 0.75000
vt 0.57500 0.87500
vt 0.57500 1.00000
vt 0.60000 0.00000
vt 0.60000 0.12500
vt 0.60000 0.25000
vt 0.60000 0.37500
vt 0.60000 0.50000
vt 0.60000 0.62500
vt 0.60000 0.75000
vt 0.60000 0.87500
vt 0.60000 1.00000
vt 0.62500 0.00000
vt 0.62500 0.12500
vt 0.62500 0.25000
vt 0.62500 0.37500
vt 0.62500 0.50000
vt 0.62500 0.62500
vt 0.62500 0.75000
vt 0.62500 0.87500
vt 0.62500 1.00000
vt 0.65000 0.00000
vt 0.65000 0.12500
vt 0.65000 0.25000
vt 0.65000 0.37500
vt 0.65000 0.50000
vt 0.65000 0.62500
vt 0.65000 0.75000
vt 0.65000 0.87500
vt 0.65000 1.00000
vt 0.67500 0.00000
vt 0.67500 0.12500
vt 0.67500 0.25000
vt 0.67500 0.37500
vt 0.67500 0.50000
vt 0.67500 0.62500
vt 0.67500 0.75000
vt 0.67500 0.87500
vt 0.67500 1.00000
vt 0.70000 0.00000
vt 0.70000 0.12500
vt 0.70000 0.25000
vt 0.70000 0.37500
vt 0.70000 0.50000
vt 0.70000 0.62500
vt 0.70000 0.75000
vt 0.70000 0.87500
vt 0.70000 1.00000
vt 0.72500 0.00000
vt 0.72500 0.12500
vt 0.72500 0.25000
vt 0.72500 0.37500
vt 0.72500 0.50000
vt 0.72500 0.62500
vt 0.72500 0.75000
vt 0.72500 0.87500
vt 0.72500 1.00000
vt 0.75000 0.00000
vt 0.75000 0.12500
vt 0.75000 0.25000
vt 0.75000 0.37500
vt 0.75000 0.50000
vt 0.75000 0.62500
vt 0.75000 0.75000
vt 0.75000 0.87500
vt 0.75000 1.00000
vt 0.77500 0.00000
vt 0.77500 0.12500
vt 0.77500 0.25000
vt 0.77500 0.37500
vt 0.77500 0.50000
vt 0.77500 0.62500
vt 0.77500 0.75000
vt 0.77500 0.87500
vt 0.77500 1.00000
vt 0.80000 0.00000
vt 0.80000 0.12500
vt 0.80000 0.25000
vt 0.80000 0.37500
vt 0.80000 0.50000
vt 0.80000 0.62500
vt 0.80000 0.75000
vt 0.80000 0.87500
vt 0.80000 1.00000
vt 0.82500 0.00000
vt 0.82500 0.12500
vt 0.82500 0.25000
vt 0.82500 0.37500
vt 0.82500 0.50000
vt 0.82500 0.62500
vt 0.82500 0.75000
vt 0.82500 0.87500
vt 0.82500 1.00000
vt 0.85000 0.00000
vt 0.85000 0.12500
vt 0.85000 0.25000
vt 0.85000 0.37500
vt 0.85000 0.50000
vt 0.85000 0.62500
vt 0.85000 0.75000
vt 0.85000 0.87500
vt 0.85000 1.00000
vt 0.87500 0.00000
vt 0.87500 0.12500
vt 0.87500 0.25000
vt 0.87500 0.37500
vt 0.87500 0.50000
vt 0.87500 0.62500
vt 0.87500 0.75000
vt 0.87500 0.87500
vt 0.87500 1.00000
vt 0.90000 0.00000
vt 0.90000 0.12500
vt 0.90000 0.25000
vt 0.90000 0.37500
vt 0.90000 0.50000
vt 0.90000 0.62500
vt 0.90000 0.75000
vt 0.90000 0.87500
vt 0.90000 1.00000
vt 0.92500 0.00000
vt 0.92500 0.12500
vt 0.92500 0.25000
vt 0.92500 0.37500
vt 0.92500 0.50000
vt 0.92500 0.62500
vt 0.92500 0.75000
vt 0.92500 0.87500
vt 0.92500 1.00000
vt 0.95000 0.00000
vt 0.95000 0.12500
vt 0.95000 0.25000
vt 0.95000 0.37500
vt 0.95000 0.50000
vt 0.95000 0.62500
vt 0.95000 0.75000
vt 0.95000 0.87500
vt 0.95000 1.00000
vt 0.97500 0.00000
vt 0.97500 0.12500
vt 0.97500 0.25000
vt 0.97500 0.37500
vt 0.97500 0.50000
vt 0.97500 0.62500
vt 0.97500 0.75000
vt 0.97500 0.87500
vt 0.97500 1.00000
vt 1.00000 0.00000
vt 1.00000 0.12500
vt 1.00000 0.25000
vt 1.00000 0.37500
vt 1.00000 0.50000
vt 1.00000 0.62500
vt 1.00000 0.75000
vt 1.00000 0.87500
vt 1.00000 1.00000
f 2641/2641 2650/2650 2642/2642
f 2650/2650 2651/2651 2642/2642
f 2642/2642 2651/2651 2643/2643
f 2651/2651 2652/2652 2643/2643
f 2643/2643 2652/2652 2644/2644
f 2652/2652 2653/2653 2644/2644
f 2644/2644 2653/2653 2645/2645
f 2653/2653 2654/2654 2645/2645
f 2645/2645 2654/2654 2646/2646
f 2654/2654 2655/2655 2646/2646
f 2646/2646 2655/2655 2647/2647
f 2655/2655 2656/2656 2647/2647
f 2647/2647 2656/2656 2648/2648
f 2656/2656 2657/2657 2648/2648
f 2648/2648 2657/2657 2649/2649
f 2657/2657 2658/2658 2649/2649
f 2650/2650 2659/2659 2651/2651
f 2659/2659 2660/2660 2651/2651
f 2651/2651 2660/2660 2652/2652
f 2660/2660 2661/2661 2652/2652
f 2652/2652 2661/2661 2653/2653
f 2661/2661 2662/2662 2653/2653
f 2653/2653 2662/2662 2654/2654
f 2662/2662 2663/2663 2654/2654
f 2654/2654 2663/2663 2655/2655
f 2663/2663 2664/2664 2655/2655
f 2655/2655 2664/2664 2656/2656
f 2664/2664 2665/2665 2656/2656
f 2656/2656 2665/2665 2657/2657
f 2665/2665 2666/2666 2657/2657
f 2657/2657 2666/2666 2658/2658
f 2666/2666 2667/2667 2658/2658
f 2659/2659 2668/2668 2660/2660
f 2668/2668 2669/2669 2660/2660
f 2660/2660 2669/2669 2661/2661
f 2669/2669 2670/2670 2661/2661
f 2661/2661 2670/2670 2662/2662
f 2670/2670 2671/2671 2662/2662
f 2662/2662 2671/2671 2663/2663
f 2671/2671 2672/2672 2663/2663
f 2663/2663 2672/2672 2664/2664
f 2672/2672 2673/2673 2664/2664
f 2664/2664 2673/2673 2665/2665
f 2673/2673 2674/2674 2665/2665
f 2665/2665 2674/2674 2666/2666
f 2674/2674 2675/2675 2666/2666
f 2666/2666 2675/2675 2667/2667
f 2675/2675 2676/2676 2667/2667
f 2668/2668 2677/2677 2669/2669
f 2677/2677 2678/2678 2669/2669
f 2669/2669 2678/2678 2670/2670
f 2678/2678 2679/2679 2670/2670
f 2670/2670 2679/2679 2671/2671
f 2679/2679 2680/2680 2671/2671
f 2671/2671 2680/2680 2672/2672
f 2680/2680 2681/2681 2672/2672
f 2672/2672 2681/2681 2673/2673
f 2681/2681 2682/2682 2673/2673
f 2673/2673 2682/2682 2674/2674
f 2682/2682 2683/2683 2674/2674
f 2674/2674 2683/2683 2675/2675
f 2683/2683 2684/2684 2675/2675
f 2675/2675 2684/2684 2676/2676
f 2684/2684 2685/2685 2676/2676
f 2677/2677 2686/2686 2678/2678
f 2686/2686 2687/2687 2678/2678
f 2678/2678 2687/2687 2679/2679
f 2687/2687 2688/2688 2679/2679
f 2679/2679 2688/2688 2680/2680
f 2688/2688 2689/2689 2680/2680
f 2680/2680 2689/2689 2681/2681
f 2689/2689 2690/2690 2681/2681
f 2681/2681 2690/2690 2682/2682
f 2690/2690 2691/2691 2682/2682
f 2682/2682 2691/2691 2683/2683
f 2691/2691 2692/2692 2683/2683
f 2683/2683 2692/2692 2684/2684
f 2692/2692 2693/2693 2684/2684
f 2684/2684 2693/2693 2685/2685
f 2693/2693 2694/2694 2685/2685
f 2686/2686 2695/2695 2687/2687
f 2695/2695 2696/2696 2687/2687
f 2687/2687 2696/2696 2688/2688
f 2696/2696 2697/2697 2688/2688
f 2688/2688 2697/2697 2689/2689
f 2697/2697 2698/2698 2689/2689
f 2689/2689 2698/2698 2690/2690
f 2698/2698 2699/2699 2690/2690
f 2690/2690 2699/2699 2691/2691
f 2699/2699 2700/2700 2691/2691
f 2691/2691 2700/2700 2692/2692
f 2700/2700 2701/2701 2692/2692
f 2692/2692 2701/2701 2693/2693
f 2701/2701 2702/2702 2693/2693
f 2693/2693 2702/2702 2694/2694
f 2702/2702 2703/2703 2694/2694
f 2695/2695 2704/2704 2696/2696
f 2704/2704 2705/2705 2696/2696
f 2696/2696 2705/2705 2697/2697
f 2705/2705 2706/2706 2697/2697
f 2697/2697 2706/2706 2698/2698
f 2706/2706 2707/2707 2698/2698
f 2698/2698 2707/2707 2699/2699
f 2707/2707 2708/2708 2699/2699
f 2699/2699 2708/2708 2700/2700
f 2708/2708 2709/2709 2700/2700
f 2700/2700 2709/2709 2701/2701
f 2709/2709 2710/2710 2701/2701
f 2701/2701 2710/2710 2702/2702
f 2710/2710 2711/2711 2702/2702
f 2702/2702 2711/2711 2703/2703
f 2711/2711 2712/2712 2703/2703
f 2704/2704 2713/2713 2705/2705
f 2713/2713 2714/2714 2705/2705
f 2705/2705 2714/2714 2706/2706
f 2714/2714 2715/2715 2706/2706
f 2706/2706 2715/2715 2707/2707
f 2715/2715 2716/2716 2707/2707
f 2707/2707 2716/2716 2708/2708
f 2716/2716 2717/2717 2708/2708
f 2708/2708 2717/2717 2709/2709
f 2717/2717 2718/2718 2709/2709
f 2709/2709 2718/2718 2710/2710
f 2718/2718 2719/2719 2710/2710
f 2710/2710 2719/2719 2711/2711
f 2719/2719 2720/2720 2711/2711
f 2711/2711 2720/2720 2712/2712
f 2720/2720 2721/2721 2712/2712
f 2713/2713 2722/2722 2714/2714
f 2722/2722 2723/2723 2714/2714
f 2714/2714 2723/2723 2715/2715
f 2723/2723 2724/2724 2715/2715
f 2715/2715 2724/2724 2716/2716
f 2724/2724 2725/2725 2716/2716
f 2716/2716 2725/2725 2717/2717
f 2725/2725 2726/2726 2717/2717
f 2717/2717 2726/2726 2718/2718
f 2726/2726 2727/2727 2718/2718
f 2718/2718 2727/2727 2719/2719
f 2727/2727 2728/2728 2719/2719
f 2719/2719 2728/2728 2720/2720
f 2728/2728 2729/2729 2720/2720
f 2720/2720 2729/2729 2721/2721
f 2729/2729 2730/2730 2721/2721
f 2722/2722 2731/2731 2723/2723
f 2731/2731 2732/2732 2723/2723
f 2723/2723 2732/2732 2724/2724
f 2732/2732 2733/2733 2724/2724
f 2724/2724 2733/2733 2725/2725
f 2733/2733 2734/2734 2725/2725
f 2725/2725 2734/2734 2726/2726
f 2734/2734 2735/2735 2726/2726
f 2726/2726 2735/2735 2727/2727
f 2735/2735 2736/2736 2727/2727
f 2727/2727 2736/2736 2728/2728
f 2736/2736 2737/2737 2728/2728
f 2728/2728 2737/2737 2729/2729
f 2737/2737 2738/2738 2729/2729
f 2729/2729 2738/2738 2730/2730
f 2738/2738 2739/2739 2730/2730
f 2731/2731 2740/2740 2732/2732
f 2740/2740 2741/2741 2732/2732
f 2732/2732 2741/2741 2733/2733
f 2741/2741 2742/2742 2733/2733
f 2733/2733 2742/2742 2734/2734
f 2742/2742 2743/2743 2734/2734
f 2734/2734 2743/2743 2735/2735
f 2743/2743 2744/2744 2735/2735
f 2735/2735 2744/2744 2736/2736
f 2744/2744 2745/2745 2736/2736
f 2736/2736 2745/2745 2737/2737
f 2745/2745 2746/2746 2737/2737
f 2737/2737 2746/2746 2738/2738
f 2746/2746 2747/2747 2738/2738
f 2738/2738 2747/2747 2739/2739
f 2747/2747 2748/2748 2739/2739
f 2740/2740 2749/2749 2741/2741
f 2749/2749 2750/2750 2741/2741
f 2741/2741 2750/2750 2742/2742
f 2750/2750 2751/2751 2742/2742
f 2742/2742 2751/2751 2743/2743
f 2751/2751 2752/2752 2743/2743
f 2743/2743 2752/2752 2744/2744
f 2752/2752 2753/2753 2744/2744
f 2744/2744 2753/2753 2745/2745
f 2753/2753 2754/2754 2745/2745
f 2745/2745 2754/2754 2746/2746
f 2754/2754 2755/2755 2746/2746
f 2746/2746 2755/2755 2747/2747
f 2755/2755 2756/2756 2747/2747
f 2747/2747 2756/2756 2748/2748
f 2756/2756 2757/2757 2748/2748
f 2749/2749 2758/2758 2750/2750
f 2758/2758 2759/2759 2750/2750
f 2750/2750 2759/2759 2751/2751
f 2759/2759 2760/2760 2751/2751
f 2751/2751 2760/2760 2752/2752
f 2760/2760 2761/2761 2752/2752
f 2752/2752 2761/2761 2753/2753
f 2761/2761 2762/2762 2753/2753
f 2753/2753 2762/2762 2754/2754
f 2762/2762 2763/2763 2754/2754
f 2754/2754 2763/2763 2755/2755
f 2763/2763 2764/2764 2755/2755
f 2755/2755 2764/2764 2756/2756
f 2764/2764 2765/2765 2756/2756
f 2756/2756 2765/2765 2757/2757
f 2765/2765 2766/2766 2757/2757
f 2758/2758 2767/2767 2759/2759
f 2767/2767 2768/2768 2759/2759
f 2759/2759 2768/2768 2760/2760
f 2768/2768 2769/2769 2760/2760
f 2760/2760 2769/2769 2761/2761
f 2769/2769 2770/2770 2761/2761
f 2761/2761 2770/2770 2762/2762
f 2770/2770 2771/2771 2762/2762
f 2762/2762 2771/2771 2763/2763
f 2771/2771 2772/2772 2763/2763
f 2763/2763 2772/2772 2764/2764
f 2772/2772 2773/2773 2764/2764
f 2764/2764 2773/2773 2765/2765
f 2773/2773 2774/2774 2765/2765
f 2765/2765 2774/2774 2766/2766
f 2774/2774 2775/2775 2766/2766
f 2767/2767 2776/2776 2768/2768
f 2776/2776 2777/2777 2768/2768
f 2768/2768 2777/2777 2769/2769
f 2777/2777 2778/2778 2769/2769
f 2769/2769 2778/2778 2770/2770
f 2778/2778 2779/2779 2770/2770
f 2770/2770 2779/2779 2771/2771
f 2779/2779 2780/2780 2771/2771
f 2771/2771 2780/2780 2772/2772
f 2780/2780 2781/2781 2772/2772
f 2772/2772 2781/2781 2773/2773
f 2781/2781 2782/2782 2773/2773
f 2773/2773 2782/2782 2774/2774
f 2782/2782 2783/2783 2774/2774
f 2774/2774 2783/2783 2775/2775
f 2783/2783 2784/2784 2775/2775
f 2776/2776 2785/2785 2777/2777
f 2785/2785 2786/2786 2777/2777
f 2777/2777 2786/2786 2778/2778
f 2786/2786 2787/2787 2778/2778
f 2778/2778 2787/2787 2779/2779
f 2787/2787 2788/2788 2779/2779
f 2779/2779 2788/2788 2780/2780
f 2788/2788 2789/2789 2780/2780
f 2780/2780 2789/2789 2781/2781
f 2789/2789 2790/2790 2781/2781
f 2781/2781 2790/2790 2782/2782
f 2790/2790 2791/2791 2782/2782
f 2782/2782 2791/2791 2783/2783
f 2791/2791 2792/2792 2783/2783
f 2783/2783 2792/2792 2784/2784
f 2792/2792 2793/2793 2784/2784
f 2785/2785 2794/2794 2786/2786
f 2794/2794 2795/2795 2786/2786
f 2786/2786 2795/2795 2787/2787
f 2795/2795 2796/2796 2787/2787
f 2787/2787 2796/2796 2788/2788
f 2796/2796 2797/2797 2788/2788
f 2788/2788 2797/2797 2789/2789
f 2797/2797 2798/2798 2789/2789
f 2789/2789 2798/2798 2790/2790
f 2798/2798 2799/2799 2790/2790
f 2790/2790 2799/2799 2791/2791
f 2799/2799 2800/2800 2791/2791
f 2791/2791 2800/2800 2792/2792
f 2800/2800 2801/2801 2792/2792
f 2792/2792 2801/2801 2793/2793
f 2801/2801 2802/2802 2793/2793
f 2794/2794 2803/2803 2795/2795
f 2803/2803 2804/2804 2795/2795
f 2795/2795 2804/2804 2796/2796
f 2804/2804 2805/2805 2796/2796
f 2796/2796 2805/2805 2797/2797
f 2805/2805 2806/2806 2797/2797
f 2797/2797 2806/2806 2798/2798
f 2806/2806 2807/2807 2798/2798
f 2798/2798 2807/2807 2799/2799
f 2807/2807 2808/2808 2799/2799
f 2799/2799 2808/2808 2800/2800
f 2808/2808 2809/2809 2800/2800
f 2800/2800 2809/2809 2801/2801
f 2809/2809 2810/2810 2801/2801
f 2801/2801 2810/2810 2802/2802
f 2810/2810 2811/2811 2802/2802
f 2803/2803 2812/2812 2804/2804
f 2812/2812 2813/2813 2804/2804
f 2804/2804 2813/2813 2805/2805
f 2813/2813 2814/2814 2805/2805
f 2805/2805 2814/2814 2806/2806
f 2814/2814 2815/2815 2806/2806
f 2806/2806 2815/2815 2807/2807
f 2815/2815 2816/2816 2807/2807
f 2807/2807 2816/2816 2808/2808
f 2816/2816 2817/2817 2808/2808
f 2808/2808 2817/2817 2809/2809
f 2817/2817 2818/2818 2809/2809
f 2809/2809 2818/2818 2810/2810
f 2818/2818 2819/2819 2810/2810
f 2810/2810 2819/2819 2811/2811
f 2819/2819 2820/2820 2811/2811
f 2812/2812 2821/2821 2813/2813
f 2821/2821 2822/2822 2813/2813
f 2813/2813 2822/2822 2814/2814
f 2822/2822 2823/2823 2814/2814
f 2814/2814 2823/2823 2815/2815
f 2823/2823 2824/2824 2815/2815
f 2815/2815 2824/2824 2816/2816
f 2824/2824 2825/2825 2816/2816
f 2816/2816 2825/2825 2817/2817
f 2825/2825 2826/2826 2817/2817
f 2817/2817 2826/2826 2818/2818
f 2826/2826 2827/2827 2818/2818
f 2818/2818 2827/2827 2819/2819
f 2827/2827 2828/2828 2819/2819
f 2819/2819 2828/2828 2820/2820
f 2828/2828 2829/2829 2820/2820
f 2821/2821 2830/2830 2822/2822
f 2830/2830 2831/2831 2822/2822
f 2822/2822 2831/2831 2823/2823
f 2831/2831 2832/2832 2823/2823
f 2823/2823 2832/2832 2824/2824
f 2832/2832 2833/2833 2824/2824
f 2824/2824 2833/2833 2825/2825
f 2833/2833 2834/2834 2825/2825
f 2825/2825 2834/2834 2826/2826
f 2834/2834 2835/2835 2826/2826
f 2826/2826 2835/2835 2827/2827
f 2835/2835 2836/2836 2827/2827
f 2827/2827 2836/2836 2828/2828
f 2836/2836 2837/2837 2828/2828
f 2828/2828 2837/2837 2829/2829
f 2837/2837 2838/2838 2829/2829
f 2830/2830 2839/2839 2831/2831
f 2839/2839 2840/2840 2831/2831
f 2831/2831 2840/2840 2832/2832
f 2840/2840 2841/2841 2832/2832
f 2832/2832 2841/2841 2833/2833
f 2841/2841 2842/2842 2833/2833
f 2833/2833 2842/2842 2834/2834
f 2842/2842 2843/2843 2834/2834
f 2834/2834 2843/2843 2835/2835
f 2843/2843 2844/2844 2835/2835
f 2835/2835 2844/2844 2836/2836
f 2844/2844 2845/2845 2836/2836
f 2836/2836 2845/2845 2837/2837
f 2845/2845 2846/2846 2837/2837
f 2837/2837 2846/2846 2838/2838
f 2846/2846 2847/2847 2838/2838
f 2839/2839 2848/2848 2840/2840
f 2848/2848 2849/2849 2840/2840
f 2840/2840 2849/2849 2841/2841
f 2849/2849 2850/2850 2841/2841
f 2841/2841 2850/2850 2842/2842
f 2850/2850 2851/2851 2842/2842
f 2842/2842 2851/2851 2843/2843
f 2851/2851 2852/2852 2843/2843
f 2843/2843 2852/2852 2844/2844
f 2852/2852 2853/2853 2844/2844
f 2844/2844 2853/2853 2845/2845
f 2853/2853 2854/2854 2845/2845
f 2845/2845 2854/2854 2846/2846
f 2854/2854 2855/2855 2846/2846
f 2846/2846 2855/2855 2847/2847
f 2855/2855 2856/2856 2847/2847
f 2848/2848 2857/2857 2849/2849
f 2857/2857 2858/2858 2849/2849
f 2849/2849 2858/2858 2850/2850
f 2858/2858 2859/2859 2850/2850
f 2850/2850 2859/2859 2851/2851
f 2859/2859 2860/2860 2851/2851
f 2851/2851 2860/2860 2852/2852
f 2860/2860 2861/2861 2852/2852
f 2852/2852 2861/2861 2853/2853
f 2861/2861 2862/2862 2853/2853
f 2853/2853 2862/2862 2854/2854
f 2862/2862 2863/2863 2854/2854
f 2854/2854 2863/2863 2855/2855
f 2863/2863 2864/2864 2855/2855
f 2855/2855 2864/2864 2856/2856
f 2864/2864 2865/2865 2856/2856
f 2857/2857 2866/2866 2858/2858
f 2866/2866 2867/2867 2858/2858
f 2858/2858 2867/2867 2859/2859
f 2867/2867 2868/2868 2859/2859
f 2859/2859 2868/2868 2860/2860
f 2868/2868 2869/2869 2860/2860
f 2860/2860 2869/2869 2861/2861
f 2869/2869 2870/2870 2861/2861
f 2861/2861 2870/2870 2862/2862
f 2870/2870 2871/2871 2862/2862
f 2862/2862 2871/2871 2863/2863
f 2871/2871 2872/2872 2863/2863
f 2863/2863 2872/2872 2864/2864
f 2872/2872 2873/2873 2864/2864
f 2864/2864 2873/2873 2865/2865
f 2873/2873 2874/2874 2865/2865
f 2866/2866 2875/2875 2867/2867
f 2875/2875 2876/2876 2867/2867
f 2867/2867 2876/2876 2868/2868
f 2876/2876 2877/2877 2868/2868
f 2868/2868 2877/2877 2869/2869
f 2877/2877 2878/2878 2869/2869
f 2869/2869 2878/2878 2870/2870
f 2878/2878 2879/2879 2870/2870
f 2870/2870 2879/2879 2871/2871
f 2879/2879 2880/2880 2871/2871
f 2871/2871 2880/2880 2872/2872
f 2880/2880 2881/2881 2872/2872
f 2872/2872 2881/2881 2873/2873
f 2881/2881 2882/2882 2873/2873
f 2873/2873 2882/2882 2874/2874
f 2882/2882 2883/2883 2874/2874
f 2875/2875 2884/2884 2876/2876
f 2884/2884 2885/2885 2876/2876
f 2876/2876 2885/2885 2877/2877
f 2885/2885 2886/2886 2877/2877
f 2877/2877 2886/2886 2878/2878
f 2886/2886 2887/2887 2878/2878
f 2878/2878 2887/2887 2879/2879
f 2887/2887 2888/2888 2879/2879
f 2879/2879 2888/2888 2880/2880
f 2888/2888 2889/2889 2880/2880
f 2880/2880 2889/2889 2881/2881
f 2889/2889 2890/2890 2881/2881
f 2881/2881 2890/2890 2882/2882
f 2890/2890 2891/2891 2882/2882
f 2882/2882 2891/2891 2883/2883
f 2891/2891 2892/2892 2883/2883
f 2884/2884 2893/2893 2885/2885
f 2893/2893 2894/2894 2885/2885
f 2885/2885 2894/2894 2886/2886
f 2894/2894 2895/2895 2886/2886
f 2886/2886 2895/2895 2887/2887
f 2895/2895 2896/2896 2887/2887
f 2887/2887 2896/2896 2888/2888
f 2896/2896 2897/2897 2888/2888
f 2888/2888 2897/2897 2889/2889
f 2897/2897 2898/2898 2889/2889
f 2889/2889 2898/2898 2890/2890
f 2898/2898 2899/2899 2890/2890
f 2890/2890 2899/2899 2891/2891
f 2899/2899 2900/2900 2891/2891
f 2891/2891 2900/2900 2892/2892
f 2900/2900 2901/2901 2892/2892
f 2893/2893 2902/2902 2894/2894
f 2902/2902 2903/2903 2894/2894
f 2894/2894 2903/2903 2895/2895
f 2903/2903 2904/2904 2895/2895
f 2895/2895 2904/2904 2896/2896
f 2904/2904 2905/2905 2896/2896
f 2896/2896 2905/2905 2897/2897
f 2905/2905 2906/2906 2897/2897
f 2897/2897 2906/2906 2898/2898
f 2906/2906 2907/2907 2898/2898
f 2898/2898 2907/2907 2899/2899
f 2907/2907 2908/2908 2899/2899
f 2899/2899 2908/2908 2900/2900
f 2908/2908 2909/2909 2900/2900
f 2900/2900 2909/2909 2901/2901
f 2909/2909 2910/2910 2901/2901
f 2902/2902 2911/2911 2903/2903
f 2911/2911 2912/2912 2903/2903
f 2903/2903 2912/2912 2904/2904
f 2912/2912 2913/2913 2904/2904
f 2904/2904 2913/2913 2905/2905
f 2913/2913 2914/2914 2905/2905
f 2905/2905 2914/2914 2906/2906
f 2914/2914 2915/2915 2906/2906
f 2906/2906 2915/2915 2907/2907
f 2915/2915 2916/2916 2907/2907
f 2907/2907 2916/2916 2908/2908
f 2916/2916 2917/2917 2908/2908
f 2908/2908 2917/2917 2909/2909
f 2917/2917 2918/2918 2909/2909
f 2909/2909 2918/2918 2910/2910
f 2918/2918 2919/2919 2910/2910
f 2911/2911 2920/2920 2912/2912
f 2920/2920 2921/2921 2912/2912
f 2912/2912 2921/2921 2913/2913
f 2921/2921 2922/2922 2913/2913
f 2913/2913 2922/2922 2914/2914
f 2922/2922 2923/2923 2914/2914
f 2914/2914 2923/2923 2915/2915
f 2923/2923 2924/2924 2915/2915
f 2915/2915 2924/2924 2916/2916
f 2924/2924 2925/2925 2916/2916
f 2916/2916 2925/2925 2917/2917
f 2925/2925 2926/2926 2917/2917
f 2917/2917 2926/2926 2918/2918
f 2926/2926 2927/2927 2918/2918
f 2918/2918 2927/2927 2919/2919
f 2927/2927 2928/2928 2919/2919
f 2920/2920 2929/2929 2921/2921
f 2929/2929 2930/2930 2921/2921
f 2921/2921 2930/2930 2922/2922
f 2930/2930 2931/2931 2922/2922
f 2922/2922 2931/2931 2923/2923
f 2931/2931 2932/2932 2923/2923
f 2923/2923 2932/2932 2924/2924
f 2932/2932 2933/2933 2924/2924
f 2924/2924 2933/2933 2925/2925
f 2933/2933 2934/2934 2925/2925
f 2925/2925 2934/2934 2926/2926
f 2934/2934 2935/2935 2926/2926
f 2926/2926 2935/2935 2927/2927
f 2935/2935 2936/2936 2927/2927
f 2927/2927 2936/2936 2928/2928
f 2936/2936 2937/2937 2928/2928
f 2929/2929 2938/2938 2930/2930
f 2938/2938 2939/2939 2930/2930
f 2930/2930 2939/2939 2931/2931
f 2939/2939 2940/2940 2931/2931
f 2931/2931 2940/2940 2932/2932
f 2940/2940 2941/2941 2932/2932
f 2932/2932 2941/2941 2933/2933
f 2941/2941 2942/2942 2933/2933
f 2933/2933 2942/2942 2934/2934
f 2942/2942 2943/2943 2934/2934
f 2934/2934 2943/2943 2935/2935
f 2943/2943 2944/2944 2935/2935
f 2935/2935 2944/2944 2936/2936
f 2944/2944 2945/2945 2936/2936
f 2936/2936 2945/2945 2937/2937
f 2945/2945 2946/2946 2937/2937
f 2938/2938 2947/2947 2939/2939
f 2947/2947 2948/2948 2939/2939
f 2939/2939 2948/2948 2940/2940
f 2948/2948 2949/2949 2940/2940
f 2940/2940 2949/2949 2941/2941
f 2949/2949 2950/2950 2941/2941
f 2941/2941 2950/2950 2942/2942
f 2950/2950 2951/2951 2942/2942
f 2942/2942 2951/2951 2943/2943
f 2951/2951 2952/2952 2943/2943
f 2943/2943 2952/2952 2944/2944
f 2952/2952 2953/2953 2944/2944
f 2944/2944 2953/2953 2945/2945
f 2953/2953 2954/2954 2945/2945
f 2945/2945 2954/2954 2946/2946
f 2954/2954 2955/2955 2946/2946
f 2947/2947 2956/2956 2948/2948
f 2956/2956 2957/2957 2948/2948
f 2948/2948 2957/2957 2949/2949
f 2957/2957 2958/2958 2949/2949
f 2949/2949 2958/2958 2950/2950
f 2958/2958 2959/2959 2950/2950
f 2950/2950 2959/2959 2951/2951
f 2959/2959 2960/2960 2951/2951
f 2951/2951 2960/2960 2952/2952
f 2960/2960 2961/2961 2952/2952
f 2952/2952 2961/2961 2953/2953
f 2961/2961 2962/2962 2953/2953
f 2953/2953 2962/2962 2954/2954
f 2962/2962 2963/2963 2954/2954
f 2954/2954 2963/2963 2955/2955
f 2963/2963 2964/2964 2955/2955
f 2956/2956 2965/2965 2957/2957
f 2965/2965 2966/2966 2957/2957
f 2957/2957 2966/2966 2958/2958
f 2966/2966 2967/2967 2958/2958
f 2958/2958 2967/2967 2959/2959
f 2967/2967 2968/2968 2959/2959
f 2959/2959 2968/2968 2960/2960
f 2968/2968 2969/2969 2960/2960
f 2960/2960 2969/2969 2961/2961
f 2969/2969 2970/2970 2961/2961
f 2961/2961 2970/2970 2962/2962
f 2970/2970 2971/2971 2962/2962
f 2962/2962 2971/2971 2963/2963
f 2971/2971 2972/2972 2963/2963
f 2963/2963 2972/2972 2964/2964
f 2972/2972 2973/2973 2964/2964
f 2965/2965 2974/2974 2966/2966
f 2974/2974 2975/2975 2966/2966
f 2966/2966 2975/2975 2967/2967
f 2975/2975 2976/2976 2967/2967
f 2967/2967 2976/2976 2968/2968
f 2976/2976 2977/2977 2968/2968
f 2968/2968 2977/2977 2969/2969
f 2977/2977 2978/2978 2969/2969
f 2969/2969 2978/2978 2970/2970
f 2978/2978 2979/2979 2970/2970
f 2970/2970 2979/2979 2971/2971
f 2979/2979 2980/2980 2971/2971
f 2971/2971 2980/2980 2972/2972
f 2980/2980 2981/2981 2972/2972
f 2972/2972 2981/2981 2973/2973
f 2981/2981 2982/2982 2973/2973
f 2974/2974 2983/2983 2975/2975
f 2983/2983 2984/2984 2975/2975
f 2975/2975 2984/2984 2976/2976
f 2984/2984 2985/2985 2976/2976
f 2976/2976 2985/2985 2977/2977
f 2985/2985 2986/2986 2977/2977
f 2977/2977 2986/2986 2978/2978
f 2986/2986 2987/2987 2978/2978
f 2978/2978 2987/2987 2979/2979
f 2987/2987 2988/2988 2979/2979
f 2979/2979 2988/2988 2980/2980
f 2988/2988 2989/2989 2980/2980
f 2980/2980 2989/2989 2981/2981
f 2989/2989 2990/2990 2981/2981
f 2981/2981 2990/2990 2982/2982
f 2990/2990 2991/2991 2982/2982
f 2983/2983 2992/2992 2984/2984
f 2992/2992 2993/2993 2984/2984
f 2984/2984 2993/2993 2985/2985
f 2993/2993 2994/2994 2985/2985
f 2985/2985 2994/2994 2986/2986
f 2994/2994 2995/2995 2986/2986
f 2986/2986 2995/2995 2987/2987
f 2995/2995 2996/2996 2987/2987
f 2987/2987 2996/2996 2988/2988
f 2996/2996 2997/2997 2988/2988
f 2988/2988 2997/2997 2989/2989
f 2997/2997 2998/2998 2989/2989
f 2989/2989 2998/2998 2990/2990
f 2998/2998 2999/2999 2990/2990
f 2990/2990 2999/2999 2991/2991
f 2999/2999 3000/3000 2991/2991
f 2992/2992 3001/3001 2993/2993
f 3001/3001 3002/3002 2993/2993
f 2993/2993 3002/3002 2994/2994
f 3002/3002 3003/3003 2994/2994
f 2994/2994 3003/3003 2995/2995
f 3003/3003 3004/3004 2995/2995
f 2995/2995 3004/3004 2996/2996
f 3004/3004 3005/3005 2996/2996
f 2996/2996 3005/3005 2997/2997
f 3005/3005 3006/3006 2997/2997
f 2997/2997 3006/3006 2998/2998
f 3006/3006 3007/3007 2998/2998
f 2998/2998 3007/3007 2999/2999
f 3007/3007 3008/3008 2999/2999
f 2999/2999 3008/3008 3000/3000
f 3008/3008 3009/3009 3000/3000
v -15.250 -71.000 25.000
v -15.250 -63.000 25.000
v -15.250 -71.000 19.000
v -15.250 -63.000 19.000
v -20.750 -63.000 25.000
v -20.750 -71.000 25.000
v -20.750 -63.000 19.000
v -20.750 -71.000 19.000
v -20.750 -63.000 25.000
v -15.250 -63.000 25.000
v -20.750 -71.000 25.000
v -15.250 -71.000 25.000
v -20.750 -71.000 19.000
v -15.250 -71.000 19.000
v -20.750 -63.000 19.000
v -15.250 -63.000 19.000
v -20.750 -71.000 25.000
v -15.250 -71.000 25.000
v -20.750 -71.000 19.000
v -15.250 -71.000 19.000
v -15.250 -63.000 25.000
v -20.750 -63.000 25.000
v -15.250 -63.000 19.000
v -20.750 -63.000 19.000
vt 0.00000 1.00000
vt 1.00000 1.00000
vt 0.00000 0.00000
vt 1.00000 0.00000
vt 0.00000 1.00000
vt 1.00000 1.00000
vt 0.00000 0.00000
vt 1.00000 0.00000
vt 0.00000 1.00000
vt 1.00000 1.00000
vt 0.00000 0.00000
vt 1.00000 0.00000
vt 0.00000 1.00000
vt 1.00000 1.00000
vt 0.00000 0.00000
vt 1.00000 0.00000
vt 0.00000 1.00000
vt 1.00000 1.00000
vt 0.00000 0.00000
vt 1.00000 0.00000
vt 0.00000 1.00000
vt 1.00000 1.00000
vt 0.00000 0.00000
vt 1.00000 0.00000
f 3010/3010 3012/3012 3011/3011
f 3012/3012 3013/3013 3011/3011
f 3014/3014 3016/3016 3015/3015
f 3016/3016 3017/3017 3015/3015
f 3018/3018 3020/3020 3019/3019
f 3020/3020 3021/3021 3019/3019
f 3022/3022 3024/3024 3023/3023
f 3024/3024 3025/3025 3023/3023
f 3026/3026 3028/3028 3027/3027
f 3028/3028 3029/3029 3027/3027
f 3030/3030 3032/3032 3031/3031
f 3032/3032 3033/3033 3031/3031
v -33.400 -40.250 28.400
v -33.400 -19.750 28.400
v -33.400 -40.250 27.600
v -33.400 -19.750 27.600
v -34.000 -19.750 28.400
v -34.000 -40.250 28.400
v -34.000 -19.750 27.600
v -34.000 -40.250 27.600
v -34.000 -19.750 28.400
v -33.400 -19.750 28.400
v -34.000 -40.250 28.400
v -33.400 -40.250 28.400
v -34.000 -40.250 27.600
v -33.400 -40.250 27.600
v -34.000 -19.750 27.600
v -33.400 -19.750 27.600
v -34.000 -40.250 28.400
v -33.400 -40.250 28.400
v -34.000 -40.250 27.600
v -33.400 -40.250 27.600
v -33.400 -19.750 28.400
v -34.000 -19.750 28.400
v -33.400 -19.750 27.600
v -34.000 -19.750 27.600
vt 0.00000 1.00000
vt 1.00000 1.00000
vt 0.00000 0.00000
vt 1.00000 0.00000
vt 0.00000 1.00000
vt 1.00000 1.00000
vt 0.00000 0.00000
vt 1.00000 0.00000
vt 0.00000 1.00000
vt 1.00000 1.00000
vt 0.00000 0.00000
vt 1.00000 0.00000
vt 0.00000 1.00000
vt 1.00000 1.00000
vt 0.00000 0.00000
vt 1.00000 0.00000
vt 0.00000 1.00000
vt 1.00000 1.00000
vt 0.00000 0.00000
vt 1.00000 0.00000
vt 0.00000 1.00000
vt 1.00000 1.00000
vt 0.00000 0.00000
vt 1.00000 0.00000
f 3034/3034 3036/3036 3035/3035
f 3036/3036 3037/3037 3035/3035
f 3038/3038 3040/3040 3039/3039
f 3040/3040 3041/3041 3039/3039
f 3042/3042 3044/3044 3043/3043
f 3044/3044 3045/3045 3043/3043
f 3046/3046 3048/3048 3047/3047
f 3048/3048 3049/3049 3047/3047
f 3050/3050 3052/3052 3051/3051
f 3052/3052 3053/3053 3051/3051
f 3054/3054 3056/3056 3055/3055
f 3056/3056 3057/3057 3055/3055
v -33.400 -40.250 30.400
v -33.400 -19.750 30.400
v -33.400 -40.250 29.600
v -33.400 -19.750 29.600
v -34.000 -19.750 30.400
v -34.000 -40.250 30.400
v -34.000 -19.750 29.600
v -34.000 -40.250 29.600
v -34.000 -19.750 30.400
v -33.400 -19.750 30.400
v -34.000 -40.250 30.400
v -33.400 -40.250 30.400
v -34.000 -40.250 29.600
v -33.400 -40.250 29.600
v -34.000 -19.750 29.600
v -33.400 -19.750 29.600
v -34.000 -40.250 30.400
v -33.400 -40.250 30.400
v -34.000 -40.250 29.600
v -33.400 -40.250 29.600
v -33.400 -19.750 30.400
v -34.000 -19.750 30.400
v -33.400 -19.750 29.600
v -34.000 -19.750 29.600
vt 0.00000 1.00000
vt 1.00000 1.00000
vt 0.00000 0.00000
vt 1.00000 0.00000
vt 0.00000 1.00000
vt 1.00000 1.00000
vt 0.00000 0.00000
vt 1.00000 0.00000
vt 0.00000 1.00000
vt 1.00000 1.00000
vt 0.00000 0.00000
vt 1.00000 0.00000
vt 0.00000 1.00000
vt 1.00000 1.00000
vt 0.00000 0.00000
vt 1.00000 0.00000
vt 0.00000 1.00000
vt 1.00000 1.00000
vt 0.00000 0.00000
vt 1.00000 0.00000
vt 0.00000 1.00000
vt 1.00000 1.00000
vt 0.00000 0.00000
vt 1.00000 0.00000
f 3058/3058 3060/3060 3059/3059
f 3060/3060 3061/3061 3059/3059
f 3062/3062 3064/3064 3063/3063
f 3064/3064 3065/3065 3063/3063
f 3066/3066 3068/3068 3067/3067
f 3068/3068 3069/3069 3067/3067
f 3070/3070 3072/3072 3071/3071
f 3072/3072 3073/3073 3071/3071
f 3074/3074 3076/3076 3075/3075
f 3076/3076 3077/3077 3075/3075
f 3078/3078 3080/3080 3079/3079
f 3080/3080 3081/3081 3079/3079
v -33.400 -40.250 32.400
v -33.400 -19.750 32.400
v -33.400 -40.250 31.600
v -33.400 -19.750 31.600
v -34.000 -19.750 32.400
v -34.000 -40.250 32.400
v -34.000 -19.750 31.600
v -34.000 -40.250 31.600
v -34.000 -19.750 32.400
v -33.400 -19.750 32.400
v -34.000 -40.250 32.400
v -33.400 -40.250 32.400
v -34.000 -40.250 31.600
v -33.400 -40.250 31.600
v -34.000 -19.750 31.600
v -33.400 -19.750 31.600
v -34.000 -40.250 32.400
v -33.400 -40.250 32.400
v -34.000 -40.250 31.600
v -33.400 -40.250 31.600
v -33.400 -19.750 32.400
v -34.000 -19.750 32.400
v -33.400 -19.750 31.600
v -34.000 -19.750 31.600
vt 0.00000 1.00000
vt 1.00000 1.00000
vt 0.00000 0.00000
vt 1.00000 0.00000
vt 0.00000 1.00000
vt 1.00000 1.00000
vt 0.00000 0.00000
vt 1.00000 0.00000
vt 0.00000 1.00000
vt 1.00000 1.00000
vt 0.00000 0.00000
vt 1.00000 0.00000
vt 0.00000 1.00000
vt 1.00000 1.00000
vt 0.00000 0.00000
vt 1.00000 0.00000
vt 0.00000 1.00000
vt 1.00000 1.00000
vt 0.00000 0.00000
vt 1.00000 0.00000
vt 0.00000 1.00000
vt 1.00000 1.00000
vt 0.00000 0.00000
vt 1.00000 0.00000
f 3082/3082 3084/3084 3083/3083
f 3084/3084 3085/3085 3083/3083
f 3086/3086 3088/3088 3087/3087
f 3088/3088 3089/3089 3087/3087
f 3090/3090 3092/3092 3091/3091
f 3092/3092 3093/3093 3091/3091
f 3094/3094 3096/3096 3095/3095
f 3096/3096 3097/3097 3095/3095
f 3098/3098 3100/3100 3099/3099
f 3100/3100 3101/3101 3099/3099
f 3102/3102 3104/3104 3103/3103
f 3104/3104 3105/3105 3103/3103
v -33.400 -40.250 34.400
v -33.400 -19.750 34.400
v -33.400 -40.250 33.600
v -33.400 -19.750 33.600
v -34.000 -19.750 34.400
v -34.000 -40.250 34.400
v -34.000 -19.750 33.600
v -34.000 -40.250 33.600
v -34.000 -19.750 34.400
v -33.400 -19.750 34.400
v -34.000 -40.250 34.400
v -33.400 -40.250 34.400
v -34.000 -40.250 33.600
v -33.400 -40.250 33.600
v -34.000 -19.750 33.600
v -33.400 -19.750 33.600
v -34.000 -40.250 34.400
v -33.400 -40.250 34.400
v -34.000 -40.250 33.600
v -33.400 -40.250 33.600
v -33.400 -19.750 34.400
v -34.000 -19.750 34.400
v -33.400 -19.750 33.600
v -34.000 -19.750 33.600
vt 0.00000 1.00000
vt 1.00000 1.00000
vt 0.00000 0.00000
vt 1.00000 0.00000
vt 0.00000 1.00000
vt 1.00000 1.00000
vt 0.00000 0.00000
vt 1.00000 0.00000
vt 0.00000 1.00000
vt 1.00000 1.00000
vt 0.00000 0.00000
vt 1.00000 0.00000
vt 0.00000 1.00000
vt 1.00000 1.00000
vt 0.00000 0.00000
vt 1.00000 0.00000
vt 0.00000 1.00000
vt 1.00000 1.00000
vt 0.00000 0.00000
vt 1.00000 0.00000
vt 0.00000 1.00000
vt 1.00000 1.00000
vt 0.00000 0.00000
vt 1.00000 0.00000
f 3106/3106 3108/3108 3107/3107
f 3108/3108 3109/3109 3107/3107
f 3110/3110 3112/3112 3111/3111
f 3112/3112 3113/3113 3111/3111
f 3114/3114 3116/3116 3115/3115
f 3116/3116 3117/3117 3115/3115
f 3118/3118 3120/3120 3119/3119
f 3120/3120 3121/3121 3119/3119
f 3122/3122 3124/3124 3123/3123
f 3124/3124 3125/3125 3123/3123
f 3126/3126 3128/3128 3127/3127
f 3128/3128 3129/3129 3127/3127
v -33.400 -40.250 36.400
v -33.400 -19.750 36.400
v -33.400 -40.250 35.600
v -33.400 -19.750 35.600
v -34.000 -19.750 36.400
v -34.000 -40.250 36.400
v -34.000 -19.750 35.600
v -34.000 -40.250 35.600
v -34.000 -19.750 36.400
v -33.400 -19.750 36.400
v -34.000 -40.250 36.400
v -33.400 -40.250 36.400
v -34.000 -40.250 35.600
v -33.400 -40.250 35.600
v -34.000 -19.750 35.600
v -33.400 -19.750 35.600
v -34.000 -40.250 36.400
v -33.400 -40.250 36.400
v -34.000 -40.250 35.600
v -33.400 -40.250 35.600
v -33.400 -19.750 36.400
v -34.000 -19.750 36.400
v -33.400 -19.750 35.600
v -34.000 -19.750 35.600
vt 0.00000 1.00000
vt 1.00000 1.00000
vt 0.00000 0.00000
vt 1.00000 0.00000
vt 0.00000 1.00000
vt 1.00000 1.00000
vt 0.00000 0.00000
vt 1.00000 0.00000
vt 0.00000 1.00000
vt 1.00000 1.00000
vt 0.00000 0.00000
vt 1.00000 0.00000
vt 0.00000 1.00000
vt 1.00000 1.00000
vt 0.00000 0.00000
vt 1.00000 0.00000
vt 0.00000 1.00000
vt 1.00000 1.00000
vt 0.00000 0.00000
vt 1.00000 0.00000
vt 0.00000 1.00000
vt 1.00000 1.00000
vt 0.00000 0.00000
vt 1.00000 0.00000
f 3130/3130 3132/3132 3131/3131
f 3132/3132 3133/3133 3131/3131
f 3134/3134 3136/3136 3135/3135
f 3136/3136 3137/3137 3135/3135
f 3138/3138 3140/3140 3139/3139
f 3140/3140 3141/3141 3139/3139
f 3142/3142 3144/3144 3143/3143
f 3144/3144 3145/3145 3143/3143
f 3146/3146 3148/3148 3147/3147
f 3148/3148 3149/3149 3147/3147
f 3150/3150 3152/3152 3151/3151
f 3152/3152 3153/3153 3151/3151
v -33.400 -40.250 38.400
v -33.400 -19.750 38.400
v -33.400 -40.250 37.600
v -33.400 -19.750 37.600
v -34.000 -19.750 38.400
v -34.000 -40.250 38.400
v -34.000 -19.750 37.600
v -34.000 -40.250 37.600
v -34.000 -19.750 38.400
v -33.400 -19.750 38.400
v -34.000 -40.250 38.400
v -33.400 -40.250 38.400
v -34.000 -40.250 37.600
v -33.400 -40.250 37.600
v -34.000 -19.750 37.600
v -33.400 -19.750 37.600
v -34.000 -40.250 38.400
v -33.400 -40.250 38.400
v -34.000 -40.250 37.600
v -33.400 -40.250 37.600
v -33.400 -19.750 38.400
v -34.000 -19.750 38.400
v -33.400 -19.750 37.600
v -34.000 -19.750 37.600
vt 0.00000 1.00000
vt 1.00000 1.00000
vt 0.00000 0.00000
vt 1.00000 0.00000
vt 0.00000 1.00000
vt 1.00000 1.00000
vt 0.00000 0.00000
vt 1.00000 0.00000
vt 0.00000 1.00000
vt 1.00000 1.00000
vt 0.00000 0.00000
vt 1.00000 0.00000
vt 0.00000 1.00000
vt 1.00000 1.00000
vt 0.00000 0.00000
vt 1.00000 0.00000
vt 0.00000 1.00000
vt 1.00000 1.00000
vt 0.00000 0.00000
vt 1.00000 0.00000
vt 0.00000 1.00000
vt 1.00000 1.00000
vt 0.00000 0.00000
vt 1.00000 0.00000
f 3154/3154 3156/3156 3155/3155
f 3156/3156 3157/3157 3155/3155
f 3158/3158 3160/3160 3159/3159
f 3160/3160 3161/3161 3159/3159
f 3162/3162 3164/3164 3163/3163
f 3164/3164 3165/3165 3163/3163
f 3166/3166 3168/3168 3167/3167
f 3168/3168 3169/3169 3167/3167
f 3170/3170 3172/3172 3171/3171
f 3172/3172 3173/3173 3171/3171
f 3174/3174 3176/3176 3175/3175
f 3176/3176 3177/3177 3175/3175
v -33.400 -40.250 40.400
v -33.400 -19.750 40.400
v -33.400 -40.250 39.600
v -33.400 -19.750 39.600
v -34.000 -19.750 40.400
v -34.000 -40.250 40.400
v -34.000 -19.750 39.600
v -34.000 -40.250 39.600
v -34.000 -19.750 40.400
v -33.400 -19.750 40.400
v -34.000 -40.250 40.400
v -33.400 -40.250 40.400
v -34.000 -40.250 39.600
v -33.400 -40.250 39.600
v -34.000 -19.750 39.600
v -33.400 -19.750 39.600
v -34.000 -40.250 40.400
v -33.400 -40.250 40.400
v -34.000 -40.250 39.600
v -33.400 -40.250 39.600
v -33.400 -19.750 40.400
v -34.000 -19.750 40.400
v -33.400 -19.750 39.600
v -34.000 -19.750 39.600
vt 0.00000 1.00000
vt 1.00000 1.00000
vt 0.00000 0.00000
vt 1.00000 0.00000
vt 0.00000 1.00000
vt 1.00000 1.00000
vt 0.00000 0.00000
vt 1.00000 0.00000
vt 0.00000 1.00000
vt 1.00000 1.00000
vt 0.00000 0.00000
vt 1.00000 0.00000
vt 0.00000 1.00000
vt 1.00000 1.00000
vt 0.00000 0.00000
vt 1.00000 0.00000
vt 0.00000 1.00000
vt 1.00000 1.00000
vt 0.00000 0.00000
vt 1.00000 0.00000
vt 0.00000 1.00000
vt 1.00000 1.00000
vt 0.00000 0.00000
vt 1.00000 0.00000
f 3178/3178 3180/3180 3179/3179
f 3180/3180 3181/3181 3179/3179
f 3182/3182 3184/3184 3183/3183
f 3184/3184 3185/3185 3183/3183
f 3186/3186 3188/3188 3187/3187
f 3188/3188 3189/3189 3187/3187
f 3190/3190 3192/3192 3191/3191
f 3192/3192 3193/3193 3191/3191
f 3194/3194 3196/3196 3195/3195
f 3196/3196 3197/3197 3195/3195
f 3198/3198 3200/3200 3199/3199
f 3200/3200 3201/3201 3199/3199
v -33.400 -40.250 42.400
v -33.400 -19.750 42.400
v -33.400 -40.250 41.600
v -33.400 -19.750 41.600
v -34.000 -19.750 42.400
v -34.000 -40.250 42.400
v -34.000 -19.750 41.600
v -34.000 -40.250 41.600
v -34.000 -19.750 42.400
v -33.400 -19.750 42.400
v -34.000 -40.250 42.400
v -33.400 -40.250 42.400
v -34.000 -40.250 41.600
v -33.400 -40.250 41.600
v -34.000 -19.750 41.600
v -33.400 -19.750 41.600
v -34.000 -40.250 42.400
v -33.400 -40.250 42.400
v -34.000 -40.250 41.600
v -33.400 -40.250 41.600
v -33.400 -19.750 42.400
v -34.000 -19.750 42.400
v -33.400 -19.750 41.600
v -34.000 -19.750 41.600
vt 0.00000 1.00000
vt 1.00000 1.00000
vt 0.00000 0.00000
vt 1.00000 0.00000
vt 0.00000 1.00000
vt 1.00000 1.00000
vt 0.00000 0.00000
vt 1.00000 0.00000
vt 0.00000 1.00000
vt 1.00000 1.00000
vt 0.00000 0.00000
vt 1.00000 0.00000
vt 0.00000 1.00000
vt 1.00000 1.00000
vt 0.00000 0.00000
vt 1.00000 0.00000
vt 0.00000 1.00000
vt 1.00000 1.00000
vt 0.00000 0.00000
vt 1.00000 0.00000
vt 0.00000 1.00000
vt 1.00000 1.00000
vt 0.00000 0.00000
vt 1.00000 0.00000
f 3202/3202 3204/3204 3203/3203
f 3204/3204 3205/3205 3203/3203
f 3206/3206 3208/3208 3207/3207
f 3208/3208 3209/3209 3207/3207
f 3210/3210 3212/3212 3211/3211
f 3212/3212 3213/3213 3211/3211
f 3214/3214 3216/3216 3215/3215
f 3216/3216 3217/3217 3215/3215
f 3218/3218 3220/3220 3219/3219
f 3220/3220 3221/3221 3219/3219
f 3222/3222 3224/3224 3223/3223
f 3224/3224 3225/3225 3223/3223
v -33.400 -40.250 44.400
v -33.400 -19.750 44.400
v -33.400 -40.250 43.600
v -33.400 -19.750 43.600
v -34.000 -19.750 44.400
v -34.000 -40.250 44.400
v -34.000 -19.750 43.600
v -34.000 -40.250 43.600
v -34.000 -19.750 44.400
v -33.400 -19.750 44.400
v -34.000 -40.250 44.400
v -33.400 -40.250 44.400
v -34.000 -40.250 43.600
v -33.400 -40.250 43.600
v -34.000 -19.750 43.600
v -33.400 -19.750 43.600
v -34.000 -40.250 44.400
v -33.400 -40.250 44.400
v -34.000 -40.250 43.600
v -33.400 -40.250 43.600
v -33.400 -19.750 44.400
v -34.000 -19.750 44.400
v -33.400 -19.750 43.600
v -34.000 -19.750 43.600
vt 0.00000 1.00000
vt 1.00000 1.00000
vt 0.00000 0.00000
vt 1.00000 0.00000
vt 0.00000 1.00000
vt 1.00000 1.00000
vt 0.00000 0.00000
vt 1.00000 0.00000
vt 0.00000 1.00000
vt 1.00000 1.00000
vt 0.00000 0.00000
vt 1.00000 0.00000
vt 0.00000 1.00000
vt 1.00000 1.00000
vt 0.00000 0.00000
vt 1.00000 0.00000
vt 0.00000 1.00000
vt 1.00000 1.00000
vt 0.00000 0.00000
vt 1.00000 0.00000
vt 0.00000 1.00000
vt 1.00000 1.00000
vt 0.00000 0.00000
vt 1.00000 0.00000
f 3226/3226 3228/3228 3227/3227
f 3228/3228 3229/3229 3227/3227
f 3230/3230 3232/3232 3231/3231
f 3232/3232 3233/3233 3231/3231
f 3234/3234 3236/3236 3235/3235
f 3236/3236 3237/3237 3235/3235
f 3238/3238 3240/3240 3239/3239
f 3240/3240 3241/3241 3239/3239
f 3242/3242 3244/3244 3243/3243
f 3244/3244 3245/3245 3243/3243
f 3246/3246 3248/3248 3247/3247
f 3248/3248 3249/3249 3247/3247
v -33.400 -40.250 46.400
v -33.400 -19.750 46.400
v -33.400 -40.250 45.600
v -33.400 -19.750 45.600
v -34.000 -19.750 46.400
v -34.000 -40.250 46.400
v -34.000 -19.750 45.600
v -34.000 -40.250 45.600
v -34.000 -19.750 46.400
v -33.400 -19.750 46.400
v -34.000 -40.250 46.400
v -33.400 -40.250 46.400
v -34.000 -40.250 45.600
v -33.400 -40.250 45.600
v -34.000 -19.750 45.600
v -33.400 -19.750 45.600
v -34.000 -40.250 46.400
v -33.400 -40.250 46.400
v -34.000 -40.250 45.600
v -33.400 -40.250 45.600
v -33.400 -19.750 46.400
v -34.000 -19.750 46.400
v -33.400 -19.750 45.600
v -34.000 -19.750 45.600
vt 0.00000 1.00000
vt 1.00000 1.00000
vt 0.00000 0.00000
vt 1.00000 0.00000
vt 0.00000 1.00000
vt 1.00000 1.00000
vt 0.00000 0.00000
vt 1.00000 0.00000
vt 0.00000 1.00000
vt 1.00000 1.00000
vt 0.00000 0.00000
vt 1.00000 0.00000
vt 0.00000 1.00000
vt 1.00000 1.00000
vt 0.00000 0.00000
vt 1.00000 0.00000
vt 0.00000 1.00000
vt 1.00000 1.00000
vt 0.00000 0.00000
vt 1.00000 0.00000
vt 0.00000 1.00000
vt 1.00000 1.00000
vt 0.00000 0.00000
vt 1.00000 0.00000
f 3250/3250 3252/3252 3251/3251
f 3252/3252 3253/3253 3251/3251
f 3254/3254 3256/3256 3255/3255
f 3256/3256 3257/3257 3255/3255
f 3258/3258 3260/3260 3259/3259
f 3260/3260 3261/3261 3259/3259
f 3262/3262 3264/3264 3263/3263
f 3264/3264 3265/3265 3263/3263
f 3266/3266 3268/3268 3267/3267
f 3268/3268 3269/3269 3267/3267
f 3270/3270 3272/3272 3271/3271
f 3272/3272 3273/3273 3271/3271
v -33.400 -40.250 48.400
v -33.400 -19.750 48.400
v -33.400 -40.250 47.600
v -33.400 -19.750 47.600
v -34.000 -19.750 48.400
v -34.000 -40.250 48.400
v -34.000 -19.750 47.600
v -34.000 -40.250 47.600
v -34.000 -19.750 48.400
v -33.400 -19.750 48.400
v -34.000 -40.250 48.400
v -33.400 -40.250 48.400
v -34.000 -40.250 47.600
v -33.400 -40.250 47.600
v -34.000 -19.750 47.600
v -33.400 -19.750 47.600
v -34.000 -40.250 48.400
v -33.400 -40.250 48.400
v -34.000 -40.250 47.600
v -33.400 -40.250 47.600
v -33.400 -19.750 48.400
v -34.000 -19.750 48.400
v -33.400 -19.750 47.600
v -34.000 -19.750 47.600
vt 0.00000 1.00000
vt 1.00000 1.00000
vt 0.00000 0.00000
vt 1.00000 0.00000
vt 0.00000 1.00000
vt 1.00000 1.00000
vt 0.00000 0.00000
vt 1.00000 0.00000
vt 0.00000 1.00000
vt 1.00000 1.00000
vt 0.00000 0.00000
vt 1.00000 0.00000
vt 0.00000 1.00000
vt 1.00000 1.00000
vt 0.00000 0.00000
vt 1.00000 0.00000
vt 0.00000 1.00000
vt 1.00000 1.00000
vt 0.00000 0.00000
vt 1.00000 0.00000
vt 0.00000 1.00000
vt 1.00000 1.00000
vt 0.00000 0.00000
vt 1.00000 0.00000
f 3274/3274 3276/3276 3275/3275
f 3276/3276 3277/3277 3275/3275
f 3278/3278 3280/3280 3279/3279
f 3280/3280 3281/3281 3279/3279
f 3282/3282 3284/3284 3283/3283
f 3284/3284 3285/3285 3283/3283
f 3286/3286 3288/3288 3287/3287
f 3288/3288 3289/3289 3287/3287
f 3290/3290 3292/3292 3291/3291
f 3292/3292 3293/3293 3291/3291
f 3294/3294 3296/3296 3295/3295
f 3296/3296 3297/3297 3295/3295
v -33.400 -40.250 50.400
v -33.400 -19.750 50.400
v -33.400 -40.250 49.600
v -33.400 -19.750 49.600
v -34.000 -19.750 50.400
v -34.000 -40.250 50.400
v -34.000 -19.750 49.600
v -34.000 -40.250 49.600
v -34.000 -19.750 50.400
v -33.400 -19.750 50.400
v -34.000 -40.250 50.400
v -33.400 -40.250 50.400
v -34.000 -40.250 49.600
v -33.400 -40.250 49.600
v -34.000 -19.750 49.600
v -33.400 -19.750 49.600
v -34.000 -40.250 50.400
v -33.400 -40.250 50.400
v -34.000 -40.250 49.600
v -33.400 -40.250 49.600
v -33.400 -19.750 50.400
v -34.000 -19.750 50.400
v -33.400 -19.750 49.600
v -34.000 -19.750 49.600
vt 0.00000 1.00000
vt 1.00000 1.00000
vt 0.00000 0.00000
vt 1.00000 0.00000
vt 0.00000 1.00000
vt 1.00000 1.00000
vt 0.00000 0.00000
vt 1.00000 0.00000
vt 0.00000 1.00000
vt 1.00000 1.00000
vt 0.00000 0.00000
vt 1.00000 0.00000
vt 0.00000 1.00000
vt 1.00000 1.00000
vt 0.00000 0.00000
vt 1.00000 0.00000
vt 0.00000 1.00000
vt 1.00000 1.00000
vt 0.00000 0.00000
vt 1.00000 0.00000
vt 0.00000 1.00000
vt 1.00000 1.00000
vt 0.00000 0.00000
vt 1.00000 0.00000
f 3298/3298 3300/3300 3299/3299
f 3300/3300 3301/3301 3299/3299
f 3302/3302 3304/3304 3303/3303
f 3304/3304 3305/3305 3303/3303
f 3306/3306 3308/3308 3307/3307
f 3308/3308 3309/3309 3307/3307
f 3310/3310 3312/3312 3311/3311
f 3312/3312 3313/3313 3311/3311
f 3314/3314 3316/3316 3315/3315
f 3316/3316 3317/3317 3315/3315
f 3318/3318 3320/3320 3319/3319
f 3320/3320 3321/3321 3319/3319
v -33.400 -40.250 52.400
v -33.400 -19.750 52.400
v -33.400 -40.250 51.600
v -33.400 -19.750 51.600
v -34.000 -19.750 52.400
v -34.000 -40.250 52.400
v -34.000 -19.750 51.600
v -34.000 -40.250 51.600
v -34.000 -19.750 52.400
v -33.400 -19.750 52.400
v -34.000 -40.250 52.400
v -33.400 -40.250 52.400
v -34.000 -40.250 51.600
v -33.400 -40.250 51.600
v -34.000 -19.750 51.600
v -33.400 -19.750 51.600
v -34.000 -40.250 52.400
v -33.400 -40.250 52.400
v -34.000 -40.250 51.600
v -33.400 -40.250 51.600
v -33.400 -19.750 52.400
v -34.000 -19.750 52.400
v -33.400 -19.750 51.600
v -34.000 -19.750 51.600
vt 0.00000 1.00000
vt 1.00000 1.00000
vt 0.00000 0.00000
vt 1.00000 0.00000
vt 0.00000 1.00000
vt 1.00000 1.00000
vt 0.00000 0.00000
vt 1.00000 0.00000
vt 0.00000 1.00000
vt 1.00000 1.00000
vt 0.00000 0.00000
vt 1.00000 0.00000
vt 0.00000 1.00000
vt 1.00000 1.00000
vt 0.00000 0.00000
vt 1.00000 0.00000
vt 0.00000 1.00000
vt 1.00000 1.00000
vt 0.00000 0.00000
vt 1.00000 0.00000
vt 0.00000 1.00000
vt 1.00000 1.00000
vt 0.00000 0.00000
vt 1.00000 0.00000
f 3322/3322 3324/3324 3323/3323
f 3324/3324 3325/3325 3323/3323
f 3326/3326 3328/3328 3327/3327
f 3328/3328 3329/3329 3327/3327
f 3330/3330 3332/3332 3331/3331
f 3332/3332 3333/3333 3331/3331
f 3334/3334 3336/3336 3335/3335
f 3336/3336 3337/3337 3335/3335
f 3338/3338 3340/3340 3339/3339
f 3340/3340 3341/3341 3339/3339
f 3342/3342 3344/3344 3343/3343
f 3344/3344 3345/3345 3343/3343
v -33.400 -40.250 54.400
v -33.400 -19.750 54.400
v -33.400 -40.250 53.600
v -33.400 -19.750 53.600
v -34.000 -19.750 54.400
v -34.000 -40.250 54.400
v -34.000 -19.750 53.600
v -34.000 -40.250 53.600
v -34.000 -19.750 54.400
v -33.400 -19.750 54.400
v -34.000 -40.250 54.400
v -33.400 -40.250 54.400
v -34.000 -40.250 53.600
v -33.400 -40.250 53.600
v -34.000 -19.750 53.600
v -33.400 -19.750 53.600
v -34.000 -40.250 54.400
v -33.400 -40.250 54.400
v -34.000 -40.250 53.600
v -33.400 -40.250 53.600
v -33.400 -19.750 54.400
v -34.000 -19.750 54.400
v -33.400 -19.750 53.600
v -34.000 -19.750 53.600
vt 0.00000 1.00000
vt 1.00000 1.00000
vt 0.00000 0.00000
vt 1.00000 0.00000
vt 0.00000 1.00000
vt 1.00000 1.00000
vt 0.00000 0.00000
vt 1.00000 0.00000
vt 0.00000 1.00000
vt 1.00000 1.00000
vt 0.00000 0.00000
vt 1.00000 0.00000
vt 0.00000 1.00000
vt 1.00000 1.00000
vt 0.00000 0.00000
vt 1.00000 0.00000
vt 0.00000 1.00000
vt 1.00000 1.00000
vt 0.00000 0.00000
vt 1.00000 0.00000
vt 0.00000 1.00000
vt 1.00000 1.00000
vt 0.00000 0.00000
vt 1.00000 0.00000
f 3346/3346 3348/3348 3347/3347
f 3348/3348 3349/3349 3347/3347
f 3350/3350 3352/3352 3351/3351
f 3352/3352 3353/3353 3351/3351
f 3354/3354 3356/3356 3355/3355
f 3356/3356 3357/3357 3355/3355
f 3358/3358 3360/3360 3359/3359
f 3360/3360 3361/3361 3359/3359
f 3362/3362 3364/3364 3363/3363
f 3364/3364 3365/3365 3363/3363
f 3366/3366 3368/3368 3367/3367
f 3368/3368 3369/3369 3367/3367
v -33.400 -40.250 56.400
v -33.400 -19.750 56.400
v -33.400 -40.250 55.600
v -33.400 -19.750 55.600
v -34.000 -19.750 56.400
v -34.000 -40.250 56.400
v -34.000 -19.750 55.600
v -34.000 -40.250 55.600
v -34.000 -19.750 56.400
v -33.400 -19.750 56.400
v -34.000 -40.250 56.400
v -33.400 -40.250 56.400
v -34.000 -40.250 55.600
v -33.400 -40.250 55.600
v -34.000 -19.750 55.600
v -33.400 -19.750 55.600
v -34.000 -40.250 56.400
v -33.400 -40.250 56.400
v -34.000 -40.250 55.600
v -33.400 -40.250 55.600
v -33.400 -19.750 56.400
v -34.000 -19.750 56.400
v -33.400 -19.750 55.600
v -34.000 -19.750 55.600
vt 0.00000 1.00000
vt 1.00000 1.00000
vt 0.00000 0.00000
vt 1.00000 0.00000
vt 0.00000 1.00000
vt 1.00000 1.00000
vt 0.00000 0.00000
vt 1.00000 0.00000
vt 0.00000 1.00000
vt 1.00000 1.00000
vt 0.00000 0.00000
vt 1.00000 0.00000
vt 0.00000 1.00000
vt 1.00000 1.00000
vt 0.00000 0.00000
vt 1.00000 0.00000
vt 0.00000 1.00000
vt 1.00000 1.00000
vt 0.00000 0.00000
vt 1.00000 0.00000
vt 0.00000 1.00000
vt 1.00000 1.00000
vt 0.00000 0.00000
vt 1.00000 0.00000
f 3370/3370 3372/3372 3371/3371
f 3372/3372 3373/3373 3371/3371
f 3374/3374 3376/3376 3375/3375
f 3376/3376 3377/3377 3375/3375
f 3378/3378 3380/3380 3379/3379
f 3380/3380 3381/3381 3379/3379
f 3382/3382 3384/3384 3383/3383
f 3384/3384 3385/3385 3383/3383
f 3386/3386 3388/3388 3387/3387
f 3388/3388 3389/3389 3387/3387
f 3390/3390 3392/3392 3391/3391
f 3392/3392 3393/3393 3391/3391