# RoadToF1 authored geometry. Centimetres, Z up.
v 33.000 -25.000 15.600
v 33.000 69.000 15.600
v 33.000 -25.000 14.400
v 33.000 69.000 14.400
v -33.000 69.000 15.600
v -33.000 -25.000 15.600
v -33.000 69.000 14.400
v -33.000 -25.000 14.400
v -33.000 69.000 15.600
v 33.000 69.000 15.600
v -33.000 -25.000 15.600
v 33.000 -25.000 15.600
v -33.000 -25.000 14.400
v 33.000 -25.000 14.400
v -33.000 69.000 14.400
v 33.000 69.000 14.400
v -33.000 -25.000 15.600
v 33.000 -25.000 15.600
v -33.000 -25.000 14.400
v 33.000 -25.000 14.400
v 33.000 69.000 15.600
v -33.000 69.000 15.600
v 33.000 69.000 14.400
v -33.000 69.000 14.400
vt 0.00000 1.00000
vt 1.00000 1.00000
vt 0.00000 0.00000
vt 1.00000 0.00000
vt 0.00000 1.00000
vt 1.00000 1.00000
vt 0.00000 0.00000
vt 1.00000 0.00000
vt 0.00000 1.00000
vt 1.00000 1.00000
vt 0.00000 0.00000
vt 1.00000 0.00000
vt 0.00000 1.00000
vt 1.00000 1.00000
vt 0.00000 0.00000
vt 1.00000 0.00000
vt 0.00000 1.00000
vt 1.00000 1.00000
vt 0.00000 0.00000
vt 1.00000 0.00000
vt 0.00000 1.00000
vt 1.00000 1.00000
vt 0.00000 0.00000
vt 1.00000 0.00000
f 1/1 3/3 2/2
f 3/3 4/4 2/2
f 5/5 7/7 6/6
f 7/7 8/8 6/6
f 9/9 11/11 10/10
f 11/11 12/12 10/10
f 13/13 15/15 14/14
f 15/15 16/16 14/14
f 17/17 19/19 18/18
f 19/19 20/20 18/18
f 21/21 23/23 22/22
f 23/23 24/24 22/22
v -47.121 63.218 13.118
v -47.118 63.324 13.411
v -47.097 63.533 13.642
v -47.061 63.813 13.775
v -47.016 64.121 13.791
v -46.968 64.411 13.685
v -46.925 64.639 13.476
v -46.894 64.769 13.194
v -46.879 64.782 12.882
v -46.882 64.676 12.589
v -46.903 64.467 12.358
v -46.939 64.187 12.225
v -46.984 63.879 12.209
v -47.032 63.589 12.315
v -47.075 63.361 12.524
v -47.106 63.231 12.806
v -47.121 63.218 13.118
v -0.121 56.218 15.118
v -0.118 56.324 15.411
v -0.097 56.533 15.642
v -0.061 56.813 15.775
v -0.016 57.121 15.791
v 0.032 57.411 15.685
v 0.075 57.639 15.476
v 0.106 57.769 15.194
v 0.121 57.782 14.882
v 0.118 57.676 14.589
v 0.097 57.467 14.358
v 0.061 57.187 14.225
v 0.016 56.879 14.209
v -0.032 56.589 14.315
v -0.075 56.361 14.524
v -0.106 56.231 14.806
v -0.121 56.218 15.118
v -47.000 64.000 13.000
v -47.000 64.000 13.000
v -47.000 64.000 13.000
v -47.000 64.000 13.000
v -47.000 64.000 13.000
v -47.000 64.000 13.000
v -47.000 64.000 13.000
v -47.000 64.000 13.000
v -47.000 64.000 13.000
v -47.000 64.000 13.000
v -47.000 64.000 13.000
v -47.000 64.000 13.000
v -47.000 64.000 13.000
v -47.000 64.000 13.000
v -47.000 64.000 13.000
v -47.000 64.000 13.000
v -47.121 63.218 13.118
v -47.118 63.324 13.411
v -47.097 63.533 13.642
v -47.061 63.813 13.775
v -47.016 64.121 13.791
v -46.968 64.411 13.685
v -46.925 64.639 13.476
v -46.894 64.769 13.194
v -46.879 64.782 12.882
v -46.882 64.676 12.589
v -46.903 64.467 12.358
v -46.939 64.187 12.225
v -46.984 63.879 12.209
v -47.032 63.589 12.315
v -47.075 63.361 12.524
v -47.106 63.231 12.806
v -47.121 63.218 13.118
v 0.000 57.000 15.000
v 0.000 57.000 15.000
v 0.000 57.000 15.000
v 0.000 57.000 15.000
v 0.000 57.000 15.000
v 0.000 57.000 15.000
v 0.000 57.000 15.000
v 0.000 57.000 15.000
v 0.000 57.000 15.000
v 0.000 57.000 15.000
v 0.000 57.000 15.000
v 0.000 57.000 15.000
v 0.000 57.000 15.000
v 0.000 57.000 15.000
v 0.000 57.000 15.000
v 0.000 57.000 15.000
v -0.121 56.218 15.118
v -0.118 56.324 15.411
v -0.097 56.533 15.642
v -0.061 56.813 15.775
v -0.016 57.121 15.791
v 0.032 57.411 15.685
v 0.075 57.639 15.476
v 0.106 57.769 15.194
v 0.121 57.782 14.882
v 0.118 57.676 14.589
v 0.097 57.467 14.358
v 0.061 57.187 14.225
v 0.016 56.879 14.209
v -0.032 56.589 14.315
v -0.075 56.361 14.524
v -0.106 56.231 14.806
v -0.121 56.218 15.118
vt 0.00000 1.00000
vt 0.06250 1.00000
vt 0.12500 1.00000
vt 0.18750 1.00000
vt 0.25000 1.00000
vt 0.31250 1.00000
vt 0.37500 1.00000
vt 0.43750 1.00000
vt 0.50000 1.00000
vt 0.56250 1.00000
vt 0.62500 1.00000
vt 0.68750 1.00000
vt 0.75000 1.00000
vt 0.81250 1.00000
vt 0.87500 1.00000
vt 0.93750 1.00000
vt 1.00000 1.00000
vt 0.00000 0.00000
vt 0.06250 0.00000
vt 0.12500 0.00000
vt 0.18750 0.00000
vt 0.25000 0.00000
vt 0.31250 0.00000
vt 0.37500 0.00000
vt 0.43750 0.00000
vt 0.50000 0.00000
vt 0.56250 0.00000
vt 0.62500 0.00000
vt 0.68750 0.00000
vt 0.75000 0.00000
vt 0.81250 0.00000
vt 0.87500 0.00000
vt 0.93750 0.00000
vt 1.00000 0.00000
vt 0.50000 0.50000
vt 0.50000 0.50000
vt 0.50000 0.50000
vt 0.50000 0.50000
vt 0.50000 0.50000
vt 0.50000 0.50000
vt 0.50000 0.50000
vt 0.50000 0.50000
vt 0.50000 0.50000
vt 0.50000 0.50000
vt 0.50000 0.50000
vt 0.50000 0.50000
vt 0.50000 0.50000
vt 0.50000 0.50000
vt 0.50000 0.50000
vt 0.50000 0.50000
vt 1.00000 0.50000
vt 0.96194 0.69134
vt 0.85355 0.85355
vt 0.69134 0.96194
vt 0.50000 1.00000
vt 0.30866 0.96194
vt 0.14645 0.85355
vt 0.03806 0.69134
vt 0.00000 0.50000
vt 0.03806 0.30866
vt 0.14645 0.14645
vt 0.30866 0.03806
vt 0.50000 0.00000
vt 0.69134 0.03806
vt 0.85355 0.14645
vt 0.96194 0.30866
vt 1.00000 0.50000
vt 0.50000 0.50000
vt 0.50000 0.50000
vt 0.50000 0.50000
vt 0.50000 0.50000
vt 0.50000 0.50000
vt 0.50000 0.50000
vt 0.50000 0.50000
vt 0.50000 0.50000
vt 0.50000 0.50000
vt 0.50000 0.50000
vt 0.50000 0.50000
vt 0.50000 0.50000
vt 0.50000 0.50000
vt 0.50000 0.50000
vt 0.50000 0.50000
vt 0.50000 0.50000
vt 1.00000 0.50000
vt 0.96194 0.30866
vt 0.85355 0.14645
vt 0.69134 0.03806
vt 0.50000 0.00000
vt 0.30866 0.03806
vt 0.14645 0.14645
vt 0.03806 0.30866
vt 0.00000 0.50000
vt 0.03806 0.69134
vt 0.14645 0.85355
vt 0.30866 0.96194
vt 0.50000 1.00000
vt 0.69134 0.96194
vt 0.85355 0.85355
vt 0.96194 0.69134
vt 1.00000 0.50000
f 25/25 42/42 26/26
f 42/42 43/43 26/26
f 26/26 43/43 27/27
f 43/43 44/44 27/27
f 27/27 44/44 28/28
f 44/44 45/45 28/28
f 28/28 45/45 29/29
f 45/45 46/46 29/29
f 29/29 46/46 30/30
f 46/46 47/47 30/30
f 30/30 47/47 31/31
f 47/47 48/48 31/31
f 31/31 48/48 32/32
f 48/48 49/49 32/32
f 32/32 49/49 33/33
f 49/49 50/50 33/33
f 33/33 50/50 34/34
f 50/50 51/51 34/34
f 34/34 51/51 35/35
f 51/51 52/52 35/35
f 35/35 52/52 36/36
f 52/52 53/53 36/36
f 36/36 53/53 37/37
f 53/53 54/54 37/37
f 37/37 54/54 38/38
f 54/54 55/55 38/38
f 38/38 55/55 39/39
f 55/55 56/56 39/39
f 39/39 56/56 40/40
f 56/56 57/57 40/40
f 40/40 57/57 41/41
f 57/57 58/58 41/41
f 75/75 76/76 59/59
f 76/76 77/77 60/60
f 77/77 78/78 61/61
f 78/78 79/79 62/62
f 79/79 80/80 63/63
f 80/80 81/81 64/64
f 81/81 82/82 65/65
f 82/82 83/83 66/66
f 83/83 84/84 67/67
f 84/84 85/85 68/68
f 85/85 86/86 69/69
f 86/86 87/87 70/70
f 87/87 88/88 71/71
f 88/88 89/89 72/72
f 89/89 90/90 73/73
f 90/90 91/91 74/74
f 109/109 108/108 92/92
f 110/110 109/109 93/93
f 111/111 110/110 94/94
f 112/112 111/111 95/95
f 113/113 112/112 96/96
f 114/114 113/113 97/97
f 115/115 114/114 98/98
f 116/116 115/115 99/99
f 117/117 116/116 100/100
f 118/118 117/117 101/101
f 119/119 118/118 102/102
f 120/120 119/119 103/103
f 121/121 120/120 104/104
f 122/122 121/121 105/105
f 123/123 122/122 106/106
f 124/124 123/123 107/107
v 47.121 63.218 13.118
v 47.106 63.231 12.806
v 47.075 63.361 12.524
v 47.032 63.589 12.315
v 46.984 63.879 12.209
v 46.939 64.187 12.225
v 46.903 64.467 12.358
v 46.882 64.676 12.589
v 46.879 64.782 12.882
v 46.894 64.769 13.194
v 46.925 64.639 13.476
v 46.968 64.411 13.685
v 47.016 64.121 13.791
v 47.061 63.813 13.775
v 47.097 63.533 13.642
v 47.118 63.324 13.411
v 47.121 63.218 13.118
v 0.121 56.218 15.118
v 0.106 56.231 14.806
v 0.075 56.361 14.524
v 0.032 56.589 14.315
v -0.016 56.879 14.209
v -0.061 57.187 14.225
v -0.097 57.467 14.358
v -0.118 57.676 14.589
v -0.121 57.782 14.882
v -0.106 57.769 15.194
v -0.075 57.639 15.476
v -0.032 57.411 15.685
v 0.016 57.121 15.791
v 0.061 56.813 15.775
v 0.097 56.533 15.642
v 0.118 56.324 15.411
v 0.121 56.218 15.118
v 47.000 64.000 13.000
v 47.000 64.000 13.000
v 47.000 64.000 13.000
v 47.000 64.000 13.000
v 47.000 64.000 13.000
v 47.000 64.000 13.000
v 47.000 64.000 13.000
v 47.000 64.000 13.000
v 47.000 64.000 13.000
v 47.000 64.000 13.000
v 47.000 64.000 13.000
v 47.000 64.000 13.000
v 47.000 64.000 13.000
v 47.000 64.000 13.000
v 47.000 64.000 13.000
v 47.000 64.000 13.000
v 47.121 63.218 13.118
v 47.106 63.231 12.806
v 47.075 63.361 12.524
v 47.032 63.589 12.315
v 46.984 63.879 12.209
v 46.939 64.187 12.225
v 46.903 64.467 12.358
v 46.882 64.676 12.589
v 46.879 64.782 12.882
v 46.894 64.769 13.194
v 46.925 64.639 13.476
v 46.968 64.411 13.685
v 47.016 64.121 13.791
v 47.061 63.813 13.775
v 47.097 63.533 13.642
v 47.118 63.324 13.411
v 47.121 63.218 13.118
v -0.000 57.000 15.000
v -0.000 57.000 15.000
v -0.000 57.000 15.000
v -0.000 57.000 15.000
v -0.000 57.000 15.000
v -0.000 57.000 15.000
v -0.000 57.000 15.000
v -0.000 57.000 15.000
v -0.000 57.000 15.000
v -0.000 57.000 15.000
v -0.000 57.000 15.000
v -0.000 57.000 15.000
v -0.000 57.000 15.000
v -0.000 57.000 15.000
v -0.000 57.000 15.000
v -0.000 57.000 15.000
v 0.121 56.218 15.118
v 0.106 56.231 14.806
v 0.075 56.361 14.524
v 0.032 56.589 14.315
v -0.016 56.879 14.209
v -0.061 57.187 14.225
v -0.097 57.467 14.358
v -0.118 57.676 14.589
v -0.121 57.782 14.882
v -0.106 57.769 15.194
v -0.075 57.639 15.476
v -0.032 57.411 15.685
v 0.016 57.121 15.791
v 0.061 56.813 15.775
v 0.097 56.533 15.642
v 0.118 56.324 15.411
v 0.121 56.218 15.118
vt 0.00000 1.00000
vt 0.06250 1.00000
vt 0.12500 1.00000
vt 0.18750 1.00000
vt 0.25000 1.00000
vt 0.31250 1.00000
vt 0.37500 1.00000
vt 0.43750 1.00000
vt 0.50000 1.00000
vt 0.56250 1.00000
vt 0.62500 1.00000
vt 0.68750 1.00000
vt 0.75000 1.00000
vt 0.81250 1.00000
vt 0.87500 1.00000
vt 0.93750 1.00000
vt 1.00000 1.00000
vt 0.00000 0.00000
vt 0.06250 0.00000
vt 0.12500 0.00000
vt 0.18750 0.00000
vt 0.25000 0.00000
vt 0.31250 0.00000
vt 0.37500 0.00000
vt 0.43750 0.00000
vt 0.50000 0.00000
vt 0.56250 0.00000
vt 0.62500 0.00000
vt 0.68750 0.00000
vt 0.75000 0.00000
vt 0.81250 0.00000
vt 0.87500 0.00000
vt 0.93750 0.00000
vt 1.00000 0.00000
vt 0.50000 0.50000
vt 0.50000 0.50000
vt 0.50000 0.50000
vt 0.50000 0.50000
vt 0.50000 0.50000
vt 0.50000 0.50000
vt 0.50000 0.50000
vt 0.50000 0.50000
vt 0.50000 0.50000
vt 0.50000 0.50000
vt 0.50000 0.50000
vt 0.50000 0.50000
vt 0.50000 0.50000
vt 0.50000 0.50000
vt 0.50000 0.50000
vt 0.50000 0.50000
vt 1.00000 0.50000
vt 0.96194 0.69134
vt 0.85355 0.85355
vt 0.69134 0.96194
vt 0.50000 1.00000
vt 0.30866 0.96194
vt 0.14645 0.85355
vt 0.03806 0.69134
vt 0.00000 0.50000
vt 0.03806 0.30866
vt 0.14645 0.14645
vt 0.30866 0.03806
vt 0.50000 0.00000
vt 0.69134 0.03806
vt 0.85355 0.14645
vt 0.96194 0.30866
vt 1.00000 0.50000
vt 0.50000 0.50000
vt 0.50000 0.50000
vt 0.50000 0.50000
vt 0.50000 0.50000
vt 0.50000 0.50000
vt 0.50000 0.50000
vt 0.50000 0.50000
vt 0.50000 0.50000
vt 0.50000 0.50000
vt 0.50000 0.50000
vt 0.50000 0.50000
vt 0.50000 0.50000
vt 0.50000 0.50000
vt 0.50000 0.50000
vt 0.50000 0.50000
vt 0.50000 0.50000
vt 1.00000 0.50000
vt 0.96194 0.30866
vt 0.85355 0.14645
vt 0.69134 0.03806
vt 0.50000 0.00000
vt 0.30866 0.03806
vt 0.14645 0.14645
vt 0.03806 0.30866
vt 0.00000 0.50000
vt 0.03806 0.69134
vt 0.14645 0.85355
vt 0.30866 0.96194
vt 0.50000 1.00000
vt 0.69134 0.96194
vt 0.85355 0.85355
vt 0.96194 0.69134
vt 1.00000 0.50000
f 125/125 142/142 126/126
f 142/142 143/143 126/126
f 126/126 143/143 127/127
f 143/143 144/144 127/127
f 127/127 144/144 128/128
f 144/144 145/145 128/128
f 128/128 145/145 129/129
f 145/145 146/146 129/129
f 129/129 146/146 130/130
f 146/146 147/147 130/130
f 130/130 147/147 131/131
f 147/147 148/148 131/131
f 131/131 148/148 132/132
f 148/148 149/149 132/132
f 132/132 149/149 133/133
f 149/149 150/150 133/133
f 133/133 150/150 134/134
f 150/150 151/151 134/134
f 134/134 151/151 135/135
f 151/151 152/152 135/135
f 135/135 152/152 136/136
f 152/152 153/153 136/136
f 136/136 153/153 137/137
f 153/153 154/154 137/137
f 137/137 154/154 138/138
f 154/154 155/155 138/138
f 138/138 155/155 139/139
f 155/155 156/156 139/139
f 139/139 156/156 140/140
f 156/156 157/157 140/140
f 140/140 157/157 141/141
f 157/157 158/158 141/141
f 175/175 176/176 159/159
f 176/176 177/177 160/160
f 177/177 178/178 161/161
f 178/178 179/179 162/162
f 179/179 180/180 163/163
f 180/180 181/181 164/164
f 181/181 182/182 165/165
f 182/182 183/183 166/166
f 183/183 184/184 167/167
f 184/184 185/185 168/168
f 185/185 186/186 169/169
f 186/186 187/187 170/170
f 187/187 188/188 171/171
f 188/188 189/189 172/172
f 189/189 190/190 173/173
f 190/190 191/191 174/174
f 209/209 208/208 192/192
f 210/210 209/209 193/193
f 211/211 210/210 194/194
f 212/212 211/211 195/195
f 213/213 212/212 196/196
f 214/214 213/213 197/197
f 215/215 214/214 198/198
f 216/216 215/215 199/199
f 217/217 216/216 200/200
f 218/218 217/217 201/201
f 219/219 218/218 202/202
f 220/220 219/219 203/203
f 221/221 220/220 204/204
f 222/222 221/221 205/205
f 223/223 222/222 206/206
f 224/224 223/223 207/207
v -62.050 57.576 12.800
v -62.050 57.719 14.248
v -62.050 58.141 15.641
v -62.050 58.827 16.925
v -62.050 59.750 18.050
v -62.050 60.875 18.973
v -62.050 62.159 19.659
v -62.050 63.552 20.081
v -62.050 65.000 20.224
v -62.050 66.448 20.081
v -62.050 67.841 19.659
v -62.050 69.125 18.973
v -62.050 70.250 18.050
v -62.050 71.173 16.925
v -62.050 71.859 15.641
v -62.050 72.281 14.248
v -62.050 72.424 12.800
v -62.050 72.281 11.352
v -62.050 71.859 9.959
v -62.050 71.173 8.675
v -62.050 70.250 7.550
v -62.050 69.125 6.627
v -62.050 67.841 5.941
v -62.050 66.448 5.519
v -62.050 65.000 5.376
v -62.050 63.552 5.519
v -62.050 62.159 5.941
v -62.050 60.875 6.627
v -62.050 59.750 7.550
v -62.050 58.827 8.675
v -62.050 58.141 9.959
v -62.050 57.719 11.352
v -62.050 57.576 12.800
v -49.950 57.576 12.800
v -49.950 57.719 14.248
v -49.950 58.141 15.641
v -49.950 58.827 16.925
v -49.950 59.750 18.050
v -49.950 60.875 18.973
v -49.950 62.159 19.659
v -49.950 63.552 20.081
v -49.950 65.000 20.224
v -49.950 66.448 20.081
v -49.950 67.841 19.659
v -49.950 69.125 18.973
v -49.950 70.250 18.050
v -49.950 71.173 16.925
v -49.950 71.859 15.641
v -49.950 72.281 14.248
v -49.950 72.424 12.800
v -49.950 72.281 11.352
v -49.950 71.859 9.959
v -49.950 71.173 8.675
v -49.950 70.250 7.550
v -49.950 69.125 6.627
v -49.950 67.841 5.941
v -49.950 66.448 5.519
v -49.950 65.000 5.376
v -49.950 63.552 5.519
v -49.950 62.159 5.941
v -49.950 60.875 6.627
v -49.950 59.750 7.550
v -49.950 58.827 8.675
v -49.950 58.141 9.959
v -49.950 57.719 11.352
v -49.950 57.576 12.800
v -62.050 65.000 12.800
v -62.050 65.000 12.800
v -62.050 65.000 12.800
v -62.050 65.000 12.800
v -62.050 65.000 12.800
v -62.050 65.000 12.800
v -62.050 65.000 12.800
v -62.050 65.000 12.800
v -62.050 65.000 12.800
v -62.050 65.000 12.800
v -62.050 65.000 12.800
v -62.050 65.000 12.800
v -62.050 65.000 12.800
v -62.050 65.000 12.800
v -62.050 65.000 12.800
v -62.050 65.000 12.800
v -62.050 65.000 12.800
v -62.050 65.000 12.800
v -62.050 65.000 12.800
v -62.050 65.000 12.800
v -62.050 65.000 12.800
v -62.050 65.000 12.800
v -62.050 65.000 12.800
v -62.050 65.000 12.800
v -62.050 65.000 12.800
v -62.050 65.000 12.800
v -62.050 65.000 12.800
v -62.050 65.000 12.800
v -62.050 65.000 12.800
v -62.050 65.000 12.800
v -62.050 65.000 12.800
v -62.050 65.000 12.800
v -62.050 57.576 12.800
v -62.050 57.719 14.248
v -62.050 58.141 15.641
v -62.050 58.827 16.925
v -62.050 59.750 18.050
v -62.050 60.875 18.973
v -62.050 62.159 19.659
v -62.050 63.552 20.081
v -62.050 65.000 20.224
v -62.050 66.448 20.081
v -62.050 67.841 19.659
v -62.050 69.125 18.973
v -62.050 70.250 18.050
v -62.050 71.173 16.925
v -62.050 71.859 15.641
v -62.050 72.281 14.248
v -62.050 72.424 12.800
v -62.050 72.281 11.352
v -62.050 71.859 9.959
v -62.050 71.173 8.675
v -62.050 70.250 7.550
v -62.050 69.125 6.627
v -62.050 67.841 5.941
v -62.050 66.448 5.519
v -62.050 65.000 5.376
v -62.050 63.552 5.519
v -62.050 62.159 5.941
v -62.050 60.875 6.627
v -62.050 59.750 7.550
v -62.050 58.827 8.675
v -62.050 58.141 9.959
v -62.050 57.719 11.352
v -62.050 57.576 12.800
v -49.950 65.000 12.800
v -49.950 65.000 12.800
v -49.950 65.000 12.800
v -49.950 65.000 12.800
v -49.950 65.000 12.800
v -49.950 65.000 12.800
v -49.950 65.000 12.800
v -49.950 65.000 12.800
v -49.950 65.000 12.800
v -49.950 65.000 12.800
v -49.950 65.000 12.800
v -49.950 65.000 12.800
v -49.950 65.000 12.800
v -49.950 65.000 12.800
v -49.950 65.000 12.800
v -49.950 65.000 12.800
v -49.950 65.000 12.800
v -49.950 65.000 12.800
v -49.950 65.000 12.800
v -49.950 65.000 12.800
v -49.950 65.000 12.800
v -49.950 65.000 12.800
v -49.950 65.000 12.800
v -49.950 65.000 12.800
v -49.950 65.000 12.800
v -49.950 65.000 12.800
v -49.950 65.000 12.800
v -49.950 65.000 12.800
v -49.950 65.000 12.800
v -49.950 65.000 12.800
v -49.950 65.000 12.800
v -49.950 65.000 12.800
v -49.950 57.576 12.800
v -49.950 57.719 14.248
v -49.950 58.141 15.641
v -49.950 58.827 16.925
v -49.950 59.750 18.050
v -49.950 60.875 18.973
v -49.950 62.159 19.659
v -49.950 63.552 20.081
v -49.950 65.000 20.224
v -49.950 66.448 20.081
v -49.950 67.841 19.659
v -49.950 69.125 18.973
v -49.950 70.250 18.050
v -49.950 71.173 16.925
v -49.950 71.859 15.641
v -49.950 72.281 14.248
v -49.950 72.424 12.800
v -49.950 72.281 11.352
v -49.950 71.859 9.959
v -49.950 71.173 8.675
v -49.950 70.250 7.550
v -49.950 69.125 6.627
v -49.950 67.841 5.941
v -49.950 66.448 5.519
v -49.950 65.000 5.376
v -49.950 63.552 5.519
v -49.950 62.159 5.941
v -49.950 60.875 6.627
v -49.950 59.750 7.550
v -49.950 58.827 8.675
v -49.950 58.141 9.959
v -49.950 57.719 11.352
v -49.950 57.576 12.800
vt 0.00000 1.00000
vt 0.03125 1.00000
vt 0.06250 1.00000
vt 0.09375 1.00000
vt 0.12500 1.00000
vt 0.15625 1.00000
vt 0.18750 1.00000
vt 0.21875 1.00000
vt 0.25000 1.00000
vt 0.28125 1.00000
vt 0.31250 1.00000
vt 0.34375 1.00000
vt 0.37500 1.00000
vt 0.40625 1.00000
vt 0.43750 1.00000
vt 0.46875 1.00000
vt 0.50000 1.00000
vt 0.53125 1.00000
vt 0.56250 1.00000
vt 0.59375 1.00000
vt 0.62500 1.00000
vt 0.65625 1.00000
vt 0.68750 1.00000
vt 0.71875 1.00000
vt 0.75000 1.00000
vt 0.78125 1.00000
vt 0.81250 1.00000
vt 0.84375 1.00000
vt 0.87500 1.00000
vt 0.90625 1.00000
vt 0.93750 1.00000
vt 0.96875 1.00000
vt 1.00000 1.00000
vt 0.00000 0.00000
vt 0.03125 0.00000
vt 0.06250 0.00000
vt 0.09375 0.00000
vt 0.12500 0.00000
vt 0.15625 0.00000
vt 0.18750 0.00000
vt 0.21875 0.00000
vt 0.25000 0.00000
vt 0.28125 0.00000
vt 0.31250 0.00000
vt 0.34375 0.00000
vt 0.37500 0.00000
vt 0.40625 0.00000
vt 0.43750 0.00000
vt 0.46875 0.00000
vt 0.50000 0.00000
vt 0.53125 0.00000
vt 0.56250 0.00000
vt 0.59375 0.00000
vt 0.62500 0.00000
vt 0.65625 0.00000
vt 0.68750 0.00000
vt 0.71875 0.00000
vt 0.75000 0.00000
vt 0.78125 0.00000
vt 0.81250 0.00000
vt 0.84375 0.00000
vt 0.87500 0.00000
vt 0.90625 0.00000
vt 0.93750 0.00000
vt 0.96875 0.00000
vt 1.00000 0.00000
vt 0.50000 0.50000
vt 0.50000 0.50000
vt 0.50000 0.50000
vt 0.50000 0.50000
vt 0.50000 0.50000
vt 0.50000 0.50000
vt 0.50000 0.50000
vt 0.50000 0.50000
vt 0.50000 0.50000
vt 0.50000 0.50000
vt 0.50000 0.50000
vt 0.50000 0.50000
vt 0.50000 0.50000
vt 0.50000 0.50000
vt 0.50000 0.50000
vt 0.50000 0.50000
vt 0.50000 0.50000
vt 0.50000 0.50000
vt 0.50000 0.50000
vt 0.50000 0.50000
vt 0.50000 0.50000
vt 0.50000 0.50000
vt 0.50000 0.50000
vt 0.50000 0.50000
vt 0.50000 0.50000
vt 0.50000 0.50000
vt 0.50000 0.50000
vt 0.50000 0.50000
vt 0.50000 0.50000
vt 0.50000 0.50000
vt 0.50000 0.50000
vt 0.50000 0.50000
vt 1.00000 0.50000
vt 0.99039 0.59755
vt 0.96194 0.69134
vt 0.91573 0.77779
vt 0.85355 0.85355
vt 0.77779 0.91573
vt 0.69134 0.96194
vt 0.59755 0.99039
vt 0.50000 1.00000
vt 0.40245 0.99039
vt 0.30866 0.96194
vt 0.22221 0.91573
vt 0.14645 0.85355
vt 0.08427 0.77779
vt 0.03806 0.69134
vt 0.00961 0.59755
vt 0.00000 0.50000
vt 0.00961 0.40245
vt 0.03806 0.30866
vt 0.08427 0.22221
vt 0.14645 0.14645
vt 0.22221 0.08427
vt 0.30866 0.03806
vt 0.40245 0.00961
vt 0.50000 0.00000
vt 0.59755 0.00961
vt 0.69134 0.03806
vt 0.77779 0.08427
vt 0.85355 0.14645
vt 0.91573 0.22221
vt 0.96194 0.30866
vt 0.99039 0.40245
vt 1.00000 0.50000
vt 0.50000 0.50000
vt 0.50000 0.50000
vt 0.50000 0.50000
vt 0.50000 0.50000
vt 0.50000 0.50000
vt 0.50000 0.50000
vt 0.50000 0.50000
vt 0.50000 0.50000
vt 0.50000 0.50000
vt 0.50000 0.50000
vt 0.50000 0.50000
vt 0.50000 0.50000
vt 0.50000 0.50000
vt 0.50000 0.50000
vt 0.50000 0.50000
vt 0.50000 0.50000
vt 0.50000 0.50000
vt 0.50000 0.50000
vt 0.50000 0.50000
vt 0.50000 0.50000
vt 0.50000 0.50000
vt 0.50000 0.50000
vt 0.50000 0.50000
vt 0.50000 0.50000
vt 0.50000 0.50000
vt 0.50000 0.50000
vt 0.50000 0.50000
vt 0.50000 0.50000
vt 0.50000 0.50000
vt 0.50000 0.50000
vt 0.50000 0.50000
vt 0.50000 0.50000
vt 1.00000 0.50000
vt 0.99039 0.40245
vt 0.96194 0.30866
vt 0.91573 0.22221
vt 0.85355 0.14645
vt 0.77779 0.08427
vt 0.69134 0.03806
vt 0.59755 0.00961
vt 0.50000 0.00000
vt 0.40245 0.00961
vt 0.30866 0.03806
vt 0.22221 0.08427
vt 0.14645 0.14645
vt 0.08427 0.22221
vt 0.03806 0.30866
vt 0.00961 0.40245
vt 0.00000 0.50000
vt 0.00961 0.59755
vt 0.03806 0.69134
vt 0.08427 0.77779
vt 0.14645 0.85355
vt 0.22221 0.91573
vt 0.30866 0.96194
vt 0.40245 0.99039
vt 0.50000 1.00000
vt 0.59755 0.99039
vt 0.69134 0.96194
vt 0.77779 0.91573
vt 0.85355 0.85355
vt 0.91573 0.77779
vt 0.96194 0.69134
vt 0.99039 0.59755
vt 1.00000 0.50000
f 225/225 258/258 226/226
f 258/258 259/259 226/226
f 226/226 259/259 227/227
f 259/259 260/260 227/227
f 227/227 260/260 228/228
f 260/260 261/261 228/228
f 228/228 261/261 229/229
f 261/261 262/262 229/229
f 229/229 262/262 230/230
f 262/262 263/263 230/230
f 230/230 263/263 231/231
f 263/263 264/264 231/231
f 231/231 264/264 232/232
f 264/264 265/265 232/232
f 232/232 265/265 233/233
f 265/265 266/266 233/233
f 233/233 266/266 234/234
f 266/266 267/267 234/234
f 234/234 267/267 235/235
f 267/267 268/268 235/235
f 235/235 268/268 236/236
f 268/268 269/269 236/236
f 236/236 269/269 237/237
f 269/269 270/270 237/237
f 237/237 270/270 238/238
f 270/270 271/271 238/238
f 238/238 271/271 239/239
f 271/271 272/272 239/239
f 239/239 272/272 240/240
f 272/272 273/273 240/240
f 240/240 273/273 241/241
f 273/273 274/274 241/241
f 241/241 274/274 242/242
f 274/274 275/275 242/242
f 242/242 275/275 243/243
f 275/275 276/276 243/243
f 243/243 276/276 244/244
f 276/276 277/277 244/244
f 244/244 277/277 245/245
f 277/277 278/278 245/245
f 245/245 278/278 246/246
f 278/278 279/279 246/246
f 246/246 279/279 247/247
f 279/279 280/280 247/247
f 247/247 280/280 248/248
f 280/280 281/281 248/248
f 248/248 281/281 249/249
f 281/281 282/282 249/249
f 249/249 282/282 250/250
f 282/282 283/283 250/250
f 250/250 283/283 251/251
f 283/283 284/284 251/251
f 251/251 284/284 252/252
f 284/284 285/285 252/252
f 252/252 285/285 253/253
f 285/285 286/286 253/253
f 253/253 286/286 254/254
f 286/286 287/287 254/254
f 254/254 287/287 255/255
f 287/287 288/288 255/255
f 255/255 288/288 256/256
f 288/288 289/289 256/256
f 256/256 289/289 257/257
f 289/289 290/290 257/257
f 323/323 324/324 291/291
f 324/324 325/325 292/292
f 325/325 326/326 293/293
f 326/326 327/327 294/294
f 327/327 328/328 295/295
f 328/328 329/329 296/296
f 329/329 330/330 297/297
f 330/330 331/331 298/298
f 331/331 332/332 299/299
f 332/332 333/333 300/300
f 333/333 334/334 301/301
f 334/334 335/335 302/302
f 335/335 336/336 303/303
f 336/336 337/337 304/304
f 337/337 338/338 305/305
f 338/338 339/339 306/306
f 339/339 340/340 307/307
f 340/340 341/341 308/308
f 341/341 342/342 309/309
f 342/342 343/343 310/310
f 343/343 344/344 311/311
f 344/344 345/345 312/312
f 345/345 346/346 313/313
f 346/346 347/347 314/314
f 347/347 348/348 315/315
f 348/348 349/349 316/316
f 349/349 350/350 317/317
f 350/350 351/351 318/318
f 351/351 352/352 319/319
f 352/352 353/353 320/320
f 353/353 354/354 321/321
f 354/354 355/355 322/322
f 389/389 388/388 356/356
f 390/390 389/389 357/357
f 391/391 390/390 358/358
f 392/392 391/391 359/359
f 393/393 392/392 360/360
f 394/394 393/393 361/361
f 395/395 394/394 362/362
f 396/396 395/395 363/363
f 397/397 396/396 364/364
f 398/398 397/397 365/365
f 399/399 398/398 366/366
f 400/400 399/399 367/367
f 401/401 400/400 368/368
f 402/402 401/401 369/369
f 403/403 402/402 370/370
f 404/404 403/403 371/371
f 405/405 404/404 372/372
f 406/406 405/405 373/373
f 407/407 406/406 374/374
f 408/408 407/407 375/375
f 409/409 408/408 376/376
f 410/410 409/409 377/377
f 411/411 410/410 378/378
f 412/412 411/411 379/379
f 413/413 412/412 380/380
f 414/414 413/413 381/381
f 415/415 414/414 382/382
f 416/416 415/415 383/383
f 417/417 416/416 384/384
f 418/418 417/417 385/385
f 419/419 418/418 386/386
f 420/420 419/419 387/387
v 49.950 57.576 12.800
v 49.950 57.719 14.248
v 49.950 58.141 15.641
v 49.950 58.827 16.925
v 49.950 59.750 18.050
v 49.950 60.875 18.973
v 49.950 62.159 19.659
v 49.950 63.552 20.081
v 49.950 65.000 20.224
v 49.950 66.448 20.081
v 49.950 67.841 19.659
v 49.950 69.125 18.973
v 49.950 70.250 18.050
v 49.950 71.173 16.925
v 49.950 71.859 15.641
v 49.950 72.281 14.248
v 49.950 72.424 12.800
v 49.950 72.281 11.352
v 49.950 71.859 9.959
v 49.950 71.173 8.675
v 49.950 70.250 7.550
v 49.950 69.125 6.627
v 49.950 67.841 5.941
v 49.950 66.448 5.519
v 49.950 65.000 5.376
v 49.950 63.552 5.519
v 49.950 62.159 5.941
v 49.950 60.875 6.627
v 49.950 59.750 7.550
v 49.950 58.827 8.675
v 49.950 58.141 9.959
v 49.950 57.719 11.352
v 49.950 57.576 12.800
v 62.050 57.576 12.800
v 62.050 57.719 14.248
v 62.050 58.141 15.641
v 62.050 58.827 16.925
v 62.050 59.750 18.050
v 62.050 60.875 18.973
v 62.050 62.159 19.659
v 62.050 63.552 20.081
v 62.050 65.000 20.224
v 62.050 66.448 20.081
v 62.050 67.841 19.659
v 62.050 69.125 18.973
v 62.050 70.250 18.050
v 62.050 71.173 16.925
v 62.050 71.859 15.641
v 62.050 72.281 14.248
v 62.050 72.424 12.800
v 62.050 72.281 11.352
v 62.050 71.859 9.959
v 62.050 71.173 8.675
v 62.050 70.250 7.550
v 62.050 69.125 6.627
v 62.050 67.841 5.941
v 62.050 66.448 5.519
v 62.050 65.000 5.376
v 62.050 63.552 5.519
v 62.050 62.159 5.941
v 62.050 60.875 6.627
v 62.050 59.750 7.550
v 62.050 58.827 8.675
v 62.050 58.141 9.959
v 62.050 57.719 11.352
v 62.050 57.576 12.800
v 49.950 65.000 12.800
v 49.950 65.000 12.800
v 49.950 65.000 12.800
v 49.950 65.000 12.800
v 49.950 65.000 12.800
v 49.950 65.000 12.800
v 49.950 65.000 12.800
v 49.950 65.000 12.800
v 49.950 65.000 12.800
v 49.950 65.000 12.800
v 49.950 65.000 12.800
v 49.950 65.000 12.800
v 49.950 65.000 12.800
v 49.950 65.000 12.800
v 49.950 65.000 12.800
v 49.950 65.000 12.800
v 49.950 65.000 12.800
v 49.950 65.000 12.800
v 49.950 65.000 12.800
v 49.950 65.000 12.800
v 49.950 65.000 12.800
v 49.950 65.000 12.800
v 49.950 65.000 12.800
v 49.950 65.000 12.800
v 49.950 65.000 12.800
v 49.950 65.000 12.800
v 49.950 65.000 12.800
v 49.950 65.000 12.800
v 49.950 65.000 12.800
v 49.950 65.000 12.800
v 49.950 65.000 12.800
v 49.950 65.000 12.800
v 49.950 57.576 12.800
v 49.950 57.719 14.248
v 49.950 58.141 15.641
v 49.950 58.827 16.925
v 49.950 59.750 18.050
v 49.950 60.875 18.973
v 49.950 62.159 19.659
v 49.950 63.552 20.081
v 49.950 65.000 20.224
v 49.950 66.448 20.081
v 49.950 67.841 19.659
v 49.950 69.125 18.973
v 49.950 70.250 18.050
v 49.950 71.173 16.925
v 49.950 71.859 15.641
v 49.950 72.281 14.248
v 49.950 72.424 12.800
v 49.950 72.281 11.352
v 49.950 71.859 9.959
v 49.950 71.173 8.675
v 49.950 70.250 7.550
v 49.950 69.125 6.627
v 49.950 67.841 5.941
v 49.950 66.448 5.519
v 49.950 65.000 5.376
v 49.950 63.552 5.519
v 49.950 62.159 5.941
v 49.950 60.875 6.627
v 49.950 59.750 7.550
v 49.950 58.827 8.675
v 49.950 58.141 9.959
v 49.950 57.719 11.352
v 49.950 57.576 12.800
v 62.050 65.000 12.800
v 62.050 65.000 12.800
v 62.050 65.000 12.800
v 62.050 65.000 12.800
v 62.050 65.000 12.800
v 62.050 65.000 12.800
v 62.050 65.000 12.800
v 62.050 65.000 12.800
v 62.050 65.000 12.800
v 62.050 65.000 12.800
v 62.050 65.000 12.800
v 62.050 65.000 12.800
v 62.050 65.000 12.800
v 62.050 65.000 12.800
v 62.050 65.000 12.800
v 62.050 65.000 12.800
v 62.050 65.000 12.800
v 62.050 65.000 12.800
v 62.050 65.000 12.800
v 62.050 65.000 12.800
v 62.050 65.000 12.800
v 62.050 65.000 12.800
v 62.050 65.000 12.800
v 62.050 65.000 12.800
v 62.050 65.000 12.800
v 62.050 65.000 12.800
v 62.050 65.000 12.800
v 62.050 65.000 12.800
v 62.050 65.000 12.800
v 62.050 65.000 12.800
v 62.050 65.000 12.800
v 62.050 65.000 12.800
v 62.050 57.576 12.800
v 62.050 57.719 14.248
v 62.050 58.141 15.641
v 62.050 58.827 16.925
v 62.050 59.750 18.050
v 62.050 60.875 18.973
v 62.050 62.159 19.659
v 62.050 63.552 20.081
v 62.050 65.000 20.224
v 62.050 66.448 20.081
v 62.050 67.841 19.659
v 62.050 69.125 18.973
v 62.050 70.250 18.050
v 62.050 71.173 16.925
v 62.050 71.859 15.641
v 62.050 72.281 14.248
v 62.050 72.424 12.800
v 62.050 72.281 11.352
v 62.050 71.859 9.959
v 62.050 71.173 8.675
v 62.050 70.250 7.550
v 62.050 69.125 6.627
v 62.050 67.841 5.941
v 62.050 66.448 5.519
v 62.050 65.000 5.376
v 62.050 63.552 5.519
v 62.050 62.159 5.941
v 62.050 60.875 6.627
v 62.050 59.750 7.550
v 62.050 58.827 8.675
v 62.050 58.141 9.959
v 62.050 57.719 11.352
v 62.050 57.576 12.800
vt 0.00000 1.00000
vt 0.03125 1.00000
vt 0.06250 1.00000
vt 0.09375 1.00000
vt 0.12500 1.00000
vt 0.15625 1.00000
vt 0.18750 1.00000
vt 0.21875 1.00000
vt 0.25000 1.00000
vt 0.28125 1.00000
vt 0.31250 1.00000
vt 0.34375 1.00000
vt 0.37500 1.00000
vt 0.40625 1.00000
vt 0.43750 1.00000
vt 0.46875 1.00000
vt 0.50000 1.00000
vt 0.53125 1.00000
vt 0.56250 1.00000
vt 0.59375 1.00000
vt 0.62500 1.00000
vt 0.65625 1.00000
vt 0.68750 1.00000
vt 0.71875 1.00000
vt 0.75000 1.00000
vt 0.78125 1.00000
vt 0.81250 1.00000
vt 0.84375 1.00000
vt 0.87500 1.00000
vt 0.90625 1.00000
vt 0.93750 1.00000
vt 0.96875 1.00000
vt 1.00000 1.00000
vt 0.00000 0.00000
vt 0.03125 0.00000
vt 0.06250 0.00000
vt 0.09375 0.00000
vt 0.12500 0.00000
vt 0.15625 0.00000
vt 0.18750 0.00000
vt 0.21875 0.00000
vt 0.25000 0.00000
vt 0.28125 0.00000
vt 0.31250 0.00000
vt 0.34375 0.00000
vt 0.37500 0.00000
vt 0.40625 0.00000
vt 0.43750 0.00000
vt 0.46875 0.00000
vt 0.50000 0.00000
vt 0.53125 0.00000
vt 0.56250 0.00000
vt 0.59375 0.00000
vt 0.62500 0.00000
vt 0.65625 0.00000
vt 0.68750 0.00000
vt 0.71875 0.00000
vt 0.75000 0.00000
vt 0.78125 0.00000
vt 0.81250 0.00000
vt 0.84375 0.00000
vt 0.87500 0.00000
vt 0.90625 0.00000
vt 0.93750 0.00000
vt 0.96875 0.00000
vt 1.00000 0.00000
vt 0.50000 0.50000
vt 0.50000 0.50000
vt 0.50000 0.50000
vt 0.50000 0.50000
vt 0.50000 0.50000
vt 0.50000 0.50000
vt 0.50000 0.50000
vt 0.50000 0.50000
vt 0.50000 0.50000
vt 0.50000 0.50000
vt 0.50000 0.50000
vt 0.50000 0.50000
vt 0.50000 0.50000
vt 0.50000 0.50000
vt 0.50000 0.50000
vt 0.50000 0.50000
vt 0.50000 0.50000
vt 0.50000 0.50000
vt 0.50000 0.50000
vt 0.50000 0.50000
vt 0.50000 0.50000
vt 0.50000 0.50000
vt 0.50000 0.50000
vt 0.50000 0.50000
vt 0.50000 0.50000
vt 0.50000 0.50000
vt 0.50000 0.50000
vt 0.50000 0.50000
vt 0.50000 0.50000
vt 0.50000 0.50000
vt 0.50000 0.50000
vt 0.50000 0.50000
vt 1.00000 0.50000
vt 0.99039 0.59755
vt 0.96194 0.69134
vt 0.91573 0.77779
vt 0.85355 0.85355
vt 0.77779 0.91573
vt 0.69134 0.96194
vt 0.59755 0.99039
vt 0.50000 1.00000
vt 0.40245 0.99039
vt 0.30866 0.96194
vt 0.22221 0.91573
vt 0.14645 0.85355
vt 0.08427 0.77779
vt 0.03806 0.69134
vt 0.00961 0.59755
vt 0.00000 0.50000
vt 0.00961 0.40245
vt 0.03806 0.30866
vt 0.08427 0.22221
vt 0.14645 0.14645
vt 0.22221 0.08427
vt 0.30866 0.03806
vt 0.40245 0.00961
vt 0.50000 0.00000
vt 0.59755 0.00961
vt 0.69134 0.03806
vt 0.77779 0.08427
vt 0.85355 0.14645
vt 0.91573 0.22221
vt 0.96194 0.30866
vt 0.99039 0.40245
vt 1.00000 0.50000
vt 0.50000 0.50000
vt 0.50000 0.50000
vt 0.50000 0.50000
vt 0.50000 0.50000
vt 0.50000 0.50000
vt 0.50000 0.50000
vt 0.50000 0.50000
vt 0.50000 0.50000
vt 0.50000 0.50000
vt 0.50000 0.50000
vt 0.50000 0.50000
vt 0.50000 0.50000
vt 0.50000 0.50000
vt 0.50000 0.50000
vt 0.50000 0.50000
vt 0.50000 0.50000
vt 0.50000 0.50000
vt 0.50000 0.50000
vt 0.50000 0.50000
vt 0.50000 0.50000
vt 0.50000 0.50000
vt 0.50000 0.50000
vt 0.50000 0.50000
vt 0.50000 0.50000
vt 0.50000 0.50000
vt 0.50000 0.50000
vt 0.50000 0.50000
vt 0.50000 0.50000
vt 0.50000 0.50000
vt 0.50000 0.50000
vt 0.50000 0.50000
vt 0.50000 0.50000
vt 1.00000 0.50000
vt 0.99039 0.40245
vt 0.96194 0.30866
vt 0.91573 0.22221
vt 0.85355 0.14645
vt 0.77779 0.08427
vt 0.69134 0.03806
vt 0.59755 0.00961
vt 0.50000 0.00000
vt 0.40245 0.00961
vt 0.30866 0.03806
vt 0.22221 0.08427
vt 0.14645 0.14645
vt 0.08427 0.22221
vt 0.03806 0.30866
vt 0.00961 0.40245
vt 0.00000 0.50000
vt 0.00961 0.59755
vt 0.03806 0.69134
vt 0.08427 0.77779
vt 0.14645 0.85355
vt 0.22221 0.91573
vt 0.30866 0.96194
vt 0.40245 0.99039
vt 0.50000 1.00000
vt 0.59755 0.99039
vt 0.69134 0.96194
vt 0.77779 0.91573
vt 0.85355 0.85355
vt 0.91573 0.77779
vt 0.96194 0.69134
vt 0.99039 0.59755
vt 1.00000 0.50000
f 421/421 454/454 422/422
f 454/454 455/455 422/422
f 422/422 455/455 423/423
f 455/455 456/456 423/423
f 423/423 456/456 424/424
f 456/456 457/457 424/424
f 424/424 457/457 425/425
f 457/457 458/458 425/425
f 425/425 458/458 426/426
f 458/458 459/459 426/426
f 426/426 459/459 427/427
f 459/459 460/460 427/427
f 427/427 460/460 428/428
f 460/460 461/461 428/428
f 428/428 461/461 429/429
f 461/461 462/462 429/429
f 429/429 462/462 430/430
f 462/462 463/463 430/430
f 430/430 463/463 431/431
f 463/463 464/464 431/431
f 431/431 464/464 432/432
f 464/464 465/465 432/432
f 432/432 465/465 433/433
f 465/465 466/466 433/433
f 433/433 466/466 434/434
f 466/466 467/467 434/434
f 434/434 467/467 435/435
f 467/467 468/468 435/435
f 435/435 468/468 436/436
f 468/468 469/469 436/436
f 436/436 469/469 437/437
f 469/469 470/470 437/437
f 437/437 470/470 438/438
f 470/470 471/471 438/438
f 438/438 471/471 439/439
f 471/471 472/472 439/439
f 439/439 472/472 440/440
f 472/472 473/473 440/440
f 440/440 473/473 441/441
f 473/473 474/474 441/441
f 441/441 474/474 442/442
f 474/474 475/475 442/442
f 442/442 475/475 443/443
f 475/475 476/476 443/443
f 443/443 476/476 444/444
f 476/476 477/477 444/444
f 444/444 477/477 445/445
f 477/477 478/478 445/445
f 445/445 478/478 446/446
f 478/478 479/479 446/446
f 446/446 479/479 447/447
f 479/479 480/480 447/447
f 447/447 480/480 448/448
f 480/480 481/481 448/448
f 448/448 481/481 449/449
f 481/481 482/482 449/449
f 449/449 482/482 450/450
f 482/482 483/483 450/450
f 450/450 483/483 451/451
f 483/483 484/484 451/451
f 451/451 484/484 452/452
f 484/484 485/485 452/452
f 452/452 485/485 453/453
f 485/485 486/486 453/453
f 519/519 520/520 487/487
f 520/520 521/521 488/488
f 521/521 522/522 489/489
f 522/522 523/523 490/490
f 523/523 524/524 491/491
f 524/524 525/525 492/492
f 525/525 526/526 493/493
f 526/526 527/527 494/494
f 527/527 528/528 495/495
f 528/528 529/529 496/496
f 529/529 530/530 497/497
f 530/530 531/531 498/498
f 531/531 532/532 499/499
f 532/532 533/533 500/500
f 533/533 534/534 501/501
f 534/534 535/535 502/502
f 535/535 536/536 503/503
f 536/536 537/537 504/504
f 537/537 538/538 505/505
f 538/538 539/539 506/506
f 539/539 540/540 507/507
f 540/540 541/541 508/508
f 541/541 542/542 509/509
f 542/542 543/543 510/510
f 543/543 544/544 511/511
f 544/544 545/545 512/512
f 545/545 546/546 513/513
f 546/546 547/547 514/514
f 547/547 548/548 515/515
f 548/548 549/549 516/516
f 549/549 550/550 517/517
f 550/550 551/551 518/518
f 585/585 584/584 552/552
f 586/586 585/585 553/553
f 587/587 586/586 554/554
f 588/588 587/587 555/555
f 589/589 588/588 556/556
f 590/590 589/589 557/557
f 591/591 590/590 558/558
f 592/592 591/591 559/559
f 593/593 592/592 560/560
f 594/594 593/593 561/561
f 595/595 594/594 562/562
f 596/596 595/595 563/563
f 597/597 596/596 564/564
f 598/598 597/597 565/565
f 599/599 598/598 566/566
f 600/600 599/599 567/567
f 601/601 600/600 568/568
f 602/602 601/601 569/569
f 603/603 602/602 570/570
f 604/604 603/603 571/571
f 605/605 604/604 572/572
f 606/606 605/605 573/573
f 607/607 606/606 574/574
f 608/608 607/607 575/575
f 609/609 608/608 576/576
f 610/610 609/609 577/577
f 611/611 610/610 578/578
f 612/612 611/611 579/579
f 613/613 612/612 580/580
f 614/614 613/613 581/581
f 615/615 614/614 582/582
f 616/616 615/615 583/583
v -66.800 -74.120 14.000
v -66.800 -73.964 15.584
v -66.800 -73.502 17.107
v -66.800 -72.752 18.511
v -66.800 -71.742 19.742
v -66.800 -70.511 20.752
v -66.800 -69.107 21.502
v -66.800 -67.584 21.964
v -66.800 -66.000 22.120
v -66.800 -64.416 21.964
v -66.800 -62.893 21.502
v -66.800 -61.489 20.752
v -66.800 -60.258 19.742
v -66.800 -59.248 18.511
v -66.800 -58.498 17.107
v -66.800 -58.036 15.584
v -66.800 -57.880 14.000
v -66.800 -58.036 12.416
v -66.800 -58.498 10.893
v -66.800 -59.248 9.489
v -66.800 -60.258 8.258
v -66.800 -61.489 7.248
v -66.800 -62.893 6.498
v -66.800 -64.416 6.036
v -66.800 -66.000 5.880
v -66.800 -67.584 6.036
v -66.800 -69.107 6.498
v -66.800 -70.511 7.248
v -66.800 -71.742 8.258
v -66.800 -72.752 9.489
v -66.800 -73.502 10.893
v -66.800 -73.964 12.416
v -66.800 -74.120 14.000
v -47.200 -74.120 14.000
v -47.200 -73.964 15.584
v -47.200 -73.502 17.107
v -47.200 -72.752 18.511
v -47.200 -71.742 19.742
v -47.200 -70.511 20.752
v -47.200 -69.107 21.502
v -47.200 -67.584 21.964
v -47.200 -66.000 22.120
v -47.200 -64.416 21.964
v -47.200 -62.893 21.502
v -47.200 -61.489 20.752
v -47.200 -60.258 19.742
v -47.200 -59.248 18.511
v -47.200 -58.498 17.107
v -47.200 -58.036 15.584
v -47.200 -57.880 14.000
v -47.200 -58.036 12.416
v -47.200 -58.498 10.893
v -47.200 -59.248 9.489
v -47.200 -60.258 8.258
v -47.200 -61.489 7.248
v -47.200 -62.893 6.498
v -47.200 -64.416 6.036
v -47.200 -66.000 5.880
v -47.200 -67.584 6.036
v -47.200 -69.107 6.498
v -47.200 -70.511 7.248
v -47.200 -71.742 8.258
v -47.200 -72.752 9.489
v -47.200 -73.502 10.893
v -47.200 -73.964 12.416
v -47.200 -74.120 14.000
v -66.800 -66.000 14.000
v -66.800 -66.000 14.000
v -66.800 -66.000 14.000
v -66.800 -66.000 14.000
v -66.800 -66.000 14.000
v -66.800 -66.000 14.000
v -66.800 -66.000 14.000
v -66.800 -66.000 14.000
v -66.800 -66.000 14.000
v -66.800 -66.000 14.000
v -66.800 -66.000 14.000
v -66.800 -66.000 14.000
v -66.800 -66.000 14.000
v -66.800 -66.000 14.000
v -66.800 -66.000 14.000
v -66.800 -66.000 14.000
v -66.800 -66.000 14.000
v -66.800 -66.000 14.000
v -66.800 -66.000 14.000
v -66.800 -66.000 14.000
v -66.800 -66.000 14.000
v -66.800 -66.000 14.000
v -66.800 -66.000 14.000
v -66.800 -66.000 14.000
v -66.800 -66.000 14.000
v -66.800 -66.000 14.000
v -66.800 -66.000 14.000
v -66.800 -66.000 14.000
v -66.800 -66.000 14.000
v -66.800 -66.000 14.000
v -66.800 -66.000 14.000
v -66.800 -66.000 14.000
v -66.800 -74.120 14.000
v -66.800 -73.964 15.584
v -66.800 -73.502 17.107
v -66.800 -72.752 18.511
v -66.800 -71.742 19.742
v -66.800 -70.511 20.752
v -66.800 -69.107 21.502
v -66.800 -67.584 21.964
v -66.800 -66.000 22.120
v -66.800 -64.416 21.964
v -66.800 -62.893 21.502
v -66.800 -61.489 20.752
v -66.800 -60.258 19.742
v -66.800 -59.248 18.511
v -66.800 -58.498 17.107
v -66.800 -58.036 15.584
v -66.800 -57.880 14.000
v -66.800 -58.036 12.416
v -66.800 -58.498 10.893
v -66.800 -59.248 9.489
v -66.800 -60.258 8.258
v -66.800 -61.489 7.248
v -66.800 -62.893 6.498
v -66.800 -64.416 6.036
v -66.800 -66.000 5.880
v -66.800 -67.584 6.036
v -66.800 -69.107 6.498
v -66.800 -70.511 7.248
v -66.800 -71.742 8.258
v -66.800 -72.752 9.489
v -66.800 -73.502 10.893
v -66.800 -73.964 12.416
v -66.800 -74.120 14.000
v -47.200 -66.000 14.000
v -47.200 -66.000 14.000
v -47.200 -66.000 14.000
v -47.200 -66.000 14.000
v -47.200 -66.000 14.000
v -47.200 -66.000 14.000
v -47.200 -66.000 14.000
v -47.200 -66.000 14.000
v -47.200 -66.000 14.000
v -47.200 -66.000 14.000
v -47.200 -66.000 14.000
v -47.200 -66.000 14.000
v -47.200 -66.000 14.000
v -47.200 -66.000 14.000
v -47.200 -66.000 14.000
v -47.200 -66.000 14.000
v -47.200 -66.000 14.000
v -47.200 -66.000 14.000
v -47.200 -66.000 14.000
v -47.200 -66.000 14.000
v -47.200 -66.000 14.000
v -47.200 -66.000 14.000
v -47.200 -66.000 14.000
v -47.200 -66.000 14.000
v -47.200 -66.000 14.000
v -47.200 -66.000 14.000
v -47.200 -66.000 14.000
v -47.200 -66.000 14.000
v -47.200 -66.000 14.000
v -47.200 -66.000 14.000
v -47.200 -66.000 14.000
v -47.200 -66.000 14.000
v -47.200 -74.120 14.000
v -47.200 -73.964 15.584
v -47.200 -73.502 17.107
v -47.200 -72.752 18.511
v -47.200 -71.742 19.742
v -47.200 -70.511 20.752
v -47.200 -69.107 21.502
v -47.200 -67.584 21.964
v -47.200 -66.000 22.120
v -47.200 -64.416 21.964
v -47.200 -62.893 21.502
v -47.200 -61.489 20.752
v -47.200 -60.258 19.742
v -47.200 -59.248 18.511
v -47.200 -58.498 17.107
v -47.200 -58.036 15.584
v -47.200 -57.880 14.000
v -47.200 -58.036 12.416
v -47.200 -58.498 10.893
v -47.200 -59.248 9.489
v -47.200 -60.258 8.258
v -47.200 -61.489 7.248
v -47.200 -62.893 6.498
v -47.200 -64.416 6.036
v -47.200 -66.000 5.880
v -47.200 -67.584 6.036
v -47.200 -69.107 6.498
v -47.200 -70.511 7.248
v -47.200 -71.742 8.258
v -47.200 -72.752 9.489
v -47.200 -73.502 10.893
v -47.200 -73.964 12.416
v -47.200 -74.120 14.000
vt 0.00000 1.00000
vt 0.03125 1.00000
vt 0.06250 1.00000
vt 0.09375 1.00000
vt 0.12500 1.00000
vt 0.15625 1.00000
vt 0.18750 1.00000
vt 0.21875 1.00000
vt 0.25000 1.00000
vt 0.28125 1.00000
vt 0.31250 1.00000
vt 0.34375 1.00000
vt 0.37500 1.00000
vt 0.40625 1.00000
vt 0.43750 1.00000
vt 0.46875 1.00000
vt 0.50000 1.00000
vt 0.53125 1.00000
vt 0.56250 1.00000
vt 0.59375 1.00000
vt 0.62500 1.00000
vt 0.65625 1.00000
vt 0.68750 1.00000
vt 0.71875 1.00000
vt 0.75000 1.00000
vt 0.78125 1.00000
vt 0.81250 1.00000
vt 0.84375 1.00000
vt 0.87500 1.00000
vt 0.90625 1.00000
vt 0.93750 1.00000
vt 0.96875 1.00000
vt 1.00000 1.00000
vt 0.00000 0.00000
vt 0.03125 0.00000
vt 0.06250 0.00000
vt 0.09375 0.00000
vt 0.12500 0.00000
vt 0.15625 0.00000
vt 0.18750 0.00000
vt 0.21875 0.00000
vt 0.25000 0.00000
vt 0.28125 0.00000
vt 0.31250 0.00000
vt 0.34375 0.00000
vt 0.37500 0.00000
vt 0.40625 0.00000
vt 0.43750 0.00000
vt 0.46875 0.00000
vt 0.50000 0.00000
vt 0.53125 0.00000
vt 0.56250 0.00000
vt 0.59375 0.00000
vt 0.62500 0.00000
vt 0.65625 0.00000
vt 0.68750 0.00000
vt 0.71875 0.00000
vt 0.75000 0.00000
vt 0.78125 0.00000
vt 0.81250 0.00000
vt 0.84375 0.00000
vt 0.87500 0.00000
vt 0.90625 0.00000
vt 0.93750 0.00000
vt 0.96875 0.00000
vt 1.00000 0.00000
vt 0.50000 0.50000
vt 0.50000 0.50000
vt 0.50000 0.50000
vt 0.50000 0.50000
vt 0.50000 0.50000
vt 0.50000 0.50000
vt 0.50000 0.50000
vt 0.50000 0.50000
vt 0.50000 0.50000
vt 0.50000 0.50000
vt 0.50000 0.50000
vt 0.50000 0.50000
vt 0.50000 0.50000
vt 0.50000 0.50000
vt 0.50000 0.50000
vt 0.50000 0.50000
vt 0.50000 0.50000
vt 0.50000 0.50000
vt 0.50000 0.50000
vt 0.50000 0.50000
vt 0.50000 0.50000
vt 0.50000 0.50000
vt 0.50000 0.50000
vt 0.50000 0.50000
vt 0.50000 0.50000
vt 0.50000 0.50000
vt 0.50000 0.50000
vt 0.50000 0.50000
vt 0.50000 0.50000
vt 0.50000 0.50000
vt 0.50000 0.50000
vt 0.50000 0.50000
vt 1.00000 0.50000
vt 0.99039 0.59755
vt 0.96194 0.69134
vt 0.91573 0.77779
vt 0.85355 0.85355
vt 0.77779 0.91573
vt 0.69134 0.96194
vt 0.59755 0.99039
vt 0.50000 1.00000
vt 0.40245 0.99039
vt 0.30866 0.96194
vt 0.22221 0.91573
vt 0.14645 0.85355
vt 0.08427 0.77779
vt 0.03806 0.69134
vt 0.00961 0.59755
vt 0.00000 0.50000
vt 0.00961 0.40245
vt 0.03806 0.30866
vt 0.08427 0.22221
vt 0.14645 0.14645
vt 0.22221 0.08427
vt 0.30866 0.03806
vt 0.40245 0.00961
vt 0.50000 0.00000
vt 0.59755 0.00961
vt 0.69134 0.03806
vt 0.77779 0.08427
vt 0.85355 0.14645
vt 0.91573 0.22221
vt 0.96194 0.30866
vt 0.99039 0.40245
vt 1.00000 0.50000
vt 0.50000 0.50000
vt 0.50000 0.50000
vt 0.50000 0.50000
vt 0.50000 0.50000
vt 0.50000 0.50000
vt 0.50000 0.50000
vt 0.50000 0.50000
vt 0.50000 0.50000
vt 0.50000 0.50000
vt 0.50000 0.50000
vt 0.50000 0.50000
vt 0.50000 0.50000
vt 0.50000 0.50000
vt 0.50000 0.50000
vt 0.50000 0.50000
vt 0.50000 0.50000
vt 0.50000 0.50000
vt 0.50000 0.50000
vt 0.50000 0.50000
vt 0.50000 0.50000
vt 0.50000 0.50000
vt 0.50000 0.50000
vt 0.50000 0.50000
vt 0.50000 0.50000
vt 0.50000 0.50000
vt 0.50000 0.50000
vt 0.50000 0.50000
vt 0.50000 0.50000
vt 0.50000 0.50000
vt 0.50000 0.50000
vt 0.50000 0.50000
vt 0.50000 0.50000
vt 1.00000 0.50000
vt 0.99039 0.40245
vt 0.96194 0.30866
vt 0.91573 0.22221
vt 0.85355 0.14645
vt 0.77779 0.08427
vt 0.69134 0.03806
vt 0.59755 0.00961
vt 0.50000 0.00000
vt 0.40245 0.00961
vt 0.30866 0.03806
vt 0.22221 0.08427
vt 0.14645 0.14645
vt 0.08427 0.22221
vt 0.03806 0.30866
vt 0.00961 0.40245
vt 0.00000 0.50000
vt 0.00961 0.59755
vt 0.03806 0.69134
vt 0.08427 0.77779
vt 0.14645 0.85355
vt 0.22221 0.91573
vt 0.30866 0.96194
vt 0.40245 0.99039
vt 0.50000 1.00000
vt 0.59755 0.99039
vt 0.69134 0.96194
vt 0.77779 0.91573
vt 0.85355 0.85355
vt 0.91573 0.77779
vt 0.96194 0.69134
vt 0.99039 0.59755
vt 1.00000 0.50000
f 617/617 650/650 618/618
f 650/650 651/651 618/618
f 618/618 651/651 619/619
f 651/651 652/652 619/619
f 619/619 652/652 620/620
f 652/652 653/653 620/620
f 620/620 653/653 621/621
f 653/653 654/654 621/621
f 621/621 654/654 622/622
f 654/654 655/655 622/622
f 622/622 655/655 623/623
f 655/655 656/656 623/623
f 623/623 656/656 624/624
f 656/656 657/657 624/624
f 624/624 657/657 625/625
f 657/657 658/658 625/625
f 625/625 658/658 626/626
f 658/658 659/659 626/626
f 626/626 659/659 627/627
f 659/659 660/660 627/627
f 627/627 660/660 628/628
f 660/660 661/661 628/628
f 628/628 661/661 629/629
f 661/661 662/662 629/629
f 629/629 662/662 630/630
f 662/662 663/663 630/630
f 630/630 663/663 631/631
f 663/663 664/664 631/631
f 631/631 664/664 632/632
f 664/664 665/665 632/632
f 632/632 665/665 633/633
f 665/665 666/666 633/633
f 633/633 666/666 634/634
f 666/666 667/667 634/634
f 634/634 667/667 635/635
f 667/667 668/668 635/635
f 635/635 668/668 636/636
f 668/668 669/669 636/636
f 636/636 669/669 637/637
f 669/669 670/670 637/637
f 637/637 670/670 638/638
f 670/670 671/671 638/638
f 638/638 671/671 639/639
f 671/671 672/672 639/639
f 639/639 672/672 640/640
f 672/672 673/673 640/640
f 640/640 673/673 641/641
f 673/673 674/674 641/641
f 641/641 674/674 642/642
f 674/674 675/675 642/642
f 642/642 675/675 643/643
f 675/675 676/676 643/643
f 643/643 676/676 644/644
f 676/676 677/677 644/644
f 644/644 677/677 645/645
f 677/677 678/678 645/645
f 645/645 678/678 646/646
f 678/678 679/679 646/646
f 646/646 679/679 647/647
f 679/679 680/680 647/647
f 647/647 680/680 648/648
f 680/680 681/681 648/648
f 648/648 681/681 649/649
f 681/681 682/682 649/649
f 715/715 716/716 683/683
f 716/716 717/717 684/684
f 717/717 718/718 685/685
f 718/718 719/719 686/686
f 719/719 720/720 687/687
f 720/720 721/721 688/688
f 721/721 722/722 689/689
f 722/722 723/723 690/690
f 723/723 724/724 691/691
f 724/724 725/725 692/692
f 725/725 726/726 693/693
f 726/726 727/727 694/694
f 727/727 728/728 695/695
f 728/728 729/729 696/696
f 729/729 730/730 697/697
f 730/730 731/731 698/698
f 731/731 732/732 699/699
f 732/732 733/733 700/700
f 733/733 734/734 701/701
f 734/734 735/735 702/702
f 735/735 736/736 703/703
f 736/736 737/737 704/704
f 737/737 738/738 705/705
f 738/738 739/739 706/706
f 739/739 740/740 707/707
f 740/740 741/741 708/708
f 741/741 742/742 709/709
f 742/742 743/743 710/710
f 743/743 744/744 711/711
f 744/744 745/745 712/712
f 745/745 746/746 713/713
f 746/746 747/747 714/714
f 781/781 780/780 748/748
f 782/782 781/781 749/749
f 783/783 782/782 750/750
f 784/784 783/783 751/751
f 785/785 784/784 752/752
f 786/786 785/785 753/753
f 787/787 786/786 754/754
f 788/788 787/787 755/755
f 789/789 788/788 756/756
f 790/790 789/789 757/757
f 791/791 790/790 758/758
f 792/792 791/791 759/759
f 793/793 792/792 760/760
f 794/794 793/793 761/761
f 795/795 794/794 762/762
f 796/796 795/795 763/763
f 797/797 796/796 764/764
f 798/798 797/797 765/765
f 799/799 798/798 766/766
f 800/800 799/799 767/767
f 801/801 800/800 768/768
f 802/802 801/801 769/769
f 803/803 802/802 770/770
f 804/804 803/803 771/771
f 805/805 804/804 772/772
f 806/806 805/805 773/773
f 807/807 806/806 774/774
f 808/808 807/807 775/775
f 809/809 808/808 776/776
f 810/810 809/809 777/777
f 811/811 810/810 778/778
f 812/812 811/811 779/779
v 47.200 -74.120 14.000
v 47.200 -73.964 15.584
v 47.200 -73.502 17.107
v 47.200 -72.752 18.511
v 47.200 -71.742 19.742
v 47.200 -70.511 20.752
v 47.200 -69.107 21.502
v 47.200 -67.584 21.964
v 47.200 -66.000 22.120
v 47.200 -64.416 21.964
v 47.200 -62.893 21.502
v 47.200 -61.489 20.752
v 47.200 -60.258 19.742
v 47.200 -59.248 18.511
v 47.200 -58.498 17.107
v 47.200 -58.036 15.584
v 47.200 -57.880 14.000
v 47.200 -58.036 12.416
v 47.200 -58.498 10.893
v 47.200 -59.248 9.489
v 47.200 -60.258 8.258
v 47.200 -61.489 7.248
v 47.200 -62.893 6.498
v 47.200 -64.416 6.036
v 47.200 -66.000 5.880
v 47.200 -67.584 6.036
v 47.200 -69.107 6.498
v 47.200 -70.511 7.248
v 47.200 -71.742 8.258
v 47.200 -72.752 9.489
v 47.200 -73.502 10.893
v 47.200 -73.964 12.416
v 47.200 -74.120 14.000
v 66.800 -74.120 14.000
v 66.800 -73.964 15.584
v 66.800 -73.502 17.107
v 66.800 -72.752 18.511
v 66.800 -71.742 19.742
v 66.800 -70.511 20.752
v 66.800 -69.107 21.502
v 66.800 -67.584 21.964
v 66.800 -66.000 22.120
v 66.800 -64.416 21.964
v 66.800 -62.893 21.502
v 66.800 -61.489 20.752
v 66.800 -60.258 19.742
v 66.800 -59.248 18.511
v 66.800 -58.498 17.107
v 66.800 -58.036 15.584
v 66.800 -57.880 14.000
v 66.800 -58.036 12.416
v 66.800 -58.498 10.893
v 66.800 -59.248 9.489
v 66.800 -60.258 8.258
v 66.800 -61.489 7.248
v 66.800 -62.893 6.498
v 66.800 -64.416 6.036
v 66.800 -66.000 5.880
v 66.800 -67.584 6.036
v 66.800 -69.107 6.498
v 66.800 -70.511 7.248
v 66.800 -71.742 8.258
v 66.800 -72.752 9.489
v 66.800 -73.502 10.893
v 66.800 -73.964 12.416
v 66.800 -74.120 14.000
v 47.200 -66.000 14.000
v 47.200 -66.000 14.000
v 47.200 -66.000 14.000
v 47.200 -66.000 14.000
v 47.200 -66.000 14.000
v 47.200 -66.000 14.000
v 47.200 -66.000 14.000
v 47.200 -66.000 14.000
v 47.200 -66.000 14.000
v 47.200 -66.000 14.000
v 47.200 -66.000 14.000
v 47.200 -66.000 14.000
v 47.200 -66.000 14.000
v 47.200 -66.000 14.000
v 47.200 -66.000 14.000
v 47.200 -66.000 14.000
v 47.200 -66.000 14.000
v 47.200 -66.000 14.000
v 47.200 -66.000 14.000
v 47.200 -66.000 14.000
v 47.200 -66.000 14.000
v 47.200 -66.000 14.000
v 47.200 -66.000 14.000
v 47.200 -66.000 14.000
v 47.200 -66.000 14.000
v 47.200 -66.000 14.000
v 47.200 -66.000 14.000
v 47.200 -66.000 14.000
v 47.200 -66.000 14.000
v 47.200 -66.000 14.000
v 47.200 -66.000 14.000
v 47.200 -66.000 14.000
v 47.200 -74.120 14.000
v 47.200 -73.964 15.584
v 47.200 -73.502 17.107
v 47.200 -72.752 18.511
v 47.200 -71.742 19.742
v 47.200 -70.511 20.752
v 47.200 -69.107 21.502
v 47.200 -67.584 21.964
v 47.200 -66.000 22.120
v 47.200 -64.416 21.964
v 47.200 -62.893 21.502
v 47.200 -61.489 20.752
v 47.200 -60.258 19.742
v 47.200 -59.248 18.511
v 47.200 -58.498 17.107
v 47.200 -58.036 15.584
v 47.200 -57.880 14.000
v 47.200 -58.036 12.416
v 47.200 -58.498 10.893
v 47.200 -59.248 9.489
v 47.200 -60.258 8.258
v 47.200 -61.489 7.248
v 47.200 -62.893 6.498
v 47.200 -64.416 6.036
v 47.200 -66.000 5.880
v 47.200 -67.584 6.036
v 47.200 -69.107 6.498
v 47.200 -70.511 7.248
v 47.200 -71.742 8.258
v 47.200 -72.752 9.489
v 47.200 -73.502 10.893
v 47.200 -73.964 12.416
v 47.200 -74.120 14.000
v 66.800 -66.000 14.000
v 66.800 -66.000 14.000
v 66.800 -66.000 14.000
v 66.800 -66.000 14.000
v 66.800 -66.000 14.000
v 66.800 -66.000 14.000
v 66.800 -66.000 14.000
v 66.800 -66.000 14.000
v 66.800 -66.000 14.000
v 66.800 -66.000 14.000
v 66.800 -66.000 14.000
v 66.800 -66.000 14.000
v 66.800 -66.000 14.000
v 66.800 -66.000 14.000
v 66.800 -66.000 14.000
v 66.800 -66.000 14.000
v 66.800 -66.000 14.000
v 66.800 -66.000 14.000
v 66.800 -66.000 14.000
v 66.800 -66.000 14.000
v 66.800 -66.000 14.000
v 66.800 -66.000 14.000
v 66.800 -66.000 14.000
v 66.800 -66.000 14.000
v 66.800 -66.000 14.000
v 66.800 -66.000 14.000
v 66.800 -66.000 14.000
v 66.800 -66.000 14.000
v 66.800 -66.000 14.000
v 66.800 -66.000 14.000
v 66.800 -66.000 14.000
v 66.800 -66.000 14.000
v 66.800 -74.120 14.000
v 66.800 -73.964 15.584
v 66.800 -73.502 17.107
v 66.800 -72.752 18.511
v 66.800 -71.742 19.742
v 66.800 -70.511 20.752
v 66.800 -69.107 21.502
v 66.800 -67.584 21.964
v 66.800 -66.000 22.120
v 66.800 -64.416 21.964
v 66.800 -62.893 21.502
v 66.800 -61.489 20.752
v 66.800 -60.258 19.742
v 66.800 -59.248 18.511
v 66.800 -58.498 17.107
v 66.800 -58.036 15.584
v 66.800 -57.880 14.000
v 66.800 -58.036 12.416
v 66.800 -58.498 10.893
v 66.800 -59.248 9.489
v 66.800 -60.258 8.258
v 66.800 -61.489 7.248
v 66.800 -62.893 6.498
v 66.800 -64.416 6.036
v 66.800 -66.000 5.880
v 66.800 -67.584 6.036
v 66.800 -69.107 6.498
v 66.800 -70.511 7.248
v 66.800 -71.742 8.258
v 66.800 -72.752 9.489
v 66.800 -73.502 10.893
v 66.800 -73.964 12.416
v 66.800 -74.120 14.000
vt 0.00000 1.00000
vt 0.03125 1.00000
vt 0.06250 1.00000
vt 0.09375 1.00000
vt 0.12500 1.00000
vt 0.15625 1.00000
vt 0.18750 1.00000
vt 0.21875 1.00000
vt 0.25000 1.00000
vt 0.28125 1.00000
vt 0.31250 1.00000
vt 0.34375 1.00000
vt 0.37500 1.00000
vt 0.40625 1.00000
vt 0.43750 1.00000
vt 0.46875 1.00000
vt 0.50000 1.00000
vt 0.53125 1.00000
vt 0.56250 1.00000
vt 0.59375 1.00000
vt 0.62500 1.00000
vt 0.65625 1.00000
vt 0.68750 1.00000
vt 0.71875 1.00000
vt 0.75000 1.00000
vt 0.78125 1.00000
vt 0.81250 1.00000
vt 0.84375 1.00000
vt 0.87500 1.00000
vt 0.90625 1.00000
vt 0.93750 1.00000
vt 0.96875 1.00000
vt 1.00000 1.00000
vt 0.00000 0.00000
vt 0.03125 0.00000
vt 0.06250 0.00000
vt 0.09375 0.00000
vt 0.12500 0.00000
vt 0.15625 0.00000
vt 0.18750 0.00000
vt 0.21875 0.00000
vt 0.25000 0.00000
vt 0.28125 0.00000
vt 0.31250 0.00000
vt 0.34375 0.00000
vt 0.37500 0.00000
vt 0.40625 0.00000
vt 0.43750 0.00000
vt 0.46875 0.00000
vt 0.50000 0.00000
vt 0.53125 0.00000
vt 0.56250 0.00000
vt 0.59375 0.00000
vt 0.62500 0.00000
vt 0.65625 0.00000
vt 0.68750 0.00000
vt 0.71875 0.00000
vt 0.75000 0.00000
vt 0.78125 0.00000
vt 0.81250 0.00000
vt 0.84375 0.00000
vt 0.87500 0.00000
vt 0.90625 0.00000
vt 0.93750 0.00000
vt 0.96875 0.00000
vt 1.00000 0.00000
vt 0.50000 0.50000
vt 0.50000 0.50000
vt 0.50000 0.50000
vt 0.50000 0.50000
vt 0.50000 0.50000
vt 0.50000 0.50000
vt 0.50000 0.50000
vt 0.50000 0.50000
vt 0.50000 0.50000
vt 0.50000 0.50000
vt 0.50000 0.50000
vt 0.50000 0.50000
vt 0.50000 0.50000
vt 0.50000 0.50000
vt 0.50000 0.50000
vt 0.50000 0.50000
vt 0.50000 0.50000
vt 0.50000 0.50000
vt 0.50000 0.50000
vt 0.50000 0.50000
vt 0.50000 0.50000
vt 0.50000 0.50000
vt 0.50000 0.50000
vt 0.50000 0.50000
vt 0.50000 0.50000
vt 0.50000 0.50000
vt 0.50000 0.50000
vt 0.50000 0.50000
vt 0.50000 0.50000
vt 0.50000 0.50000
vt 0.50000 0.50000
vt 0.50000 0.50000
vt 1.00000 0.50000
vt 0.99039 0.59755
vt 0.96194 0.69134
vt 0.91573 0.77779
vt 0.85355 0.85355
vt 0.77779 0.91573
vt 0.69134 0.96194
vt 0.59755 0.99039
vt 0.50000 1.00000
vt 0.40245 0.99039
vt 0.30866 0.96194
vt 0.22221 0.91573
vt 0.14645 0.85355
vt 0.08427 0.77779
vt 0.03806 0.69134
vt 0.00961 0.59755
vt 0.00000 0.50000
vt 0.00961 0.40245
vt 0.03806 0.30866
vt 0.08427 0.22221
vt 0.14645 0.14645
vt 0.22221 0.08427
vt 0.30866 0.03806
vt 0.40245 0.00961
vt 0.50000 0.00000
vt 0.59755 0.00961
vt 0.69134 0.03806
vt 0.77779 0.08427
vt 0.85355 0.14645
vt 0.91573 0.22221
vt 0.96194 0.30866
vt 0.99039 0.40245
vt 1.00000 0.50000
vt 0.50000 0.50000
vt 0.50000 0.50000
vt 0.50000 0.50000
vt 0.50000 0.50000
vt 0.50000 0.50000
vt 0.50000 0.50000
vt 0.50000 0.50000
vt 0.50000 0.50000
vt 0.50000 0.50000
vt 0.50000 0.50000
vt 0.50000 0.50000
vt 0.50000 0.50000
vt 0.50000 0.50000
vt 0.50000 0.50000
vt 0.50000 0.50000
vt 0.50000 0.50000
vt 0.50000 0.50000
vt 0.50000 0.50000
vt 0.50000 0.50000
vt 0.50000 0.50000
vt 0.50000 0.50000
vt 0.50000 0.50000
vt 0.50000 0.50000
vt 0.50000 0.50000
vt 0.50000 0.50000
vt 0.50000 0.50000
vt 0.50000 0.50000
vt 0.50000 0.50000
vt 0.50000 0.50000
vt 0.50000 0.50000
vt 0.50000 0.50000
vt 0.50000 0.50000
vt 1.00000 0.50000
vt 0.99039 0.40245
vt 0.96194 0.30866
vt 0.91573 0.22221
vt 0.85355 0.14645
vt 0.77779 0.08427
vt 0.69134 0.03806
vt 0.59755 0.00961
vt 0.50000 0.00000
vt 0.40245 0.00961
vt 0.30866 0.03806
vt 0.22221 0.08427
vt 0.14645 0.14645
vt 0.08427 0.22221
vt 0.03806 0.30866
vt 0.00961 0.40245
vt 0.00000 0.50000
vt 0.00961 0.59755
vt 0.03806 0.69134
vt 0.08427 0.77779
vt 0.14645 0.85355
vt 0.22221 0.91573
vt 0.30866 0.96194
vt 0.40245 0.99039
vt 0.50000 1.00000
vt 0.59755 0.99039
vt 0.69134 0.96194
vt 0.77779 0.91573
vt 0.85355 0.85355
vt 0.91573 0.77779
vt 0.96194 0.69134
vt 0.99039 0.59755
vt 1.00000 0.50000
f 813/813 846/846 814/814
f 846/846 847/847 814/814
f 814/814 847/847 815/815
f 847/847 848/848 815/815
f 815/815 848/848 816/816
f 848/848 849/849 816/816
f 816/816 849/849 817/817
f 849/849 850/850 817/817
f 817/817 850/850 818/818
f 850/850 851/851 818/818
f 818/818 851/851 819/819
f 851/851 852/852 819/819
f 819/819 852/852 820/820
f 852/852 853/853 820/820
f 820/820 853/853 821/821
f 853/853 854/854 821/821
f 821/821 854/854 822/822
f 854/854 855/855 822/822
f 822/822 855/855 823/823
f 855/855 856/856 823/823
f 823/823 856/856 824/824
f 856/856 857/857 824/824
f 824/824 857/857 825/825
f 857/857 858/858 825/825
f 825/825 858/858 826/826
f 858/858 859/859 826/826
f 826/826 859/859 827/827
f 859/859 860/860 827/827
f 827/827 860/860 828/828
f 860/860 861/861 828/828
f 828/828 861/861 829/829
f 861/861 862/862 829/829
f 829/829 862/862 830/830
f 862/862 863/863 830/830
f 830/830 863/863 831/831
f 863/863 864/864 831/831
f 831/831 864/864 832/832
f 864/864 865/865 832/832
f 832/832 865/865 833/833
f 865/865 866/866 833/833
f 833/833 866/866 834/834
f 866/866 867/867 834/834
f 834/834 867/867 835/835
f 867/867 868/868 835/835
f 835/835 868/868 836/836
f 868/868 869/869 836/836
f 836/836 869/869 837/837
f 869/869 870/870 837/837
f 837/837 870/870 838/838
f 870/870 871/871 838/838
f 838/838 871/871 839/839
f 871/871 872/872 839/839
f 839/839 872/872 840/840
f 872/872 873/873 840/840
f 840/840 873/873 841/841
f 873/873 874/874 841/841
f 841/841 874/874 842/842
f 874/874 875/875 842/842
f 842/842 875/875 843/843
f 875/875 876/876 843/843
f 843/843 876/876 844/844
f 876/876 877/877 844/844
f 844/844 877/877 845/845
f 877/877 878/878 845/845
f 911/911 912/912 879/879
f 912/912 913/913 880/880
f 913/913 914/914 881/881
f 914/914 915/915 882/882
f 915/915 916/916 883/883
f 916/916 917/917 884/884
f 917/917 918/918 885/885
f 918/918 919/919 886/886
f 919/919 920/920 887/887
f 920/920 921/921 888/888
f 921/921 922/922 889/889
f 922/922 923/923 890/890
f 923/923 924/924 891/891
f 924/924 925/925 892/892
f 925/925 926/926 893/893
f 926/926 927/927 894/894
f 927/927 928/928 895/895
f 928/928 929/929 896/896
f 929/929 930/930 897/897
f 930/930 931/931 898/898
f 931/931 932/932 899/899
f 932/932 933/933 900/900
f 933/933 934/934 901/901
f 934/934 935/935 902/902
f 935/935 936/936 903/903
f 936/936 937/937 904/904
f 937/937 938/938 905/905
f 938/938 939/939 906/906
f 939/939 940/940 907/907
f 940/940 941/941 908/908
f 941/941 942/942 909/909
f 942/942 943/943 910/910
f 977/977 976/976 944/944
f 978/978 977/977 945/945
f 979/979 978/978 946/946
f 980/980 979/979 947/947
f 981/981 980/980 948/948
f 982/982 981/981 949/949
f 983/983 982/982 950/950
f 984/984 983/983 951/951
f 985/985 984/984 952/952
f 986/986 985/985 953/953
f 987/987 986/986 954/954
f 988/988 987/987 955/955
f 989/989 988/988 956/956
f 990/990 989/989 957/957
f 991/991 990/990 958/958
f 992/992 991/991 959/959
f 993/993 992/992 960/960
f 994/994 993/993 961/961
f 995/995 994/994 962/962
f 996/996 995/995 963/963
f 997/997 996/996 964/964
f 998/998 997/997 965/965
f 999/999 998/998 966/966
f 1000/1000 999/999 967/967
f 1001/1001 1000/1000 968/968
f 1002/1002 1001/1001 969/969
f 1003/1003 1002/1002 970/970
f 1004/1004 1003/1003 971/971
f 1005/1005 1004/1004 972/972
f 1006/1006 1005/1005 973/973
f 1007/1007 1006/1006 974/974
f 1008/1008 1007/1007 975/975
v 0.000 22.920 57.109
v 0.536 23.002 57.177
v 0.990 23.236 57.370
v 1.293 23.587 57.659
v 1.400 24.000 58.000
v 1.293 24.413 58.341
v 0.990 24.764 58.630
v 0.536 24.998 58.823
v 0.000 25.080 58.891
v -0.536 24.998 58.823
v -0.990 24.764 58.630
v -1.293 24.413 58.341
v -1.400 24.000 58.000
v -1.293 23.587 57.659
v -0.990 23.236 57.370
v -0.536 23.002 57.177
v -0.000 22.920 57.109
v 0.000 55.920 17.109
v 0.536 56.002 17.177
v 0.990 56.236 17.370
v 1.293 56.587 17.659
v 1.400 57.000 18.000
v 1.293 57.413 18.341
v 0.990 57.764 18.630
v 0.536 57.998 18.823
v 0.000 58.080 18.891
v -0.536 57.998 18.823
v -0.990 57.764 18.630
v -1.293 57.413 18.341
v -1.400 57.000 18.000
v -1.293 56.587 17.659
v -0.990 56.236 17.370
v -0.536 56.002 17.177
v -0.000 55.920 17.109
v 0.000 24.000 58.000
v 0.000 24.000 58.000
v 0.000 24.000 58.000
v 0.000 24.000 58.000
v 0.000 24.000 58.000
v 0.000 24.000 58.000
v 0.000 24.000 58.000
v 0.000 24.000 58.000
v 0.000 24.000 58.000
v 0.000 24.000 58.000
v 0.000 24.000 58.000
v 0.000 24.000 58.000
v 0.000 24.000 58.000
v 0.000 24.000 58.000
v 0.000 24.000 58.000
v 0.000 24.000 58.000
v 0.000 22.920 57.109
v 0.536 23.002 57.177
v 0.990 23.236 57.370
v 1.293 23.587 57.659
v 1.400 24.000 58.000
v 1.293 24.413 58.341
v 0.990 24.764 58.630
v 0.536 24.998 58.823
v 0.000 25.080 58.891
v -0.536 24.998 58.823
v -0.990 24.764 58.630
v -1.293 24.413 58.341
v -1.400 24.000 58.000
v -1.293 23.587 57.659
v -0.990 23.236 57.370
v -0.536 23.002 57.177
v -0.000 22.920 57.109
v 0.000 57.000 18.000
v 0.000 57.000 18.000
v 0.000 57.000 18.000
v 0.000 57.000 18.000
v 0.000 57.000 18.000
v 0.000 57.000 18.000
v 0.000 57.000 18.000
v 0.000 57.000 18.000
v 0.000 57.000 18.000
v 0.000 57.000 18.000
v 0.000 57.000 18.000
v 0.000 57.000 18.000
v 0.000 57.000 18.000
v 0.000 57.000 18.000
v 0.000 57.000 18.000
v 0.000 57.000 18.000
v 0.000 55.920 17.109
v 0.536 56.002 17.177
v 0.990 56.236 17.370
v 1.293 56.587 17.659
v 1.400 57.000 18.000
v 1.293 57.413 18.341
v 0.990 57.764 18.630
v 0.536 57.998 18.823
v 0.000 58.080 18.891
v -0.536 57.998 18.823
v -0.990 57.764 18.630
v -1.293 57.413 18.341
v -1.400 57.000 18.000
v -1.293 56.587 17.659
v -0.990 56.236 17.370
v -0.536 56.002 17.177
v -0.000 55.920 17.109
vt 0.00000 1.00000
vt 0.06250 1.00000
vt 0.12500 1.00000
vt 0.18750 1.00000
vt 0.25000 1.00000
vt 0.31250 1.00000
vt 0.37500 1.00000
vt 0.43750 1.00000
vt 0.50000 1.00000
vt 0.56250 1.00000
vt 0.62500 1.00000
vt 0.68750 1.00000
vt 0.75000 1.00000
vt 0.81250 1.00000
vt 0.87500 1.00000
vt 0.93750 1.00000
vt 1.00000 1.00000
vt 0.00000 0.00000
vt 0.06250 0.00000
vt 0.12500 0.00000
vt 0.18750 0.00000
vt 0.25000 0.00000
vt 0.31250 0.00000
vt 0.37500 0.00000
vt 0.43750 0.00000
vt 0.50000 0.00000
vt 0.56250 0.00000
vt 0.62500 0.00000
vt 0.68750 0.00000
vt 0.75000 0.00000
vt 0.81250 0.00000
vt 0.87500 0.00000
vt 0.93750 0.00000
vt 1.00000 0.00000
vt 0.50000 0.50000
vt 0.50000 0.50000
vt 0.50000 0.50000
vt 0.50000 0.50000
vt 0.50000 0.50000
vt 0.50000 0.50000
vt 0.50000 0.50000
vt 0.50000 0.50000
vt 0.50000 0.50000
vt 0.50000 0.50000
vt 0.50000 0.50000
vt 0.50000 0.50000
vt 0.50000 0.50000
vt 0.50000 0.50000
vt 0.50000 0.50000
vt 0.50000 0.50000
vt 1.00000 0.50000
vt 0.96194 0.69134
vt 0.85355 0.85355
vt 0.69134 0.96194
vt 0.50000 1.00000
vt 0.30866 0.96194
vt 0.14645 0.85355
vt 0.03806 0.69134
vt 0.00000 0.50000
vt 0.03806 0.30866
vt 0.14645 0.14645
vt 0.30866 0.03806
vt 0.50000 0.00000
vt 0.69134 0.03806
vt 0.85355 0.14645
vt 0.96194 0.30866
vt 1.00000 0.50000
vt 0.50000 0.50000
vt 0.50000 0.50000
vt 0.50000 0.50000
vt 0.50000 0.50000
vt 0.50000 0.50000
vt 0.50000 0.50000
vt 0.50000 0.50000
vt 0.50000 0.50000
vt 0.50000 0.50000
vt 0.50000 0.50000
vt 0.50000 0.50000
vt 0.50000 0.50000
vt 0.50000 0.50000
vt 0.50000 0.50000
vt 0.50000 0.50000
vt 0.50000 0.50000
vt 1.00000 0.50000
vt 0.96194 0.30866
vt 0.85355 0.14645
vt 0.69134 0.03806
vt 0.50000 0.00000
vt 0.30866 0.03806
vt 0.14645 0.14645
vt 0.03806 0.30866
vt 0.00000 0.50000
vt 0.03806 0.69134
vt 0.14645 0.85355
vt 0.30866 0.96194
vt 0.50000 1.00000
vt 0.69134 0.96194
vt 0.85355 0.85355
vt 0.96194 0.69134
vt 1.00000 0.50000
f 1009/1009 1026/1026 1010/1010
f 1026/1026 1027/1027 1010/1010
f 1010/1010 1027/1027 1011/1011
f 1027/1027 1028/1028 1011/1011
f 1011/1011 1028/1028 1012/1012
f 1028/1028 1029/1029 1012/1012
f 1012/1012 1029/1029 1013/1013
f 1029/1029 1030/1030 1013/1013
f 1013/1013 1030/1030 1014/1014
f 1030/1030 1031/1031 1014/1014
f 1014/1014 1031/1031 1015/1015
f 1031/1031 1032/1032 1015/1015
f 1015/1015 1032/1032 1016/1016
f 1032/1032 1033/1033 1016/1016
f 1016/1016 1033/1033 1017/1017
f 1033/1033 1034/1034 1017/1017
f 1017/1017 1034/1034 1018/1018
f 1034/1034 1035/1035 1018/1018
f 1018/1018 1035/1035 1019/1019
f 1035/1035 1036/1036 1019/1019
f 1019/1019 1036/1036 1020/1020
f 1036/1036 1037/1037 1020/1020
f 1020/1020 1037/1037 1021/1021
f 1037/1037 1038/1038 1021/1021
f 1021/1021 1038/1038 1022/1022
f 1038/1038 1039/1039 1022/1022
f 1022/1022 1039/1039 1023/1023
f 1039/1039 1040/1040 1023/1023
f 1023/1023 1040/1040 1024/1024
f 1040/1040 1041/1041 1024/1024
f 1024/1024 1041/1041 1025/1025
f 1041/1041 1042/1042 1025/1025
f 1059/1059 1060/1060 1043/1043
f 1060/1060 1061/1061 1044/1044
f 1061/1061 1062/1062 1045/1045
f 1062/1062 1063/1063 1046/1046
f 1063/1063 1064/1064 1047/1047
f 1064/1064 1065/1065 1048/1048
f 1065/1065 1066/1066 1049/1049
f 1066/1066 1067/1067 1050/1050
f 1067/1067 1068/1068 1051/1051
f 1068/1068 1069/1069 1052/1052
f 1069/1069 1070/1070 1053/1053
f 1070/1070 1071/1071 1054/1054
f 1071/1071 1072/1072 1055/1055
f 1072/1072 1073/1073 1056/1056
f 1073/1073 1074/1074 1057/1057
f 1074/1074 1075/1075 1058/1058
f 1093/1093 1092/1092 1076/1076
f 1094/1094 1093/1093 1077/1077
f 1095/1095 1094/1094 1078/1078
f 1096/1096 1095/1095 1079/1079
f 1097/1097 1096/1096 1080/1080
f 1098/1098 1097/1097 1081/1081
f 1099/1099 1098/1098 1082/1082
f 1100/1100 1099/1099 1083/1083
f 1101/1101 1100/1100 1084/1084
f 1102/1102 1101/1101 1085/1085
f 1103/1103 1102/1102 1086/1086
f 1104/1104 1103/1103 1087/1087
f 1105/1105 1104/1104 1088/1088
f 1106/1106 1105/1105 1089/1089
f 1107/1107 1106/1106 1090/1090
f 1108/1108 1107/1107 1091/1091
v 0.000 31.686 68.523
v 0.344 31.739 68.479
v 0.636 31.888 68.353
v 0.831 32.111 68.165
v 0.900 32.375 67.943
v 0.831 32.638 67.721
v 0.636 32.862 67.533
v 0.344 33.011 67.407
v 0.000 33.063 67.363
v -0.344 33.011 67.407
v -0.636 32.862 67.533
v -0.831 32.638 67.721
v -0.900 32.375 67.943
v -0.831 32.111 68.165
v -0.636 31.888 68.353
v -0.344 31.739 68.479
v -0.000 31.686 68.523
v 0.000 23.312 58.580
v 0.344 23.364 58.536
v 0.636 23.513 58.410
v 0.831 23.737 58.222
v 0.900 24.000 58.000
v 0.831 24.263 57.778
v 0.636 24.487 57.590
v 0.344 24.636 57.464
v 0.000 24.688 57.420
v -0.344 24.636 57.464
v -0.636 24.487 57.590
v -0.831 24.263 57.778
v -0.900 24.000 58.000
v -0.831 23.737 58.222
v -0.636 23.513 58.410
v -0.344 23.364 58.536
v -0.000 23.312 58.580
v 0.000 32.375 67.943
v 0.000 32.375 67.943
v 0.000 32.375 67.943
v 0.000 32.375 67.943
v 0.000 32.375 67.943
v 0.000 32.375 67.943
v 0.000 32.375 67.943
v 0.000 32.375 67.943
v 0.000 32.375 67.943
v 0.000 32.375 67.943
v 0.000 32.375 67.943
v 0.000 32.375 67.943
v 0.000 32.375 67.943
v 0.000 32.375 67.943
v 0.000 32.375 67.943
v 0.000 32.375 67.943
v 0.000 31.686 68.523
v 0.344 31.739 68.479
v 0.636 31.888 68.353
v 0.831 32.111 68.165
v 0.900 32.375 67.943
v 0.831 32.638 67.721
v 0.636 32.862 67.533
v 0.344 33.011 67.407
v 0.000 33.063 67.363
v -0.344 33.011 67.407
v -0.636 32.862 67.533
v -0.831 32.638 67.721
v -0.900 32.375 67.943
v -0.831 32.111 68.165
v -0.636 31.888 68.353
v -0.344 31.739 68.479
v -0.000 31.686 68.523
v 0.000 24.000 58.000
v 0.000 24.000 58.000
v 0.000 24.000 58.000
v 0.000 24.000 58.000
v 0.000 24.000 58.000
v 0.000 24.000 58.000
v 0.000 24.000 58.000
v 0.000 24.000 58.000
v 0.000 24.000 58.000
v 0.000 24.000 58.000
v 0.000 24.000 58.000
v 0.000 24.000 58.000
v 0.000 24.000 58.000
v 0.000 24.000 58.000
v 0.000 24.000 58.000
v 0.000 24.000 58.000
v 0.000 23.312 58.580
v 0.344 23.364 58.536
v 0.636 23.513 58.410
v 0.831 23.737 58.222
v 0.900 24.000 58.000
v 0.831 24.263 57.778
v 0.636 24.487 57.590
v 0.344 24.636 57.464
v 0.000 24.688 57.420
v -0.344 24.636 57.464
v -0.636 24.487 57.590
v -0.831 24.263 57.778
v -0.900 24.000 58.000
v -0.831 23.737 58.222
v -0.636 23.513 58.410
v -0.344 23.364 58.536
v -0.000 23.312 58.580
vt 0.00000 1.00000
vt 0.06250 1.00000
vt 0.12500 1.00000
vt 0.18750 1.00000
vt 0.25000 1.00000
vt 0.31250 1.00000
vt 0.37500 1.00000
vt 0.43750 1.00000
vt 0.50000 1.00000
vt 0.56250 1.00000
vt 0.62500 1.00000
vt 0.68750 1.00000
vt 0.75000 1.00000
vt 0.81250 1.00000
vt 0.87500 1.00000
vt 0.93750 1.00000
vt 1.00000 1.00000
vt 0.00000 0.00000
vt 0.06250 0.00000
vt 0.12500 0.00000
vt 0.18750 0.00000
vt 0.25000 0.00000
vt 0.31250 0.00000
vt 0.37500 0.00000
vt 0.43750 0.00000
vt 0.50000 0.00000
vt 0.56250 0.00000
vt 0.62500 0.00000
vt 0.68750 0.00000
vt 0.75000 0.00000
vt 0.81250 0.00000
vt 0.87500 0.00000
vt 0.93750 0.00000
vt 1.00000 0.00000
vt 0.50000 0.50000
vt 0.50000 0.50000
vt 0.50000 0.50000
vt 0.50000 0.50000
vt 0.50000 0.50000
vt 0.50000 0.50000
vt 0.50000 0.50000
vt 0.50000 0.50000
vt 0.50000 0.50000
vt 0.50000 0.50000
vt 0.50000 0.50000
vt 0.50000 0.50000
vt 0.50000 0.50000
vt 0.50000 0.50000
vt 0.50000 0.50000
vt 0.50000 0.50000
vt 1.00000 0.50000
vt 0.96194 0.69134
vt 0.85355 0.85355
vt 0.69134 0.96194
vt 0.50000 1.00000
vt 0.30866 0.96194
vt 0.14645 0.85355
vt 0.03806 0.69134
vt 0.00000 0.50000
vt 0.03806 0.30866
vt 0.14645 0.14645
vt 0.30866 0.03806
vt 0.50000 0.00000
vt 0.69134 0.03806
vt 0.85355 0.14645
vt 0.96194 0.30866
vt 1.00000 0.50000
vt 0.50000 0.50000
vt 0.50000 0.50000
vt 0.50000 0.50000
vt 0.50000 0.50000
vt 0.50000 0.50000
vt 0.50000 0.50000
vt 0.50000 0.50000
vt 0.50000 0.50000
vt 0.50000 0.50000
vt 0.50000 0.50000
vt 0.50000 0.50000
vt 0.50000 0.50000
vt 0.50000 0.50000
vt 0.50000 0.50000
vt 0.50000 0.50000
vt 0.50000 0.50000
vt 1.00000 0.50000
vt 0.96194 0.30866
vt 0.85355 0.14645
vt 0.69134 0.03806
vt 0.50000 0.00000
vt 0.30866 0.03806
vt 0.14645 0.14645
vt 0.03806 0.30866
vt 0.00000 0.50000
vt 0.03806 0.69134
vt 0.14645 0.85355
vt 0.30866 0.96194
vt 0.50000 1.00000
vt 0.69134 0.96194
vt 0.85355 0.85355
vt 0.96194 0.69134
vt 1.00000 0.50000
f 1109/1109 1126/1126 1110/1110
f 1126/1126 1127/1127 1110/1110
f 1110/1110 1127/1127 1111/1111
f 1127/1127 1128/1128 1111/1111
f 1111/1111 1128/1128 1112/1112
f 1128/1128 1129/1129 1112/1112
f 1112/1112 1129/1129 1113/1113
f 1129/1129 1130/1130 1113/1113
f 1113/1113 1130/1130 1114/1114
f 1130/1130 1131/1131 1114/1114
f 1114/1114 1131/1131 1115/1115
f 1131/1131 1132/1132 1115/1115
f 1115/1115 1132/1132 1116/1116
f 1132/1132 1133/1133 1116/1116
f 1116/1116 1133/1133 1117/1117
f 1133/1133 1134/1134 1117/1117
f 1117/1117 1134/1134 1118/1118
f 1134/1134 1135/1135 1118/1118
f 1118/1118 1135/1135 1119/1119
f 1135/1135 1136/1136 1119/1119
f 1119/1119 1136/1136 1120/1120
f 1136/1136 1137/1137 1120/1120
f 1120/1120 1137/1137 1121/1121
f 1137/1137 1138/1138 1121/1121
f 1121/1121 1138/1138 1122/1122
f 1138/1138 1139/1139 1122/1122
f 1122/1122 1139/1139 1123/1123
f 1139/1139 1140/1140 1123/1123
f 1123/1123 1140/1140 1124/1124
f 1140/1140 1141/1141 1124/1124
f 1124/1124 1141/1141 1125/1125
f 1141/1141 1142/1142 1125/1125
f 1159/1159 1160/1160 1143/1143
f 1160/1160 1161/1161 1144/1144
f 1161/1161 1162/1162 1145/1145
f 1162/1162 1163/1163 1146/1146
f 1163/1163 1164/1164 1147/1147
f 1164/1164 1165/1165 1148/1148
f 1165/1165 1166/1166 1149/1149
f 1166/1166 1167/1167 1150/1150
f 1167/1167 1168/1168 1151/1151
f 1168/1168 1169/1169 1152/1152
f 1169/1169 1170/1170 1153/1153
f 1170/1170 1171/1171 1154/1154
f 1171/1171 1172/1172 1155/1155
f 1172/1172 1173/1173 1156/1156
f 1173/1173 1174/1174 1157/1157
f 1174/1174 1175/1175 1158/1158
f 1193/1193 1192/1192 1176/1176
f 1194/1194 1193/1193 1177/1177
f 1195/1195 1194/1194 1178/1178
f 1196/1196 1195/1195 1179/1179
f 1197/1197 1196/1196 1180/1180
f 1198/1198 1197/1197 1181/1181
f 1199/1199 1198/1198 1182/1182
f 1200/1200 1199/1199 1183/1183
f 1201/1201 1200/1200 1184/1184
f 1202/1202 1201/1201 1185/1185
f 1203/1203 1202/1202 1186/1186
f 1204/1204 1203/1203 1187/1187
f 1205/1205 1204/1204 1188/1188
f 1206/1206 1205/1205 1189/1189
f 1207/1207 1206/1206 1190/1190
f 1208/1208 1207/1207 1191/1191
v 11.258 19.124 53.608
v 11.086 18.984 53.336
v 10.940 18.971 53.017
v 10.843 19.085 52.700
v 10.808 19.310 52.432
v 10.843 19.612 52.256
v 10.940 19.944 52.197
v 11.086 20.256 52.265
v 11.258 20.501 52.449
v 11.431 20.641 52.721
v 11.577 20.654 53.040
v 11.674 20.540 53.357
v 11.708 20.315 53.625
v 11.674 20.013 53.801
v 11.577 19.681 53.860
v 11.431 19.369 53.792
v 11.258 19.124 53.608
v 0.000 23.312 58.580
v -0.172 23.172 58.308
v -0.318 23.158 57.988
v -0.416 23.273 57.671
v -0.450 23.498 57.404
v -0.416 23.800 57.227
v -0.318 24.132 57.168
v -0.172 24.444 57.236
v 0.000 24.688 57.420
v 0.172 24.828 57.692
v 0.318 24.842 58.012
v 0.416 24.727 58.329
v 0.450 24.502 58.596
v 0.416 24.200 58.773
v 0.318 23.868 58.832
v 0.172 23.556 58.764
v 0.000 23.312 58.580
v 11.258 19.813 53.029
v 11.258 19.813 53.029
v 11.258 19.813 53.029
v 11.258 19.813 53.029
v 11.258 19.813 53.029
v 11.258 19.813 53.029
v 11.258 19.813 53.029
v 11.258 19.813 53.029
v 11.258 19.813 53.029
v 11.258 19.813 53.029
v 11.258 19.813 53.029
v 11.258 19.813 53.029
v 11.258 19.813 53.029
v 11.258 19.813 53.029
v 11.258 19.813 53.029
v 11.258 19.813 53.029
v 11.258 19.124 53.608
v 11.086 18.984 53.336
v 10.940 18.971 53.017
v 10.843 19.085 52.700
v 10.808 19.310 52.432
v 10.843 19.612 52.256
v 10.940 19.944 52.197
v 11.086 20.256 52.265
v 11.258 20.501 52.449
v 11.431 20.641 52.721
v 11.577 20.654 53.040
v 11.674 20.540 53.357
v 11.708 20.315 53.625
v 11.674 20.013 53.801
v 11.577 19.681 53.860
v 11.431 19.369 53.792
v 11.258 19.124 53.608
v 0.000 24.000 58.000
v 0.000 24.000 58.000
v 0.000 24.000 58.000
v 0.000 24.000 58.000
v 0.000 24.000 58.000
v 0.000 24.000 58.000
v 0.000 24.000 58.000
v 0.000 24.000 58.000
v 0.000 24.000 58.000
v 0.000 24.000 58.000
v 0.000 24.000 58.000
v 0.000 24.000 58.000
v 0.000 24.000 58.000
v 0.000 24.000 58.000
v 0.000 24.000 58.000
v 0.000 24.000 58.000
v 0.000 23.312 58.580
v -0.172 23.172 58.308
v -0.318 23.158 57.988
v -0.416 23.273 57.671
v -0.450 23.498 57.404
v -0.416 23.800 57.227
v -0.318 24.132 57.168
v -0.172 24.444 57.236
v 0.000 24.688 57.420
v 0.172 24.828 57.692
v 0.318 24.842 58.012
v 0.416 24.727 58.329
v 0.450 24.502 58.596
v 0.416 24.200 58.773
v 0.318 23.868 58.832
v 0.172 23.556 58.764
v 0.000 23.312 58.580
vt 0.00000 1.00000
vt 0.06250 1.00000
vt 0.12500 1.00000
vt 0.18750 1.00000
vt 0.25000 1.00000
vt 0.31250 1.00000
vt 0.37500 1.00000
vt 0.43750 1.00000
vt 0.50000 1.00000
vt 0.56250 1.00000
vt 0.62500 1.00000
vt 0.68750 1.00000
vt 0.75000 1.00000
vt 0.81250 1.00000
vt 0.87500 1.00000
vt 0.93750 1.00000
vt 1.00000 1.00000
vt 0.00000 0.00000
vt 0.06250 0.00000
vt 0.12500 0.00000
vt 0.18750 0.00000
vt 0.25000 0.00000
vt 0.31250 0.00000
vt 0.37500 0.00000
vt 0.43750 0.00000
vt 0.50000 0.00000
vt 0.56250 0.00000
vt 0.62500 0.00000
vt 0.68750 0.00000
vt 0.75000 0.00000
vt 0.81250 0.00000
vt 0.87500 0.00000
vt 0.93750 0.00000
vt 1.00000 0.00000
vt 0.50000 0.50000
vt 0.50000 0.50000
vt 0.50000 0.50000
vt 0.50000 0.50000
vt 0.50000 0.50000
vt 0.50000 0.50000
vt 0.50000 0.50000
vt 0.50000 0.50000
vt 0.50000 0.50000
vt 0.50000 0.50000
vt 0.50000 0.50000
vt 0.50000 0.50000
vt 0.50000 0.50000
vt 0.50000 0.50000
vt 0.50000 0.50000
vt 0.50000 0.50000
vt 1.00000 0.50000
vt 0.96194 0.69134
vt 0.85355 0.85355
vt 0.69134 0.96194
vt 0.50000 1.00000
vt 0.30866 0.96194
vt 0.14645 0.85355
vt 0.03806 0.69134
vt 0.00000 0.50000
vt 0.03806 0.30866
vt 0.14645 0.14645
vt 0.30866 0.03806
vt 0.50000 0.00000
vt 0.69134 0.03806
vt 0.85355 0.14645
vt 0.96194 0.30866
vt 1.00000 0.50000
vt 0.50000 0.50000
vt 0.50000 0.50000
vt 0.50000 0.50000
vt 0.50000 0.50000
vt 0.50000 0.50000
vt 0.50000 0.50000
vt 0.50000 0.50000
vt 0.50000 0.50000
vt 0.50000 0.50000
vt 0.50000 0.50000
vt 0.50000 0.50000
vt 0.50000 0.50000
vt 0.50000 0.50000
vt 0.50000 0.50000
vt 0.50000 0.50000
vt 0.50000 0.50000
vt 1.00000 0.50000
vt 0.96194 0.30866
vt 0.85355 0.14645
vt 0.69134 0.03806
vt 0.50000 0.00000
vt 0.30866 0.03806
vt 0.14645 0.14645
vt 0.03806 0.30866
vt 0.00000 0.50000
vt 0.03806 0.69134
vt 0.14645 0.85355
vt 0.30866 0.96194
vt 0.50000 1.00000
vt 0.69134 0.96194
vt 0.85355 0.85355
vt 0.96194 0.69134
vt 1.00000 0.50000
f 1209/1209 1226/1226 1210/1210
f 1226/1226 1227/1227 1210/1210
f 1210/1210 1227/1227 1211/1211
f 1227/1227 1228/1228 1211/1211
f 1211/1211 1228/1228 1212/1212
f 1228/1228 1229/1229 1212/1212
f 1212/1212 1229/1229 1213/1213
f 1229/1229 1230/1230 1213/1213
f 1213/1213 1230/1230 1214/1214
f 1230/1230 1231/1231 1214/1214
f 1214/1214 1231/1231 1215/1215
f 1231/1231 1232/1232 1215/1215
f 1215/1215 1232/1232 1216/1216
f 1232/1232 1233/1233 1216/1216
f 1216/1216 1233/1233 1217/1217
f 1233/1233 1234/1234 1217/1217
f 1217/1217 1234/1234 1218/1218
f 1234/1234 1235/1235 1218/1218
f 1218/1218 1235/1235 1219/1219
f 1235/1235 1236/1236 1219/1219
f 1219/1219 1236/1236 1220/1220
f 1236/1236 1237/1237 1220/1220
f 1220/1220 1237/1237 1221/1221
f 1237/1237 1238/1238 1221/1221
f 1221/1221 1238/1238 1222/1222
f 1238/1238 1239/1239 1222/1222
f 1222/1222 1239/1239 1223/1223
f 1239/1239 1240/1240 1223/1223
f 1223/1223 1240/1240 1224/1224
f 1240/1240 1241/1241 1224/1224
f 1224/1224 1241/1241 1225/1225
f 1241/1241 1242/1242 1225/1225
f 1259/1259 1260/1260 1243/1243
f 1260/1260 1261/1261 1244/1244
f 1261/1261 1262/1262 1245/1245
f 1262/1262 1263/1263 1246/1246
f 1263/1263 1264/1264 1247/1247
f 1264/1264 1265/1265 1248/1248
f 1265/1265 1266/1266 1249/1249
f 1266/1266 1267/1267 1250/1250
f 1267/1267 1268/1268 1251/1251
f 1268/1268 1269/1269 1252/1252
f 1269/1269 1270/1270 1253/1253
f 1270/1270 1271/1271 1254/1254
f 1271/1271 1272/1272 1255/1255
f 1272/1272 1273/1273 1256/1256
f 1273/1273 1274/1274 1257/1257
f 1274/1274 1275/1275 1258/1258
f 1293/1293 1292/1292 1276/1276
f 1294/1294 1293/1293 1277/1277
f 1295/1295 1294/1294 1278/1278
f 1296/1296 1295/1295 1279/1279
f 1297/1297 1296/1296 1280/1280
f 1298/1298 1297/1297 1281/1281
f 1299/1299 1298/1298 1282/1282
f 1300/1300 1299/1299 1283/1283
f 1301/1301 1300/1300 1284/1284
f 1302/1302 1301/1301 1285/1285
f 1303/1303 1302/1302 1286/1286
f 1304/1304 1303/1303 1287/1287
f 1305/1305 1304/1304 1288/1288
f 1306/1306 1305/1305 1289/1289
f 1307/1307 1306/1306 1290/1290
f 1308/1308 1307/1307 1291/1291
v -11.258 19.124 53.608
v -11.431 19.369 53.792
v -11.577 19.681 53.860
v -11.674 20.013 53.801
v -11.708 20.315 53.625
v -11.674 20.540 53.357
v -11.577 20.654 53.040
v -11.431 20.641 52.721
v -11.258 20.501 52.449
v -11.086 20.256 52.265
v -10.940 19.944 52.197
v -10.843 19.612 52.256
v -10.808 19.310 52.432
v -10.843 19.085 52.700
v -10.940 18.971 53.017
v -11.086 18.984 53.336
v -11.258 19.124 53.608
v -0.000 23.312 58.580
v -0.172 23.556 58.764
v -0.318 23.868 58.832
v -0.416 24.200 58.773
v -0.450 24.502 58.596
v -0.416 24.727 58.329
v -0.318 24.842 58.012
v -0.172 24.828 57.692
v -0.000 24.688 57.420
v 0.172 24.444 57.236
v 0.318 24.132 57.168
v 0.416 23.800 57.227
v 0.450 23.498 57.404
v 0.416 23.273 57.671
v 0.318 23.158 57.988
v 0.172 23.172 58.308
v -0.000 23.312 58.580
v -11.258 19.813 53.029
v -11.258 19.813 53.029
v -11.258 19.813 53.029
v -11.258 19.813 53.029
v -11.258 19.813 53.029
v -11.258 19.813 53.029
v -11.258 19.813 53.029
v -11.258 19.813 53.029
v -11.258 19.813 53.029
v -11.258 19.813 53.029
v -11.258 19.813 53.029
v -11.258 19.813 53.029
v -11.258 19.813 53.029
v -11.258 19.813 53.029
v -11.258 19.813 53.029
v -11.258 19.813 53.029
v -11.258 19.124 53.608
v -11.431 19.369 53.792
v -11.577 19.681 53.860
v -11.674 20.013 53.801
v -11.708 20.315 53.625
v -11.674 20.540 53.357
v -11.577 20.654 53.040
v -11.431 20.641 52.721
v -11.258 20.501 52.449
v -11.086 20.256 52.265
v -10.940 19.944 52.197
v -10.843 19.612 52.256
v -10.808 19.310 52.432
v -10.843 19.085 52.700
v -10.940 18.971 53.017
v -11.086 18.984 53.336
v -11.258 19.124 53.608
v -0.000 24.000 58.000
v -0.000 24.000 58.000
v -0.000 24.000 58.000
v -0.000 24.000 58.000
v -0.000 24.000 58.000
v -0.000 24.000 58.000
v -0.000 24.000 58.000
v -0.000 24.000 58.000
v -0.000 24.000 58.000
v -0.000 24.000 58.000
v -0.000 24.000 58.000
v -0.000 24.000 58.000
v -0.000 24.000 58.000
v -0.000 24.000 58.000
v -0.000 24.000 58.000
v -0.000 24.000 58.000
v -0.000 23.312 58.580
v -0.172 23.556 58.764
v -0.318 23.868 58.832
v -0.416 24.200 58.773
v -0.450 24.502 58.596
v -0.416 24.727 58.329
v -0.318 24.842 58.012
v -0.172 24.828 57.692
v -0.000 24.688 57.420
v 0.172 24.444 57.236
v 0.318 24.132 57.168
v 0.416 23.800 57.227
v 0.450 23.498 57.404
v 0.416 23.273 57.671
v 0.318 23.158 57.988
v 0.172 23.172 58.308
v -0.000 23.312 58.580
vt 0.00000 1.00000
vt 0.06250 1.00000
vt 0.12500 1.00000
vt 0.18750 1.00000
vt 0.25000 1.00000
vt 0.31250 1.00000
vt 0.37500 1.00000
vt 0.43750 1.00000
vt 0.50000 1.00000
vt 0.56250 1.00000
vt 0.62500 1.00000
vt 0.68750 1.00000
vt 0.75000 1.00000
vt 0.81250 1.00000
vt 0.87500 1.00000
vt 0.93750 1.00000
vt 1.00000 1.00000
vt 0.00000 0.00000
vt 0.06250 0.00000
vt 0.12500 0.00000
vt 0.18750 0.00000
vt 0.25000 0.00000
vt 0.31250 0.00000
vt 0.37500 0.00000
vt 0.43750 0.00000
vt 0.50000 0.00000
vt 0.56250 0.00000
vt 0.62500 0.00000
vt 0.68750 0.00000
vt 0.75000 0.00000
vt 0.81250 0.00000
vt 0.87500 0.00000
vt 0.93750 0.00000
vt 1.00000 0.00000
vt 0.50000 0.50000
vt 0.50000 0.50000
vt 0.50000 0.50000
vt 0.50000 0.50000
vt 0.50000 0.50000
vt 0.50000 0.50000
vt 0.50000 0.50000
vt 0.50000 0.50000
vt 0.50000 0.50000
vt 0.50000 0.50000
vt 0.50000 0.50000
vt 0.50000 0.50000
vt 0.50000 0.50000
vt 0.50000 0.50000
vt 0.50000 0.50000
vt 0.50000 0.50000
vt 1.00000 0.50000
vt 0.96194 0.69134
vt 0.85355 0.85355
vt 0.69134 0.96194
vt 0.50000 1.00000
vt 0.30866 0.96194
vt 0.14645 0.85355
vt 0.03806 0.69134
vt 0.00000 0.50000
vt 0.03806 0.30866
vt 0.14645 0.14645
vt 0.30866 0.03806
vt 0.50000 0.00000
vt 0.69134 0.03806
vt 0.85355 0.14645
vt 0.96194 0.30866
vt 1.00000 0.50000
vt 0.50000 0.50000
vt 0.50000 0.50000
vt 0.50000 0.50000
vt 0.50000 0.50000
vt 0.50000 0.50000
vt 0.50000 0.50000
vt 0.50000 0.50000
vt 0.50000 0.50000
vt 0.50000 0.50000
vt 0.50000 0.50000
vt 0.50000 0.50000
vt 0.50000 0.50000
vt 0.50000 0.50000
vt 0.50000 0.50000
vt 0.50000 0.50000
vt 0.50000 0.50000
vt 1.00000 0.50000
vt 0.96194 0.30866
vt 0.85355 0.14645
vt 0.69134 0.03806
vt 0.50000 0.00000
vt 0.30866 0.03806
vt 0.14645 0.14645
vt 0.03806 0.30866
vt 0.00000 0.50000
vt 0.03806 0.69134
vt 0.14645 0.85355
vt 0.30866 0.96194
vt 0.50000 1.00000
vt 0.69134 0.96194
vt 0.85355 0.85355
vt 0.96194 0.69134
vt 1.00000 0.50000
f 1309/1309 1326/1326 1310/1310
f 1326/1326 1327/1327 1310/1310
f 1310/1310 1327/1327 1311/1311
f 1327/1327 1328/1328 1311/1311
f 1311/1311 1328/1328 1312/1312
f 1328/1328 1329/1329 1312/1312
f 1312/1312 1329/1329 1313/1313
f 1329/1329 1330/1330 1313/1313
f 1313/1313 1330/1330 1314/1314
f 1330/1330 1331/1331 1314/1314
f 1314/1314 1331/1331 1315/1315
f 1331/1331 1332/1332 1315/1315
f 1315/1315 1332/1332 1316/1316
f 1332/1332 1333/1333 1316/1316
f 1316/1316 1333/1333 1317/1317
f 1333/1333 1334/1334 1317/1317
f 1317/1317 1334/1334 1318/1318
f 1334/1334 1335/1335 1318/1318
f 1318/1318 1335/1335 1319/1319
f 1335/1335 1336/1336 1319/1319
f 1319/1319 1336/1336 1320/1320
f 1336/1336 1337/1337 1320/1320
f 1320/1320 1337/1337 1321/1321
f 1337/1337 1338/1338 1321/1321
f 1321/1321 1338/1338 1322/1322
f 1338/1338 1339/1339 1322/1322
f 1322/1322 1339/1339 1323/1323
f 1339/1339 1340/1340 1323/1323
f 1323/1323 1340/1340 1324/1324
f 1340/1340 1341/1341 1324/1324
f 1324/1324 1341/1341 1325/1325
f 1341/1341 1342/1342 1325/1325
f 1359/1359 1360/1360 1343/1343
f 1360/1360 1361/1361 1344/1344
f 1361/1361 1362/1362 1345/1345
f 1362/1362 1363/1363 1346/1346
f 1363/1363 1364/1364 1347/1347
f 1364/1364 1365/1365 1348/1348
f 1365/1365 1366/1366 1349/1349
f 1366/1366 1367/1367 1350/1350
f 1367/1367 1368/1368 1351/1351
f 1368/1368 1369/1369 1352/1352
f 1369/1369 1370/1370 1353/1353
f 1370/1370 1371/1371 1354/1354
f 1371/1371 1372/1372 1355/1355
f 1372/1372 1373/1373 1356/1356
f 1373/1373 1374/1374 1357/1357
f 1374/1374 1375/1375 1358/1358
f 1393/1393 1392/1392 1376/1376
f 1394/1394 1393/1393 1377/1377
f 1395/1395 1394/1394 1378/1378
f 1396/1396 1395/1395 1379/1379
f 1397/1397 1396/1396 1380/1380
f 1398/1398 1397/1397 1381/1381
f 1399/1399 1398/1398 1382/1382
f 1400/1400 1399/1399 1383/1383
f 1401/1401 1400/1400 1384/1384
f 1402/1402 1401/1401 1385/1385
f 1403/1403 1402/1402 1386/1386
f 1404/1404 1403/1403 1387/1387
f 1405/1405 1404/1404 1388/1388
f 1406/1406 1405/1405 1389/1389
f 1407/1407 1406/1406 1390/1390
f 1408/1408 1407/1407 1391/1391
v -19.100 73.000 16.000
v -19.364 72.383 16.154
v -20.000 72.127 16.218
v -20.636 72.383 16.154
v -20.900 73.000 16.000
v -20.636 73.617 15.846
v -20.000 73.873 15.782
v -19.364 73.617 15.846
v -19.100 73.000 16.000
v -19.119 73.239 16.957
v -19.382 72.620 17.102
v -20.018 72.358 17.144
v -20.654 72.608 17.057
v -20.918 73.223 16.894
v -20.654 73.843 16.749
v -20.018 74.104 16.707
v -19.382 73.854 16.793
v -19.119 73.239 16.957
v -19.167 73.476 17.904
v -19.431 72.855 18.043
v -20.066 72.589 18.068
v -20.701 72.836 17.967
v -20.964 73.449 17.797
v -20.701 74.070 17.658
v -20.066 74.336 17.632
v -19.431 74.089 17.734
v -19.167 73.476 17.904
v -19.236 73.711 18.843
v -19.499 73.088 18.977
v -20.133 72.820 18.992
v -20.768 73.064 18.879
v -21.031 73.676 18.705
v -20.768 74.299 18.571
v -20.133 74.567 18.555
v -19.499 74.323 18.668
v -19.236 73.711 18.843
v -19.319 73.944 19.776
v -19.581 73.321 19.907
v -20.215 73.051 19.914
v -20.849 73.293 19.794
v -21.111 73.904 19.616
v -20.849 74.527 19.485
v -20.215 74.797 19.478
v -19.581 74.556 19.598
v -19.319 73.944 19.776
v -19.411 74.176 20.704
v -19.673 73.552 20.833
v -20.306 73.281 20.836
v -20.939 73.522 20.711
v -21.202 74.133 20.531
v -20.939 74.757 20.402
v -20.306 75.028 20.399
v -19.673 74.787 20.524
v -19.411 74.176 20.704
v -19.507 74.407 21.629
v -19.770 73.783 21.757
v -20.403 73.512 21.757
v -21.036 73.751 21.630
v -21.298 74.362 21.449
v -21.036 74.986 21.321
v -20.403 75.258 21.321
v -19.770 75.018 21.448
v -19.507 74.407 21.629
v -19.606 74.637 22.550
v -19.868 74.013 22.678
v -20.501 73.742 22.678
v -21.134 73.982 22.551
v -21.396 74.592 22.370
v -21.134 75.216 22.242
v -20.501 75.488 22.241
v -19.868 75.248 22.369
v -19.606 74.637 22.550
v -19.703 74.867 23.468
v -19.965 74.243 23.597
v -20.598 73.972 23.599
v -21.231 74.212 23.474
v -21.494 74.823 23.294
v -21.231 75.447 23.165
v -20.598 75.718 23.163
v -19.965 75.478 23.288
v -19.703 74.867 23.468
v -19.794 75.096 24.383
v -20.057 74.472 24.514
v -20.690 74.202 24.521
v -21.324 74.444 24.399
v -21.586 75.055 24.221
v -21.324 75.679 24.091
v -20.690 75.949 24.084
v -20.057 75.707 24.205
v -19.794 75.096 24.383
v -19.877 75.324 25.296
v -20.139 74.701 25.429
v -20.774 74.433 25.443
v -21.408 74.676 25.329
v -21.671 75.288 25.154
v -21.408 75.911 25.020
v -20.774 76.179 25.006
v -20.139 75.936 25.121
v -19.877 75.324 25.296
v -19.946 75.551 26.204
v -20.209 74.930 26.342
v -20.844 74.664 26.366
v -21.479 74.910 26.262
v -21.742 75.523 26.091
v -21.479 76.144 25.954
v -20.844 76.410 25.930
v -20.209 76.164 26.034
v -19.946 75.551 26.204
v -19.996 75.777 27.108
v -20.259 75.157 27.252
v -20.895 74.895 27.291
v -21.531 75.144 27.202
v -21.794 75.759 27.037
v -21.531 76.379 26.893
v -20.895 76.641 26.854
v -20.259 76.392 26.943
v -19.996 75.777 27.108
v -20.019 76.001 28.004
v -20.282 75.383 28.157
v -20.919 75.126 28.216
v -21.555 75.381 28.148
v -21.819 75.998 27.992
v -21.555 76.616 27.840
v -20.919 76.873 27.780
v -20.282 76.618 27.848
v -20.019 76.001 28.004
v -20.004 76.221 28.886
v -20.267 75.607 29.051
v -20.903 75.358 29.142
v -21.539 75.620 29.105
v -21.802 76.240 28.962
v -21.539 76.855 28.796
v -20.903 77.104 28.705
v -20.267 76.842 28.742
v -20.004 76.221 28.886
v -19.933 76.435 29.740
v -20.195 75.825 29.925
v -20.827 75.588 30.065
v -21.458 75.863 30.076
v -21.720 76.488 29.953
v -21.458 77.098 29.767
v -20.827 77.335 29.628
v -20.195 77.060 29.617
v -19.933 76.435 29.740
v -19.783 76.633 30.533
v -20.038 76.032 30.753
v -20.653 75.816 30.974
v -21.268 76.111 31.068
v -21.523 76.745 30.979
v -21.268 77.346 30.759
v -20.653 77.562 30.538
v -20.038 77.267 30.444
v -19.783 76.633 30.533
v -19.526 76.793 31.172
v -19.754 76.208 31.456
v -20.302 76.030 31.832
v -20.851 76.364 32.081
v -21.078 77.014 32.056
v -20.851 77.599 31.772
v -20.302 77.777 31.396
v -19.754 77.443 31.147
v -19.526 76.793 31.172
v -19.199 76.876 31.503
v -19.328 76.314 31.881
v -19.640 76.193 32.483
v -19.952 76.583 32.957
v -20.081 77.256 33.025
v -19.952 77.818 32.648
v -19.640 77.939 32.046
v -19.328 77.549 31.572
v -19.199 76.876 31.503
v -18.641 76.913 31.651
v -18.667 76.359 32.060
v -18.730 76.257 32.738
v -18.792 76.666 33.289
v -18.818 77.347 33.389
v -18.792 77.901 32.980
v -18.730 78.003 32.302
v -18.667 77.594 31.751
v -18.641 76.913 31.651
v -17.859 76.910 31.642
v -17.835 76.357 32.051
v -17.777 76.255 32.729
v -17.719 76.664 33.280
v -17.695 77.345 33.381
v -17.719 77.899 32.972
v -17.777 78.001 32.293
v -17.835 77.591 31.742
v -17.859 76.910 31.642
v -16.983 76.881 31.524
v -16.938 76.327 31.931
v -16.832 76.223 32.603
v -16.725 76.631 33.148
v -16.681 77.311 33.246
v -16.725 77.866 32.839
v -16.832 77.969 32.167
v -16.938 77.561 31.622
v -16.983 76.881 31.524
v -16.054 76.840 31.361
v -16.007 76.286 31.767
v -15.893 76.182 32.438
v -15.778 76.589 32.982
v -15.731 77.270 33.079
v -15.778 77.824 32.673
v -15.893 77.928 32.002
v -16.007 77.521 31.458
v -16.054 76.840 31.361
v -15.070 76.801 31.205
v -15.035 76.247 31.613
v -14.951 76.144 32.289
v -14.866 76.553 32.837
v -14.831 77.234 32.936
v -14.866 77.788 32.528
v -14.951 77.891 31.852
v -15.035 77.482 31.304
v -15.070 76.801 31.205
v -14.000 76.782 31.127
v -14.000 76.228 31.537
v -14.000 76.127 32.218
v -14.000 76.537 32.772
v -14.000 77.218 32.873
v -14.000 77.772 32.463
v -14.000 77.873 31.782
v -14.000 77.463 31.228
v -14.000 76.782 31.127
vt 0.00000 0.00000
vt 0.00000 0.12500
vt 0.00000 0.25000
vt 0.00000 0.37500
vt 0.00000 0.50000
vt 0.00000 0.62500
vt 0.00000 0.75000
vt 0.00000 0.87500
vt 0.00000 1.00000
vt 0.04167 0.00000
vt 0.04167 0.12500
vt 0.04167 0.25000
vt 0.04167 0.37500
vt 0.04167 0.50000
vt 0.04167 0.62500
vt 0.04167 0.75000
vt 0.04167 0.87500
vt 0.04167 1.00000
vt 0.08333 0.00000
vt 0.08333 0.12500
vt 0.08333 0.25000
vt 0.08333 0.37500
vt 0.08333 0.50000
vt 0.08333 0.62500
vt 0.08333 0.75000
vt 0.08333 0.87500
vt 0.08333 1.00000
vt 0.12500 0.00000
vt 0.12500 0.12500
vt 0.12500 0.25000
vt 0.12500 0.37500
vt 0.12500 0.50000
vt 0.12500 0.62500
vt 0.12500 0.75000
vt 0.12500 0.87500
vt 0.12500 1.00000
vt 0.16667 0.00000
vt 0.16667 0.12500
vt 0.16667 0.25000
vt 0.16667 0.37500
vt 0.16667 0.50000
vt 0.16667 0.62500
vt 0.16667 0.75000
vt 0.16667 0.87500
vt 0.16667 1.00000
vt 0.20833 0.00000
vt 0.20833 0.12500
vt 0.20833 0.25000
vt 0.20833 0.37500
vt 0.20833 0.50000
vt 0.20833 0.62500
vt 0.20833 0.75000
vt 0.20833 0.87500
vt 0.20833 1.00000
vt 0.25000 0.00000
vt 0.25000 0.12500
vt 0.25000 0.25000
vt 0.25000 0.37500
vt 0.25000 0.50000
vt 0.25000 0.62500
vt 0.25000 0.75000
vt 0.25000 0.87500
vt 0.25000 1.00000
vt 0.29167 0.00000
vt 0.29167 0.12500
vt 0.29167 0.25000
vt 0.29167 0.37500
vt 0.29167 0.50000
vt 0.29167 0.62500
vt 0.29167 0.75000
vt 0.29167 0.87500
vt 0.29167 1.00000
vt 0.33333 0.00000
vt 0.33333 0.12500
vt 0.33333 0.25000
vt 0.33333 0.37500
vt 0.33333 0.50000
vt 0.33333 0.62500
vt 0.33333 0.75000
vt 0.33333 0.87500
vt 0.33333 1.00000
vt 0.37500 0.00000
vt 0.37500 0.12500
vt 0.37500 0.25000
vt 0.37500 0.37500
vt 0.37500 0.50000
vt 0.37500 0.62500
vt 0.37500 0.75000
vt 0.37500 0.87500
vt 0.37500 1.00000
vt 0.41667 0.00000
vt 0.41667 0.12500
vt 0.41667 0.25000
vt 0.41667 0.37500
vt 0.41667 0.50000
vt 0.41667 0.62500
vt 0.41667 0.75000
vt 0.41667 0.87500
vt 0.41667 1.00000
vt 0.45833 0.00000
vt 0.45833 0.12500
vt 0.45833 0.25000
vt 0.45833 0.37500
vt 0.45833 0.50000
vt 0.45833 0.62500
vt 0.45833 0.75000
vt 0.45833 0.87500
vt 0.45833 1.00000
vt 0.50000 0.00000
vt 0.50000 0.12500
vt 0.50000 0.25000
vt 0.50000 0.37500
vt 0.50000 0.50000
vt 0.50000 0.62500
vt 0.50000 0.75000
vt 0.50000 0.87500
vt 0.50000 1.00000
vt 0.54167 0.00000
vt 0.54167 0.12500
vt 0.54167 0.25000
vt 0.54167 0.37500
vt 0.54167 0.50000
vt 0.54167 0.62500
vt 0.54167 0.75000
vt 0.54167 0.87500
vt 0.54167 1.00000
vt 0.58333 0.00000
vt 0.58333 0.12500
vt 0.58333 0.25000
vt 0.58333 0.37500
vt 0.58333 0.50000
vt 0.58333 0.62500
vt 0.58333 0.75000
vt 0.58333 0.87500
vt 0.58333 1.00000
vt 0.62500 0.00000
vt 0.62500 0.12500
vt 0.62500 0.25000
vt 0.62500 0.37500
vt 0.62500 0.50000
vt 0.62500 0.62500
vt 0.62500 0.75000
vt 0.62500 0.87500
vt 0.62500 1.00000
vt 0.66667 0.00000
vt 0.66667 0.12500
vt 0.66667 0.25000
vt 0.66667 0.37500
vt 0.66667 0.50000
vt 0.66667 0.62500
vt 0.66667 0.75000
vt 0.66667 0.87500
vt 0.66667 1.00000
vt 0.70833 0.00000
vt 0.70833 0.12500
vt 0.70833 0.25000
vt 0.70833 0.37500
vt 0.70833 0.50000
vt 0.70833 0.62500
vt 0.70833 0.75000
vt 0.70833 0.87500
vt 0.70833 1.00000
vt 0.75000 0.00000
vt 0.75000 0.12500
vt 0.75000 0.25000
vt 0.75000 0.37500
vt 0.75000 0.50000
vt 0.75000 0.62500
vt 0.75000 0.75000
vt 0.75000 0.87500
vt 0.75000 1.00000
vt 0.79167 0.00000
vt 0.79167 0.12500
vt 0.79167 0.25000
vt 0.79167 0.37500
vt 0.79167 0.50000
vt 0.79167 0.62500
vt 0.79167 0.75000
vt 0.79167 0.87500
vt 0.79167 1.00000
vt 0.83333 0.00000
vt 0.83333 0.12500
vt 0.83333 0.25000
vt 0.83333 0.37500
vt 0.83333 0.50000
vt 0.83333 0.62500
vt 0.83333 0.75000
vt 0.83333 0.87500
vt 0.83333 1.00000
vt 0.87500 0.00000
vt 0.87500 0.12500
vt 0.87500 0.25000
vt 0.87500 0.37500
vt 0.87500 0.50000
vt 0.87500 0.62500
vt 0.87500 0.75000
vt 0.87500 0.87500
vt 0.87500 1.00000
vt 0.91667 0.00000
vt 0.91667 0.12500
vt 0.91667 0.25000
vt 0.91667 0.37500
vt 0.91667 0.50000
vt 0.91667 0.62500
vt 0.91667 0.75000
vt 0.91667 0.87500
vt 0.91667 1.00000
vt 0.95833 0.00000
vt 0.95833 0.12500
vt 0.95833 0.25000
vt 0.95833 0.37500
vt 0.95833 0.50000
vt 0.95833 0.62500
vt 0.95833 0.75000
vt 0.95833 0.87500
vt 0.95833 1.00000
vt 1.00000 0.00000
vt 1.00000 0.12500
vt 1.00000 0.25000
vt 1.00000 0.37500
vt 1.00000 0.50000
vt 1.00000 0.62500
vt 1.00000 0.75000
vt 1.00000 0.87500
vt 1.00000 1.00000
f 1409/1409 1418/1418 1410/1410
f 1418/1418 1419/1419 1410/1410
f 1410/1410 1419/1419 1411/1411
f 1419/1419 1420/1420 1411/1411
f 1411/1411 1420/1420 1412/1412
f 1420/1420 1421/1421 1412/1412
f 1412/1412 1421/1421 1413/1413
f 1421/1421 1422/1422 1413/1413
f 1413/1413 1422/1422 1414/1414
f 1422/1422 1423/1423 1414/1414
f 1414/1414 1423/1423 1415/1415
f 1423/1423 1424/1424 1415/1415
f 1415/1415 1424/1424 1416/1416
f 1424/1424 1425/1425 1416/1416
f 1416/1416 1425/1425 1417/1417
f 1425/1425 1426/1426 1417/1417
f 1418/1418 1427/1427 1419/1419
f 1427/1427 1428/1428 1419/1419
f 1419/1419 1428/1428 1420/1420
f 1428/1428 1429/1429 1420/1420
f 1420/1420 1429/1429 1421/1421
f 1429/1429 1430/1430 1421/1421
f 1421/1421 1430/1430 1422/1422
f 1430/1430 1431/1431 1422/1422
f 1422/1422 1431/1431 1423/1423
f 1431/1431 1432/1432 1423/1423
f 1423/1423 1432/1432 1424/1424
f 1432/1432 1433/1433 1424/1424
f 1424/1424 1433/1433 1425/1425
f 1433/1433 1434/1434 1425/1425
f 1425/1425 1434/1434 1426/1426
f 1434/1434 1435/1435 1426/1426
f 1427/1427 1436/1436 1428/1428
f 1436/1436 1437/1437 1428/1428
f 1428/1428 1437/1437 1429/1429
f 1437/1437 1438/1438 1429/1429
f 1429/1429 1438/1438 1430/1430
f 1438/1438 1439/1439 1430/1430
f 1430/1430 1439/1439 1431/1431
f 1439/1439 1440/1440 1431/1431
f 1431/1431 1440/1440 1432/1432
f 1440/1440 1441/1441 1432/1432
f 1432/1432 1441/1441 1433/1433
f 1441/1441 1442/1442 1433/1433
f 1433/1433 1442/1442 1434/1434
f 1442/1442 1443/1443 1434/1434
f 1434/1434 1443/1443 1435/1435
f 1443/1443 1444/1444 1435/1435
f 1436/1436 1445/1445 1437/1437
f 1445/1445 1446/1446 1437/1437
f 1437/1437 1446/1446 1438/1438
f 1446/1446 1447/1447 1438/1438
f 1438/1438 1447/1447 1439/1439
f 1447/1447 1448/1448 1439/1439
f 1439/1439 1448/1448 1440/1440
f 1448/1448 1449/1449 1440/1440
f 1440/1440 1449/1449 1441/1441
f 1449/1449 1450/1450 1441/1441
f 1441/1441 1450/1450 1442/1442
f 1450/1450 1451/1451 1442/1442
f 1442/1442 1451/1451 1443/1443
f 1451/1451 1452/1452 1443/1443
f 1443/1443 1452/1452 1444/1444
f 1452/1452 1453/1453 1444/1444
f 1445/1445 1454/1454 1446/1446
f 1454/1454 1455/1455 1446/1446
f 1446/1446 1455/1455 1447/1447
f 1455/1455 1456/1456 1447/1447
f 1447/1447 1456/1456 1448/1448
f 1456/1456 1457/1457 1448/1448
f 1448/1448 1457/1457 1449/1449
f 1457/1457 1458/1458 1449/1449
f 1449/1449 1458/1458 1450/1450
f 1458/1458 1459/1459 1450/1450
f 1450/1450 1459/1459 1451/1451
f 1459/1459 1460/1460 1451/1451
f 1451/1451 1460/1460 1452/1452
f 1460/1460 1461/1461 1452/1452
f 1452/1452 1461/1461 1453/1453
f 1461/1461 1462/1462 1453/1453
f 1454/1454 1463/1463 1455/1455
f 1463/1463 1464/1464 1455/1455
f 1455/1455 1464/1464 1456/1456
f 1464/1464 1465/1465 1456/1456
f 1456/1456 1465/1465 1457/1457
f 1465/1465 1466/1466 1457/1457
f 1457/1457 1466/1466 1458/1458
f 1466/1466 1467/1467 1458/1458
f 1458/1458 1467/1467 1459/1459
f 1467/1467 1468/1468 1459/1459
f 1459/1459 1468/1468 1460/1460
f 1468/1468 1469/1469 1460/1460
f 1460/1460 1469/1469 1461/1461
f 1469/1469 1470/1470 1461/1461
f 1461/1461 1470/1470 1462/1462
f 1470/1470 1471/1471 1462/1462
f 1463/1463 1472/1472 1464/1464
f 1472/1472 1473/1473 1464/1464
f 1464/1464 1473/1473 1465/1465
f 1473/1473 1474/1474 1465/1465
f 1465/1465 1474/1474 1466/1466
f 1474/1474 1475/1475 1466/1466
f 1466/1466 1475/1475 1467/1467
f 1475/1475 1476/1476 1467/1467
f 1467/1467 1476/1476 1468/1468
f 1476/1476 1477/1477 1468/1468
f 1468/1468 1477/1477 1469/1469
f 1477/1477 1478/1478 1469/1469
f 1469/1469 1478/1478 1470/1470
f 1478/1478 1479/1479 1470/1470
f 1470/1470 1479/1479 1471/1471
f 1479/1479 1480/1480 1471/1471
f 1472/1472 1481/1481 1473/1473
f 1481/1481 1482/1482 1473/1473
f 1473/1473 1482/1482 1474/1474
f 1482/1482 1483/1483 1474/1474
f 1474/1474 1483/1483 1475/1475
f 1483/1483 1484/1484 1475/1475
f 1475/1475 1484/1484 1476/1476
f 1484/1484 1485/1485 1476/1476
f 1476/1476 1485/1485 1477/1477
f 1485/1485 1486/1486 1477/1477
f 1477/1477 1486/1486 1478/1478
f 1486/1486 1487/1487 1478/1478
f 1478/1478 1487/1487 1479/1479
f 1487/1487 1488/1488 1479/1479
f 1479/1479 1488/1488 1480/1480
f 1488/1488 1489/1489 1480/1480
f 1481/1481 1490/1490 1482/1482
f 1490/1490 1491/1491 1482/1482
f 1482/1482 1491/1491 1483/1483
f 1491/1491 1492/1492 1483/1483
f 1483/1483 1492/1492 1484/1484
f 1492/1492 1493/1493 1484/1484
f 1484/1484 1493/1493 1485/1485
f 1493/1493 1494/1494 1485/1485
f 1485/1485 1494/1494 1486/1486
f 1494/1494 1495/1495 1486/1486
f 1486/1486 1495/1495 1487/1487
f 1495/1495 1496/1496 1487/1487
f 1487/1487 1496/1496 1488/1488
f 1496/1496 1497/1497 1488/1488
f 1488/1488 1497/1497 1489/1489
f 1497/1497 1498/1498 1489/1489
f 1490/1490 1499/1499 1491/1491
f 1499/1499 1500/1500 1491/1491
f 1491/1491 1500/1500 1492/1492
f 1500/1500 1501/1501 1492/1492
f 1492/1492 1501/1501 1493/1493
f 1501/1501 1502/1502 1493/1493
f 1493/1493 1502/1502 1494/1494
f 1502/1502 1503/1503 1494/1494
f 1494/1494 1503/1503 1495/1495
f 1503/1503 1504/1504 1495/1495
f 1495/1495 1504/1504 1496/1496
f 1504/1504 1505/1505 1496/1496
f 1496/1496 1505/1505 1497/1497
f 1505/1505 1506/1506 1497/1497
f 1497/1497 1506/1506 1498/1498
f 1506/1506 1507/1507 1498/1498
f 1499/1499 1508/1508 1500/1500
f 1508/1508 1509/1509 1500/1500
f 1500/1500 1509/1509 1501/1501
f 1509/1509 1510/1510 1501/1501
f 1501/1501 1510/1510 1502/1502
f 1510/1510 1511/1511 1502/1502
f 1502/1502 1511/1511 1503/1503
f 1511/1511 1512/1512 1503/1503
f 1503/1503 1512/1512 1504/1504
f 1512/1512 1513/1513 1504/1504
f 1504/1504 1513/1513 1505/1505
f 1513/1513 1514/1514 1505/1505
f 1505/1505 1514/1514 1506/1506
f 1514/1514 1515/1515 1506/1506
f 1506/1506 1515/1515 1507/1507
f 1515/1515 1516/1516 1507/1507
f 1508/1508 1517/1517 1509/1509
f 1517/1517 1518/1518 1509/1509
f 1509/1509 1518/1518 1510/1510
f 1518/1518 1519/1519 1510/1510
f 1510/1510 1519/1519 1511/1511
f 1519/1519 1520/1520 1511/1511
f 1511/1511 1520/1520 1512/1512
f 1520/1520 1521/1521 1512/1512
f 1512/1512 1521/1521 1513/1513
f 1521/1521 1522/1522 1513/1513
f 1513/1513 1522/1522 1514/1514
f 1522/1522 1523/1523 1514/1514
f 1514/1514 1523/1523 1515/1515
f 1523/1523 1524/1524 1515/1515
f 1515/1515 1524/1524 1516/1516
f 1524/1524 1525/1525 1516/1516
f 1517/1517 1526/1526 1518/1518
f 1526/1526 1527/1527 1518/1518
f 1518/1518 1527/1527 1519/1519
f 1527/1527 1528/1528 1519/1519
f 1519/1519 1528/1528 1520/1520
f 1528/1528 1529/1529 1520/1520
f 1520/1520 1529/1529 1521/1521
f 1529/1529 1530/1530 1521/1521
f 1521/1521 1530/1530 1522/1522
f 1530/1530 1531/1531 1522/1522
f 1522/1522 1531/1531 1523/1523
f 1531/1531 1532/1532 1523/1523
f 1523/1523 1532/1532 1524/1524
f 1532/1532 1533/1533 1524/1524
f 1524/1524 1533/1533 1525/1525
f 1533/1533 1534/1534 1525/1525
f 1526/1526 1535/1535 1527/1527
f 1535/1535 1536/1536 1527/1527
f 1527/1527 1536/1536 1528/1528
f 1536/1536 1537/1537 1528/1528
f 1528/1528 1537/1537 1529/1529
f 1537/1537 1538/1538 1529/1529
f 1529/1529 1538/1538 1530/1530
f 1538/1538 1539/1539 1530/1530
f 1530/1530 1539/1539 1531/1531
f 1539/1539 1540/1540 1531/1531
f 1531/1531 1540/1540 1532/1532
f 1540/1540 1541/1541 1532/1532
f 1532/1532 1541/1541 1533/1533
f 1541/1541 1542/1542 1533/1533
f 1533/1533 1542/1542 1534/1534
f 1542/1542 1543/1543 1534/1534
f 1535/1535 1544/1544 1536/1536
f 1544/1544 1545/1545 1536/1536
f 1536/1536 1545/1545 1537/1537
f 1545/1545 1546/1546 1537/1537
f 1537/1537 1546/1546 1538/1538
f 1546/1546 1547/1547 1538/1538
f 1538/1538 1547/1547 1539/1539
f 1547/1547 1548/1548 1539/1539
f 1539/1539 1548/1548 1540/1540
f 1548/1548 1549/1549 1540/1540
f 1540/1540 1549/1549 1541/1541
f 1549/1549 1550/1550 1541/1541
f 1541/1541 1550/1550 1542/1542
f 1550/1550 1551/1551 1542/1542
f 1542/1542 1551/1551 1543/1543
f 1551/1551 1552/1552 1543/1543
f 1544/1544 1553/1553 1545/1545
f 1553/1553 1554/1554 1545/1545
f 1545/1545 1554/1554 1546/1546
f 1554/1554 1555/1555 1546/1546
f 1546/1546 1555/1555 1547/1547
f 1555/1555 1556/1556 1547/1547
f 1547/1547 1556/1556 1548/1548
f 1556/1556 1557/1557 1548/1548
f 1548/1548 1557/1557 1549/1549
f 1557/1557 1558/1558 1549/1549
f 1549/1549 1558/1558 1550/1550
f 1558/1558 1559/1559 1550/1550
f 1550/1550 1559/1559 1551/1551
f 1559/1559 1560/1560 1551/1551
f 1551/1551 1560/1560 1552/1552
f 1560/1560 1561/1561 1552/1552
f 1553/1553 1562/1562 1554/1554
f 1562/1562 1563/1563 1554/1554
f 1554/1554 1563/1563 1555/1555
f 1563/1563 1564/1564 1555/1555
f 1555/1555 1564/1564 1556/1556
f 1564/1564 1565/1565 1556/1556
f 1556/1556 1565/1565 1557/1557
f 1565/1565 1566/1566 1557/1557
f 1557/1557 1566/1566 1558/1558
f 1566/1566 1567/1567 1558/1558
f 1558/1558 1567/1567 1559/1559
f 1567/1567 1568/1568 1559/1559
f 1559/1559 1568/1568 1560/1560
f 1568/1568 1569/1569 1560/1560
f 1560/1560 1569/1569 1561/1561
f 1569/1569 1570/1570 1561/1561
f 1562/1562 1571/1571 1563/1563
f 1571/1571 1572/1572 1563/1563
f 1563/1563 1572/1572 1564/1564
f 1572/1572 1573/1573 1564/1564
f 1564/1564 1573/1573 1565/1565
f 1573/1573 1574/1574 1565/1565
f 1565/1565 1574/1574 1566/1566
f 1574/1574 1575/1575 1566/1566
f 1566/1566 1575/1575 1567/1567
f 1575/1575 1576/1576 1567/1567
f 1567/1567 1576/1576 1568/1568
f 1576/1576 1577/1577 1568/1568
f 1568/1568 1577/1577 1569/1569
f 1577/1577 1578/1578 1569/1569
f 1569/1569 1578/1578 1570/1570
f 1578/1578 1579/1579 1570/1570
f 1571/1571 1580/1580 1572/1572
f 1580/1580 1581/1581 1572/1572
f 1572/1572 1581/1581 1573/1573
f 1581/1581 1582/1582 1573/1573
f 1573/1573 1582/1582 1574/1574
f 1582/1582 1583/1583 1574/1574
f 1574/1574 1583/1583 1575/1575
f 1583/1583 1584/1584 1575/1575
f 1575/1575 1584/1584 1576/1576
f 1584/1584 1585/1585 1576/1576
f 1576/1576 1585/1585 1577/1577
f 1585/1585 1586/1586 1577/1577
f 1577/1577 1586/1586 1578/1578
f 1586/1586 1587/1587 1578/1578
f 1578/1578 1587/1587 1579/1579
f 1587/1587 1588/1588 1579/1579
f 1580/1580 1589/1589 1581/1581
f 1589/1589 1590/1590 1581/1581
f 1581/1581 1590/1590 1582/1582
f 1590/1590 1591/1591 1582/1582
f 1582/1582 1591/1591 1583/1583
f 1591/1591 1592/1592 1583/1583
f 1583/1583 1592/1592 1584/1584
f 1592/1592 1593/1593 1584/1584
f 1584/1584 1593/1593 1585/1585
f 1593/1593 1594/1594 1585/1585
f 1585/1585 1594/1594 1586/1586
f 1594/1594 1595/1595 1586/1586
f 1586/1586 1595/1595 1587/1587
f 1595/1595 1596/1596 1587/1587
f 1587/1587 1596/1596 1588/1588
f 1596/1596 1597/1597 1588/1588
f 1589/1589 1598/1598 1590/1590
f 1598/1598 1599/1599 1590/1590
f 1590/1590 1599/1599 1591/1591
f 1599/1599 1600/1600 1591/1591
f 1591/1591 1600/1600 1592/1592
f 1600/1600 1601/1601 1592/1592
f 1592/1592 1601/1601 1593/1593
f 1601/1601 1602/1602 1593/1593
f 1593/1593 1602/1602 1594/1594
f 1602/1602 1603/1603 1594/1594
f 1594/1594 1603/1603 1595/1595
f 1603/1603 1604/1604 1595/1595
f 1595/1595 1604/1604 1596/1596
f 1604/1604 1605/1605 1596/1596
f 1596/1596 1605/1605 1597/1597
f 1605/1605 1606/1606 1597/1597
f 1598/1598 1607/1607 1599/1599
f 1607/1607 1608/1608 1599/1599
f 1599/1599 1608/1608 1600/1600
f 1608/1608 1609/1609 1600/1600
f 1600/1600 1609/1609 1601/1601
f 1609/1609 1610/1610 1601/1601
f 1601/1601 1610/1610 1602/1602
f 1610/1610 1611/1611 1602/1602
f 1602/1602 1611/1611 1603/1603
f 1611/1611 1612/1612 1603/1603
f 1603/1603 1612/1612 1604/1604
f 1612/1612 1613/1613 1604/1604
f 1604/1604 1613/1613 1605/1605
f 1613/1613 1614/1614 1605/1605
f 1605/1605 1614/1614 1606/1606
f 1614/1614 1615/1615 1606/1606
f 1607/1607 1616/1616 1608/1608
f 1616/1616 1617/1617 1608/1608
f 1608/1608 1617/1617 1609/1609
f 1617/1617 1618/1618 1609/1609
f 1609/1609 1618/1618 1610/1610
f 1618/1618 1619/1619 1610/1610
f 1610/1610 1619/1619 1611/1611
f 1619/1619 1620/1620 1611/1611
f 1611/1611 1620/1620 1612/1612
f 1620/1620 1621/1621 1612/1612
f 1612/1612 1621/1621 1613/1613
f 1621/1621 1622/1622 1613/1613
f 1613/1613 1622/1622 1614/1614
f 1622/1622 1623/1623 1614/1614
f 1614/1614 1623/1623 1615/1615
f 1623/1623 1624/1624 1615/1615
f 1616/1616 1625/1625 1617/1617
f 1625/1625 1626/1626 1617/1617
f 1617/1617 1626/1626 1618/1618
f 1626/1626 1627/1627 1618/1618
f 1618/1618 1627/1627 1619/1619
f 1627/1627 1628/1628 1619/1619
f 1619/1619 1628/1628 1620/1620
f 1628/1628 1629/1629 1620/1620
f 1620/1620 1629/1629 1621/1621
f 1629/1629 1630/1630 1621/1621
f 1621/1621 1630/1630 1622/1622
f 1630/1630 1631/1631 1622/1622
f 1622/1622 1631/1631 1623/1623
f 1631/1631 1632/1632 1623/1623
f 1623/1623 1632/1632 1624/1624
f 1632/1632 1633/1633 1624/1624
v 20.900 73.000 16.000
v 20.636 72.383 16.154
v 20.000 72.127 16.218
v 19.364 72.383 16.154
v 19.100 73.000 16.000
v 19.364 73.617 15.846
v 20.000 73.873 15.782
v 20.636 73.617 15.846
v 20.900 73.000 16.000
v 20.881 73.239 16.957
v 20.618 72.620 17.102
v 19.982 72.358 17.144
v 19.346 72.608 17.057
v 19.082 73.223 16.894
v 19.346 73.843 16.749
v 19.982 74.104 16.707
v 20.618 73.854 16.793
v 20.881 73.239 16.957
v 20.833 73.476 17.904
v 20.569 72.855 18.043
v 19.934 72.589 18.068
v 19.299 72.836 17.967
v 19.036 73.449 17.797
v 19.299 74.070 17.658
v 19.934 74.336 17.632
v 20.569 74.089 17.734
v 20.833 73.476 17.904
v 20.764 73.711 18.843
v 20.501 73.088 18.977
v 19.867 72.820 18.992
v 19.232 73.064 18.879
v 18.969 73.676 18.705
v 19.232 74.299 18.571
v 19.867 74.567 18.555
v 20.501 74.323 18.668
v 20.764 73.711 18.843
v 20.681 73.944 19.776
v 20.419 73.321 19.907
v 19.785 73.051 19.914
v 19.151 73.293 19.794
v 18.889 73.904 19.616
v 19.151 74.527 19.485
v 19.785 74.797 19.478
v 20.419 74.556 19.598
v 20.681 73.944 19.776
v 20.589 74.176 20.704
v 20.327 73.552 20.833
v 19.694 73.281 20.836
v 19.061 73.522 20.711
v 18.798 74.133 20.531
v 19.061 74.757 20.402
v 19.694 75.028 20.399
v 20.327 74.787 20.524
v 20.589 74.176 20.704
v 20.493 74.407 21.629
v 20.230 73.783 21.757
v 19.597 73.512 21.757
v 18.964 73.751 21.630
v 18.702 74.362 21.449
v 18.964 74.986 21.321
v 19.597 75.258 21.321
v 20.230 75.018 21.448
v 20.493 74.407 21.629
v 20.394 74.637 22.550
v 20.132 74.013 22.678
v 19.499 73.742 22.678
v 18.866 73.982 22.551
v 18.604 74.592 22.370
v 18.866 75.216 22.242
v 19.499 75.488 22.241
v 20.132 75.248 22.369
v 20.394 74.637 22.550
v 20.297 74.867 23.468
v 20.035 74.243 23.597
v 19.402 73.972 23.599
v 18.769 74.212 23.474
v 18.506 74.823 23.294
v 18.769 75.447 23.165
v 19.402 75.718 23.163
v 20.035 75.478 23.288
v 20.297 74.867 23.468
v 20.206 75.096 24.383
v 19.943 74.472 24.514
v 19.310 74.202 24.521
v 18.676 74.444 24.399
v 18.414 75.055 24.221
v 18.676 75.679 24.091
v 19.310 75.949 24.084
v 19.943 75.707 24.205
v 20.206 75.096 24.383
v 20.123 75.324 25.296
v 19.861 74.701 25.429
v 19.226 74.433 25.443
v 18.592 74.676 25.329
v 18.329 75.288 25.154
v 18.592 75.911 25.020
v 19.226 76.179 25.006
v 19.861 75.936 25.121
v 20.123 75.324 25.296
v 20.054 75.551 26.204
v 19.791 74.930 26.342
v 19.156 74.664 26.366
v 18.521 74.910 26.262
v 18.258 75.523 26.091
v 18.521 76.144 25.954
v 19.156 76.410 25.930
v 19.791 76.164 26.034
v 20.054 75.551 26.204
v 20.004 75.777 27.108
v 19.741 75.157 27.252
v 19.105 74.895 27.291
v 18.469 75.144 27.202
v 18.206 75.759 27.037
v 18.469 76.379 26.893
v 19.105 76.641 26.854
v 19.741 76.392 26.943
v 20.004 75.777 27.108
v 19.981 76.001 28.004
v 19.718 75.383 28.157
v 19.081 75.126 28.216
v 18.445 75.381 28.148
v 18.181 75.998 27.992
v 18.445 76.616 27.840
v 19.081 76.873 27.780
v 19.718 76.618 27.848
v 19.981 76.001 28.004
v 19.996 76.221 28.886
v 19.733 75.607 29.051
v 19.097 75.358 29.142
v 18.461 75.620 29.105
v 18.198 76.240 28.962
v 18.461 76.855 28.796
v 19.097 77.104 28.705
v 19.733 76.842 28.742
v 19.996 76.221 28.886
v 20.067 76.435 29.740
v 19.805 75.825 29.925
v 19.173 75.588 30.065
v 18.542 75.863 30.076
v 18.280 76.488 29.953
v 18.542 77.098 29.767
v 19.173 77.335 29.628
v 19.805 77.060 29.617
v 20.067 76.435 29.740
v 20.217 76.633 30.533
v 19.962 76.032 30.753
v 19.347 75.816 30.974
v 18.732 76.111 31.068
v 18.477 76.745 30.979
v 18.732 77.346 30.759
v 19.347 77.562 30.538
v 19.962 77.267 30.444
v 20.217 76.633 30.533
v 20.474 76.793 31.172
v 20.246 76.208 31.456
v 19.698 76.030 31.832
v 19.149 76.364 32.081
v 18.922 77.014 32.056
v 19.149 77.599 31.772
v 19.698 77.777 31.396
v 20.246 77.443 31.147
v 20.474 76.793 31.172
v 20.801 76.876 31.503
v 20.672 76.314 31.881
v 20.360 76.193 32.483
v 20.048 76.583 32.957
v 19.919 77.256 33.025
v 20.048 77.818 32.648
v 20.360 77.939 32.046
v 20.672 77.549 31.572
v 20.801 76.876 31.503
v 21.359 76.913 31.651
v 21.333 76.359 32.060
v 21.270 76.257 32.738
v 21.208 76.666 33.289
v 21.182 77.347 33.389
v 21.208 77.901 32.980
v 21.270 78.003 32.302
v 21.333 77.594 31.751
v 21.359 76.913 31.651
v 22.141 76.910 31.642
v 22.165 76.357 32.051
v 22.223 76.255 32.729
v 22.281 76.664 33.280
v 22.305 77.345 33.381
v 22.281 77.899 32.972
v 22.223 78.001 32.293
v 22.165 77.591 31.742
v 22.141 76.910 31.642
v 23.017 76.881 31.524
v 23.062 76.327 31.931
v 23.168 76.223 32.603
v 23.275 76.631 33.148
v 23.319 77.311 33.246
v 23.275 77.866 32.839
v 23.168 77.969 32.167
v 23.062 77.561 31.622
v 23.017 76.881 31.524
v 23.946 76.840 31.361
v 23.993 76.286 31.767
v 24.107 76.182 32.438
v 24.222 76.589 32.982
v 24.269 77.270 33.079
v 24.222 77.824 32.673
v 24.107 77.928 32.002
v 23.993 77.521 31.458
v 23.946 76.840 31.361
v 24.930 76.801 31.205
v 24.965 76.247 31.613
v 25.049 76.144 32.289
v 25.134 76.553 32.837
v 25.169 77.234 32.936
v 25.134 77.788 32.528
v 25.049 77.891 31.852
v 24.965 77.482 31.304
v 24.930 76.801 31.205
v 26.000 76.782 31.127
v 26.000 76.228 31.537
v 26.000 76.127 32.218
v 26.000 76.537 32.772
v 26.000 77.218 32.873
v 26.000 77.772 32.463
v 26.000 77.873 31.782
v 26.000 77.463 31.228
v 26.000 76.782 31.127
vt 0.00000 0.00000
vt 0.00000 0.12500
vt 0.00000 0.25000
vt 0.00000 0.37500
vt 0.00000 0.50000
vt 0.00000 0.62500
vt 0.00000 0.75000
vt 0.00000 0.87500
vt 0.00000 1.00000
vt 0.04167 0.00000
vt 0.04167 0.12500
vt 0.04167 0.25000
vt 0.04167 0.37500
vt 0.04167 0.50000
vt 0.04167 0.62500
vt 0.04167 0.75000
vt 0.04167 0.87500
vt 0.04167 1.00000
vt 0.08333 0.00000
vt 0.08333 0.12500
vt 0.08333 0.25000
vt 0.08333 0.37500
vt 0.08333 0.50000
vt 0.08333 0.62500
vt 0.08333 0.75000
vt 0.08333 0.87500
vt 0.08333 1.00000
vt 0.12500 0.00000
vt 0.12500 0.12500
vt 0.12500 0.25000
vt 0.12500 0.37500
vt 0.12500 0.50000
vt 0.12500 0.62500
vt 0.12500 0.75000
vt 0.12500 0.87500
vt 0.12500 1.00000
vt 0.16667 0.00000
vt 0.16667 0.12500
vt 0.16667 0.25000
vt 0.16667 0.37500
vt 0.16667 0.50000
vt 0.16667 0.62500
vt 0.16667 0.75000
vt 0.16667 0.87500
vt 0.16667 1.00000
vt 0.20833 0.00000
vt 0.20833 0.12500
vt 0.20833 0.25000
vt 0.20833 0.37500
vt 0.20833 0.50000
vt 0.20833 0.62500
vt 0.20833 0.75000
vt 0.20833 0.87500
vt 0.20833 1.00000
vt 0.25000 0.00000
vt 0.25000 0.12500
vt 0.25000 0.25000
vt 0.25000 0.37500
vt 0.25000 0.50000
vt 0.25000 0.62500
vt 0.25000 0.75000
vt 0.25000 0.87500
vt 0.25000 1.00000
vt 0.29167 0.00000
vt 0.29167 0.12500
vt 0.29167 0.25000
vt 0.29167 0.37500
vt 0.29167 0.50000
vt 0.29167 0.62500
vt 0.29167 0.75000
vt 0.29167 0.87500
vt 0.29167 1.00000
vt 0.33333 0.00000
vt 0.33333 0.12500
vt 0.33333 0.25000
vt 0.33333 0.37500
vt 0.33333 0.50000
vt 0.33333 0.62500
vt 0.33333 0.75000
vt 0.33333 0.87500
vt 0.33333 1.00000
vt 0.37500 0.00000
vt 0.37500 0.12500
vt 0.37500 0.25000
vt 0.37500 0.37500
vt 0.37500 0.50000
vt 0.37500 0.62500
vt 0.37500 0.75000
vt 0.37500 0.87500
vt 0.37500 1.00000
vt 0.41667 0.00000
vt 0.41667 0.12500
vt 0.41667 0.25000
vt 0.41667 0.37500
vt 0.41667 0.50000
vt 0.41667 0.62500
vt 0.41667 0.75000
vt 0.41667 0.87500
vt 0.41667 1.00000
vt 0.45833 0.00000
vt 0.45833 0.12500
vt 0.45833 0.25000
vt 0.45833 0.37500
vt 0.45833 0.50000
vt 0.45833 0.62500
vt 0.45833 0.75000
vt 0.45833 0.87500
vt 0.45833 1.00000
vt 0.50000 0.00000
vt 0.50000 0.12500
vt 0.50000 0.25000
vt 0.50000 0.37500
vt 0.50000 0.50000
vt 0.50000 0.62500
vt 0.50000 0.75000
vt 0.50000 0.87500
vt 0.50000 1.00000
vt 0.54167 0.00000
vt 0.54167 0.12500
vt 0.54167 0.25000
vt 0.54167 0.37500
vt 0.54167 0.50000
vt 0.54167 0.62500
vt 0.54167 0.75000
vt 0.54167 0.87500
vt 0.54167 1.00000
vt 0.58333 0.00000
vt 0.58333 0.12500
vt 0.58333 0.25000
vt 0.58333 0.37500
vt 0.58333 0.50000
vt 0.58333 0.62500
vt 0.58333 0.75000
vt 0.58333 0.87500
vt 0.58333 1.00000
vt 0.62500 0.00000
vt 0.62500 0.12500
vt 0.62500 0.25000
vt 0.62500 0.37500
vt 0.62500 0.50000
vt 0.62500 0.62500
vt 0.62500 0.75000
vt 0.62500 0.87500
vt 0.62500 1.00000
vt 0.66667 0.00000
vt 0.66667 0.12500
vt 0.66667 0.25000
vt 0.66667 0.37500
vt 0.66667 0.50000
vt 0.66667 0.62500
vt 0.66667 0.75000
vt 0.66667 0.87500
vt 0.66667 1.00000
vt 0.70833 0.00000
vt 0.70833 0.12500
vt 0.70833 0.25000
vt 0.70833 0.37500
vt 0.70833 0.50000
vt 0.70833 0.62500
vt 0.70833 0.75000
vt 0.70833 0.87500
vt 0.70833 1.00000
vt 0.75000 0.00000
vt 0.75000 0.12500
vt 0.75000 0.25000
vt 0.75000 0.37500
vt 0.75000 0.50000
vt 0.75000 0.62500
vt 0.75000 0.75000
vt 0.75000 0.87500
vt 0.75000 1.00000
vt 0.79167 0.00000
vt 0.79167 0.12500
vt 0.79167 0.25000
vt 0.79167 0.37500
vt 0.79167 0.50000
vt 0.79167 0.62500
vt 0.79167 0.75000
vt 0.79167 0.87500
vt 0.79167 1.00000
vt 0.83333 0.00000
vt 0.83333 0.12500
vt 0.83333 0.25000
vt 0.83333 0.37500
vt 0.83333 0.50000
vt 0.83333 0.62500
vt 0.83333 0.75000
vt 0.83333 0.87500
vt 0.83333 1.00000
vt 0.87500 0.00000
vt 0.87500 0.12500
vt 0.87500 0.25000
vt 0.87500 0.37500
vt 0.87500 0.50000
vt 0.87500 0.62500
vt 0.87500 0.75000
vt 0.87500 0.87500
vt 0.87500 1.00000
vt 0.91667 0.00000
vt 0.91667 0.12500
vt 0.91667 0.25000
vt 0.91667 0.37500
vt 0.91667 0.50000
vt 0.91667 0.62500
vt 0.91667 0.75000
vt 0.91667 0.87500
vt 0.91667 1.00000
vt 0.95833 0.00000
vt 0.95833 0.12500
vt 0.95833 0.25000
vt 0.95833 0.37500
vt 0.95833 0.50000
vt 0.95833 0.62500
vt 0.95833 0.75000
vt 0.95833 0.87500
vt 0.95833 1.00000
vt 1.00000 0.00000
vt 1.00000 0.12500
vt 1.00000 0.25000
vt 1.00000 0.37500
vt 1.00000 0.50000
vt 1.00000 0.62500
vt 1.00000 0.75000
vt 1.00000 0.87500
vt 1.00000 1.00000
f 1634/1634 1643/1643 1635/1635
f 1643/1643 1644/1644 1635/1635
f 1635/1635 1644/1644 1636/1636
f 1644/1644 1645/1645 1636/1636
f 1636/1636 1645/1645 1637/1637
f 1645/1645 1646/1646 1637/1637
f 1637/1637 1646/1646 1638/1638
f 1646/1646 1647/1647 1638/1638
f 1638/1638 1647/1647 1639/1639
f 1647/1647 1648/1648 1639/1639
f 1639/1639 1648/1648 1640/1640
f 1648/1648 1649/1649 1640/1640
f 1640/1640 1649/1649 1641/1641
f 1649/1649 1650/1650 1641/1641
f 1641/1641 1650/1650 1642/1642
f 1650/1650 1651/1651 1642/1642
f 1643/1643 1652/1652 1644/1644
f 1652/1652 1653/1653 1644/1644
f 1644/1644 1653/1653 1645/1645
f 1653/1653 1654/1654 1645/1645
f 1645/1645 1654/1654 1646/1646
f 1654/1654 1655/1655 1646/1646
f 1646/1646 1655/1655 1647/1647
f 1655/1655 1656/1656 1647/1647
f 1647/1647 1656/1656 1648/1648
f 1656/1656 1657/1657 1648/1648
f 1648/1648 1657/1657 1649/1649
f 1657/1657 1658/1658 1649/1649
f 1649/1649 1658/1658 1650/1650
f 1658/1658 1659/1659 1650/1650
f 1650/1650 1659/1659 1651/1651
f 1659/1659 1660/1660 1651/1651
f 1652/1652 1661/1661 1653/1653
f 1661/1661 1662/1662 1653/1653
f 1653/1653 1662/1662 1654/1654
f 1662/1662 1663/1663 1654/1654
f 1654/1654 1663/1663 1655/1655
f 1663/1663 1664/1664 1655/1655
f 1655/1655 1664/1664 1656/1656
f 1664/1664 1665/1665 1656/1656
f 1656/1656 1665/1665 1657/1657
f 1665/1665 1666/1666 1657/1657
f 1657/1657 1666/1666 1658/1658
f 1666/1666 1667/1667 1658/1658
f 1658/1658 1667/1667 1659/1659
f 1667/1667 1668/1668 1659/1659
f 1659/1659 1668/1668 1660/1660
f 1668/1668 1669/1669 1660/1660
f 1661/1661 1670/1670 1662/1662
f 1670/1670 1671/1671 1662/1662
f 1662/1662 1671/1671 1663/1663
f 1671/1671 1672/1672 1663/1663
f 1663/1663 1672/1672 1664/1664
f 1672/1672 1673/1673 1664/1664
f 1664/1664 1673/1673 1665/1665
f 1673/1673 1674/1674 1665/1665
f 1665/1665 1674/1674 1666/1666
f 1674/1674 1675/1675 1666/1666
f 1666/1666 1675/1675 1667/1667
f 1675/1675 1676/1676 1667/1667
f 1667/1667 1676/1676 1668/1668
f 1676/1676 1677/1677 1668/1668
f 1668/1668 1677/1677 1669/1669
f 1677/1677 1678/1678 1669/1669
f 1670/1670 1679/1679 1671/1671
f 1679/1679 1680/1680 1671/1671
f 1671/1671 1680/1680 1672/1672
f 1680/1680 1681/1681 1672/1672
f 1672/1672 1681/1681 1673/1673
f 1681/1681 1682/1682 1673/1673
f 1673/1673 1682/1682 1674/1674
f 1682/1682 1683/1683 1674/1674
f 1674/1674 1683/1683 1675/1675
f 1683/1683 1684/1684 1675/1675
f 1675/1675 1684/1684 1676/1676
f 1684/1684 1685/1685 1676/1676
f 1676/1676 1685/1685 1677/1677
f 1685/1685 1686/1686 1677/1677
f 1677/1677 1686/1686 1678/1678
f 1686/1686 1687/1687 1678/1678
f 1679/1679 1688/1688 1680/1680
f 1688/1688 1689/1689 1680/1680
f 1680/1680 1689/1689 1681/1681
f 1689/1689 1690/1690 1681/1681
f 1681/1681 1690/1690 1682/1682
f 1690/1690 1691/1691 1682/1682
f 1682/1682 1691/1691 1683/1683
f 1691/1691 1692/1692 1683/1683
f 1683/1683 1692/1692 1684/1684
f 1692/1692 1693/1693 1684/1684
f 1684/1684 1693/1693 1685/1685
f 1693/1693 1694/1694 1685/1685
f 1685/1685 1694/1694 1686/1686
f 1694/1694 1695/1695 1686/1686
f 1686/1686 1695/1695 1687/1687
f 1695/1695 1696/1696 1687/1687
f 1688/1688 1697/1697 1689/1689
f 1697/1697 1698/1698 1689/1689
f 1689/1689 1698/1698 1690/1690
f 1698/1698 1699/1699 1690/1690
f 1690/1690 1699/1699 1691/1691
f 1699/1699 1700/1700 1691/1691
f 1691/1691 1700/1700 1692/1692
f 1700/1700 1701/1701 1692/1692
f 1692/1692 1701/1701 1693/1693
f 1701/1701 1702/1702 1693/1693
f 1693/1693 1702/1702 1694/1694
f 1702/1702 1703/1703 1694/1694
f 1694/1694 1703/1703 1695/1695
f 1703/1703 1704/1704 1695/1695
f 1695/1695 1704/1704 1696/1696
f 1704/1704 1705/1705 1696/1696
f 1697/1697 1706/1706 1698/1698
f 1706/1706 1707/1707 1698/1698
f 1698/1698 1707/1707 1699/1699
f 1707/1707 1708/1708 1699/1699
f 1699/1699 1708/1708 1700/1700
f 1708/1708 1709/1709 1700/1700
f 1700/1700 1709/1709 1701/1701
f 1709/1709 1710/1710 1701/1701
f 1701/1701 1710/1710 1702/1702
f 1710/1710 1711/1711 1702/1702
f 1702/1702 1711/1711 1703/1703
f 1711/1711 1712/1712 1703/1703
f 1703/1703 1712/1712 1704/1704
f 1712/1712 1713/1713 1704/1704
f 1704/1704 1713/1713 1705/1705
f 1713/1713 1714/1714 1705/1705
f 1706/1706 1715/1715 1707/1707
f 1715/1715 1716/1716 1707/1707
f 1707/1707 1716/1716 1708/1708
f 1716/1716 1717/1717 1708/1708
f 1708/1708 1717/1717 1709/1709
f 1717/1717 1718/1718 1709/1709
f 1709/1709 1718/1718 1710/1710
f 1718/1718 1719/1719 1710/1710
f 1710/1710 1719/1719 1711/1711
f 1719/1719 1720/1720 1711/1711
f 1711/1711 1720/1720 1712/1712
f 1720/1720 1721/1721 1712/1712
f 1712/1712 1721/1721 1713/1713
f 1721/1721 1722/1722 1713/1713
f 1713/1713 1722/1722 1714/1714
f 1722/1722 1723/1723 1714/1714
f 1715/1715 1724/1724 1716/1716
f 1724/1724 1725/1725 1716/1716
f 1716/1716 1725/1725 1717/1717
f 1725/1725 1726/1726 1717/1717
f 1717/1717 1726/1726 1718/1718
f 1726/1726 1727/1727 1718/1718
f 1718/1718 1727/1727 1719/1719
f 1727/1727 1728/1728 1719/1719
f 1719/1719 1728/1728 1720/1720
f 1728/1728 1729/1729 1720/1720
f 1720/1720 1729/1729 1721/1721
f 1729/1729 1730/1730 1721/1721
f 1721/1721 1730/1730 1722/1722
f 1730/1730 1731/1731 1722/1722
f 1722/1722 1731/1731 1723/1723
f 1731/1731 1732/1732 1723/1723
f 1724/1724 1733/1733 1725/1725
f 1733/1733 1734/1734 1725/1725
f 1725/1725 1734/1734 1726/1726
f 1734/1734 1735/1735 1726/1726
f 1726/1726 1735/1735 1727/1727
f 1735/1735 1736/1736 1727/1727
f 1727/1727 1736/1736 1728/1728
f 1736/1736 1737/1737 1728/1728
f 1728/1728 1737/1737 1729/1729
f 1737/1737 1738/1738 1729/1729
f 1729/1729 1738/1738 1730/1730
f 1738/1738 1739/1739 1730/1730
f 1730/1730 1739/1739 1731/1731
f 1739/1739 1740/1740 1731/1731
f 1731/1731 1740/1740 1732/1732
f 1740/1740 1741/1741 1732/1732
f 1733/1733 1742/1742 1734/1734
f 1742/1742 1743/1743 1734/1734
f 1734/1734 1743/1743 1735/1735
f 1743/1743 1744/1744 1735/1735
f 1735/1735 1744/1744 1736/1736
f 1744/1744 1745/1745 1736/1736
f 1736/1736 1745/1745 1737/1737
f 1745/1745 1746/1746 1737/1737
f 1737/1737 1746/1746 1738/1738
f 1746/1746 1747/1747 1738/1738
f 1738/1738 1747/1747 1739/1739
f 1747/1747 1748/1748 1739/1739
f 1739/1739 1748/1748 1740/1740
f 1748/1748 1749/1749 1740/1740
f 1740/1740 1749/1749 1741/1741
f 1749/1749 1750/1750 1741/1741
f 1742/1742 1751/1751 1743/1743
f 1751/1751 1752/1752 1743/1743
f 1743/1743 1752/1752 1744/1744
f 1752/1752 1753/1753 1744/1744
f 1744/1744 1753/1753 1745/1745
f 1753/1753 1754/1754 1745/1745
f 1745/1745 1754/1754 1746/1746
f 1754/1754 1755/1755 1746/1746
f 1746/1746 1755/1755 1747/1747
f 1755/1755 1756/1756 1747/1747
f 1747/1747 1756/1756 1748/1748
f 1756/1756 1757/1757 1748/1748
f 1748/1748 1757/1757 1749/1749
f 1757/1757 1758/1758 1749/1749
f 1749/1749 1758/1758 1750/1750
f 1758/1758 1759/1759 1750/1750
f 1751/1751 1760/1760 1752/1752
f 1760/1760 1761/1761 1752/1752
f 1752/1752 1761/1761 1753/1753
f 1761/1761 1762/1762 1753/1753
f 1753/1753 1762/1762 1754/1754
f 1762/1762 1763/1763 1754/1754
f 1754/1754 1763/1763 1755/1755
f 1763/1763 1764/1764 1755/1755
f 1755/1755 1764/1764 1756/1756
f 1764/1764 1765/1765 1756/1756
f 1756/1756 1765/1765 1757/1757
f 1765/1765 1766/1766 1757/1757
f 1757/1757 1766/1766 1758/1758
f 1766/1766 1767/1767 1758/1758
f 1758/1758 1767/1767 1759/1759
f 1767/1767 1768/1768 1759/1759
f 1760/1760 1769/1769 1761/1761
f 1769/1769 1770/1770 1761/1761
f 1761/1761 1770/1770 1762/1762
f 1770/1770 1771/1771 1762/1762
f 1762/1762 1771/1771 1763/1763
f 1771/1771 1772/1772 1763/1763
f 1763/1763 1772/1772 1764/1764
f 1772/1772 1773/1773 1764/1764
f 1764/1764 1773/1773 1765/1765
f 1773/1773 1774/1774 1765/1765
f 1765/1765 1774/1774 1766/1766
f 1774/1774 1775/1775 1766/1766
f 1766/1766 1775/1775 1767/1767
f 1775/1775 1776/1776 1767/1767
f 1767/1767 1776/1776 1768/1768
f 1776/1776 1777/1777 1768/1768
f 1769/1769 1778/1778 1770/1770
f 1778/1778 1779/1779 1770/1770
f 1770/1770 1779/1779 1771/1771
f 1779/1779 1780/1780 1771/1771
f 1771/1771 1780/1780 1772/1772
f 1780/1780 1781/1781 1772/1772
f 1772/1772 1781/1781 1773/1773
f 1781/1781 1782/1782 1773/1773
f 1773/1773 1782/1782 1774/1774
f 1782/1782 1783/1783 1774/1774
f 1774/1774 1783/1783 1775/1775
f 1783/1783 1784/1784 1775/1775
f 1775/1775 1784/1784 1776/1776
f 1784/1784 1785/1785 1776/1776
f 1776/1776 1785/1785 1777/1777
f 1785/1785 1786/1786 1777/1777
f 1778/1778 1787/1787 1779/1779
f 1787/1787 1788/1788 1779/1779
f 1779/1779 1788/1788 1780/1780
f 1788/1788 1789/1789 1780/1780
f 1780/1780 1789/1789 1781/1781
f 1789/1789 1790/1790 1781/1781
f 1781/1781 1790/1790 1782/1782
f 1790/1790 1791/1791 1782/1782
f 1782/1782 1791/1791 1783/1783
f 1791/1791 1792/1792 1783/1783
f 1783/1783 1792/1792 1784/1784
f 1792/1792 1793/1793 1784/1784
f 1784/1784 1793/1793 1785/1785
f 1793/1793 1794/1794 1785/1785
f 1785/1785 1794/1794 1786/1786
f 1794/1794 1795/1795 1786/1786
f 1787/1787 1796/1796 1788/1788
f 1796/1796 1797/1797 1788/1788
f 1788/1788 1797/1797 1789/1789
f 1797/1797 1798/1798 1789/1789
f 1789/1789 1798/1798 1790/1790
f 1798/1798 1799/1799 1790/1790
f 1790/1790 1799/1799 1791/1791
f 1799/1799 1800/1800 1791/1791
f 1791/1791 1800/1800 1792/1792
f 1800/1800 1801/1801 1792/1792
f 1792/1792 1801/1801 1793/1793
f 1801/1801 1802/1802 1793/1793
f 1793/1793 1802/1802 1794/1794
f 1802/1802 1803/1803 1794/1794
f 1794/1794 1803/1803 1795/1795
f 1803/1803 1804/1804 1795/1795
f 1796/1796 1805/1805 1797/1797
f 1805/1805 1806/1806 1797/1797
f 1797/1797 1806/1806 1798/1798
f 1806/1806 1807/1807 1798/1798
f 1798/1798 1807/1807 1799/1799
f 1807/1807 1808/1808 1799/1799
f 1799/1799 1808/1808 1800/1800
f 1808/1808 1809/1809 1800/1800
f 1800/1800 1809/1809 1801/1801
f 1809/1809 1810/1810 1801/1801
f 1801/1801 1810/1810 1802/1802
f 1810/1810 1811/1811 1802/1802
f 1802/1802 1811/1811 1803/1803
f 1811/1811 1812/1812 1803/1803
f 1803/1803 1812/1812 1804/1804
f 1812/1812 1813/1813 1804/1804
f 1805/1805 1814/1814 1806/1806
f 1814/1814 1815/1815 1806/1806
f 1806/1806 1815/1815 1807/1807
f 1815/1815 1816/1816 1807/1807
f 1807/1807 1816/1816 1808/1808
f 1816/1816 1817/1817 1808/1808
f 1808/1808 1817/1817 1809/1809
f 1817/1817 1818/1818 1809/1809
f 1809/1809 1818/1818 1810/1810
f 1818/1818 1819/1819 1810/1810
f 1810/1810 1819/1819 1811/1811
f 1819/1819 1820/1820 1811/1811
f 1811/1811 1820/1820 1812/1812
f 1820/1820 1821/1821 1812/1812
f 1812/1812 1821/1821 1813/1813
f 1821/1821 1822/1822 1813/1813
f 1814/1814 1823/1823 1815/1815
f 1823/1823 1824/1824 1815/1815
f 1815/1815 1824/1824 1816/1816
f 1824/1824 1825/1825 1816/1816
f 1816/1816 1825/1825 1817/1817
f 1825/1825 1826/1826 1817/1817
f 1817/1817 1826/1826 1818/1818
f 1826/1826 1827/1827 1818/1818
f 1818/1818 1827/1827 1819/1819
f 1827/1827 1828/1828 1819/1819
f 1819/1819 1828/1828 1820/1820
f 1828/1828 1829/1829 1820/1820
f 1820/1820 1829/1829 1821/1821
f 1829/1829 1830/1830 1821/1821
f 1821/1821 1830/1830 1822/1822
f 1830/1830 1831/1831 1822/1822
f 1823/1823 1832/1832 1824/1824
f 1832/1832 1833/1833 1824/1824
f 1824/1824 1833/1833 1825/1825
f 1833/1833 1834/1834 1825/1825
f 1825/1825 1834/1834 1826/1826
f 1834/1834 1835/1835 1826/1826
f 1826/1826 1835/1835 1827/1827
f 1835/1835 1836/1836 1827/1827
f 1827/1827 1836/1836 1828/1828
f 1836/1836 1837/1837 1828/1828
f 1828/1828 1837/1837 1829/1829
f 1837/1837 1838/1838 1829/1829
f 1829/1829 1838/1838 1830/1830
f 1838/1838 1839/1839 1830/1830
f 1830/1830 1839/1839 1831/1831
f 1839/1839 1840/1840 1831/1831
f 1832/1832 1841/1841 1833/1833
f 1841/1841 1842/1842 1833/1833
f 1833/1833 1842/1842 1834/1834
f 1842/1842 1843/1843 1834/1834
f 1834/1834 1843/1843 1835/1835
f 1843/1843 1844/1844 1835/1835
f 1835/1835 1844/1844 1836/1836
f 1844/1844 1845/1845 1836/1836
f 1836/1836 1845/1845 1837/1837
f 1845/1845 1846/1846 1837/1837
f 1837/1837 1846/1846 1838/1838
f 1846/1846 1847/1847 1838/1838
f 1838/1838 1847/1847 1839/1839
f 1847/1847 1848/1848 1839/1839
f 1839/1839 1848/1848 1840/1840
f 1848/1848 1849/1849 1840/1840
f 1841/1841 1850/1850 1842/1842
f 1850/1850 1851/1851 1842/1842
f 1842/1842 1851/1851 1843/1843
f 1851/1851 1852/1852 1843/1843
f 1843/1843 1852/1852 1844/1844
f 1852/1852 1853/1853 1844/1844
f 1844/1844 1853/1853 1845/1845
f 1853/1853 1854/1854 1845/1845
f 1845/1845 1854/1854 1846/1846
f 1854/1854 1855/1855 1846/1846
f 1846/1846 1855/1855 1847/1847
f 1855/1855 1856/1856 1847/1847
f 1847/1847 1856/1856 1848/1848
f 1856/1856 1857/1857 1848/1848
f 1848/1848 1857/1857 1849/1849
f 1857/1857 1858/1858 1849/1849
v 71.000 -68.500 14.000
v 71.000 -68.310 13.043
v 71.000 -67.768 12.232
v 71.000 -66.957 11.690
v 71.000 -66.000 11.500
v 71.000 -65.043 11.690
v 71.000 -64.232 12.232
v 71.000 -63.690 13.043
v 71.000 -63.500 14.000
v 71.000 -63.690 14.957
v 71.000 -64.232 15.768
v 71.000 -65.043 16.310
v 71.000 -66.000 16.500
v 71.000 -66.957 16.310
v 71.000 -67.768 15.768
v 71.000 -68.310 14.957
v 71.000 -68.500 14.000
v -71.000 -68.500 14.000
v -71.000 -68.310 13.043
v -71.000 -67.768 12.232
v -71.000 -66.957 11.690
v -71.000 -66.000 11.500
v -71.000 -65.043 11.690
v -71.000 -64.232 12.232
v -71.000 -63.690 13.043
v -71.000 -63.500 14.000
v -71.000 -63.690 14.957
v -71.000 -64.232 15.768
v -71.000 -65.043 16.310
v -71.000 -66.000 16.500
v -71.000 -66.957 16.310
v -71.000 -67.768 15.768
v -71.000 -68.310 14.957
v -71.000 -68.500 14.000
v 71.000 -66.000 14.000
v 71.000 -66.000 14.000
v 71.000 -66.000 14.000
v 71.000 -66.000 14.000
v 71.000 -66.000 14.000
v 71.000 -66.000 14.000
v 71.000 -66.000 14.000
v 71.000 -66.000 14.000
v 71.000 -66.000 14.000
v 71.000 -66.000 14.000
v 71.000 -66.000 14.000
v 71.000 -66.000 14.000
v 71.000 -66.000 14.000
v 71.000 -66.000 14.000
v 71.000 -66.000 14.000
v 71.000 -66.000 14.000
v 71.000 -68.500 14.000
v 71.000 -68.310 13.043
v 71.000 -67.768 12.232
v 71.000 -66.957 11.690
v 71.000 -66.000 11.500
v 71.000 -65.043 11.690
v 71.000 -64.232 12.232
v 71.000 -63.690 13.043
v 71.000 -63.500 14.000
v 71.000 -63.690 14.957
v 71.000 -64.232 15.768
v 71.000 -65.043 16.310
v 71.000 -66.000 16.500
v 71.000 -66.957 16.310
v 71.000 -67.768 15.768
v 71.000 -68.310 14.957
v 71.000 -68.500 14.000
v -71.000 -66.000 14.000
v -71.000 -66.000 14.000
v -71.000 -66.000 14.000
v -71.000 -66.000 14.000
v -71.000 -66.000 14.000
v -71.000 -66.000 14.000
v -71.000 -66.000 14.000
v -71.000 -66.000 14.000
v -71.000 -66.000 14.000
v -71.000 -66.000 14.000
v -71.000 -66.000 14.000
v -71.000 -66.000 14.000
v -71.000 -66.000 14.000
v -71.000 -66.000 14.000
v -71.000 -66.000 14.000
v -71.000 -66.000 14.000
v -71.000 -68.500 14.000
v -71.000 -68.310 13.043
v -71.000 -67.768 12.232
v -71.000 -66.957 11.690
v -71.000 -66.000 11.500
v -71.000 -65.043 11.690
v -71.000 -64.232 12.232
v -71.000 -63.690 13.043
v -71.000 -63.500 14.000
v -71.000 -63.690 14.957
v -71.000 -64.232 15.768
v -71.000 -65.043 16.310
v -71.000 -66.000 16.500
v -71.000 -66.957 16.310
v -71.000 -67.768 15.768
v -71.000 -68.310 14.957
v -71.000 -68.500 14.000
vt 0.00000 1.00000
vt 0.06250 1.00000
vt 0.12500 1.00000
vt 0.18750 1.00000
vt 0.25000 1.00000
vt 0.31250 1.00000
vt 0.37500 1.00000
vt 0.43750 1.00000
vt 0.50000 1.00000
vt 0.56250 1.00000
vt 0.62500 1.00000
vt 0.68750 1.00000
vt 0.75000 1.00000
vt 0.81250 1.00000
vt 0.87500 1.00000
vt 0.93750 1.00000
vt 1.00000 1.00000
vt 0.00000 0.00000
vt 0.06250 0.00000
vt 0.12500 0.00000
vt 0.18750 0.00000
vt 0.25000 0.00000
vt 0.31250 0.00000
vt 0.37500 0.00000
vt 0.43750 0.00000
vt 0.50000 0.00000
vt 0.56250 0.00000
vt 0.62500 0.00000
vt 0.68750 0.00000
vt 0.75000 0.00000
vt 0.81250 0.00000
vt 0.87500 0.00000
vt 0.93750 0.00000
vt 1.00000 0.00000
vt 0.50000 0.50000
vt 0.50000 0.50000
vt 0.50000 0.50000
vt 0.50000 0.50000
vt 0.50000 0.50000
vt 0.50000 0.50000
vt 0.50000 0.50000
vt 0.50000 0.50000
vt 0.50000 0.50000
vt 0.50000 0.50000
vt 0.50000 0.50000
vt 0.50000 0.50000
vt 0.50000 0.50000
vt 0.50000 0.50000
vt 0.50000 0.50000
vt 0.50000 0.50000
vt 1.00000 0.50000
vt 0.96194 0.69134
vt 0.85355 0.85355
vt 0.69134 0.96194
vt 0.50000 1.00000
vt 0.30866 0.96194
vt 0.14645 0.85355
vt 0.03806 0.69134
vt 0.00000 0.50000
vt 0.03806 0.30866
vt 0.14645 0.14645
vt 0.30866 0.03806
vt 0.50000 0.00000
vt 0.69134 0.03806
vt 0.85355 0.14645
vt 0.96194 0.30866
vt 1.00000 0.50000
vt 0.50000 0.50000
vt 0.50000 0.50000
vt 0.50000 0.50000
vt 0.50000 0.50000
vt 0.50000 0.50000
vt 0.50000 0.50000
vt 0.50000 0.50000
vt 0.50000 0.50000
vt 0.50000 0.50000
vt 0.50000 0.50000
vt 0.50000 0.50000
vt 0.50000 0.50000
vt 0.50000 0.50000
vt 0.50000 0.50000
vt 0.50000 0.50000
vt 0.50000 0.50000
vt 1.00000 0.50000
vt 0.96194 0.30866
vt 0.85355 0.14645
vt 0.69134 0.03806
vt 0.50000 0.00000
vt 0.30866 0.03806
vt 0.14645 0.14645
vt 0.03806 0.30866
vt 0.00000 0.50000
vt 0.03806 0.69134
vt 0.14645 0.85355
vt 0.30866 0.96194
vt 0.50000 1.00000
vt 0.69134 0.96194
vt 0.85355 0.85355
vt 0.96194 0.69134
vt 1.00000 0.50000
f 1859/1859 1876/1876 1860/1860
f 1876/1876 1877/1877 1860/1860
f 1860/1860 1877/1877 1861/1861
f 1877/1877 1878/1878 1861/1861
f 1861/1861 1878/1878 1862/1862
f 1878/1878 1879/1879 1862/1862
f 1862/1862 1879/1879 1863/1863
f 1879/1879 1880/1880 1863/1863
f 1863/1863 1880/1880 1864/1864
f 1880/1880 1881/1881 1864/1864
f 1864/1864 1881/1881 1865/1865
f 1881/1881 1882/1882 1865/1865
f 1865/1865 1882/1882 1866/1866
f 1882/1882 1883/1883 1866/1866
f 1866/1866 1883/1883 1867/1867
f 1883/1883 1884/1884 1867/1867
f 1867/1867 1884/1884 1868/1868
f 1884/1884 1885/1885 1868/1868
f 1868/1868 1885/1885 1869/1869
f 1885/1885 1886/1886 1869/1869
f 1869/1869 1886/1886 1870/1870
f 1886/1886 1887/1887 1870/1870
f 1870/1870 1887/1887 1871/1871
f 1887/1887 1888/1888 1871/1871
f 1871/1871 1888/1888 1872/1872
f 1888/1888 1889/1889 1872/1872
f 1872/1872 1889/1889 1873/1873
f 1889/1889 1890/1890 1873/1873
f 1873/1873 1890/1890 1874/1874
f 1890/1890 1891/1891 1874/1874
f 1874/1874 1891/1891 1875/1875
f 1891/1891 1892/1892 1875/1875
f 1909/1909 1910/1910 1893/1893
f 1910/1910 1911/1911 1894/1894
f 1911/1911 1912/1912 1895/1895
f 1912/1912 1913/1913 1896/1896
f 1913/1913 1914/1914 1897/1897
f 1914/1914 1915/1915 1898/1898
f 1915/1915 1916/1916 1899/1899
f 1916/1916 1917/1917 1900/1900
f 1917/1917 1918/1918 1901/1901
f 1918/1918 1919/1919 1902/1902
f 1919/1919 1920/1920 1903/1903
f 1920/1920 1921/1921 1904/1904
f 1921/1921 1922/1922 1905/1905
f 1922/1922 1923/1923 1906/1906
f 1923/1923 1924/1924 1907/1907
f 1924/1924 1925/1925 1908/1908
f 1943/1943 1942/1942 1926/1926
f 1944/1944 1943/1943 1927/1927
f 1945/1945 1944/1944 1928/1928
f 1946/1946 1945/1945 1929/1929
f 1947/1947 1946/1946 1930/1930
f 1948/1948 1947/1947 1931/1931
f 1949/1949 1948/1948 1932/1932
f 1950/1950 1949/1949 1933/1933
f 1951/1951 1950/1950 1934/1934
f 1952/1952 1951/1951 1935/1935
f 1953/1953 1952/1952 1936/1936
f 1954/1954 1953/1953 1937/1937
f 1955/1955 1954/1954 1938/1938
f 1956/1956 1955/1955 1939/1939
f 1957/1957 1956/1956 1940/1940
f 1958/1958 1957/1957 1941/1941
v 42.500 -56.500 49.000
v 42.500 -41.500 49.000
v 42.500 -56.500 33.000
v 42.500 -41.500 33.000
v 27.500 -41.500 49.000
v 27.500 -56.500 49.000
v 27.500 -41.500 33.000
v 27.500 -56.500 33.000
v 27.500 -41.500 49.000
v 42.500 -41.500 49.000
v 27.500 -56.500 49.000
v 42.500 -56.500 49.000
v 27.500 -56.500 33.000
v 42.500 -56.500 33.000
v 27.500 -41.500 33.000
v 42.500 -41.500 33.000
v 27.500 -56.500 49.000
v 42.500 -56.500 49.000
v 27.500 -56.500 33.000
v 42.500 -56.500 33.000
v 42.500 -41.500 49.000
v 27.500 -41.500 49.000
v 42.500 -41.500 33.000
v 27.500 -41.500 33.000
vt 0.00000 1.00000
vt 1.00000 1.00000
vt 0.00000 0.00000
vt 1.00000 0.00000
vt 0.00000 1.00000
vt 1.00000 1.00000
vt 0.00000 0.00000
vt 1.00000 0.00000
vt 0.00000 1.00000
vt 1.00000 1.00000
vt 0.00000 0.00000
vt 1.00000 0.00000
vt 0.00000 1.00000
vt 1.00000 1.00000
vt 0.00000 0.00000
vt 1.00000 0.00000
vt 0.00000 1.00000
vt 1.00000 1.00000
vt 0.00000 0.00000
vt 1.00000 0.00000
vt 0.00000 1.00000
vt 1.00000 1.00000
vt 0.00000 0.00000
vt 1.00000 0.00000
f 1959/1959 1961/1961 1960/1960
f 1961/1961 1962/1962 1960/1960
f 1963/1963 1965/1965 1964/1964
f 1965/1965 1966/1966 1964/1964
f 1967/1967 1969/1969 1968/1968
f 1969/1969 1970/1970 1968/1968
f 1971/1971 1973/1973 1972/1972
f 1973/1973 1974/1974 1972/1972
f 1975/1975 1977/1977 1976/1976
f 1977/1977 1978/1978 1976/1976
f 1979/1979 1981/1981 1980/1980
f 1981/1981 1982/1982 1980/1980
v -38.885 -84.098 28.814
v -38.816 -84.289 30.165
v -38.927 -83.980 31.490
v -39.202 -83.216 32.589
v -39.598 -82.115 33.293
v -40.056 -80.845 33.496
v -40.505 -79.598 33.167
v -40.877 -78.564 32.355
v -41.115 -77.902 31.186
v -41.184 -77.711 29.835
v -41.073 -78.020 28.510
v -40.798 -78.784 27.411
v -40.402 -79.885 26.707
v -39.944 -81.155 26.504
v -39.495 -82.402 26.833
v -39.123 -83.436 27.645
v -38.885 -84.098 28.814
v -13.885 -75.098 28.814
v -13.816 -75.289 30.165
v -13.927 -74.980 31.490
v -14.202 -74.216 32.589
v -14.598 -73.115 33.293
v -15.056 -71.845 33.496
v -15.505 -70.598 33.167
v -15.877 -69.564 32.355
v -16.115 -68.902 31.186
v -16.184 -68.711 29.835
v -16.073 -69.020 28.510
v -15.798 -69.784 27.411
v -15.402 -70.885 26.707
v -14.944 -72.155 26.504
v -14.495 -73.402 26.833
v -14.123 -74.436 27.645
v -13.885 -75.098 28.814
v -40.000 -81.000 30.000
v -40.000 -81.000 30.000
v -40.000 -81.000 30.000
v -40.000 -81.000 30.000
v -40.000 -81.000 30.000
v -40.000 -81.000 30.000
v -40.000 -81.000 30.000
v -40.000 -81.000 30.000
v -40.000 -81.000 30.000
v -40.000 -81.000 30.000
v -40.000 -81.000 30.000
v -40.000 -81.000 30.000
v -40.000 -81.000 30.000
v -40.000 -81.000 30.000
v -40.000 -81.000 30.000
v -40.000 -81.000 30.000
v -38.885 -84.098 28.814
v -38.816 -84.289 30.165
v -38.927 -83.980 31.490
v -39.202 -83.216 32.589
v -39.598 -82.115 33.293
v -40.056 -80.845 33.496
v -40.505 -79.598 33.167
v -40.877 -78.564 32.355
v -41.115 -77.902 31.186
v -41.184 -77.711 29.835
v -41.073 -78.020 28.510
v -40.798 -78.784 27.411
v -40.402 -79.885 26.707
v -39.944 -81.155 26.504
v -39.495 -82.402 26.833
v -39.123 -83.436 27.645
v -38.885 -84.098 28.814
v -15.000 -72.000 30.000
v -15.000 -72.000 30.000
v -15.000 -72.000 30.000
v -15.000 -72.000 30.000
v -15.000 -72.000 30.000
v -15.000 -72.000 30.000
v -15.000 -72.000 30.000
v -15.000 -72.000 30.000
v -15.000 -72.000 30.000
v -15.000 -72.000 30.000
v -15.000 -72.000 30.000
v -15.000 -72.000 30.000
v -15.000 -72.000 30.000
v -15.000 -72.000 30.000
v -15.000 -72.000 30.000
v -15.000 -72.000 30.000
v -13.885 -75.098 28.814
v -13.816 -75.289 30.165
v -13.927 -74.980 31.490
v -14.202 -74.216 32.589
v -14.598 -73.115 33.293
v -15.056 -71.845 33.496
v -15.505 -70.598 33.167
v -15.877 -69.564 32.355
v -16.115 -68.902 31.186
v -16.184 -68.711 29.835
v -16.073 -69.020 28.510
v -15.798 -69.784 27.411
v -15.402 -70.885 26.707
v -14.944 -72.155 26.504
v -14.495 -73.402 26.833
v -14.123 -74.436 27.645
v -13.885 -75.098 28.814
vt 0.00000 1.00000
vt 0.06250 1.00000
vt 0.12500 1.00000
vt 0.18750 1.00000
vt 0.25000 1.00000
vt 0.31250 1.00000
vt 0.37500 1.00000
vt 0.43750 1.00000
vt 0.50000 1.00000
vt 0.56250 1.00000
vt 0.62500 1.00000
vt 0.68750 1.00000
vt 0.75000 1.00000
vt 0.81250 1.00000
vt 0.87500 1.00000
vt 0.93750 1.00000
vt 1.00000 1.00000
vt 0.00000 0.00000
vt 0.06250 0.00000
vt 0.12500 0.00000
vt 0.18750 0.00000
vt 0.25000 0.00000
vt 0.31250 0.00000
vt 0.37500 0.00000
vt 0.43750 0.00000
vt 0.50000 0.00000
vt 0.56250 0.00000
vt 0.62500 0.00000
vt 0.68750 0.00000
vt 0.75000 0.00000
vt 0.81250 0.00000
vt 0.87500 0.00000
vt 0.93750 0.00000
vt 1.00000 0.00000
vt 0.50000 0.50000
vt 0.50000 0.50000
vt 0.50000 0.50000
vt 0.50000 0.50000
vt 0.50000 0.50000
vt 0.50000 0.50000
vt 0.50000 0.50000
vt 0.50000 0.50000
vt 0.50000 0.50000
vt 0.50000 0.50000
vt 0.50000 0.50000
vt 0.50000 0.50000
vt 0.50000 0.50000
vt 0.50000 0.50000
vt 0.50000 0.50000
vt 0.50000 0.50000
vt 1.00000 0.50000
vt 0.96194 0.69134
vt 0.85355 0.85355
vt 0.69134 0.96194
vt 0.50000 1.00000
vt 0.30866 0.96194
vt 0.14645 0.85355
vt 0.03806 0.69134
vt 0.00000 0.50000
vt 0.03806 0.30866
vt 0.14645 0.14645
vt 0.30866 0.03806
vt 0.50000 0.00000
vt 0.69134 0.03806
vt 0.85355 0.14645
vt 0.96194 0.30866
vt 1.00000 0.50000
vt 0.50000 0.50000
vt 0.50000 0.50000
vt 0.50000 0.50000
vt 0.50000 0.50000
vt 0.50000 0.50000
vt 0.50000 0.50000
vt 0.50000 0.50000
vt 0.50000 0.50000
vt 0.50000 0.50000
vt 0.50000 0.50000
vt 0.50000 0.50000
vt 0.50000 0.50000
vt 0.50000 0.50000
vt 0.50000 0.50000
vt 0.50000 0.50000
vt 0.50000 0.50000
vt 1.00000 0.50000
vt 0.96194 0.30866
vt 0.85355 0.14645
vt 0.69134 0.03806
vt 0.50000 0.00000
vt 0.30866 0.03806
vt 0.14645 0.14645
vt 0.03806 0.30866
vt 0.00000 0.50000
vt 0.03806 0.69134
vt 0.14645 0.85355
vt 0.30866 0.96194
vt 0.50000 1.00000
vt 0.69134 0.96194
vt 0.85355 0.85355
vt 0.96194 0.69134
vt 1.00000 0.50000
f 1983/1983 2000/2000 1984/1984
f 2000/2000 2001/2001 1984/1984
f 1984/1984 2001/2001 1985/1985
f 2001/2001 2002/2002 1985/1985
f 1985/1985 2002/2002 1986/1986
f 2002/2002 2003/2003 1986/1986
f 1986/1986 2003/2003 1987/1987
f 2003/2003 2004/2004 1987/1987
f 1987/1987 2004/2004 1988/1988
f 2004/2004 2005/2005 1988/1988
f 1988/1988 2005/2005 1989/1989
f 2005/2005 2006/2006 1989/1989
f 1989/1989 2006/2006 1990/1990
f 2006/2006 2007/2007 1990/1990
f 1990/1990 2007/2007 1991/1991
f 2007/2007 2008/2008 1991/1991
f 1991/1991 2008/2008 1992/1992
f 2008/2008 2009/2009 1992/1992
f 1992/1992 2009/2009 1993/1993
f 2009/2009 2010/2010 1993/1993
f 1993/1993 2010/2010 1994/1994
f 2010/2010 2011/2011 1994/1994
f 1994/1994 2011/2011 1995/1995
f 2011/2011 2012/2012 1995/1995
f 1995/1995 2012/2012 1996/1996
f 2012/2012 2013/2013 1996/1996
f 1996/1996 2013/2013 1997/1997
f 2013/2013 2014/2014 1997/1997
f 1997/1997 2014/2014 1998/1998
f 2014/2014 2015/2015 1998/1998
f 1998/1998 2015/2015 1999/1999
f 2015/2015 2016/2016 1999/1999
f 2033/2033 2034/2034 2017/2017
f 2034/2034 2035/2035 2018/2018
f 2035/2035 2036/2036 2019/2019
f 2036/2036 2037/2037 2020/2020
f 2037/2037 2038/2038 2021/2021
f 2038/2038 2039/2039 2022/2022
f 2039/2039 2040/2040 2023/2023
f 2040/2040 2041/2041 2024/2024
f 2041/2041 2042/2042 2025/2025
f 2042/2042 2043/2043 2026/2026
f 2043/2043 2044/2044 2027/2027
f 2044/2044 2045/2045 2028/2028
f 2045/2045 2046/2046 2029/2029
f 2046/2046 2047/2047 2030/2030
f 2047/2047 2048/2048 2031/2031
f 2048/2048 2049/2049 2032/2032
f 2067/2067 2066/2066 2050/2050
f 2068/2068 2067/2067 2051/2051
f 2069/2069 2068/2068 2052/2052
f 2070/2070 2069/2069 2053/2053
f 2071/2071 2070/2070 2054/2054
f 2072/2072 2071/2071 2055/2055
f 2073/2073 2072/2072 2056/2056
f 2074/2074 2073/2073 2057/2057
f 2075/2075 2074/2074 2058/2058
f 2076/2076 2075/2075 2059/2059
f 2077/2077 2076/2076 2060/2060
f 2078/2078 2077/2077 2061/2061
f 2079/2079 2078/2078 2062/2062
f 2080/2080 2079/2079 2063/2063
f 2081/2081 2080/2080 2064/2064
f 2082/2082 2081/2081 2065/2065
v -18.450 -75.000 14.000
v -18.450 -74.827 15.756
v -18.450 -74.315 17.444
v -18.450 -73.483 19.000
v -18.450 -72.364 20.364
v -18.450 -71.000 21.483
v -18.450 -69.444 22.315
v -18.450 -67.756 22.827
v -18.450 -66.000 23.000
v -18.450 -64.244 22.827
v -18.450 -62.556 22.315
v -18.450 -61.000 21.483
v -18.450 -59.636 20.364
v -18.450 -58.517 19.000
v -18.450 -57.685 17.444
v -18.450 -57.173 15.756
v -18.450 -57.000 14.000
v -18.450 -57.173 12.244
v -18.450 -57.685 10.556
v -18.450 -58.517 9.000
v -18.450 -59.636 7.636
v -18.450 -61.000 6.517
v -18.450 -62.556 5.685
v -18.450 -64.244 5.173
v -18.450 -66.000 5.000
v -18.450 -67.756 5.173
v -18.450 -69.444 5.685
v -18.450 -71.000 6.517
v -18.450 -72.364 7.636
v -18.450 -73.483 9.000
v -18.450 -74.315 10.556
v -18.450 -74.827 12.244
v -18.450 -75.000 14.000
v -17.550 -75.000 14.000
v -17.550 -74.827 15.756
v -17.550 -74.315 17.444
v -17.550 -73.483 19.000
v -17.550 -72.364 20.364
v -17.550 -71.000 21.483
v -17.550 -69.444 22.315
v -17.550 -67.756 22.827
v -17.550 -66.000 23.000
v -17.550 -64.244 22.827
v -17.550 -62.556 22.315
v -17.550 -61.000 21.483
v -17.550 -59.636 20.364
v -17.550 -58.517 19.000
v -17.550 -57.685 17.444
v -17.550 -57.173 15.756
v -17.550 -57.000 14.000
v -17.550 -57.173 12.244
v -17.550 -57.685 10.556
v -17.550 -58.517 9.000
v -17.550 -59.636 7.636
v -17.550 -61.000 6.517
v -17.550 -62.556 5.685
v -17.550 -64.244 5.173
v -17.550 -66.000 5.000
v -17.550 -67.756 5.173
v -17.550 -69.444 5.685
v -17.550 -71.000 6.517
v -17.550 -72.364 7.636
v -17.550 -73.483 9.000
v -17.550 -74.315 10.556
v -17.550 -74.827 12.244
v -17.550 -75.000 14.000
v -18.450 -66.000 14.000
v -18.450 -66.000 14.000
v -18.450 -66.000 14.000
v -18.450 -66.000 14.000
v -18.450 -66.000 14.000
v -18.450 -66.000 14.000
v -18.450 -66.000 14.000
v -18.450 -66.000 14.000
v -18.450 -66.000 14.000
v -18.450 -66.000 14.000
v -18.450 -66.000 14.000
v -18.450 -66.000 14.000
v -18.450 -66.000 14.000
v -18.450 -66.000 14.000
v -18.450 -66.000 14.000
v -18.450 -66.000 14.000
v -18.450 -66.000 14.000
v -18.450 -66.000 14.000
v -18.450 -66.000 14.000
v -18.450 -66.000 14.000
v -18.450 -66.000 14.000
v -18.450 -66.000 14.000
v -18.450 -66.000 14.000
v -18.450 -66.000 14.000
v -18.450 -66.000 14.000
v -18.450 -66.000 14.000
v -18.450 -66.000 14.000
v -18.450 -66.000 14.000
v -18.450 -66.000 14.000
v -18.450 -66.000 14.000
v -18.450 -66.000 14.000
v -18.450 -66.000 14.000
v -18.450 -75.000 14.000
v -18.450 -74.827 15.756
v -18.450 -74.315 17.444
v -18.450 -73.483 19.000
v -18.450 -72.364 20.364
v -18.450 -71.000 21.483
v -18.450 -69.444 22.315
v -18.450 -67.756 22.827
v -18.450 -66.000 23.000
v -18.450 -64.244 22.827
v -18.450 -62.556 22.315
v -18.450 -61.000 21.483
v -18.450 -59.636 20.364
v -18.450 -58.517 19.000
v -18.450 -57.685 17.444
v -18.450 -57.173 15.756
v -18.450 -57.000 14.000
v -18.450 -57.173 12.244
v -18.450 -57.685 10.556
v -18.450 -58.517 9.000
v -18.450 -59.636 7.636
v -18.450 -61.000 6.517
v -18.450 -62.556 5.685
v -18.450 -64.244 5.173
v -18.450 -66.000 5.000
v -18.450 -67.756 5.173
v -18.450 -69.444 5.685
v -18.450 -71.000 6.517
v -18.450 -72.364 7.636
v -18.450 -73.483 9.000
v -18.450 -74.315 10.556
v -18.450 -74.827 12.244
v -18.450 -75.000 14.000
v -17.550 -66.000 14.000
v -17.550 -66.000 14.000
v -17.550 -66.000 14.000
v -17.550 -66.000 14.000
v -17.550 -66.000 14.000
v -17.550 -66.000 14.000
v -17.550 -66.000 14.000
v -17.550 -66.000 14.000
v -17.550 -66.000 14.000
v -17.550 -66.000 14.000
v -17.550 -66.000 14.000
v -17.550 -66.000 14.000
v -17.550 -66.000 14.000
v -17.550 -66.000 14.000
v -17.550 -66.000 14.000
v -17.550 -66.000 14.000
v -17.550 -66.000 14.000
v -17.550 -66.000 14.000
v -17.550 -66.000 14.000
v -17.550 -66.000 14.000
v -17.550 -66.000 14.000
v -17.550 -66.000 14.000
v -17.550 -66.000 14.000
v -17.550 -66.000 14.000
v -17.550 -66.000 14.000
v -17.550 -66.000 14.000
v -17.550 -66.000 14.000
v -17.550 -66.000 14.000
v -17.550 -66.000 14.000
v -17.550 -66.000 14.000
v -17.550 -66.000 14.000
v -17.550 -66.000 14.000
v -17.550 -75.000 14.000
v -17.550 -74.827 15.756
v -17.550 -74.315 17.444
v -17.550 -73.483 19.000
v -17.550 -72.364 20.364
v -17.550 -71.000 21.483
v -17.550 -69.444 22.315
v -17.550 -67.756 22.827
v -17.550 -66.000 23.000
v -17.550 -64.244 22.827
v -17.550 -62.556 22.315
v -17.550 -61.000 21.483
v -17.550 -59.636 20.364
v -17.550 -58.517 19.000
v -17.550 -57.685 17.444
v -17.550 -57.173 15.756
v -17.550 -57.000 14.000
v -17.550 -57.173 12.244
v -17.550 -57.685 10.556
v -17.550 -58.517 9.000
v -17.550 -59.636 7.636
v -17.550 -61.000 6.517
v -17.550 -62.556 5.685
v -17.550 -64.244 5.173
v -17.550 -66.000 5.000
v -17.550 -67.756 5.173
v -17.550 -69.444 5.685
v -17.550 -71.000 6.517
v -17.550 -72.364 7.636
v -17.550 -73.483 9.000
v -17.550 -74.315 10.556
v -17.550 -74.827 12.244
v -17.550 -75.000 14.000
vt 0.00000 1.00000
vt 0.03125 1.00000
vt 0.06250 1.00000
vt 0.09375 1.00000
vt 0.12500 1.00000
vt 0.15625 1.00000
vt 0.18750 1.00000
vt 0.21875 1.00000
vt 0.25000 1.00000
vt 0.28125 1.00000
vt 0.31250 1.00000
vt 0.34375 1.00000
vt 0.37500 1.00000
vt 0.40625 1.00000
vt 0.43750 1.00000
vt 0.46875 1.00000
vt 0.50000 1.00000
vt 0.53125 1.00000
vt 0.56250 1.00000
vt 0.59375 1.00000
vt 0.62500 1.00000
vt 0.65625 1.00000
vt 0.68750 1.00000
vt 0.71875 1.00000
vt 0.75000 1.00000
vt 0.78125 1.00000
vt 0.81250 1.00000
vt 0.84375 1.00000
vt 0.87500 1.00000
vt 0.90625 1.00000
vt 0.93750 1.00000
vt 0.96875 1.00000
vt 1.00000 1.00000
vt 0.00000 0.00000
vt 0.03125 0.00000
vt 0.06250 0.00000
vt 0.09375 0.00000
vt 0.12500 0.00000
vt 0.15625 0.00000
vt 0.18750 0.00000
vt 0.21875 0.00000
vt 0.25000 0.00000
vt 0.28125 0.00000
vt 0.31250 0.00000
vt 0.34375 0.00000
vt 0.37500 0.00000
vt 0.40625 0.00000
vt 0.43750 0.00000
vt 0.46875 0.00000
vt 0.50000 0.00000
vt 0.53125 0.00000
vt 0.56250 0.00000
vt 0.59375 0.00000
vt 0.62500 0.00000
vt 0.65625 0.00000
vt 0.68750 0.00000
vt 0.71875 0.00000
vt 0.75000 0.00000
vt 0.78125 0.00000
vt 0.81250 0.00000
vt 0.84375 0.00000
vt 0.87500 0.00000
vt 0.90625 0.00000
vt 0.93750 0.00000
vt 0.96875 0.00000
vt 1.00000 0.00000
vt 0.50000 0.50000
vt 0.50000 0.50000
vt 0.50000 0.50000
vt 0.50000 0.50000
vt 0.50000 0.50000
vt 0.50000 0.50000
vt 0.50000 0.50000
vt 0.50000 0.50000
vt 0.50000 0.50000
vt 0.50000 0.50000
vt 0.50000 0.50000
vt 0.50000 0.50000
vt 0.50000 0.50000
vt 0.50000 0.50000
vt 0.50000 0.50000
vt 0.50000 0.50000
vt 0.50000 0.50000
vt 0.50000 0.50000
vt 0.50000 0.50000
vt 0.50000 0.50000
vt 0.50000 0.50000
vt 0.50000 0.50000
vt 0.50000 0.50000
vt 0.50000 0.50000
vt 0.50000 0.50000
vt 0.50000 0.50000
vt 0.50000 0.50000
vt 0.50000 0.50000
vt 0.50000 0.50000
vt 0.50000 0.50000
vt 0.50000 0.50000
vt 0.50000 0.50000
vt 1.00000 0.50000
vt 0.99039 0.59755
vt 0.96194 0.69134
vt 0.91573 0.77779
vt 0.85355 0.85355
vt 0.77779 0.91573
vt 0.69134 0.96194
vt 0.59755 0.99039
vt 0.50000 1.00000
vt 0.40245 0.99039
vt 0.30866 0.96194
vt 0.22221 0.91573
vt 0.14645 0.85355
vt 0.08427 0.77779
vt 0.03806 0.69134
vt 0.00961 0.59755
vt 0.00000 0.50000
vt 0.00961 0.40245
vt 0.03806 0.30866
vt 0.08427 0.22221
vt 0.14645 0.14645
vt 0.22221 0.08427
vt 0.30866 0.03806
vt 0.40245 0.00961
vt 0.50000 0.00000
vt 0.59755 0.00961
vt 0.69134 0.03806
vt 0.77779 0.08427
vt 0.85355 0.14645
vt 0.91573 0.22221
vt 0.96194 0.30866
vt 0.99039 0.40245
vt 1.00000 0.50000
vt 0.50000 0.50000
vt 0.50000 0.50000
vt 0.50000 0.50000
vt 0.50000 0.50000
vt 0.50000 0.50000
vt 0.50000 0.50000
vt 0.50000 0.50000
vt 0.50000 0.50000
vt 0.50000 0.50000
vt 0.50000 0.50000
vt 0.50000 0.50000
vt 0.50000 0.50000
vt 0.50000 0.50000
vt 0.50000 0.50000
vt 0.50000 0.50000
vt 0.50000 0.50000
vt 0.50000 0.50000
vt 0.50000 0.50000
vt 0.50000 0.50000
vt 0.50000 0.50000
vt 0.50000 0.50000
vt 0.50000 0.50000
vt 0.50000 0.50000
vt 0.50000 0.50000
vt 0.50000 0.50000
vt 0.50000 0.50000
vt 0.50000 0.50000
vt 0.50000 0.50000
vt 0.50000 0.50000
vt 0.50000 0.50000
vt 0.50000 0.50000
vt 0.50000 0.50000
vt 1.00000 0.50000
vt 0.99039 0.40245
vt 0.96194 0.30866
vt 0.91573 0.22221
vt 0.85355 0.14645
vt 0.77779 0.08427
vt 0.69134 0.03806
vt 0.59755 0.00961
vt 0.50000 0.00000
vt 0.40245 0.00961
vt 0.30866 0.03806
vt 0.22221 0.08427
vt 0.14645 0.14645
vt 0.08427 0.22221
vt 0.03806 0.30866
vt 0.00961 0.40245
vt 0.00000 0.50000
vt 0.00961 0.59755
vt 0.03806 0.69134
vt 0.08427 0.77779
vt 0.14645 0.85355
vt 0.22221 0.91573
vt 0.30866 0.96194
vt 0.40245 0.99039
vt 0.50000 1.00000
vt 0.59755 0.99039
vt 0.69134 0.96194
vt 0.77779 0.91573
vt 0.85355 0.85355
vt 0.91573 0.77779
vt 0.96194 0.69134
vt 0.99039 0.59755
vt 1.00000 0.50000
f 2083/2083 2116/2116 2084/2084
f 2116/2116 2117/2117 2084/2084
f 2084/2084 2117/2117 2085/2085
f 2117/2117 2118/2118 2085/2085
f 2085/2085 2118/2118 2086/2086
f 2118/2118 2119/2119 2086/2086
f 2086/2086 2119/2119 2087/2087
f 2119/2119 2120/2120 2087/2087
f 2087/2087 2120/2120 2088/2088
f 2120/2120 2121/2121 2088/2088
f 2088/2088 2121/2121 2089/2089
f 2121/2121 2122/2122 2089/2089
f 2089/2089 2122/2122 2090/2090
f 2122/2122 2123/2123 2090/2090
f 2090/2090 2123/2123 2091/2091
f 2123/2123 2124/2124 2091/2091
f 2091/2091 2124/2124 2092/2092
f 2124/2124 2125/2125 2092/2092
f 2092/2092 2125/2125 2093/2093
f 2125/2125 2126/2126 2093/2093
f 2093/2093 2126/2126 2094/2094
f 2126/2126 2127/2127 2094/2094
f 2094/2094 2127/2127 2095/2095
f 2127/2127 2128/2128 2095/2095
f 2095/2095 2128/2128 2096/2096
f 2128/2128 2129/2129 2096/2096
f 2096/2096 2129/2129 2097/2097
f 2129/2129 2130/2130 2097/2097
f 2097/2097 2130/2130 2098/2098
f 2130/2130 2131/2131 2098/2098
f 2098/2098 2131/2131 2099/2099
f 2131/2131 2132/2132 2099/2099
f 2099/2099 2132/2132 2100/2100
f 2132/2132 2133/2133 2100/2100
f 2100/2100 2133/2133 2101/2101
f 2133/2133 2134/2134 2101/2101
f 2101/2101 2134/2134 2102/2102
f 2134/2134 2135/2135 2102/2102
f 2102/2102 2135/2135 2103/2103
f 2135/2135 2136/2136 2103/2103
f 2103/2103 2136/2136 2104/2104
f 2136/2136 2137/2137 2104/2104
f 2104/2104 2137/2137 2105/2105
f 2137/2137 2138/2138 2105/2105
f 2105/2105 2138/2138 2106/2106
f 2138/2138 2139/2139 2106/2106
f 2106/2106 2139/2139 2107/2107
f 2139/2139 2140/2140 2107/2107
f 2107/2107 2140/2140 2108/2108
f 2140/2140 2141/2141 2108/2108
f 2108/2108 2141/2141 2109/2109
f 2141/2141 2142/2142 2109/2109
f 2109/2109 2142/2142 2110/2110
f 2142/2142 2143/2143 2110/2110
f 2110/2110 2143/2143 2111/2111
f 2143/2143 2144/2144 2111/2111
f 2111/2111 2144/2144 2112/2112
f 2144/2144 2145/2145 2112/2112
f 2112/2112 2145/2145 2113/2113
f 2145/2145 2146/2146 2113/2113
f 2113/2113 2146/2146 2114/2114
f 2146/2146 2147/2147 2114/2114
f 2114/2114 2147/2147 2115/2115
f 2147/2147 2148/2148 2115/2115
f 2181/2181 2182/2182 2149/2149
f 2182/2182 2183/2183 2150/2150
f 2183/2183 2184/2184 2151/2151
f 2184/2184 2185/2185 2152/2152
f 2185/2185 2186/2186 2153/2153
f 2186/2186 2187/2187 2154/2154
f 2187/2187 2188/2188 2155/2155
f 2188/2188 2189/2189 2156/2156
f 2189/2189 2190/2190 2157/2157
f 2190/2190 2191/2191 2158/2158
f 2191/2191 2192/2192 2159/2159
f 2192/2192 2193/2193 2160/2160
f 2193/2193 2194/2194 2161/2161
f 2194/2194 2195/2195 2162/2162
f 2195/2195 2196/2196 2163/2163
f 2196/2196 2197/2197 2164/2164
f 2197/2197 2198/2198 2165/2165
f 2198/2198 2199/2199 2166/2166
f 2199/2199 2200/2200 2167/2167
f 2200/2200 2201/2201 2168/2168
f 2201/2201 2202/2202 2169/2169
f 2202/2202 2203/2203 2170/2170
f 2203/2203 2204/2204 2171/2171
f 2204/2204 2205/2205 2172/2172
f 2205/2205 2206/2206 2173/2173
f 2206/2206 2207/2207 2174/2174
f 2207/2207 2208/2208 2175/2175
f 2208/2208 2209/2209 2176/2176
f 2209/2209 2210/2210 2177/2177
f 2210/2210 2211/2211 2178/2178
f 2211/2211 2212/2212 2179/2179
f 2212/2212 2213/2213 2180/2180
f 2247/2247 2246/2246 2214/2214
f 2248/2248 2247/2247 2215/2215
f 2249/2249 2248/2248 2216/2216
f 2250/2250 2249/2249 2217/2217
f 2251/2251 2250/2250 2218/2218
f 2252/2252 2251/2251 2219/2219
f 2253/2253 2252/2252 2220/2220
f 2254/2254 2253/2253 2221/2221
f 2255/2255 2254/2254 2222/2222
f 2256/2256 2255/2255 2223/2223
f 2257/2257 2256/2256 2224/2224
f 2258/2258 2257/2257 2225/2225
f 2259/2259 2258/2258 2226/2226
f 2260/2260 2259/2259 2227/2227
f 2261/2261 2260/2260 2228/2228
f 2262/2262 2261/2261 2229/2229
f 2263/2263 2262/2262 2230/2230
f 2264/2264 2263/2263 2231/2231
f 2265/2265 2264/2264 2232/2232
f 2266/2266 2265/2265 2233/2233
f 2267/2267 2266/2266 2234/2234
f 2268/2268 2267/2267 2235/2235
f 2269/2269 2268/2268 2236/2236
f 2270/2270 2269/2269 2237/2237
f 2271/2271 2270/2270 2238/2238
f 2272/2272 2271/2271 2239/2239
f 2273/2273 2272/2272 2240/2240
f 2274/2274 2273/2273 2241/2241
f 2275/2275 2274/2274 2242/2242
f 2276/2276 2275/2275 2243/2243
f 2277/2277 2276/2276 2244/2244
f 2278/2278 2277/2277 2245/2245
v -28.750 -41.000 59.000
v -28.750 -19.000 59.000
v -28.750 -41.000 27.000
v -28.750 -19.000 27.000
v -33.250 -19.000 59.000
v -33.250 -41.000 59.000
v -33.250 -19.000 27.000
v -33.250 -41.000 27.000
v -33.250 -19.000 59.000
v -28.750 -19.000 59.000
v -33.250 -41.000 59.000
v -28.750 -41.000 59.000
v -33.250 -41.000 27.000
v -28.750 -41.000 27.000
v -33.250 -19.000 27.000
v -28.750 -19.000 27.000
v -33.250 -41.000 59.000
v -28.750 -41.000 59.000
v -33.250 -41.000 27.000
v -28.750 -41.000 27.000
v -28.750 -19.000 59.000
v -33.250 -19.000 59.000
v -28.750 -19.000 27.000
v -33.250 -19.000 27.000
vt 0.00000 1.00000
vt 1.00000 1.00000
vt 0.00000 0.00000
vt 1.00000 0.00000
vt 0.00000 1.00000
vt 1.00000 1.00000
vt 0.00000 0.00000
vt 1.00000 0.00000
vt 0.00000 1.00000
vt 1.00000 1.00000
vt 0.00000 0.00000
vt 1.00000 0.00000
vt 0.00000 1.00000
vt 1.00000 1.00000
vt 0.00000 0.00000
vt 1.00000 0.00000
vt 0.00000 1.00000
vt 1.00000 1.00000
vt 0.00000 0.00000
vt 1.00000 0.00000
vt 0.00000 1.00000
vt 1.00000 1.00000
vt 0.00000 0.00000
vt 1.00000 0.00000
f 2279/2279 2281/2281 2280/2280
f 2281/2281 2282/2282 2280/2280
f 2283/2283 2285/2285 2284/2284
f 2285/2285 2286/2286 2284/2284
f 2287/2287 2289/2289 2288/2288
f 2289/2289 2290/2290 2288/2288
f 2291/2291 2293/2293 2292/2292
f 2293/2293 2294/2294 2292/2292
f 2295/2295 2297/2297 2296/2296
f 2297/2297 2298/2298 2296/2296
f 2299/2299 2301/2301 2300/2300
f 2301/2301 2302/2302 2300/2300